# Blender 4.4.1
# www.blender.org
mtllib clear.mtl
o テキスト
v -1.364767 0.700431 -0.074400
v -1.397899 0.695693 -0.074400
v -1.428784 0.687844 -0.074400
v -1.457270 0.676917 -0.074400
v -1.483170 0.662950 -0.074400
v -1.506266 0.646006 -0.074400
v -1.526310 0.626191 -0.074400
v -1.543056 0.603667 -0.074400
v -1.556286 0.578651 -0.074400
v -1.565838 0.551387 -0.074400
v -1.571607 0.522111 -0.074400
v -1.573527 0.491181 -0.074400
v -1.572591 0.469874 -0.074400
v -1.569808 0.449537 -0.074400
v -1.565176 0.430042 -0.074400
v -1.558708 0.411467 -0.074400
v -1.550433 0.393898 -0.074400
v -1.540393 0.377423 -0.074400
v -1.528646 0.362126 -0.074400
v -1.515262 0.348081 -0.074400
v -1.500320 0.335348 -0.074400
v -1.483898 0.323971 -0.074400
v -1.466070 0.313982 -0.074400
v -1.479546 0.320015 -0.074400
v -1.466688 0.329181 -0.074400
v -1.481865 0.316715 -0.074400
v -1.496177 0.303338 -0.074400
v -1.509747 0.289085 -0.074400
v -1.522710 0.273986 -0.074400
v -1.535208 0.258061 -0.074400
v -1.547386 0.241324 -0.074400
v -1.559389 0.223779 -0.074400
v -1.571365 0.205426 -0.074400
v -1.583456 0.186258 -0.074400
v -1.595806 0.166269 -0.074400
v -1.608519 0.145505 -0.074400
v -1.615460 0.134351 -0.074400
v -1.622033 0.123987 -0.074400
v -1.628387 0.114177 -0.074400
v -1.634675 0.104681 -0.074400
v -1.641051 0.095260 -0.074400
v -1.647667 0.085674 -0.074400
v -1.654674 0.075686 -0.074400
v -1.662222 0.065065 -0.074400
v -1.670456 0.053583 -0.074400
v -1.679520 0.041014 -0.074400
v -1.689557 0.027134 -0.074400
v -1.723651 -0.020000 -0.074400
v -1.556581 -0.020000 -0.074400
v -1.460751 0.129070 -0.074400
v -1.439494 0.161162 -0.074400
v -1.420252 0.188244 -0.074400
v -1.402796 0.210770 -0.074400
v -1.386981 0.229093 -0.074400
v -1.372679 0.243584 -0.074400
v -1.359765 0.254646 -0.074400
v -1.348092 0.262739 -0.074400
v -1.337431 0.268387 -0.074400
v -1.327416 0.272130 -0.074400
v -1.317557 0.274437 -0.074400
v -1.307350 0.275642 -0.074400
v -1.296180 0.276000 -0.074400
v -1.275500 0.276000 -0.074400
v -1.275500 -0.020000 -0.074400
v -1.137500 -0.020000 -0.074400
v -1.137500 0.702000 -0.074400
v -1.329950 0.702000 -0.074400
v -1.318057 0.404000 -0.074400
v -1.341323 0.405031 -0.074400
v -1.360913 0.407886 -0.074400
v -1.377410 0.412301 -0.074400
v -1.391047 0.417992 -0.074400
v -1.402131 0.424707 -0.074400
v -1.411026 0.432281 -0.074400
v -1.418091 0.440660 -0.074400
v -1.423603 0.449868 -0.074400
v -1.427729 0.459937 -0.074400
v -1.430552 0.470840 -0.074400
v -1.432119 0.482478 -0.074400
v -1.432480 0.494631 -0.074400
v -1.431589 0.507989 -0.074400
v -1.429396 0.519918 -0.074400
v -1.425958 0.530446 -0.074400
v -1.421303 0.539684 -0.074400
v -1.415368 0.547818 -0.074400
v -1.407960 0.555038 -0.074400
v -1.398788 0.561444 -0.074400
v -1.387554 0.567007 -0.074400
v -1.374024 0.571602 -0.074400
v -1.358050 0.575064 -0.074400
v -1.339549 0.577237 -0.074400
v -1.318144 0.578000 -0.074400
v -1.275500 0.578000 -0.074400
v -1.275500 0.404000 -0.074400
v -0.867601 -0.020000 -0.074400
v -0.776601 0.181000 -0.074400
v -0.512697 0.181000 -0.074400
v -0.426696 -0.020000 -0.074400
v -0.283210 -0.020000 -0.074400
v -0.593295 0.706000 -0.074400
v -0.688495 0.706000 -0.074400
v -1.011280 -0.020000 -0.074400
v -0.718700 0.309000 -0.074400
v -0.640194 0.485282 -0.074400
v -0.567397 0.309000 -0.074400
v 0.093500 0.574000 -0.074400
v 0.093500 0.408000 -0.074400
v -0.185500 0.408000 -0.074400
v -0.185500 0.280000 -0.074400
v 0.093500 0.280000 -0.074400
v 0.093500 0.108000 -0.074400
v -0.204500 0.108000 -0.074400
v -0.204500 -0.020000 -0.074400
v 0.231500 -0.020000 -0.074400
v 0.231500 0.702000 -0.074400
v -0.195500 0.702000 -0.074400
v -0.195500 0.574000 -0.074400
v 0.376500 0.108000 -0.074400
v 0.376500 -0.020000 -0.074400
v 0.822500 -0.020000 -0.074400
v 0.822500 0.702000 -0.074400
v 0.684500 0.702000 -0.074400
v 0.684500 0.108000 -0.074400
v 1.058788 0.524103 -0.074400
v 1.078504 0.534367 -0.074400
v 1.097782 0.543536 -0.074400
v 1.116690 0.551635 -0.074400
v 1.135295 0.558689 -0.074400
v 1.153670 0.564727 -0.074400
v 1.171891 0.569776 -0.074400
v 1.190035 0.573860 -0.074400
v 1.208186 0.577005 -0.074400
v 1.226426 0.579231 -0.074400
v 1.244838 0.580556 -0.074400
v 1.263140 0.580986 -0.074400
v 1.299213 0.578838 -0.074400
v 1.332970 0.572639 -0.074400
v 1.364551 0.562634 -0.074400
v 1.393745 0.549077 -0.074400
v 1.420340 0.532215 -0.074400
v 1.444125 0.512284 -0.074400
v 1.464887 0.489508 -0.074400
v 1.482411 0.464100 -0.074400
v 1.496472 0.436261 -0.074400
v 1.506836 0.406178 -0.074400
v 1.513255 0.374030 -0.074400
v 1.515460 0.339970 -0.074400
v 1.513319 0.305282 -0.074400
v 1.507060 0.272794 -0.074400
v 1.496925 0.242679 -0.074400
v 1.483127 0.215051 -0.074400
v 1.465852 0.190025 -0.074400
v 1.445258 0.167724 -0.074400
v 1.421482 0.148294 -0.074400
v 1.394651 0.131907 -0.074400
v 1.364892 0.118760 -0.074400
v 1.332342 0.109074 -0.074400
v 1.297152 0.103082 -0.074400
v 1.259244 0.101016 -0.074400
v 1.241250 0.101536 -0.074400
v 1.222714 0.103114 -0.074400
v 1.203935 0.105736 -0.074400
v 1.184963 0.109395 -0.074400
v 1.165850 0.114082 -0.074400
v 1.146645 0.119788 -0.074400
v 1.127402 0.126502 -0.074400
v 1.108171 0.134212 -0.074400
v 1.089004 0.142908 -0.074400
v 1.069952 0.152576 -0.074400
v 1.051065 0.163204 -0.074400
v 1.001500 0.193929 -0.074400
v 1.001500 0.038696 -0.074400
v 1.029643 0.024479 -0.074400
v 1.047466 0.016142 -0.074400
v 1.065814 0.008315 -0.074400
v 1.084774 0.001063 -0.074400
v 1.104431 -0.005550 -0.074400
v 1.124870 -0.011461 -0.074400
v 1.146171 -0.016610 -0.074400
v 1.168415 -0.020939 -0.074400
v 1.191686 -0.024395 -0.074400
v 1.216065 -0.026923 -0.074400
v 1.241639 -0.028476 -0.074400
v 1.268952 -0.029013 -0.074400
v 1.332186 -0.024910 -0.074400
v 1.390069 -0.013050 -0.074400
v 1.442144 0.005691 -0.074400
v 1.488384 0.030412 -0.074400
v 1.528794 0.060168 -0.074400
v 1.563424 0.093995 -0.074400
v 1.592371 0.130938 -0.074400
v 1.615765 0.170067 -0.074400
v 1.633748 0.210486 -0.074400
v 1.646462 0.251335 -0.074400
v 1.654030 0.291783 -0.074400
v 1.656540 0.330993 -0.074400
v 1.653163 0.384342 -0.074400
v 1.643236 0.435043 -0.074400
v 1.627084 0.482705 -0.074400
v 1.605049 0.526923 -0.074400
v 1.577493 0.567294 -0.074400
v 1.544791 0.603428 -0.074400
v 1.507332 0.634946 -0.074400
v 1.465509 0.661483 -0.074400
v 1.419720 0.682690 -0.074400
v 1.370362 0.698231 -0.074400
v 1.317828 0.707783 -0.074400
v 1.262884 0.711012 -0.074400
v 1.244151 0.710630 -0.074400
v 1.225688 0.709498 -0.074400
v 1.207050 0.707590 -0.074400
v 1.188177 0.704892 -0.074400
v 1.169007 0.701393 -0.074400
v 1.149475 0.697080 -0.074400
v 1.129513 0.691942 -0.074400
v 1.109054 0.685967 -0.074400
v 1.088024 0.679143 -0.074400
v 1.066350 0.671458 -0.074400
v 1.043958 0.662898 -0.074400
v 1.008500 0.648446 -0.074400
v 1.008500 0.495785 -0.074400
v -1.364767 0.700431 0.074400
v -1.397899 0.695693 0.074400
v -1.428784 0.687844 0.074400
v -1.457270 0.676917 0.074400
v -1.483170 0.662950 0.074400
v -1.506266 0.646006 0.074400
v -1.526310 0.626191 0.074400
v -1.543056 0.603667 0.074400
v -1.556286 0.578651 0.074400
v -1.565838 0.551387 0.074400
v -1.571607 0.522111 0.074400
v -1.573527 0.491181 0.074400
v -1.572591 0.469874 0.074400
v -1.569808 0.449537 0.074400
v -1.565176 0.430042 0.074400
v -1.558708 0.411467 0.074400
v -1.550433 0.393898 0.074400
v -1.540393 0.377423 0.074400
v -1.528646 0.362126 0.074400
v -1.515262 0.348081 0.074400
v -1.500320 0.335348 0.074400
v -1.483898 0.323971 0.074400
v -1.466070 0.313982 0.074400
v -1.479546 0.320015 0.074400
v -1.466688 0.329181 0.074400
v -1.481865 0.316715 0.074400
v -1.496177 0.303338 0.074400
v -1.509747 0.289085 0.074400
v -1.522710 0.273986 0.074400
v -1.535208 0.258061 0.074400
v -1.547386 0.241324 0.074400
v -1.559389 0.223779 0.074400
v -1.571365 0.205426 0.074400
v -1.583456 0.186258 0.074400
v -1.595806 0.166269 0.074400
v -1.608519 0.145505 0.074400
v -1.615460 0.134351 0.074400
v -1.622033 0.123987 0.074400
v -1.628387 0.114177 0.074400
v -1.634675 0.104681 0.074400
v -1.641051 0.095260 0.074400
v -1.647667 0.085674 0.074400
v -1.654674 0.075686 0.074400
v -1.662222 0.065065 0.074400
v -1.670456 0.053583 0.074400
v -1.679520 0.041014 0.074400
v -1.689557 0.027134 0.074400
v -1.723651 -0.020000 0.074400
v -1.556581 -0.020000 0.074400
v -1.460751 0.129070 0.074400
v -1.439494 0.161162 0.074400
v -1.420252 0.188244 0.074400
v -1.402796 0.210770 0.074400
v -1.386981 0.229093 0.074400
v -1.372679 0.243584 0.074400
v -1.359765 0.254646 0.074400
v -1.348092 0.262739 0.074400
v -1.337431 0.268387 0.074400
v -1.327416 0.272130 0.074400
v -1.317557 0.274437 0.074400
v -1.307350 0.275642 0.074400
v -1.296180 0.276000 0.074400
v -1.275500 0.276000 0.074400
v -1.275500 -0.020000 0.074400
v -1.137500 -0.020000 0.074400
v -1.137500 0.702000 0.074400
v -1.329950 0.702000 0.074400
v -1.318057 0.404000 0.074400
v -1.341323 0.405031 0.074400
v -1.360913 0.407886 0.074400
v -1.377410 0.412301 0.074400
v -1.391047 0.417992 0.074400
v -1.402131 0.424707 0.074400
v -1.411026 0.432281 0.074400
v -1.418091 0.440660 0.074400
v -1.423603 0.449868 0.074400
v -1.427729 0.459937 0.074400
v -1.430552 0.470840 0.074400
v -1.432119 0.482478 0.074400
v -1.432480 0.494631 0.074400
v -1.431589 0.507989 0.074400
v -1.429396 0.519918 0.074400
v -1.425958 0.530446 0.074400
v -1.421303 0.539684 0.074400
v -1.415368 0.547818 0.074400
v -1.407960 0.555038 0.074400
v -1.398788 0.561444 0.074400
v -1.387554 0.567007 0.074400
v -1.374024 0.571602 0.074400
v -1.358050 0.575064 0.074400
v -1.339549 0.577237 0.074400
v -1.318144 0.578000 0.074400
v -1.275500 0.578000 0.074400
v -1.275500 0.404000 0.074400
v -0.867601 -0.020000 0.074400
v -0.776601 0.181000 0.074400
v -0.512697 0.181000 0.074400
v -0.426696 -0.020000 0.074400
v -0.283210 -0.020000 0.074400
v -0.593295 0.706000 0.074400
v -0.688495 0.706000 0.074400
v -1.011280 -0.020000 0.074400
v -0.718700 0.309000 0.074400
v -0.640194 0.485282 0.074400
v -0.567397 0.309000 0.074400
v 0.093500 0.574000 0.074400
v 0.093500 0.408000 0.074400
v -0.185500 0.408000 0.074400
v -0.185500 0.280000 0.074400
v 0.093500 0.280000 0.074400
v 0.093500 0.108000 0.074400
v -0.204500 0.108000 0.074400
v -0.204500 -0.020000 0.074400
v 0.231500 -0.020000 0.074400
v 0.231500 0.702000 0.074400
v -0.195500 0.702000 0.074400
v -0.195500 0.574000 0.074400
v 0.376500 0.108000 0.074400
v 0.376500 -0.020000 0.074400
v 0.822500 -0.020000 0.074400
v 0.822500 0.702000 0.074400
v 0.684500 0.702000 0.074400
v 0.684500 0.108000 0.074400
v 1.058788 0.524103 0.074400
v 1.078504 0.534367 0.074400
v 1.097782 0.543536 0.074400
v 1.116690 0.551635 0.074400
v 1.135295 0.558689 0.074400
v 1.153670 0.564727 0.074400
v 1.171891 0.569776 0.074400
v 1.190035 0.573860 0.074400
v 1.208186 0.577005 0.074400
v 1.226426 0.579231 0.074400
v 1.244838 0.580556 0.074400
v 1.263140 0.580986 0.074400
v 1.299213 0.578838 0.074400
v 1.332970 0.572639 0.074400
v 1.364551 0.562634 0.074400
v 1.393745 0.549077 0.074400
v 1.420340 0.532215 0.074400
v 1.444125 0.512284 0.074400
v 1.464887 0.489508 0.074400
v 1.482411 0.464100 0.074400
v 1.496472 0.436261 0.074400
v 1.506836 0.406178 0.074400
v 1.513255 0.374030 0.074400
v 1.515460 0.339970 0.074400
v 1.513319 0.305282 0.074400
v 1.507060 0.272794 0.074400
v 1.496925 0.242679 0.074400
v 1.483127 0.215051 0.074400
v 1.465852 0.190025 0.074400
v 1.445258 0.167724 0.074400
v 1.421482 0.148294 0.074400
v 1.394651 0.131907 0.074400
v 1.364892 0.118760 0.074400
v 1.332342 0.109074 0.074400
v 1.297152 0.103082 0.074400
v 1.259244 0.101016 0.074400
v 1.241250 0.101536 0.074400
v 1.222714 0.103114 0.074400
v 1.203935 0.105736 0.074400
v 1.184963 0.109395 0.074400
v 1.165850 0.114082 0.074400
v 1.146645 0.119788 0.074400
v 1.127402 0.126502 0.074400
v 1.108171 0.134212 0.074400
v 1.089004 0.142908 0.074400
v 1.069952 0.152576 0.074400
v 1.051065 0.163204 0.074400
v 1.001500 0.193929 0.074400
v 1.001500 0.038696 0.074400
v 1.029643 0.024479 0.074400
v 1.047466 0.016142 0.074400
v 1.065814 0.008315 0.074400
v 1.084774 0.001063 0.074400
v 1.104431 -0.005550 0.074400
v 1.124870 -0.011461 0.074400
v 1.146171 -0.016610 0.074400
v 1.168415 -0.020939 0.074400
v 1.191686 -0.024395 0.074400
v 1.216065 -0.026923 0.074400
v 1.241639 -0.028476 0.074400
v 1.268952 -0.029013 0.074400
v 1.332186 -0.024910 0.074400
v 1.390069 -0.013050 0.074400
v 1.442144 0.005691 0.074400
v 1.488384 0.030412 0.074400
v 1.528794 0.060168 0.074400
v 1.563424 0.093995 0.074400
v 1.592371 0.130938 0.074400
v 1.615765 0.170067 0.074400
v 1.633748 0.210486 0.074400
v 1.646462 0.251335 0.074400
v 1.654030 0.291783 0.074400
v 1.656540 0.330993 0.074400
v 1.653163 0.384342 0.074400
v 1.643236 0.435043 0.074400
v 1.627084 0.482705 0.074400
v 1.605049 0.526923 0.074400
v 1.577493 0.567294 0.074400
v 1.544791 0.603428 0.074400
v 1.507332 0.634946 0.074400
v 1.465509 0.661483 0.074400
v 1.419720 0.682690 0.074400
v 1.370362 0.698231 0.074400
v 1.317828 0.707783 0.074400
v 1.262884 0.711012 0.074400
v 1.244151 0.710630 0.074400
v 1.225688 0.709498 0.074400
v 1.207050 0.707590 0.074400
v 1.188177 0.704892 0.074400
v 1.169007 0.701393 0.074400
v 1.149475 0.697080 0.074400
v 1.129513 0.691942 0.074400
v 1.109054 0.685967 0.074400
v 1.088024 0.679143 0.074400
v 1.066350 0.671458 0.074400
v 1.043958 0.662898 0.074400
v 1.008500 0.648446 0.074400
v 1.008500 0.495785 0.074400
v 1.058788 0.524103 0.074400
v 1.063551 0.515308 0.062000
v 1.063551 0.515308 -0.062000
v 1.058788 0.524103 -0.074400
v 1.078504 0.534367 0.074400
v 1.082962 0.525414 0.062000
v 1.082962 0.525414 -0.062000
v 1.078504 0.534367 -0.074400
v 1.097782 0.543536 0.074400
v 1.101900 0.534421 0.062000
v 1.101900 0.534421 -0.062000
v 1.097782 0.543536 -0.074400
v 1.116690 0.551635 0.074400
v 1.120433 0.542359 0.062000
v 1.120433 0.542359 -0.062000
v 1.116690 0.551635 -0.074400
v 1.135295 0.558689 0.074400
v 1.138630 0.549259 0.062000
v 1.138630 0.549259 -0.062000
v 1.135295 0.558689 -0.074400
v 1.153670 0.564727 0.074400
v 1.156568 0.555153 0.062000
v 1.156568 0.555153 -0.062000
v 1.153670 0.564727 -0.074400
v 1.171891 0.569776 0.074400
v 1.174325 0.560074 0.062000
v 1.174325 0.560074 -0.062000
v 1.171891 0.569776 -0.074400
v 1.190035 0.573860 0.074400
v 1.191988 0.564050 0.062000
v 1.191988 0.564050 -0.062000
v 1.190035 0.573860 -0.074400
v 1.208186 0.577005 0.074400
v 1.209646 0.567109 0.062000
v 1.209646 0.567109 -0.062000
v 1.208186 0.577005 -0.074400
v 1.226426 0.579231 0.074400
v 1.227391 0.569274 0.062000
v 1.227391 0.569274 -0.062000
v 1.226426 0.579231 -0.074400
v 1.244838 0.580556 0.074400
v 1.245315 0.570564 0.062000
v 1.245315 0.570564 -0.062000
v 1.244838 0.580556 -0.074400
v 1.263140 0.580986 0.074400
v 1.262960 0.570979 0.062000
v 1.262960 0.570979 -0.062000
v 1.263140 0.580986 -0.074400
v 1.299213 0.578838 0.074400
v 1.298008 0.568892 0.062000
v 1.298008 0.568892 -0.062000
v 1.299213 0.578838 -0.074400
v 1.332970 0.572639 0.074400
v 1.330547 0.562917 0.062000
v 1.330547 0.562917 -0.062000
v 1.332970 0.572639 -0.074400
v 1.364551 0.562634 0.074400
v 1.360920 0.553294 0.062000
v 1.360920 0.553294 -0.062000
v 1.364551 0.562634 -0.074400
v 1.393745 0.549077 0.074400
v 1.388941 0.540282 0.062000
v 1.388941 0.540282 -0.062000
v 1.393745 0.549077 -0.074400
v 1.420340 0.532215 0.074400
v 1.414425 0.524125 0.062000
v 1.414425 0.524125 -0.062000
v 1.420340 0.532215 -0.074400
v 1.444125 0.512284 0.074400
v 1.437187 0.505050 0.062000
v 1.437187 0.505050 -0.062000
v 1.444125 0.512284 -0.074400
v 1.464887 0.489508 0.074400
v 1.457040 0.483272 0.062000
v 1.457040 0.483272 -0.062000
v 1.464887 0.489508 -0.074400
v 1.482411 0.464100 0.074400
v 1.473792 0.458984 0.062000
v 1.473792 0.458984 -0.062000
v 1.482411 0.464100 -0.074400
v 1.496472 0.436261 0.074400
v 1.487239 0.432360 0.062000
v 1.487239 0.432360 -0.062000
v 1.496472 0.436261 -0.074400
v 1.506836 0.406178 0.074400
v 1.497162 0.403558 0.062000
v 1.497162 0.403558 -0.062000
v 1.506836 0.406178 -0.074400
v 1.513255 0.374030 0.074400
v 1.503319 0.372723 0.062000
v 1.503319 0.372723 -0.062000
v 1.513255 0.374030 -0.074400
v 1.515460 0.339970 0.074400
v 1.505440 0.339955 0.062000
v 1.505440 0.339955 -0.062000
v 1.515460 0.339970 -0.074400
v 1.513319 0.305282 0.074400
v 1.503377 0.306541 0.062000
v 1.503377 0.306541 -0.062000
v 1.513319 0.305282 -0.074400
v 1.507060 0.272794 0.074400
v 1.497368 0.275346 0.062000
v 1.497368 0.275346 -0.062000
v 1.507060 0.272794 -0.074400
v 1.496925 0.242679 0.074400
v 1.487668 0.246526 0.062000
v 1.487668 0.246526 -0.062000
v 1.496925 0.242679 -0.074400
v 1.483127 0.215051 0.074400
v 1.474496 0.220151 0.062000
v 1.474496 0.220151 -0.062000
v 1.483127 0.215051 -0.074400
v 1.465852 0.190025 0.074400
v 1.458025 0.196289 0.062000
v 1.458025 0.196289 -0.062000
v 1.465852 0.190025 -0.074400
v 1.445258 0.167724 0.074400
v 1.438388 0.175024 0.062000
v 1.438388 0.175024 -0.062000
v 1.445258 0.167724 -0.074400
v 1.421482 0.148294 0.074400
v 1.415685 0.156471 0.062000
v 1.415685 0.156471 -0.062000
v 1.421482 0.148294 -0.074400
v 1.394651 0.131907 0.074400
v 1.390004 0.140786 0.062000
v 1.390004 0.140786 -0.062000
v 1.394651 0.131907 -0.074400
v 1.364892 0.118760 0.074400
v 1.361431 0.128164 0.062000
v 1.361431 0.128164 -0.062000
v 1.364892 0.118760 -0.074400
v 1.332342 0.109074 0.074400
v 1.330068 0.118830 0.062000
v 1.330068 0.118830 -0.062000
v 1.332342 0.109074 -0.074400
v 1.297152 0.103082 0.074400
v 1.296037 0.113036 0.062000
v 1.296037 0.113036 -0.062000
v 1.297152 0.103082 -0.074400
v 1.259244 0.101016 0.074400
v 1.259116 0.111023 0.062000
v 1.259116 0.111023 -0.062000
v 1.259244 0.101016 -0.074400
v 1.241250 0.101536 0.074400
v 1.241819 0.111523 0.062000
v 1.241819 0.111523 -0.062000
v 1.241250 0.101536 -0.074400
v 1.222714 0.103114 0.074400
v 1.223831 0.113055 0.062000
v 1.223831 0.113055 -0.062000
v 1.222714 0.103114 -0.074400
v 1.203935 0.105736 0.074400
v 1.205575 0.115604 0.062000
v 1.205575 0.115604 -0.062000
v 1.203935 0.105736 -0.074400
v 1.184963 0.109395 0.074400
v 1.187102 0.119167 0.062000
v 1.187102 0.119167 -0.062000
v 1.184963 0.109395 -0.074400
v 1.165850 0.114082 0.074400
v 1.168466 0.123737 0.062000
v 1.168466 0.123737 -0.062000
v 1.165850 0.114082 -0.074400
v 1.146645 0.119788 0.074400
v 1.149718 0.129307 0.062000
v 1.149718 0.129307 -0.062000
v 1.146645 0.119788 -0.074400
v 1.127402 0.126502 0.074400
v 1.130912 0.135868 0.062000
v 1.130912 0.135868 -0.062000
v 1.127402 0.126502 -0.074400
v 1.108171 0.134212 0.074400
v 1.112100 0.143411 0.062000
v 1.112100 0.143411 -0.062000
v 1.108171 0.134212 -0.074400
v 1.089004 0.142908 0.074400
v 1.093335 0.151924 0.062000
v 1.093335 0.151924 -0.062000
v 1.089004 0.142908 -0.074400
v 1.069952 0.152576 0.074400
v 1.074669 0.161396 0.062000
v 1.074669 0.161396 -0.062000
v 1.069952 0.152576 -0.074400
v 1.051065 0.163204 0.074400
v 1.056154 0.171815 0.062000
v 1.056154 0.171815 -0.062000
v 1.051065 0.163204 -0.074400
v 1.001500 0.193929 0.074400
v 0.991500 0.211894 0.062000
v 0.991500 0.211894 -0.062000
v 1.001500 0.193929 -0.074400
v 1.001500 0.038696 0.074400
v 0.991500 0.032545 0.062000
v 0.991500 0.032545 -0.062000
v 1.001500 0.038696 -0.074400
v 1.029643 0.024479 0.074400
v 1.025269 0.015486 0.062000
v 1.025269 0.015486 -0.062000
v 1.029643 0.024479 -0.074400
v 1.047466 0.016142 0.074400
v 1.043384 0.007011 0.062000
v 1.043384 0.007011 -0.062000
v 1.047466 0.016142 -0.074400
v 1.065814 0.008315 0.074400
v 1.062064 -0.000958 0.062000
v 1.062064 -0.000958 -0.062000
v 1.065814 0.008315 -0.074400
v 1.084774 0.001063 0.074400
v 1.081392 -0.008350 0.062000
v 1.081392 -0.008350 -0.062000
v 1.084774 0.001063 -0.074400
v 1.104431 -0.005550 0.074400
v 1.101447 -0.015096 0.062000
v 1.101447 -0.015096 -0.062000
v 1.104431 -0.005550 -0.074400
v 1.124870 -0.011461 0.074400
v 1.122305 -0.021129 0.062000
v 1.122305 -0.021129 -0.062000
v 1.124870 -0.011461 -0.074400
v 1.146171 -0.016610 0.074400
v 1.144040 -0.026383 0.062000
v 1.144040 -0.026383 -0.062000
v 1.146171 -0.016610 -0.074400
v 1.168415 -0.020939 0.074400
v 1.166725 -0.030798 0.062000
v 1.166725 -0.030798 -0.062000
v 1.168415 -0.020939 -0.074400
v 1.191686 -0.024395 0.074400
v 1.190435 -0.034318 0.062000
v 1.190435 -0.034318 -0.062000
v 1.191686 -0.024395 -0.074400
v 1.216065 -0.026923 0.074400
v 1.215246 -0.036892 0.062000
v 1.215246 -0.036892 -0.062000
v 1.216065 -0.026923 -0.074400
v 1.241639 -0.028476 0.074400
v 1.241238 -0.038470 0.062000
v 1.241238 -0.038470 -0.062000
v 1.241639 -0.028476 -0.074400
v 1.268952 -0.029013 0.074400
v 1.269178 -0.039019 0.062000
v 1.269178 -0.039019 -0.062000
v 1.268952 -0.029013 -0.074400
v 1.332186 -0.024910 0.074400
v 1.333519 -0.034845 0.062000
v 1.333519 -0.034845 -0.062000
v 1.332186 -0.024910 -0.074400
v 1.390069 -0.013050 0.074400
v 1.392780 -0.022702 0.062000
v 1.392780 -0.022702 -0.062000
v 1.390069 -0.013050 -0.074400
v 1.442144 0.005691 0.074400
v 1.446216 -0.003472 0.062000
v 1.446216 -0.003472 -0.062000
v 1.442144 0.005691 -0.074400
v 1.488384 0.030412 0.074400
v 1.493734 0.021932 0.062000
v 1.493734 0.021932 -0.062000
v 1.488384 0.030412 -0.074400
v 1.528794 0.060168 0.074400
v 1.535284 0.052528 0.062000
v 1.535284 0.052528 -0.062000
v 1.528794 0.060168 -0.074400
v 1.563424 0.093995 0.074400
v 1.570886 0.087305 0.062000
v 1.570886 0.087305 -0.062000
v 1.563424 0.093995 -0.074400
v 1.592371 0.130938 0.074400
v 1.600631 0.125266 0.062000
v 1.600631 0.125266 -0.062000
v 1.592371 0.130938 -0.074400
v 1.615765 0.170067 0.074400
v 1.624657 0.165452 0.062000
v 1.624657 0.165452 -0.062000
v 1.615765 0.170067 -0.074400
v 1.633748 0.210486 0.074400
v 1.643123 0.206956 0.062000
v 1.643123 0.206956 -0.062000
v 1.633748 0.210486 -0.074400
v 1.646462 0.251335 0.074400
v 1.656184 0.248921 0.062000
v 1.656184 0.248921 -0.062000
v 1.646462 0.251335 -0.074400
v 1.654030 0.291783 0.074400
v 1.663971 0.290540 0.062000
v 1.663971 0.290540 -0.062000
v 1.654030 0.291783 -0.074400
v 1.656540 0.330993 0.074400
v 1.666561 0.330989 0.062000
v 1.666561 0.330989 -0.062000
v 1.656540 0.330993 -0.074400
v 1.653163 0.384342 0.074400
v 1.663102 0.385624 0.062000
v 1.663102 0.385624 -0.062000
v 1.653163 0.384342 -0.074400
v 1.643236 0.435043 0.074400
v 1.652922 0.437620 0.062000
v 1.652922 0.437620 -0.062000
v 1.643236 0.435043 -0.074400
v 1.627084 0.482705 0.074400
v 1.636337 0.486558 0.062000
v 1.636337 0.486558 -0.062000
v 1.627084 0.482705 -0.074400
v 1.605049 0.526923 0.074400
v 1.613694 0.531995 0.062000
v 1.613694 0.531995 -0.062000
v 1.605049 0.526923 -0.074400
v 1.577493 0.567294 0.074400
v 1.585367 0.573497 0.062000
v 1.585367 0.573497 -0.062000
v 1.577493 0.567294 -0.074400
v 1.544791 0.603428 0.074400
v 1.551750 0.610643 0.062000
v 1.551750 0.610643 -0.062000
v 1.544791 0.603428 -0.074400
v 1.507332 0.634946 0.074400
v 1.513256 0.643030 0.062000
v 1.513256 0.643030 -0.062000
v 1.507332 0.634946 -0.074400
v 1.465509 0.661483 0.074400
v 1.470310 0.670280 0.062000
v 1.470310 0.670280 -0.062000
v 1.465509 0.661483 -0.074400
v 1.419720 0.682690 0.074400
v 1.423338 0.692034 0.062000
v 1.423338 0.692034 -0.062000
v 1.419720 0.682690 -0.074400
v 1.370362 0.698231 0.074400
v 1.372768 0.707957 0.062000
v 1.372768 0.707957 -0.062000
v 1.370362 0.698231 -0.074400
v 1.317828 0.707783 0.074400
v 1.319020 0.717730 0.062000
v 1.319020 0.717730 -0.062000
v 1.317828 0.707783 -0.074400
v 1.262884 0.711012 0.074400
v 1.263075 0.721018 0.062000
v 1.263075 0.721018 -0.062000
v 1.262884 0.711012 -0.074400
v 1.244151 0.710630 0.074400
v 1.243742 0.720624 0.062000
v 1.243742 0.720624 -0.062000
v 1.244151 0.710630 -0.074400
v 1.225688 0.709498 0.074400
v 1.224872 0.719466 0.062000
v 1.224872 0.719466 -0.062000
v 1.225688 0.709498 -0.074400
v 1.207050 0.707590 0.074400
v 1.205833 0.717517 0.062000
v 1.205833 0.717517 -0.062000
v 1.207050 0.707590 -0.074400
v 1.188177 0.704892 0.074400
v 1.186571 0.714764 0.062000
v 1.186571 0.714764 -0.062000
v 1.188177 0.704892 -0.074400
v 1.169007 0.701393 0.074400
v 1.167030 0.711197 0.062000
v 1.167030 0.711197 -0.062000
v 1.169007 0.701393 -0.074400
v 1.149475 0.697080 0.074400
v 1.147149 0.706807 0.062000
v 1.147149 0.706807 -0.062000
v 1.149475 0.697080 -0.074400
v 1.129513 0.691942 0.074400
v 1.126865 0.701586 0.062000
v 1.126865 0.701586 -0.062000
v 1.129513 0.691942 -0.074400
v 1.109054 0.685967 0.074400
v 1.106108 0.695524 0.062000
v 1.106108 0.695524 -0.062000
v 1.109054 0.685967 -0.074400
v 1.088024 0.679143 0.074400
v 1.084809 0.688614 0.062000
v 1.084809 0.688614 -0.062000
v 1.088024 0.679143 -0.074400
v 1.066350 0.671458 0.074400
v 1.062893 0.680843 0.062000
v 1.062893 0.680843 -0.062000
v 1.066350 0.671458 -0.074400
v 1.043958 0.662898 0.074400
v 1.040285 0.672199 0.062000
v 1.040285 0.672199 -0.062000
v 1.043958 0.662898 -0.074400
v 1.008500 0.648446 0.074400
v 0.998500 0.655169 0.062000
v 0.998500 0.655169 -0.062000
v 1.008500 0.648446 -0.074400
v 1.008500 0.495785 0.074400
v 0.998500 0.478678 0.062000
v 0.998500 0.478678 -0.062000
v 1.008500 0.495785 -0.074400
v 0.376500 0.108000 0.074400
v 0.366500 0.118000 0.062000
v 0.366500 0.118000 -0.062000
v 0.376500 0.108000 -0.074400
v 0.376500 -0.020000 0.074400
v 0.366500 -0.030000 0.062000
v 0.366500 -0.030000 -0.062000
v 0.376500 -0.020000 -0.074400
v 0.822500 -0.020000 0.074400
v 0.832500 -0.030000 0.062000
v 0.832500 -0.030000 -0.062000
v 0.822500 -0.020000 -0.074400
v 0.822500 0.702000 0.074400
v 0.832500 0.712000 0.062000
v 0.832500 0.712000 -0.062000
v 0.822500 0.702000 -0.074400
v 0.684500 0.702000 0.074400
v 0.674500 0.712000 0.062000
v 0.674500 0.712000 -0.062000
v 0.684500 0.702000 -0.074400
v 0.684500 0.108000 0.074400
v 0.674500 0.118000 0.062000
v 0.674500 0.118000 -0.062000
v 0.684500 0.108000 -0.074400
v 0.093500 0.574000 0.074400
v 0.083500 0.564000 0.062000
v 0.083500 0.564000 -0.062000
v 0.093500 0.574000 -0.074400
v 0.093500 0.408000 0.074400
v 0.083500 0.418000 0.062000
v 0.083500 0.418000 -0.062000
v 0.093500 0.408000 -0.074400
v -0.185500 0.408000 0.074400
v -0.195500 0.418000 0.062000
v -0.195500 0.418000 -0.062000
v -0.185500 0.408000 -0.074400
v -0.185500 0.280000 0.074400
v -0.195500 0.270000 0.062000
v -0.195500 0.270000 -0.062000
v -0.185500 0.280000 -0.074400
v 0.093500 0.280000 0.074400
v 0.083500 0.270000 0.062000
v 0.083500 0.270000 -0.062000
v 0.093500 0.280000 -0.074400
v 0.093500 0.108000 0.074400
v 0.083500 0.118000 0.062000
v 0.083500 0.118000 -0.062000
v 0.093500 0.108000 -0.074400
v -0.204500 0.108000 0.074400
v -0.214500 0.118000 0.062000
v -0.214500 0.118000 -0.062000
v -0.204500 0.108000 -0.074400
v -0.204500 -0.020000 0.074400
v -0.214500 -0.030000 0.062000
v -0.214500 -0.030000 -0.062000
v -0.204500 -0.020000 -0.074400
v 0.231500 -0.020000 0.074400
v 0.241500 -0.030000 0.062000
v 0.241500 -0.030000 -0.062000
v 0.231500 -0.020000 -0.074400
v 0.231500 0.702000 0.074400
v 0.241500 0.712000 0.062000
v 0.241500 0.712000 -0.062000
v 0.231500 0.702000 -0.074400
v -0.195500 0.702000 0.074400
v -0.205500 0.712000 0.062000
v -0.205500 0.712000 -0.062000
v -0.195500 0.702000 -0.074400
v -0.195500 0.574000 0.074400
v -0.205500 0.564000 0.062000
v -0.205500 0.564000 -0.062000
v -0.195500 0.574000 -0.074400
v -0.867601 -0.020000 0.074400
v -0.861151 -0.030000 0.062000
v -0.861151 -0.030000 -0.062000
v -0.867601 -0.020000 -0.074400
v -0.776601 0.181000 0.074400
v -0.770151 0.171000 0.062000
v -0.770151 0.171000 -0.062000
v -0.776601 0.181000 -0.074400
v -0.512697 0.181000 0.074400
v -0.519295 0.171000 0.062000
v -0.519295 0.171000 -0.062000
v -0.512697 0.181000 -0.074400
v -0.426696 -0.020000 0.074400
v -0.433295 -0.030000 0.062000
v -0.433295 -0.030000 -0.062000
v -0.426696 -0.020000 -0.074400
v -0.283210 -0.020000 0.074400
v -0.268065 -0.030000 0.062000
v -0.268065 -0.030000 -0.062000
v -0.283210 -0.020000 -0.074400
v -0.593295 0.706000 0.074400
v -0.586692 0.716000 0.062000
v -0.586692 0.716000 -0.062000
v -0.593295 0.706000 -0.074400
v -0.688495 0.706000 0.074400
v -0.694993 0.716000 0.062000
v -0.694993 0.716000 -0.062000
v -0.688495 0.706000 -0.074400
v -1.011280 -0.020000 0.074400
v -1.026670 -0.030000 0.062000
v -1.026670 -0.030000 -0.062000
v -1.011280 -0.020000 -0.074400
v -0.718700 0.309000 0.074400
v -0.703299 0.319000 0.062000
v -0.703299 0.319000 -0.062000
v -0.718700 0.309000 -0.074400
v -0.640194 0.485282 0.074400
v -0.640540 0.459922 0.062000
v -0.640540 0.459922 -0.062000
v -0.640194 0.485282 -0.074400
v -0.567397 0.309000 0.074400
v -0.582346 0.319000 0.062000
v -0.582346 0.319000 -0.062000
v -0.567397 0.309000 -0.074400
v -1.364767 0.700431 0.074400
v -1.365702 0.710399 0.062000
v -1.365702 0.710399 -0.062000
v -1.364767 0.700431 -0.074400
v -1.397899 0.695693 0.074400
v -1.399844 0.705517 0.062000
v -1.399844 0.705517 -0.062000
v -1.397899 0.695693 -0.074400
v -1.428784 0.687844 0.074400
v -1.431817 0.697391 0.062000
v -1.431817 0.697391 -0.062000
v -1.428784 0.687844 -0.074400
v -1.457270 0.676917 0.074400
v -1.461451 0.686023 0.062000
v -1.461451 0.686023 -0.062000
v -1.457270 0.676917 -0.074400
v -1.483170 0.662950 0.074400
v -1.488526 0.671423 0.062000
v -1.488526 0.671423 -0.062000
v -1.483170 0.662950 -0.074400
v -1.506266 0.646006 0.074400
v -1.512773 0.653635 0.062000
v -1.512773 0.653635 -0.062000
v -1.506266 0.646006 -0.074400
v -1.526310 0.626191 0.074400
v -1.533882 0.632768 0.062000
v -1.533882 0.632768 -0.062000
v -1.526310 0.626191 -0.074400
v -1.543056 0.603667 0.074400
v -1.551538 0.609019 0.062000
v -1.551538 0.609019 -0.062000
v -1.543056 0.603667 -0.074400
v -1.556286 0.578651 0.074400
v -1.565476 0.582664 0.062000
v -1.565476 0.582664 -0.062000
v -1.556286 0.578651 -0.074400
v -1.565838 0.551387 0.074400
v -1.575511 0.554020 0.062000
v -1.575511 0.554020 -0.062000
v -1.565838 0.551387 -0.074400
v -1.571607 0.522111 0.074400
v -1.581547 0.523393 0.062000
v -1.581547 0.523393 -0.062000
v -1.571607 0.522111 -0.074400
v -1.573527 0.491181 0.074400
v -1.583541 0.491272 0.062000
v -1.583541 0.491272 -0.062000
v -1.573527 0.491181 -0.074400
v -1.572591 0.469874 0.074400
v -1.582561 0.468975 0.062000
v -1.582561 0.468975 -0.062000
v -1.572591 0.469874 -0.074400
v -1.569808 0.449537 0.074400
v -1.579650 0.447699 0.062000
v -1.579650 0.447699 -0.062000
v -1.569808 0.449537 -0.074400
v -1.565176 0.430042 0.074400
v -1.574787 0.427235 0.062000
v -1.574787 0.427235 -0.062000
v -1.565176 0.430042 -0.074400
v -1.558708 0.411467 0.074400
v -1.567979 0.407682 0.062000
v -1.567979 0.407682 -0.062000
v -1.558708 0.411467 -0.074400
v -1.550433 0.393898 0.074400
v -1.559252 0.389152 0.062000
v -1.559252 0.389152 -0.062000
v -1.550433 0.393898 -0.074400
v -1.540393 0.377423 0.074400
v -1.548652 0.371759 0.062000
v -1.548652 0.371759 -0.062000
v -1.540393 0.377423 -0.074400
v -1.528646 0.362126 0.074400
v -1.536253 0.355613 0.062000
v -1.536253 0.355613 -0.062000
v -1.528646 0.362126 -0.074400
v -1.515262 0.348081 0.074400
v -1.522144 0.340806 0.062000
v -1.522144 0.340806 -0.062000
v -1.515262 0.348081 -0.074400
v -1.500320 0.335348 0.074400
v -1.506426 0.327412 0.062000
v -1.506426 0.327412 -0.062000
v -1.500320 0.335348 -0.074400
v -1.483898 0.323971 0.074400
v -1.489202 0.315480 0.062000
v -1.489202 0.315480 -0.062000
v -1.483898 0.323971 -0.074400
v -1.466070 0.313982 0.074400
v -1.470566 0.305039 0.062000
v -1.470566 0.305039 -0.062000
v -1.466070 0.313982 -0.074400
v -1.479546 0.320015 0.074400
v -1.499569 0.318022 0.062000
v -1.499569 0.318022 -0.062000
v -1.479546 0.320015 -0.074400
v -1.466688 0.329181 0.074400
v -1.472770 0.337125 0.062000
v -1.472770 0.337125 -0.062000
v -1.466688 0.329181 -0.074400
v -1.481865 0.316715 0.074400
v -1.488459 0.324240 0.062000
v -1.488459 0.324240 -0.062000
v -1.481865 0.316715 -0.074400
v -1.496177 0.303338 0.074400
v -1.503218 0.310445 0.062000
v -1.503218 0.310445 -0.062000
v -1.496177 0.303338 -0.074400
v -1.509747 0.289085 0.074400
v -1.517167 0.295794 0.062000
v -1.517167 0.295794 -0.062000
v -1.509747 0.289085 -0.074400
v -1.522710 0.273986 0.074400
v -1.530441 0.280333 0.062000
v -1.530441 0.280333 -0.062000
v -1.522710 0.273986 -0.074400
v -1.535208 0.258061 0.074400
v -1.543187 0.264092 0.062000
v -1.543187 0.264092 -0.062000
v -1.535208 0.258061 -0.074400
v -1.547386 0.241324 0.074400
v -1.555557 0.247090 0.062000
v -1.555557 0.247090 -0.062000
v -1.547386 0.241324 -0.074400
v -1.559389 0.223779 0.074400
v -1.567704 0.229335 0.062000
v -1.567704 0.229335 -0.062000
v -1.559389 0.223779 -0.074400
v -1.571365 0.205426 0.074400
v -1.579782 0.210826 0.062000
v -1.579782 0.210826 -0.062000
v -1.571365 0.205426 -0.074400
v -1.583456 0.186258 0.074400
v -1.591939 0.191554 0.062000
v -1.591939 0.191554 -0.062000
v -1.583456 0.186258 -0.074400
v -1.595806 0.166269 0.074400
v -1.604323 0.171508 0.062000
v -1.604323 0.171508 -0.062000
v -1.595806 0.166269 -0.074400
v -1.608519 0.145505 0.074400
v -1.617029 0.150758 0.062000
v -1.617029 0.150758 -0.062000
v -1.608519 0.145505 -0.074400
v -1.615460 0.134351 0.074400
v -1.623928 0.139670 0.062000
v -1.623928 0.139670 -0.062000
v -1.615460 0.134351 -0.074400
v -1.622033 0.123987 0.074400
v -1.630452 0.129383 0.062000
v -1.630452 0.129383 -0.062000
v -1.622033 0.123987 -0.074400
v -1.628387 0.114177 0.074400
v -1.636753 0.119656 0.062000
v -1.636753 0.119656 -0.062000
v -1.628387 0.114177 -0.074400
v -1.634675 0.104681 0.074400
v -1.642985 0.110244 0.062000
v -1.642985 0.110244 -0.062000
v -1.634675 0.104681 -0.074400
v -1.641051 0.095260 0.074400
v -1.649307 0.100902 0.062000
v -1.649307 0.100902 -0.062000
v -1.641051 0.095260 -0.074400
v -1.647667 0.085674 0.074400
v -1.655875 0.091385 0.062000
v -1.655875 0.091385 -0.062000
v -1.647667 0.085674 -0.074400
v -1.654674 0.075686 0.074400
v -1.662843 0.081454 0.062000
v -1.662843 0.081454 -0.062000
v -1.654674 0.075686 -0.074400
v -1.662222 0.065065 0.074400
v -1.670361 0.070875 0.062000
v -1.670361 0.070875 -0.062000
v -1.662222 0.065065 -0.074400
v -1.670456 0.053583 0.074400
v -1.678575 0.059421 0.062000
v -1.678575 0.059421 -0.062000
v -1.670456 0.053583 -0.074400
v -1.679520 0.041014 0.074400
v -1.687627 0.046868 0.062000
v -1.687627 0.046868 -0.062000
v -1.679520 0.041014 -0.074400
v -1.689557 0.027134 0.074400
v -1.697660 0.032994 0.062000
v -1.697660 0.032994 -0.062000
v -1.689557 0.027134 -0.074400
v -1.723651 -0.020000 0.074400
v -1.743227 -0.030000 0.062000
v -1.743227 -0.030000 -0.062000
v -1.723651 -0.020000 -0.074400
v -1.556581 -0.020000 0.074400
v -1.551122 -0.030000 0.062000
v -1.551122 -0.030000 -0.062000
v -1.556581 -0.020000 -0.074400
v -1.460751 0.129070 0.074400
v -1.452376 0.123605 0.062000
v -1.452376 0.123605 -0.062000
v -1.460751 0.129070 -0.074400
v -1.439494 0.161162 0.074400
v -1.431248 0.155503 0.062000
v -1.431248 0.155503 -0.062000
v -1.439494 0.161162 -0.074400
v -1.420252 0.188244 0.074400
v -1.412220 0.182283 0.062000
v -1.412220 0.182283 -0.062000
v -1.420252 0.188244 -0.074400
v -1.402796 0.210770 0.074400
v -1.395053 0.204436 0.062000
v -1.395053 0.204436 -0.062000
v -1.402796 0.210770 -0.074400
v -1.386981 0.229093 0.074400
v -1.379629 0.222307 0.062000
v -1.379629 0.222307 -0.062000
v -1.386981 0.229093 -0.074400
v -1.372679 0.243584 0.074400
v -1.365855 0.236262 0.062000
v -1.365855 0.236262 -0.062000
v -1.372679 0.243584 -0.074400
v -1.359765 0.254646 0.074400
v -1.353647 0.246719 0.062000
v -1.353647 0.246719 -0.062000
v -1.359765 0.254646 -0.074400
v -1.348092 0.262739 0.074400
v -1.342885 0.254181 0.062000
v -1.342885 0.254181 -0.062000
v -1.348092 0.262739 -0.074400
v -1.337431 0.268387 0.074400
v -1.333323 0.259247 0.062000
v -1.333323 0.259247 -0.062000
v -1.337431 0.268387 -0.074400
v -1.327416 0.272130 0.074400
v -1.324515 0.262539 0.062000
v -1.324515 0.262539 -0.062000
v -1.327416 0.272130 -0.074400
v -1.317557 0.274437 0.074400
v -1.315826 0.264572 0.062000
v -1.315826 0.264572 -0.062000
v -1.317557 0.274437 -0.074400
v -1.307350 0.275642 0.074400
v -1.306602 0.265661 0.062000
v -1.306602 0.265661 -0.062000
v -1.307350 0.275642 -0.074400
v -1.296180 0.276000 0.074400
v -1.296019 0.266000 0.062000
v -1.296019 0.266000 -0.062000
v -1.296180 0.276000 -0.074400
v -1.275500 0.276000 0.074400
v -1.285500 0.266000 0.062000
v -1.285500 0.266000 -0.062000
v -1.275500 0.276000 -0.074400
v -1.275500 -0.020000 0.074400
v -1.285500 -0.030000 0.062000
v -1.285500 -0.030000 -0.062000
v -1.275500 -0.020000 -0.074400
v -1.137500 -0.020000 0.074400
v -1.127500 -0.030000 0.062000
v -1.127500 -0.030000 -0.062000
v -1.137500 -0.020000 -0.074400
v -1.137500 0.702000 0.074400
v -1.127500 0.712000 0.062000
v -1.127500 0.712000 -0.062000
v -1.137500 0.702000 -0.074400
v -1.329950 0.702000 0.074400
v -1.330176 0.712000 0.062000
v -1.330176 0.712000 -0.062000
v -1.329950 0.702000 -0.074400
v -1.318057 0.404000 0.074400
v -1.317836 0.414000 0.062000
v -1.317836 0.414000 -0.062000
v -1.318057 0.404000 -0.074400
v -1.341323 0.405031 0.074400
v -1.340379 0.414999 0.062000
v -1.340379 0.414999 -0.062000
v -1.341323 0.405031 -0.074400
v -1.360913 0.407886 0.074400
v -1.358892 0.417697 0.062000
v -1.358892 0.417697 -0.062000
v -1.360913 0.407886 -0.074400
v -1.377410 0.412301 0.074400
v -1.374177 0.421788 0.062000
v -1.374177 0.421788 -0.062000
v -1.377410 0.412301 -0.074400
v -1.391047 0.417992 0.074400
v -1.386505 0.426933 0.062000
v -1.386505 0.426933 -0.062000
v -1.391047 0.417992 -0.074400
v -1.402131 0.424707 0.074400
v -1.396261 0.432843 0.062000
v -1.396261 0.432843 -0.062000
v -1.402131 0.424707 -0.074400
v -1.411026 0.432281 0.074400
v -1.403914 0.439359 0.062000
v -1.403914 0.439359 -0.062000
v -1.411026 0.432281 -0.074400
v -1.418091 0.440660 0.074400
v -1.409925 0.446489 0.062000
v -1.409925 0.446489 -0.062000
v -1.418091 0.440660 -0.074400
v -1.423603 0.449868 0.074400
v -1.414635 0.454357 0.062000
v -1.414635 0.454357 -0.062000
v -1.423603 0.449868 -0.074400
v -1.427729 0.459937 0.074400
v -1.418218 0.463100 0.062000
v -1.418218 0.463100 -0.062000
v -1.427729 0.459937 -0.074400
v -1.430552 0.470840 0.074400
v -1.420721 0.472768 0.062000
v -1.420721 0.472768 -0.062000
v -1.430552 0.470840 -0.074400
v -1.432119 0.482478 0.074400
v -1.422139 0.483297 0.062000
v -1.422139 0.483297 -0.062000
v -1.432119 0.482478 -0.074400
v -1.432480 0.494631 0.074400
v -1.422470 0.494446 0.062000
v -1.422470 0.494446 -0.062000
v -1.432480 0.494631 -0.074400
v -1.431589 0.507989 0.074400
v -1.421650 0.506748 0.062000
v -1.421650 0.506748 -0.062000
v -1.431589 0.507989 -0.074400
v -1.429396 0.519918 0.074400
v -1.419682 0.517451 0.062000
v -1.419682 0.517451 -0.062000
v -1.429396 0.519918 -0.074400
v -1.425958 0.530446 0.074400
v -1.416687 0.526622 0.062000
v -1.416687 0.526622 -0.062000
v -1.425958 0.530446 -0.074400
v -1.421303 0.539684 0.074400
v -1.412742 0.534452 0.062000
v -1.412742 0.534452 -0.062000
v -1.421303 0.539684 -0.074400
v -1.415368 0.547818 0.074400
v -1.407786 0.541244 0.062000
v -1.407786 0.541244 -0.062000
v -1.415368 0.547818 -0.074400
v -1.407960 0.555038 0.074400
v -1.401565 0.547307 0.062000
v -1.401565 0.547307 -0.062000
v -1.407960 0.555038 -0.074400
v -1.398788 0.561444 0.074400
v -1.393678 0.552816 0.062000
v -1.393678 0.552816 -0.062000
v -1.398788 0.561444 -0.074400
v -1.387554 0.567007 0.074400
v -1.383711 0.557752 0.062000
v -1.383711 0.557752 -0.062000
v -1.387554 0.567007 -0.074400
v -1.374024 0.571602 0.074400
v -1.371349 0.561950 0.062000
v -1.371349 0.561950 -0.062000
v -1.374024 0.571602 -0.074400
v -1.358050 0.575064 0.074400
v -1.356404 0.565189 0.062000
v -1.356404 0.565189 -0.062000
v -1.358050 0.575064 -0.074400
v -1.339549 0.577237 0.074400
v -1.338786 0.567258 0.062000
v -1.338786 0.567258 -0.062000
v -1.339549 0.577237 -0.074400
v -1.318144 0.578000 0.074400
v -1.317966 0.568000 0.062000
v -1.317966 0.568000 -0.062000
v -1.318144 0.578000 -0.074400
v -1.275500 0.578000 0.074400
v -1.285500 0.568000 0.062000
v -1.285500 0.568000 -0.062000
v -1.275500 0.578000 -0.074400
v -1.275500 0.404000 0.074400
v -1.285500 0.414000 0.062000
v -1.285500 0.414000 -0.062000
v -1.275500 0.404000 -0.074400
vn -0.0000 -0.0000 -1.0000
vn -0.0000 -0.0000 1.0000
vn 0.4225 -0.8486 0.3182
vn 0.3707 -0.6844 0.6278
vn 0.4515 -0.8336 0.3181
vn 0.4225 -0.8486 -0.3182
vn 0.4515 -0.8336 -0.3181
vn 0.3707 -0.6844 -0.6278
vn 0.3903 -0.8639 0.3184
vn 0.3469 -0.6968 0.6278
vn 0.3903 -0.8639 -0.3184
vn 0.3469 -0.6968 -0.6278
vn 0.3547 -0.8791 0.3185
vn 0.3204 -0.7093 0.6278
vn 0.3547 -0.8791 -0.3185
vn 0.3204 -0.7093 -0.6278
vn 0.3161 -0.8936 0.3186
vn 0.2913 -0.7218 0.6278
vn 0.3161 -0.8936 -0.3186
vn 0.2913 -0.7218 -0.6278
vn 0.2746 -0.9072 0.3187
vn 0.2595 -0.7338 0.6279
vn 0.2746 -0.9072 -0.3187
vn 0.2595 -0.7338 -0.6279
vn 0.2307 -0.9193 0.3187
vn 0.2255 -0.7450 0.6279
vn 0.2307 -0.9193 -0.3187
vn 0.2255 -0.7450 -0.6279
vn 0.1850 -0.9296 0.3188
vn 0.1894 -0.7549 0.6279
vn 0.1850 -0.9296 -0.3188
vn 0.1894 -0.7549 -0.6279
vn 0.1384 -0.9377 0.3188
vn 0.1519 -0.7633 0.6279
vn 0.1384 -0.9377 -0.3188
vn 0.1519 -0.7633 -0.6279
vn 0.0751 -0.7747 0.6279
vn 0.1136 -0.7700 0.6279
vn 0.0914 -0.9434 -0.3188
vn 0.0751 -0.7747 -0.6279
vn 0.1136 -0.7700 -0.6279
vn 0.0914 -0.9434 0.3188
vn 0.0371 -0.7774 0.6279
vn 0.0452 -0.9468 -0.3187
vn 0.0371 -0.7774 -0.6279
vn -0.0170 -0.9472 0.3202
vn 0.0452 -0.9468 0.3187
vn -0.0170 -0.9472 -0.3202
vn -0.1139 -0.9399 0.3219
vn -0.0140 -0.7780 0.6281
vn -0.1139 -0.9399 -0.3219
vn -0.0140 -0.7780 -0.6281
vn -0.2289 -0.9186 0.3220
vn -0.0935 -0.7722 0.6285
vn -0.2289 -0.9186 -0.3220
vn -0.0935 -0.7722 -0.6285
vn -0.3430 -0.8824 0.3222
vn -0.1881 -0.7547 0.6285
vn -0.3430 -0.8824 -0.3222
vn -0.1881 -0.7547 -0.6285
vn -0.4538 -0.8308 0.3223
vn -0.2818 -0.7249 0.6285
vn -0.4538 -0.8308 -0.3223
vn -0.2818 -0.7249 -0.6285
vn -0.5587 -0.7642 0.3224
vn -0.3728 -0.6826 0.6286
vn -0.5587 -0.7642 -0.3224
vn -0.3728 -0.6826 -0.6286
vn -0.6552 -0.6832 0.3225
vn -0.4590 -0.6279 0.6286
vn -0.6552 -0.6831 -0.3225
vn -0.4590 -0.6279 -0.6286
vn -0.7411 -0.5889 0.3225
vn -0.5383 -0.5613 0.6286
vn -0.7411 -0.5889 -0.3225
vn -0.5383 -0.5613 -0.6286
vn -0.8139 -0.4832 0.3225
vn -0.6089 -0.4839 0.6286
vn -0.8139 -0.4832 -0.3225
vn -0.6089 -0.4839 -0.6286
vn -0.7164 -0.3027 0.6286
vn -0.6687 -0.3970 0.6286
vn -0.8719 -0.3684 -0.3225
vn -0.7164 -0.3027 -0.6286
vn -0.6687 -0.3970 -0.6286
vn -0.8719 -0.3684 0.3225
vn -0.7507 -0.2033 0.6286
vn -0.9137 -0.2474 -0.3225
vn -0.7507 -0.2033 -0.6286
vn -0.9137 -0.2474 0.3225
vn -0.7711 -0.1015 0.6286
vn -0.9385 -0.1235 -0.3224
vn -0.7711 -0.1015 -0.6286
vn -0.9385 -0.1235 0.3224
vn -0.7778 -0.0012 0.6285
vn -0.9467 -0.0014 -0.3221
vn -0.7778 -0.0012 -0.6285
vn -0.9392 0.1190 0.3222
vn -0.9467 -0.0014 0.3221
vn -0.9392 0.1190 -0.3222
vn -0.9154 0.2410 0.3225
vn -0.7716 0.0977 0.6285
vn -0.9154 0.2410 -0.3225
vn -0.7716 0.0977 -0.6285
vn -0.8740 0.3633 0.3227
vn -0.7521 0.1980 0.6286
vn -0.8740 0.3633 -0.3227
vn -0.7521 0.1980 -0.6286
vn -0.8149 0.4815 0.3228
vn -0.7181 0.2985 0.6287
vn -0.8149 0.4815 -0.3228
vn -0.7181 0.2985 -0.6287
vn -0.7390 0.5914 0.3228
vn -0.6695 0.3956 0.6287
vn -0.7390 0.5914 -0.3228
vn -0.6695 0.3956 -0.6287
vn -0.5330 0.5663 0.6287
vn -0.6072 0.4859 0.6287
vn -0.6487 0.6892 -0.3227
vn -0.5330 0.5663 -0.6287
vn -0.6072 0.4859 -0.6287
vn -0.6487 0.6892 0.3227
vn -0.4498 0.6344 0.6286
vn -0.5474 0.7722 -0.3226
vn -0.4498 0.6344 -0.6286
vn -0.5474 0.7722 0.3226
vn -0.3606 0.6891 0.6286
vn -0.4389 0.8387 -0.3224
vn -0.3606 0.6891 -0.6286
vn -0.4389 0.8387 0.3224
vn -0.2686 0.7299 0.6285
vn -0.3269 0.8885 -0.3221
vn -0.2686 0.7299 -0.6285
vn -0.3270 0.8885 0.3221
vn -0.1765 0.7576 0.6284
vn -0.2149 0.9221 -0.3218
vn -0.1765 0.7576 -0.6284
vn -0.2149 0.9221 0.3218
vn -0.0866 0.7731 0.6284
vn -0.1054 0.9410 -0.3215
vn -0.0866 0.7731 -0.6284
vn -0.1054 0.9410 0.3215
vn -0.0099 0.7781 0.6281
vn -0.0121 0.9473 -0.3202
vn -0.0099 0.7781 -0.6281
vn -0.0121 0.9473 0.3202
vn 0.0443 0.7770 0.6279
vn 0.0539 0.9462 -0.3190
vn 0.0443 0.7770 -0.6279
vn 0.0539 0.9462 0.3190
vn 0.0869 0.7734 0.6279
vn 0.1058 0.9418 -0.3190
vn 0.0869 0.7734 -0.6279
vn 0.1058 0.9418 0.3190
vn 0.1276 0.7678 0.6279
vn 0.1553 0.9350 -0.3189
vn 0.1276 0.7678 -0.6279
vn 0.1553 0.9350 0.3189
vn 0.1664 0.7603 0.6279
vn 0.2027 0.9259 -0.3188
vn 0.1664 0.7603 -0.6279
vn 0.2027 0.9259 0.3188
vn 0.2036 0.7512 0.6279
vn 0.2479 0.9148 -0.3187
vn 0.2036 0.7512 -0.6279
vn 0.2479 0.9148 0.3187
vn 0.2391 0.7407 0.6279
vn 0.2912 0.9020 -0.3187
vn 0.2391 0.7407 -0.6279
vn 0.2912 0.9020 0.3187
vn 0.2731 0.7288 0.6279
vn 0.3326 0.8876 -0.3186
vn 0.2731 0.7288 -0.6279
vn 0.3326 0.8876 0.3186
vn 0.3057 0.7158 0.6278
vn 0.3723 0.8717 -0.3186
vn 0.3057 0.7158 -0.6278
vn 0.3723 0.8717 0.3186
vn 0.3370 0.7016 0.6278
vn 0.4104 0.8545 -0.3185
vn 0.3370 0.7016 -0.6278
vn 0.4104 0.8545 0.3185
vn 0.3670 0.6864 0.6278
vn 0.4470 0.8359 -0.3185
vn 0.3670 0.6864 -0.6278
vn 0.4470 0.8359 0.3185
vn 0.3960 0.6701 0.6278
vn 0.4823 0.8161 -0.3185
vn 0.3960 0.6701 -0.6278
vn 0.4823 0.8161 0.3185
vn -0.2512 0.4512 0.8563
vn -0.4542 0.8160 -0.3575
vn -0.2512 0.4512 -0.8563
vn -0.8101 -0.4983 0.3090
vn -0.4542 0.8160 0.3576
vn -0.8101 -0.4983 -0.3090
vn -0.4150 -0.8533 0.3157
vn -0.6185 -0.3805 0.6875
vn -0.4150 -0.8533 -0.3157
vn -0.6185 -0.3805 -0.6875
vn -0.3177 -0.7106 0.6278
vn -0.3404 -0.7000 0.6278
vn -0.3873 -0.8663 -0.3156
vn -0.3177 -0.7106 -0.6278
vn -0.3404 -0.7000 -0.6278
vn -0.3873 -0.8663 0.3156
vn -0.2918 -0.7216 0.6278
vn -0.3557 -0.8797 -0.3155
vn -0.2918 -0.7216 -0.6278
vn -0.3557 -0.8797 0.3155
vn -0.2632 -0.7325 0.6278
vn -0.3209 -0.8931 -0.3154
vn -0.2632 -0.7325 -0.6278
vn -0.3209 -0.8931 0.3154
vn -0.2323 -0.7429 0.6278
vn -0.2832 -0.9058 -0.3153
vn -0.2323 -0.7429 -0.6278
vn -0.2832 -0.9058 0.3153
vn -0.1996 -0.7523 0.6278
vn -0.2434 -0.9173 -0.3152
vn -0.1996 -0.7523 -0.6278
vn -0.2434 -0.9173 0.3152
vn -0.1658 -0.7605 0.6278
vn -0.2022 -0.9272 -0.3152
vn -0.1658 -0.7605 -0.6278
vn -0.1604 -0.9354 0.3152
vn -0.2022 -0.9272 0.3152
vn -0.1604 -0.9354 -0.3152
vn -0.1187 -0.9416 0.3152
vn -0.1315 -0.7671 0.6278
vn -0.1187 -0.9416 -0.3152
vn -0.1315 -0.7671 -0.6278
vn -0.0777 -0.9458 0.3153
vn -0.0973 -0.7722 0.6278
vn -0.0777 -0.9458 -0.3153
vn -0.0973 -0.7722 -0.6278
vn -0.0381 -0.9482 0.3153
vn -0.0637 -0.7757 0.6278
vn -0.0381 -0.9482 -0.3153
vn -0.0637 -0.7757 -0.6278
vn 0.0176 -0.7779 0.6281
vn -0.0312 -0.7777 0.6278
vn 0.0214 -0.9492 -0.3139
vn 0.0176 -0.7779 -0.6281
vn -0.0312 -0.7777 -0.6278
vn 0.0214 -0.9492 0.3139
vn 0.1035 -0.7708 0.6286
vn 0.1264 -0.9416 -0.3122
vn 0.1035 -0.7708 -0.6286
vn 0.1264 -0.9416 0.3123
vn 0.2102 -0.7487 0.6287
vn 0.2569 -0.9147 -0.3121
vn 0.2102 -0.7487 -0.6287
vn 0.2569 -0.9147 0.3121
vn 0.3158 -0.7106 0.6288
vn 0.3858 -0.8682 -0.3120
vn 0.3158 -0.7106 -0.6288
vn 0.5069 -0.8035 0.3121
vn 0.3858 -0.8682 0.3120
vn 0.5069 -0.8035 -0.3121
vn 0.6151 -0.7240 0.3122
vn 0.4149 -0.6577 0.6287
vn 0.6151 -0.7240 -0.3122
vn 0.4149 -0.6577 -0.6287
vn 0.7073 -0.6341 0.3124
vn 0.5035 -0.5927 0.6287
vn 0.7073 -0.6341 -0.3124
vn 0.5035 -0.5927 -0.6287
vn 0.7830 -0.5377 0.3126
vn 0.5791 -0.5192 0.6286
vn 0.7830 -0.5377 -0.3126
vn 0.5791 -0.5192 -0.6286
vn 0.8431 -0.4375 0.3128
vn 0.6412 -0.4403 0.6285
vn 0.8430 -0.4375 -0.3128
vn 0.6412 -0.4403 -0.6285
vn 0.8889 -0.3347 0.3129
vn 0.6904 -0.3583 0.6284
vn 0.8889 -0.3347 -0.3129
vn 0.6904 -0.3583 -0.6284
vn 0.9218 -0.2289 0.3129
vn 0.7280 -0.2742 0.6284
vn 0.9218 -0.2289 -0.3129
vn 0.7280 -0.2742 -0.6284
vn 0.7718 -0.0966 0.6284
vn 0.7550 -0.1874 0.6284
vn 0.9425 -0.1179 -0.3127
vn 0.7718 -0.0966 -0.6284
vn 0.7550 -0.1874 -0.6284
vn 0.9425 -0.1179 0.3127
vn 0.7778 -0.0003 0.6285
vn 0.9499 -0.0003 -0.3126
vn 0.7778 -0.0003 -0.6285
vn 0.9499 -0.0003 0.3126
vn 0.7714 0.0995 0.6286
vn 0.9421 0.1215 -0.3125
vn 0.7714 0.0995 -0.6286
vn 0.9421 0.1215 0.3125
vn 0.7516 0.2000 0.6286
vn 0.9180 0.2443 -0.3124
vn 0.7516 0.2000 -0.6286
vn 0.9180 0.2443 0.3124
vn 0.7180 0.2989 0.6286
vn 0.8770 0.3651 -0.3123
vn 0.7180 0.2989 -0.6286
vn 0.8770 0.3651 0.3123
vn 0.6708 0.3936 0.6286
vn 0.8194 0.4808 -0.3123
vn 0.6708 0.3936 -0.6286
vn 0.8194 0.4808 0.3123
vn 0.6109 0.4813 0.6286
vn 0.7462 0.5879 -0.3123
vn 0.6109 0.4813 -0.6286
vn 0.6595 0.6838 0.3123
vn 0.7462 0.5879 0.3123
vn 0.6595 0.6838 -0.3123
vn 0.5615 0.7662 0.3123
vn 0.5399 0.5598 0.6286
vn 0.5615 0.7662 -0.3123
vn 0.5399 0.5598 -0.6286
vn 0.4551 0.8339 0.3124
vn 0.4597 0.6273 0.6286
vn 0.4551 0.8339 -0.3124
vn 0.4597 0.6273 -0.6286
vn 0.3430 0.8858 0.3125
vn 0.3726 0.6827 0.6286
vn 0.3430 0.8858 -0.3125
vn 0.3726 0.6827 -0.6286
vn 0.2281 0.9221 0.3126
vn 0.2808 0.7253 0.6285
vn 0.2281 0.9221 -0.3126
vn 0.2808 0.7253 -0.6285
vn 0.1130 0.9431 0.3127
vn 0.1867 0.7551 0.6285
vn 0.1130 0.9431 -0.3127
vn 0.1867 0.7551 -0.6285
vn 0.0182 0.9492 0.3141
vn 0.0926 0.7723 0.6285
vn 0.0182 0.9492 -0.3141
vn 0.0926 0.7723 -0.6285
vn -0.0387 0.9482 0.3154
vn 0.0149 0.7780 0.6280
vn -0.0387 0.9482 -0.3154
vn 0.0149 0.7780 -0.6280
vn -0.0774 0.9458 0.3154
vn -0.0318 0.7777 0.6278
vn -0.0774 0.9458 -0.3154
vn -0.0318 0.7777 -0.6278
vn -0.1155 0.9419 0.3154
vn -0.0635 0.7758 0.6278
vn -0.1155 0.9419 -0.3154
vn -0.0635 0.7758 -0.6278
vn -0.1524 0.9366 0.3154
vn -0.0947 0.7726 0.6278
vn -0.1524 0.9366 -0.3154
vn -0.0947 0.7726 -0.6278
vn -0.1875 0.9302 0.3155
vn -0.1250 0.7683 0.6278
vn -0.1875 0.9302 -0.3155
vn -0.1250 0.7683 -0.6278
vn -0.2206 0.9229 0.3156
vn -0.1538 0.7630 0.6278
vn -0.2206 0.9229 -0.3156
vn -0.1538 0.7630 -0.6278
vn -0.2513 0.9150 0.3157
vn -0.1810 0.7570 0.6278
vn -0.2513 0.9150 -0.3157
vn -0.1810 0.7570 -0.6278
vn -0.2794 0.9068 0.3158
vn -0.2061 0.7506 0.6278
vn -0.2794 0.9068 -0.3158
vn -0.2061 0.7506 -0.6278
vn -0.3050 0.8985 0.3158
vn -0.2292 0.7439 0.6278
vn -0.3050 0.8985 -0.3158
vn -0.2292 0.7439 -0.6278
vn -0.3280 0.8903 0.3159
vn -0.2502 0.7371 0.6278
vn -0.3280 0.8903 -0.3159
vn -0.2502 0.7371 -0.6278
vn -0.3485 0.8824 0.3160
vn -0.2691 0.7304 0.6278
vn -0.3485 0.8824 -0.3160
vn -0.2691 0.7304 -0.6278
vn -0.5952 0.4001 0.6969
vn -0.2859 0.7240 0.6278
vn -0.7888 0.5303 -0.3109
vn -0.5952 0.4001 -0.6969
vn -0.2859 0.7240 -0.6278
vn -0.7888 0.5303 0.3109
vn -0.2677 -0.4580 0.8477
vn -0.4719 -0.8073 -0.3545
vn -0.2677 -0.4580 -0.8477
vn -0.4719 -0.8073 0.3545
vn -0.6689 -0.6689 0.3244
vn -0.4662 0.4662 0.7519
vn -0.6689 0.6689 0.3244
vn -0.6689 -0.6689 -0.3244
vn -0.6689 0.6688 -0.3244
vn -0.4662 -0.4662 -0.7519
vn -0.4662 0.4662 -0.7519
vn 0.6689 -0.6689 0.3244
vn -0.4662 -0.4662 0.7519
vn 0.6689 -0.6689 -0.3244
vn 0.6689 0.6689 0.3244
vn 0.4662 -0.4662 0.7519
vn 0.6689 0.6689 -0.3244
vn 0.4662 0.4662 -0.7519
vn 0.4662 -0.4662 -0.7519
vn 0.4662 0.4662 0.7519
vn -0.6689 0.6689 -0.3244
vn -0.6155 0.6154 0.4924
vn -0.6155 0.6155 -0.4924
vn -0.6155 -0.6155 0.4924
vn -0.6155 -0.6154 -0.4924
vn -0.6689 -0.6688 0.3244
vn 0.4934 -0.7651 0.4138
vn 0.3911 -0.6063 0.6924
vn 0.5153 -0.7990 0.3099
vn 0.4934 -0.7651 -0.4138
vn 0.5153 -0.7990 -0.3099
vn 0.3911 -0.6063 -0.6924
vn -0.5006 -0.7587 0.4169
vn -0.5006 -0.7587 -0.4169
vn -0.3961 -0.6003 0.6948
vn -0.5235 -0.7934 -0.3104
vn -0.3961 -0.6003 -0.6948
vn -0.5235 -0.7934 0.3104
vn 0.4708 -0.3108 0.8257
vn 0.7827 -0.5168 -0.3469
vn 0.4708 -0.3108 -0.8257
vn 0.5238 0.7933 0.3104
vn 0.7827 -0.5168 0.3469
vn 0.5238 0.7933 -0.3105
vn -0.5180 0.7972 0.3101
vn 0.3962 0.6001 0.6949
vn -0.5180 0.7972 -0.3101
vn 0.3962 0.6001 -0.6949
vn -0.4694 -0.3050 0.8286
vn -0.3927 0.6044 0.6932
vn -0.7862 -0.5108 -0.3479
vn -0.4694 -0.3050 -0.8286
vn -0.3927 0.6044 -0.6932
vn -0.7862 -0.5108 0.3479
vn -0.0092 -0.6719 0.7406
vn 0.4694 0.3048 0.8287
vn 0.6649 0.4317 0.6095
vn -0.0092 -0.6719 -0.7406
vn 0.6649 0.4318 -0.6095
vn 0.4694 0.3048 -0.8287
vn -0.4718 0.3156 0.8233
vn -0.0060 -0.4392 0.8984
vn -0.6647 0.4446 -0.6004
vn -0.4718 0.3156 -0.8233
vn -0.0060 -0.4392 -0.8984
vn -0.6647 0.4447 0.6004
vn -0.0887 0.9454 0.3135
vn -0.1511 0.7632 0.6283
vn -0.0727 0.7747 0.6282
vn -0.1844 0.9316 -0.3132
vn -0.0887 0.9454 -0.3135
vn -0.1511 0.7632 -0.6283
vn -0.0727 0.7747 -0.6282
vn -0.1844 0.9316 0.3132
vn -0.2355 0.7414 0.6284
vn -0.2876 0.9052 -0.3128
vn -0.2355 0.7414 -0.6284
vn -0.2876 0.9052 0.3128
vn -0.3245 0.7068 0.6285
vn -0.3964 0.8633 -0.3125
vn -0.3245 0.7068 -0.6285
vn -0.3964 0.8633 0.3125
vn -0.4156 0.6573 0.6287
vn -0.5076 0.8030 -0.3122
vn -0.4156 0.6573 -0.6287
vn -0.5076 0.8030 0.3122
vn -0.5047 0.5916 0.6288
vn -0.6166 0.7228 -0.3120
vn -0.5047 0.5916 -0.6288
vn -0.6166 0.7228 0.3120
vn -0.5870 0.5099 0.6288
vn -0.7173 0.6231 -0.3118
vn -0.5870 0.5099 -0.6288
vn -0.7173 0.6231 0.3118
vn -0.6576 0.4149 0.6289
vn -0.8036 0.5070 -0.3118
vn -0.6576 0.4149 -0.6289
vn -0.8707 0.3802 0.3119
vn -0.8035 0.5070 0.3118
vn -0.8707 0.3802 -0.3119
vn -0.9167 0.2495 0.3121
vn -0.7126 0.3112 0.6288
vn -0.9167 0.2495 -0.3121
vn -0.7126 0.3112 -0.6288
vn -0.9421 0.1215 0.3124
vn -0.7503 0.2043 0.6287
vn -0.9421 0.1215 -0.3124
vn -0.7503 0.2043 -0.6287
vn -0.9496 0.0086 0.3132
vn -0.7713 0.0995 0.6286
vn -0.9496 0.0086 -0.3132
vn -0.7713 0.0995 -0.6286
vn -0.9457 -0.0853 0.3136
vn -0.7780 0.0070 0.6283
vn -0.9457 -0.0853 -0.3136
vn -0.7780 0.0070 -0.6283
vn -0.7648 -0.1429 0.6282
vn -0.7749 -0.0699 0.6282
vn -0.9335 -0.1743 -0.3135
vn -0.7648 -0.1429 -0.6282
vn -0.7749 -0.0699 -0.6282
vn -0.9335 -0.1743 0.3135
vn -0.7468 -0.2181 0.6282
vn -0.9116 -0.2662 -0.3133
vn -0.7468 -0.2181 -0.6282
vn -0.9116 -0.2662 0.3133
vn -0.7203 -0.2941 0.6283
vn -0.8792 -0.3590 -0.3132
vn -0.7203 -0.2941 -0.6283
vn -0.8792 -0.3590 0.3132
vn -0.6851 -0.3687 0.6283
vn -0.8363 -0.4501 -0.3132
vn -0.6851 -0.3687 -0.6283
vn -0.8363 -0.4501 0.3132
vn -0.6416 -0.4400 0.6283
vn -0.7832 -0.5371 -0.3132
vn -0.6416 -0.4400 -0.6283
vn -0.7214 -0.6177 0.3132
vn -0.7832 -0.5371 0.3132
vn -0.7214 -0.6177 -0.3132
vn -0.6526 -0.6899 0.3133
vn -0.5910 -0.5060 0.6283
vn -0.6526 -0.6899 -0.3133
vn -0.5910 -0.5060 -0.6283
vn -0.5791 -0.7526 0.3134
vn -0.5346 -0.5652 0.6283
vn -0.5791 -0.7526 -0.3134
vn -0.5346 -0.5652 -0.6283
vn -0.5030 -0.8054 0.3135
vn -0.4744 -0.6166 0.6282
vn -0.5030 -0.8054 -0.3135
vn -0.4744 -0.6166 -0.6282
vn -0.7876 0.5986 -0.1465
vn -0.4122 -0.6599 0.6282
vn -0.7873 0.5990 0.1464
vn -0.4122 -0.6599 -0.6282
vn 0.5221 0.0519 -0.8513
vn -0.9485 0.0411 0.3142
vn 0.9300 0.0925 0.3558
vn 0.5221 0.0519 0.8513
vn -0.9485 0.0411 -0.3142
vn -0.6616 -0.7354 -0.1464
vn 0.9300 0.0926 -0.3558
vn -0.6621 -0.7350 0.1465
vn -0.6257 0.7139 0.3146
vn -0.9242 -0.2169 0.3144
vn -0.6257 0.7139 -0.3146
vn -0.9242 -0.2169 -0.3144
vn -0.6681 0.6743 0.3148
vn -0.5130 0.5853 0.6279
vn -0.6681 0.6742 -0.3148
vn -0.5130 0.5853 -0.6279
vn -0.7040 0.6366 0.3150
vn -0.5478 0.5529 0.6279
vn -0.7040 0.6366 -0.3150
vn -0.5478 0.5529 -0.6279
vn -0.7335 0.6022 0.3152
vn -0.5773 0.5220 0.6279
vn -0.7335 0.6022 -0.3152
vn -0.5773 0.5220 -0.6279
vn -0.7570 0.5722 0.3155
vn -0.6016 0.4939 0.6278
vn -0.7570 0.5722 -0.3155
vn -0.6016 0.4939 -0.6278
vn -0.7753 0.5471 0.3158
vn -0.6210 0.4693 0.6278
vn -0.7753 0.5471 -0.3158
vn -0.6210 0.4693 -0.6278
vn -0.7888 0.5271 0.3160
vn -0.6360 0.4488 0.6278
vn -0.7888 0.5271 -0.3160
vn -0.6360 0.4488 -0.6278
vn -0.7985 0.5123 0.3163
vn -0.6472 0.4325 0.6278
vn -0.7985 0.5123 -0.3163
vn -0.6472 0.4325 -0.6278
vn -0.8047 0.5024 0.3165
vn -0.6551 0.4204 0.6278
vn -0.8047 0.5024 -0.3165
vn -0.6551 0.4204 -0.6278
vn -0.8079 0.4969 0.3167
vn -0.6603 0.4122 0.6278
vn -0.8079 0.4969 -0.3167
vn -0.6603 0.4122 -0.6278
vn -0.8070 0.4981 0.3171
vn -0.6630 0.4078 0.6278
vn -0.8070 0.4981 -0.3171
vn -0.6630 0.4078 -0.6278
vn -0.8031 0.5045 0.3172
vn -0.6624 0.4089 0.6278
vn -0.8031 0.5045 -0.3172
vn -0.6624 0.4089 -0.6278
vn -0.7984 0.5118 0.3172
vn -0.6591 0.4141 0.6278
vn -0.7984 0.5118 -0.3172
vn -0.6591 0.4141 -0.6278
vn -0.7933 0.5196 0.3172
vn -0.6553 0.4200 0.6278
vn -0.7933 0.5196 -0.3172
vn -0.6553 0.4200 -0.6278
vn -0.6468 0.4330 0.6278
vn -0.6512 0.4265 0.6278
vn -0.7881 0.5276 -0.3172
vn -0.6468 0.4330 -0.6278
vn -0.6512 0.4265 -0.6278
vn -0.7881 0.5276 0.3172
vn -0.6427 0.4392 0.6278
vn -0.7830 0.5351 -0.3172
vn -0.6427 0.4392 -0.6278
vn -0.7830 0.5351 0.3172
vn -0.6389 0.4446 0.6278
vn -0.7785 0.5417 -0.3171
vn -0.6389 0.4446 -0.6278
vn -0.7785 0.5417 0.3171
vn -0.6359 0.4490 0.6278
vn -0.7747 0.5471 -0.3171
vn -0.6359 0.4490 -0.6278
vn -0.7747 0.5471 0.3171
vn -0.6335 0.4523 0.6278
vn -0.7719 0.5511 -0.3170
vn -0.6335 0.4523 -0.6278
vn -0.7719 0.5511 0.3170
vn -0.6320 0.4545 0.6278
vn -0.7700 0.5537 -0.3169
vn -0.6320 0.4545 -0.6278
vn -0.7700 0.5537 0.3169
vn -0.6311 0.4557 0.6278
vn -0.7689 0.5553 -0.3169
vn -0.6311 0.4557 -0.6278
vn -0.7689 0.5553 0.3169
vn -0.6307 0.4562 0.6278
vn -0.7685 0.5558 -0.3168
vn -0.6307 0.4562 -0.6278
vn -0.7686 0.5558 0.3168
vn -0.4375 -0.2235 0.8710
vn -0.8298 -0.4239 -0.3630
vn -0.4375 -0.2235 -0.8710
vn 0.4560 -0.8353 0.3071
vn -0.8298 -0.4239 0.3630
vn 0.4560 -0.8353 -0.3071
vn 0.7942 -0.5182 0.3174
vn 0.3529 -0.6463 0.6766
vn 0.7942 -0.5182 -0.3174
vn 0.3529 -0.6463 -0.6766
vn 0.7817 -0.5364 0.3181
vn 0.6519 -0.4254 0.6278
vn 0.7817 -0.5364 -0.3181
vn 0.6519 -0.4254 -0.6278
vn 0.7612 -0.5650 0.3184
vn 0.6418 -0.4404 0.6278
vn 0.7612 -0.5650 -0.3184
vn 0.6418 -0.4404 -0.6278
vn 0.7336 -0.6001 0.3189
vn 0.6250 -0.4639 0.6278
vn 0.7336 -0.6001 -0.3189
vn 0.6250 -0.4639 -0.6278
vn 0.6963 -0.6427 0.3195
vn 0.6024 -0.4928 0.6279
vn 0.6963 -0.6427 -0.3195
vn 0.6024 -0.4928 -0.6279
vn 0.6458 -0.6931 0.3202
vn 0.5718 -0.5279 0.6280
vn 0.6458 -0.6931 -0.3202
vn 0.5718 -0.5279 -0.6280
vn 0.5786 -0.7498 0.3210
vn 0.5305 -0.5693 0.6281
vn 0.5786 -0.7498 -0.3210
vn 0.5305 -0.5693 -0.6281
vn 0.4922 -0.8088 0.3218
vn 0.4753 -0.6159 0.6282
vn 0.4922 -0.8088 -0.3218
vn 0.4753 -0.6159 -0.6282
vn 0.3881 -0.8634 0.3222
vn 0.4044 -0.6645 0.6284
vn 0.3881 -0.8634 -0.3222
vn 0.4044 -0.6645 -0.6284
vn 0.2252 -0.7445 0.6285
vn 0.3189 -0.7094 0.6286
vn 0.2741 -0.9061 -0.3222
vn 0.2252 -0.7445 -0.6285
vn 0.3189 -0.7094 -0.6286
vn 0.2741 -0.9061 0.3222
vn 0.1344 -0.7662 0.6283
vn 0.1636 -0.9327 -0.3215
vn 0.1344 -0.7662 -0.6283
vn 0.1636 -0.9327 0.3215
vn 0.0581 -0.7760 0.6281
vn 0.0708 -0.9447 -0.3203
vn 0.0581 -0.7760 -0.6281
vn 0.0708 -0.9447 0.3203
vn 0.0125 -0.7783 0.6278
vn 0.0152 -0.9479 -0.3181
vn 0.0125 -0.7783 -0.6278
vn -0.6154 -0.6155 0.4924
vn 0.0152 -0.9479 0.3181
vn -0.6155 -0.6155 -0.4924
vn -0.6688 -0.6689 -0.3244
vn -0.0214 0.9488 0.3152
vn -0.0214 0.9488 -0.3152
vn -0.0175 0.7781 0.6278
vn -0.0175 0.7781 -0.6278
vn 0.0894 0.9429 0.3209
vn 0.0172 0.7781 0.6278
vn 0.0210 0.9477 0.3186
vn 0.0894 0.9429 -0.3209
vn 0.0210 0.9477 -0.3186
vn 0.0172 0.7781 -0.6278
vn 0.1910 0.9274 0.3217
vn 0.0734 0.7746 0.6282
vn 0.1910 0.9274 -0.3217
vn 0.0734 0.7746 -0.6282
vn 0.3053 0.8960 0.3224
vn 0.1569 0.7619 0.6284
vn 0.3053 0.8960 -0.3224
vn 0.1569 0.7619 -0.6284
vn 0.4286 0.8437 0.3232
vn 0.2509 0.7362 0.6286
vn 0.4286 0.8437 -0.3232
vn 0.2509 0.7362 -0.6286
vn 0.5536 0.7673 0.3237
vn 0.3522 0.6932 0.6288
vn 0.5536 0.7673 -0.3237
vn 0.3522 0.6932 -0.6288
vn 0.6706 0.6674 0.3239
vn 0.4549 0.6305 0.6290
vn 0.6706 0.6674 -0.3239
vn 0.4549 0.6305 -0.6290
vn 0.6327 0.4517 0.6290
vn 0.5510 0.5484 0.6291
vn 0.7701 0.5497 -0.3237
vn 0.6327 0.4517 -0.6290
vn 0.5510 0.5484 -0.6291
vn 0.7701 0.5497 0.3237
vn 0.6953 0.3481 0.6288
vn 0.8462 0.4236 -0.3232
vn 0.6953 0.3481 -0.6288
vn 0.8462 0.4236 0.3232
vn 0.7380 0.2455 0.6286
vn 0.8982 0.2988 -0.3225
vn 0.7380 0.2455 -0.6286
vn 0.8982 0.2988 0.3225
vn 0.7633 0.1496 0.6284
vn 0.9291 0.1821 -0.3218
vn 0.7633 0.1496 -0.6284
vn 0.9291 0.1821 0.3218
vn 0.7754 0.0636 0.6283
vn 0.9439 0.0774 -0.3211
vn 0.7754 0.0636 -0.6283
vn 0.9439 0.0774 0.3211
vn 0.7779 -0.0144 0.6282
vn 0.9470 -0.0175 -0.3207
vn 0.7779 -0.0144 -0.6282
vn 0.9396 -0.1173 0.3216
vn 0.9470 -0.0175 0.3207
vn 0.9396 -0.1173 -0.3216
vn 0.9175 -0.2330 0.3224
vn 0.7719 -0.0964 0.6284
vn 0.9175 -0.2330 -0.3224
vn 0.7719 -0.0964 -0.6284
vn 0.8748 -0.3608 0.3232
vn 0.7538 -0.1914 0.6286
vn 0.8748 -0.3608 -0.3232
vn 0.7538 -0.1914 -0.6286
vn 0.8073 -0.4933 0.3238
vn 0.7188 -0.2965 0.6288
vn 0.8073 -0.4934 -0.3238
vn 0.7188 -0.2965 -0.6288
vn 0.7148 -0.6197 0.3241
vn 0.6633 -0.4054 0.6290
vn 0.7148 -0.6198 -0.3241
vn 0.6633 -0.4054 -0.6290
vn 0.4955 -0.5990 0.6290
vn 0.5873 -0.5092 0.6291
vn 0.6030 -0.7290 -0.3238
vn 0.4955 -0.5990 -0.6290
vn 0.5873 -0.5092 -0.6291
vn 0.6030 -0.7290 0.3238
vn 0.3963 -0.6690 0.6288
vn 0.4823 -0.8142 -0.3232
vn 0.3963 -0.6690 -0.6288
vn 0.4823 -0.8142 0.3232
vn 0.2983 -0.7183 0.6286
vn 0.3630 -0.8742 -0.3224
vn 0.2983 -0.7183 -0.6286
vn 0.3630 -0.8742 0.3224
vn 0.2078 -0.7496 0.6284
vn 0.2529 -0.9125 -0.3215
vn 0.2078 -0.7496 -0.6284
vn 0.2529 -0.9125 0.3215
vn 0.1279 -0.7675 0.6282
vn 0.1558 -0.9343 -0.3208
vn 0.1279 -0.7675 -0.6282
vn 0.1557 -0.9343 0.3208
vn 0.0593 -0.7759 0.6281
vn 0.0722 -0.9446 -0.3201
vn 0.0593 -0.7759 -0.6281
vn 0.0722 -0.9446 0.3201
vn 0.0139 -0.7782 0.6278
vn 0.0169 -0.9479 -0.3182
vn 0.0139 -0.7782 -0.6278
vn 0.0169 -0.9479 0.3182
vt 0.688172 0.000000
vt 0.989247 0.000000
vt 0.698925 0.000000
vt 0.709677 0.000000
vt 0.000000 0.000000
vt 0.010753 0.000000
vt 0.021505 0.000000
vt 0.032258 0.000000
vt 0.043011 0.000000
vt 0.053763 0.000000
vt 0.064516 0.000000
vt 0.075269 0.000000
vt 0.086022 0.000000
vt 0.978495 0.000000
vt 0.967742 0.000000
vt 0.096774 0.000000
vt 1.000000 0.000000
vt 0.956989 0.000000
vt 0.946237 0.000000
vt 0.935484 0.000000
vt 0.924731 0.000000
vt 0.913979 0.000000
vt 0.903226 0.000000
vt 0.107527 0.000000
vt 0.892473 0.000000
vt 0.881720 0.000000
vt 0.870968 0.000000
vt 0.118280 0.000000
vt 0.860215 0.000000
vt 0.849462 0.000000
vt 0.838710 0.000000
vt 0.129032 0.000000
vt 0.827957 0.000000
vt 0.817204 0.000000
vt 0.139785 0.000000
vt 0.806452 0.000000
vt 0.795699 0.000000
vt 0.150538 0.000000
vt 0.784946 0.000000
vt 0.774194 0.000000
vt 0.161290 0.000000
vt 0.763441 0.000000
vt 0.752688 0.000000
vt 0.741935 0.000000
vt 0.172043 0.000000
vt 0.731183 0.000000
vt 0.720430 0.000000
vt 0.666667 0.000000
vt 0.182796 0.000000
vt 0.193548 0.000000
vt 0.204301 0.000000
vt 0.258065 0.000000
vt 0.215054 0.000000
vt 0.225806 0.000000
vt 0.236559 0.000000
vt 0.268817 0.000000
vt 0.247312 0.000000
vt 0.279570 0.000000
vt 0.290323 0.000000
vt 0.655914 0.000000
vt 0.301075 0.000000
vt 0.677419 0.000000
vt 0.645161 0.000000
vt 0.634409 0.000000
vt 0.623656 0.000000
vt 0.311828 0.000000
vt 0.612903 0.000000
vt 0.602151 0.000000
vt 0.591398 0.000000
vt 0.322581 0.000000
vt 0.580645 0.000000
vt 0.569892 0.000000
vt 0.333333 0.000000
vt 0.559140 0.000000
vt 0.344086 0.000000
vt 0.548387 0.000000
vt 0.354839 0.000000
vt 0.537634 0.000000
vt 0.365591 0.000000
vt 0.376344 0.000000
vt 0.526882 0.000000
vt 0.387097 0.000000
vt 0.397849 0.000000
vt 0.516129 0.000000
vt 0.408602 0.000000
vt 0.419355 0.000000
vt 0.430108 0.000000
vt 0.440860 0.000000
vt 0.451613 0.000000
vt 0.462366 0.000000
vt 0.473118 0.000000
vt 0.483871 0.000000
vt 0.494624 0.000000
vt 0.505376 0.000000
vt 0.400000 0.000000
vt 0.600000 0.000000
vt 0.500000 0.000000
vt 0.900000 0.000000
vt 0.700000 0.000000
vt 0.800000 0.000000
vt 0.200000 0.000000
vt 0.100000 0.000000
vt 0.300000 0.000000
vt 0.727273 0.000000
vt 0.818182 0.000000
vt 0.909091 0.000000
vt 0.090909 0.000000
vt 0.363636 0.000000
vt 0.181818 0.000000
vt 0.272727 0.000000
vt 0.454545 0.000000
vt 0.545455 0.000000
vt 0.636364 0.000000
vt 0.855670 0.000000
vt 0.876289 0.000000
vt 0.865979 0.000000
vt 0.886598 0.000000
vt 0.896907 0.000000
vt 0.845361 0.000000
vt 0.907216 0.000000
vt 0.917526 0.000000
vt 0.927835 0.000000
vt 0.835052 0.000000
vt 0.938144 0.000000
vt 0.948454 0.000000
vt 0.958763 0.000000
vt 0.824742 0.000000
vt 0.969072 0.000000
vt 0.979381 0.000000
vt 0.989691 0.000000
vt 0.814433 0.000000
vt 0.072165 0.000000
vt 0.061856 0.000000
vt 0.051546 0.000000
vt 0.041237 0.000000
vt 0.030928 0.000000
vt 0.020619 0.000000
vt 0.010309 0.000000
vt 0.804124 0.000000
vt 0.092784 0.000000
vt 0.082474 0.000000
vt 0.793814 0.000000
vt 0.113402 0.000000
vt 0.103093 0.000000
vt 0.123711 0.000000
vt 0.134021 0.000000
vt 0.144330 0.000000
vt 0.783505 0.000000
vt 0.154639 0.000000
vt 0.164948 0.000000
vt 0.175258 0.000000
vt 0.773196 0.000000
vt 0.185567 0.000000
vt 0.195876 0.000000
vt 0.762887 0.000000
vt 0.206186 0.000000
vt 0.216495 0.000000
vt 0.752577 0.000000
vt 0.226804 0.000000
vt 0.742268 0.000000
vt 0.237113 0.000000
vt 0.247423 0.000000
vt 0.731959 0.000000
vt 0.257732 0.000000
vt 0.721649 0.000000
vt 0.268041 0.000000
vt 0.711340 0.000000
vt 0.278351 0.000000
vt 0.288660 0.000000
vt 0.701031 0.000000
vt 0.474227 0.000000
vt 0.494845 0.000000
vt 0.484536 0.000000
vt 0.298969 0.000000
vt 0.690722 0.000000
vt 0.309278 0.000000
vt 0.463918 0.000000
vt 0.453608 0.000000
vt 0.319588 0.000000
vt 0.443299 0.000000
vt 0.432990 0.000000
vt 0.329897 0.000000
vt 0.680412 0.000000
vt 0.422680 0.000000
vt 0.412371 0.000000
vt 0.340206 0.000000
vt 0.402062 0.000000
vt 0.391753 0.000000
vt 0.350515 0.000000
vt 0.381443 0.000000
vt 0.371134 0.000000
vt 0.360825 0.000000
vt 0.670103 0.000000
vt 0.659794 0.000000
vt 0.505155 0.000000
vt 0.649485 0.000000
vt 0.515464 0.000000
vt 0.525773 0.000000
vt 0.536082 0.000000
vt 0.639175 0.000000
vt 0.546392 0.000000
vt 0.556701 0.000000
vt 0.567010 0.000000
vt 0.628866 0.000000
vt 0.577320 0.000000
vt 0.587629 0.000000
vt 0.597938 0.000000
vt 0.618557 0.000000
vt 0.608247 0.000000
vt 0.010204 0.333333
vt 0.000000 0.333333
vt 0.010204 0.666667
vt 0.000000 0.666667
vt 0.000000 1.000000
vt 0.020408 0.333333
vt 0.010204 0.000000
vt 0.020408 0.666667
vt 0.010204 1.000000
vt 0.030612 0.333333
vt 0.020408 0.000000
vt 0.030612 0.666667
vt 0.020408 1.000000
vt 0.040816 0.333333
vt 0.030612 0.000000
vt 0.040816 0.666667
vt 0.030612 1.000000
vt 0.051020 0.333333
vt 0.040816 0.000000
vt 0.051020 0.666667
vt 0.040816 1.000000
vt 0.061224 0.333333
vt 0.051020 0.000000
vt 0.061224 0.666667
vt 0.051020 1.000000
vt 0.071429 0.333333
vt 0.061224 0.000000
vt 0.071429 0.666667
vt 0.061224 1.000000
vt 0.081633 0.333333
vt 0.071429 0.000000
vt 0.081633 0.666667
vt 0.071429 1.000000
vt 0.091837 0.000000
vt 0.081633 0.000000
vt 0.091837 0.666667
vt 0.091837 1.000000
vt 0.081633 1.000000
vt 0.091837 0.333333
vt 0.102041 0.000000
vt 0.102041 0.666667
vt 0.102041 1.000000
vt 0.112245 0.333333
vt 0.102041 0.333333
vt 0.112245 0.666667
vt 0.122449 0.333333
vt 0.112245 0.000000
vt 0.122449 0.666667
vt 0.112245 1.000000
vt 0.132653 0.333333
vt 0.122449 0.000000
vt 0.132653 0.666667
vt 0.122449 1.000000
vt 0.142857 0.333333
vt 0.132653 0.000000
vt 0.142857 0.666667
vt 0.132653 1.000000
vt 0.153061 0.333333
vt 0.142857 0.000000
vt 0.153061 0.666667
vt 0.142857 1.000000
vt 0.163265 0.333333
vt 0.153061 0.000000
vt 0.163265 0.666667
vt 0.153061 1.000000
vt 0.173469 0.333333
vt 0.163265 0.000000
vt 0.173469 0.666667
vt 0.163265 1.000000
vt 0.183673 0.333333
vt 0.173469 0.000000
vt 0.183673 0.666667
vt 0.173469 1.000000
vt 0.193878 0.333333
vt 0.183673 0.000000
vt 0.193878 0.666667
vt 0.183673 1.000000
vt 0.204082 0.000000
vt 0.193878 0.000000
vt 0.204082 0.666667
vt 0.204082 1.000000
vt 0.193878 1.000000
vt 0.204082 0.333333
vt 0.214286 0.000000
vt 0.214286 0.666667
vt 0.214286 1.000000
vt 0.214286 0.333333
vt 0.224490 0.000000
vt 0.224490 0.666667
vt 0.224490 1.000000
vt 0.224490 0.333333
vt 0.234694 0.000000
vt 0.234694 0.666667
vt 0.234694 1.000000
vt 0.244898 0.333333
vt 0.234694 0.333333
vt 0.244898 0.666667
vt 0.255102 0.333333
vt 0.244898 0.000000
vt 0.255102 0.666667
vt 0.244898 1.000000
vt 0.265306 0.333333
vt 0.255102 0.000000
vt 0.265306 0.666667
vt 0.255102 1.000000
vt 0.275510 0.333333
vt 0.265306 0.000000
vt 0.275510 0.666667
vt 0.265306 1.000000
vt 0.285714 0.333333
vt 0.275510 0.000000
vt 0.285714 0.666667
vt 0.275510 1.000000
vt 0.295918 0.000000
vt 0.285714 0.000000
vt 0.295918 0.666667
vt 0.295918 1.000000
vt 0.285714 1.000000
vt 0.295918 0.333333
vt 0.306122 0.000000
vt 0.306122 0.666667
vt 0.306122 1.000000
vt 0.306122 0.333333
vt 0.316327 0.000000
vt 0.316327 0.666667
vt 0.316327 1.000000
vt 0.316327 0.333333
vt 0.326531 0.000000
vt 0.326531 0.666667
vt 0.326531 1.000000
vt 0.326531 0.333333
vt 0.336735 0.000000
vt 0.336735 0.666667
vt 0.336735 1.000000
vt 0.336735 0.333333
vt 0.346939 0.000000
vt 0.346939 0.666667
vt 0.346939 1.000000
vt 0.346939 0.333333
vt 0.357143 0.000000
vt 0.357143 0.666667
vt 0.357143 1.000000
vt 0.357143 0.333333
vt 0.367347 0.000000
vt 0.367347 0.666667
vt 0.367347 1.000000
vt 0.367347 0.333333
vt 0.377551 0.000000
vt 0.377551 0.666667
vt 0.377551 1.000000
vt 0.377551 0.333333
vt 0.387755 0.000000
vt 0.387755 0.666667
vt 0.387755 1.000000
vt 0.387755 0.333333
vt 0.397959 0.000000
vt 0.397959 0.666667
vt 0.397959 1.000000
vt 0.397959 0.333333
vt 0.408163 0.000000
vt 0.408163 0.666667
vt 0.408163 1.000000
vt 0.408163 0.333333
vt 0.418367 0.000000
vt 0.418367 0.666667
vt 0.418367 1.000000
vt 0.418367 0.333333
vt 0.428571 0.000000
vt 0.428571 0.666667
vt 0.428571 1.000000
vt 0.428571 0.333333
vt 0.438776 0.000000
vt 0.438776 0.666667
vt 0.438776 1.000000
vt 0.438776 0.333333
vt 0.448980 0.000000
vt 0.448980 0.666667
vt 0.448980 1.000000
vt 0.448980 0.333333
vt 0.459184 0.000000
vt 0.459184 0.666667
vt 0.459184 1.000000
vt 0.459184 0.333333
vt 0.469388 0.000000
vt 0.469388 0.666667
vt 0.469388 1.000000
vt 0.469388 0.333333
vt 0.479592 0.000000
vt 0.479592 0.666667
vt 0.479592 1.000000
vt 0.489796 0.333333
vt 0.479592 0.333333
vt 0.489796 0.666667
vt 0.500000 0.333333
vt 0.489796 0.000000
vt 0.500000 0.666667
vt 0.489796 1.000000
vt 0.510204 0.000000
vt 0.510204 0.666667
vt 0.510204 1.000000
vt 0.500000 1.000000
vt 0.510204 0.333333
vt 0.520408 0.000000
vt 0.520408 0.666667
vt 0.520408 1.000000
vt 0.520408 0.333333
vt 0.530612 0.000000
vt 0.530612 0.666667
vt 0.530612 1.000000
vt 0.530612 0.333333
vt 0.540816 0.000000
vt 0.540816 0.666667
vt 0.540816 1.000000
vt 0.540816 0.333333
vt 0.551020 0.000000
vt 0.551020 0.666667
vt 0.551020 1.000000
vt 0.551020 0.333333
vt 0.561224 0.000000
vt 0.561224 0.666667
vt 0.561224 1.000000
vt 0.571429 0.333333
vt 0.561224 0.333333
vt 0.571429 0.666667
vt 0.581633 0.333333
vt 0.571429 0.000000
vt 0.581633 0.666667
vt 0.571429 1.000000
vt 0.591837 0.333333
vt 0.581633 0.000000
vt 0.591837 0.666667
vt 0.581633 1.000000
vt 0.602041 0.333333
vt 0.591837 0.000000
vt 0.602041 0.666667
vt 0.591837 1.000000
vt 0.612245 0.000000
vt 0.602041 0.000000
vt 0.612245 0.666667
vt 0.612245 1.000000
vt 0.602041 1.000000
vt 0.612245 0.333333
vt 0.622449 0.000000
vt 0.622449 0.666667
vt 0.622449 1.000000
vt 0.622449 0.333333
vt 0.632653 0.000000
vt 0.632653 0.666667
vt 0.632653 1.000000
vt 0.632653 0.333333
vt 0.642857 0.000000
vt 0.642857 0.666667
vt 0.642857 1.000000
vt 0.653061 0.333333
vt 0.642857 0.333333
vt 0.653061 0.666667
vt 0.663265 0.333333
vt 0.653061 0.000000
vt 0.663265 0.666667
vt 0.653061 1.000000
vt 0.673469 0.333333
vt 0.663265 0.000000
vt 0.673469 0.666667
vt 0.663265 1.000000
vt 0.683673 0.333333
vt 0.673469 0.000000
vt 0.683673 0.666667
vt 0.673469 1.000000
vt 0.693878 0.333333
vt 0.683673 0.000000
vt 0.693878 0.666667
vt 0.683673 1.000000
vt 0.704082 0.333333
vt 0.693878 0.000000
vt 0.704082 0.666667
vt 0.693878 1.000000
vt 0.714286 0.333333
vt 0.704082 0.000000
vt 0.714286 0.666667
vt 0.704082 1.000000
vt 0.724490 0.000000
vt 0.714286 0.000000
vt 0.724490 0.666667
vt 0.724490 1.000000
vt 0.714286 1.000000
vt 0.724490 0.333333
vt 0.734694 0.000000
vt 0.734694 0.666667
vt 0.734694 1.000000
vt 0.734694 0.333333
vt 0.744898 0.000000
vt 0.744898 0.666667
vt 0.744898 1.000000
vt 0.744898 0.333333
vt 0.755102 0.000000
vt 0.755102 0.666667
vt 0.755102 1.000000
vt 0.755102 0.333333
vt 0.765306 0.000000
vt 0.765306 0.666667
vt 0.765306 1.000000
vt 0.765306 0.333333
vt 0.775510 0.000000
vt 0.775510 0.666667
vt 0.775510 1.000000
vt 0.775510 0.333333
vt 0.785714 0.000000
vt 0.785714 0.666667
vt 0.785714 1.000000
vt 0.795918 0.333333
vt 0.785714 0.333333
vt 0.795918 0.666667
vt 0.806122 0.333333
vt 0.795918 0.000000
vt 0.806122 0.666667
vt 0.795918 1.000000
vt 0.816327 0.333333
vt 0.806122 0.000000
vt 0.816327 0.666667
vt 0.806122 1.000000
vt 0.826531 0.333333
vt 0.816327 0.000000
vt 0.826531 0.666667
vt 0.816327 1.000000
vt 0.836735 0.333333
vt 0.826531 0.000000
vt 0.836735 0.666667
vt 0.826531 1.000000
vt 0.846939 0.333333
vt 0.836735 0.000000
vt 0.846939 0.666667
vt 0.836735 1.000000
vt 0.857143 0.333333
vt 0.846939 0.000000
vt 0.857143 0.666667
vt 0.846939 1.000000
vt 0.867347 0.333333
vt 0.857143 0.000000
vt 0.867347 0.666667
vt 0.857143 1.000000
vt 0.877551 0.333333
vt 0.867347 0.000000
vt 0.877551 0.666667
vt 0.867347 1.000000
vt 0.887755 0.333333
vt 0.877551 0.000000
vt 0.887755 0.666667
vt 0.877551 1.000000
vt 0.897959 0.333333
vt 0.887755 0.000000
vt 0.897959 0.666667
vt 0.887755 1.000000
vt 0.908163 0.333333
vt 0.897959 0.000000
vt 0.908163 0.666667
vt 0.897959 1.000000
vt 0.918367 0.333333
vt 0.908163 0.000000
vt 0.918367 0.666667
vt 0.908163 1.000000
vt 0.928571 0.333333
vt 0.918367 0.000000
vt 0.928571 0.666667
vt 0.918367 1.000000
vt 0.938776 0.333333
vt 0.928571 0.000000
vt 0.938776 0.666667
vt 0.928571 1.000000
vt 0.948980 0.333333
vt 0.938776 0.000000
vt 0.948980 0.666667
vt 0.938776 1.000000
vt 0.959184 0.333333
vt 0.948980 0.000000
vt 0.959184 0.666667
vt 0.948980 1.000000
vt 0.969388 0.333333
vt 0.959184 0.000000
vt 0.969388 0.666667
vt 0.959184 1.000000
vt 0.979592 0.000000
vt 0.969388 0.000000
vt 0.979592 0.666667
vt 0.979592 1.000000
vt 0.969388 1.000000
vt 0.979592 0.333333
vt 0.989796 0.000000
vt 0.989796 0.666667
vt 0.989796 1.000000
vt 1.000000 0.333333
vt 0.989796 0.333333
vt 1.000000 0.666667
vt 0.166667 0.333333
vt 0.166667 0.666667
vt 0.166667 1.000000
vt 0.333333 0.333333
vt 0.166667 0.000000
vt 0.333333 0.666667
vt 0.333333 1.000000
vt 0.666667 0.333333
vt 0.666667 0.666667
vt 0.666667 1.000000
vt 0.833333 0.333333
vt 0.833333 0.666667
vt 0.833333 0.000000
vt 1.000000 1.000000
vt 0.833333 1.000000
vt 0.083333 0.333333
vt 0.083333 0.666667
vt 0.083333 0.000000
vt 0.083333 1.000000
vt 0.250000 0.333333
vt 0.250000 0.666667
vt 0.250000 1.000000
vt 0.250000 0.000000
vt 0.416667 0.333333
vt 0.416667 0.666667
vt 0.416667 1.000000
vt 0.416667 0.000000
vt 0.583333 0.333333
vt 0.583333 0.666667
vt 0.583333 1.000000
vt 0.583333 0.000000
vt 0.750000 0.333333
vt 0.750000 0.666667
vt 0.750000 1.000000
vt 0.750000 0.000000
vt 0.916667 0.333333
vt 0.916667 0.666667
vt 0.916667 1.000000
vt 0.916667 0.000000
vt 0.125000 0.333333
vt 0.125000 0.666667
vt 0.125000 0.000000
vt 0.125000 1.000000
vt 0.375000 0.000000
vt 0.375000 0.666667
vt 0.375000 1.000000
vt 0.375000 0.333333
vt 0.625000 0.333333
vt 0.625000 0.666667
vt 0.625000 0.000000
vt 0.625000 1.000000
vt 0.875000 0.000000
vt 0.875000 0.666667
vt 0.875000 1.000000
vt 0.875000 0.333333
vt 0.014925 0.000000
vt 0.014925 0.666667
vt 0.014925 1.000000
vt 0.014925 0.333333
vt 0.029851 0.000000
vt 0.029851 0.666667
vt 0.029851 1.000000
vt 0.029851 0.333333
vt 0.044776 0.000000
vt 0.044776 0.666667
vt 0.044776 1.000000
vt 0.044776 0.333333
vt 0.059701 0.000000
vt 0.059701 0.666667
vt 0.059701 1.000000
vt 0.059701 0.333333
vt 0.074627 0.000000
vt 0.074627 0.666667
vt 0.074627 1.000000
vt 0.074627 0.333333
vt 0.089552 0.000000
vt 0.089552 0.666667
vt 0.089552 1.000000
vt 0.089552 0.333333
vt 0.104478 0.000000
vt 0.104478 0.666667
vt 0.104478 1.000000
vt 0.119403 0.333333
vt 0.104478 0.333333
vt 0.119403 0.666667
vt 0.134328 0.333333
vt 0.119403 0.000000
vt 0.134328 0.666667
vt 0.119403 1.000000
vt 0.149254 0.333333
vt 0.134328 0.000000
vt 0.149254 0.666667
vt 0.134328 1.000000
vt 0.164179 0.333333
vt 0.149254 0.000000
vt 0.164179 0.666667
vt 0.149254 1.000000
vt 0.179104 0.333333
vt 0.164179 0.000000
vt 0.179104 0.666667
vt 0.164179 1.000000
vt 0.194030 0.000000
vt 0.179104 0.000000
vt 0.194030 0.666667
vt 0.194030 1.000000
vt 0.179104 1.000000
vt 0.194030 0.333333
vt 0.208955 0.000000
vt 0.208955 0.666667
vt 0.208955 1.000000
vt 0.208955 0.333333
vt 0.223881 0.000000
vt 0.223881 0.666667
vt 0.223881 1.000000
vt 0.223881 0.333333
vt 0.238806 0.000000
vt 0.238806 0.666667
vt 0.238806 1.000000
vt 0.238806 0.333333
vt 0.253731 0.000000
vt 0.253731 0.666667
vt 0.253731 1.000000
vt 0.268657 0.333333
vt 0.253731 0.333333
vt 0.268657 0.666667
vt 0.283582 0.333333
vt 0.268657 0.000000
vt 0.283582 0.666667
vt 0.268657 1.000000
vt 0.298507 0.333333
vt 0.283582 0.000000
vt 0.298507 0.666667
vt 0.283582 1.000000
vt 0.313433 0.333333
vt 0.298507 0.000000
vt 0.313433 0.666667
vt 0.298507 1.000000
vt 0.328358 0.333333
vt 0.313433 0.000000
vt 0.328358 0.666667
vt 0.313433 1.000000
vt 0.343284 0.000000
vt 0.328358 0.000000
vt 0.343284 0.666667
vt 0.343284 1.000000
vt 0.328358 1.000000
vt 0.358209 0.333333
vt 0.343284 0.333333
vt 0.358209 0.666667
vt 0.373134 0.333333
vt 0.358209 0.000000
vt 0.373134 0.666667
vt 0.358209 1.000000
vt 0.388060 0.333333
vt 0.373134 0.000000
vt 0.388060 0.666667
vt 0.373134 1.000000
vt 0.402985 0.333333
vt 0.388060 0.000000
vt 0.402985 0.666667
vt 0.388060 1.000000
vt 0.417910 0.333333
vt 0.402985 0.000000
vt 0.417910 0.666667
vt 0.402985 1.000000
vt 0.432836 0.333333
vt 0.417910 0.000000
vt 0.432836 0.666667
vt 0.417910 1.000000
vt 0.447761 0.333333
vt 0.432836 0.000000
vt 0.447761 0.666667
vt 0.432836 1.000000
vt 0.462687 0.333333
vt 0.447761 0.000000
vt 0.462687 0.666667
vt 0.447761 1.000000
vt 0.477612 0.333333
vt 0.462687 0.000000
vt 0.477612 0.666667
vt 0.462687 1.000000
vt 0.492537 0.333333
vt 0.477612 0.000000
vt 0.492537 0.666667
vt 0.477612 1.000000
vt 0.507463 0.333333
vt 0.492537 0.000000
vt 0.507463 0.666667
vt 0.492537 1.000000
vt 0.522388 0.333333
vt 0.507463 0.000000
vt 0.522388 0.666667
vt 0.507463 1.000000
vt 0.537313 0.333333
vt 0.522388 0.000000
vt 0.537313 0.666667
vt 0.522388 1.000000
vt 0.552239 0.333333
vt 0.537313 0.000000
vt 0.552239 0.666667
vt 0.537313 1.000000
vt 0.567164 0.333333
vt 0.552239 0.000000
vt 0.567164 0.666667
vt 0.552239 1.000000
vt 0.582090 0.000000
vt 0.567164 0.000000
vt 0.582090 0.666667
vt 0.582090 1.000000
vt 0.567164 1.000000
vt 0.582090 0.333333
vt 0.597015 0.000000
vt 0.597015 0.666667
vt 0.597015 1.000000
vt 0.597015 0.333333
vt 0.611940 0.000000
vt 0.611940 0.666667
vt 0.611940 1.000000
vt 0.611940 0.333333
vt 0.626866 0.000000
vt 0.626866 0.666667
vt 0.626866 1.000000
vt 0.626866 0.333333
vt 0.641791 0.000000
vt 0.641791 0.666667
vt 0.641791 1.000000
vt 0.641791 0.333333
vt 0.656716 0.000000
vt 0.656716 0.666667
vt 0.656716 1.000000
vt 0.656716 0.333333
vt 0.671642 0.000000
vt 0.671642 0.666667
vt 0.671642 1.000000
vt 0.671642 0.333333
vt 0.686567 0.000000
vt 0.686567 0.666667
vt 0.686567 1.000000
vt 0.686567 0.333333
vt 0.701493 0.000000
vt 0.701493 0.666667
vt 0.701493 1.000000
vt 0.716418 0.333333
vt 0.701493 0.333333
vt 0.716418 0.666667
vt 0.731343 0.333333
vt 0.716418 0.000000
vt 0.731343 0.666667
vt 0.716418 1.000000
vt 0.746269 0.333333
vt 0.731343 0.000000
vt 0.746269 0.666667
vt 0.731343 1.000000
vt 0.761194 0.333333
vt 0.746269 0.000000
vt 0.761194 0.666667
vt 0.746269 1.000000
vt 0.776119 0.333333
vt 0.761194 0.000000
vt 0.776119 0.666667
vt 0.761194 1.000000
vt 0.791045 0.333333
vt 0.776119 0.000000
vt 0.791045 0.666667
vt 0.776119 1.000000
vt 0.805970 0.333333
vt 0.791045 0.000000
vt 0.805970 0.666667
vt 0.791045 1.000000
vt 0.820895 0.333333
vt 0.805970 0.000000
vt 0.820895 0.666667
vt 0.805970 1.000000
vt 0.835821 0.333333
vt 0.820895 0.000000
vt 0.835821 0.666667
vt 0.820895 1.000000
vt 0.850746 0.333333
vt 0.835821 0.000000
vt 0.850746 0.666667
vt 0.835821 1.000000
vt 0.865672 0.000000
vt 0.850746 0.000000
vt 0.865672 0.666667
vt 0.865672 1.000000
vt 0.850746 1.000000
vt 0.865672 0.333333
vt 0.880597 0.000000
vt 0.880597 0.666667
vt 0.880597 1.000000
vt 0.880597 0.333333
vt 0.895522 0.000000
vt 0.895522 0.666667
vt 0.895522 1.000000
vt 0.895522 0.333333
vt 0.910448 0.000000
vt 0.910448 0.666667
vt 0.910448 1.000000
vt 0.925373 0.333333
vt 0.910448 0.333333
vt 0.925373 0.666667
vt 0.940298 0.000000
vt 0.925373 0.000000
vt 0.940298 0.666667
vt 0.940298 1.000000
vt 0.925373 1.000000
vt 0.955224 0.333333
vt 0.940298 0.333333
vt 0.955224 0.666667
vt 0.955224 1.000000
vt 0.970149 0.333333
vt 0.955224 0.000000
vt 0.970149 0.666667
vt 0.970149 1.000000
vt 0.985075 0.333333
vt 0.970149 0.000000
vt 0.985075 0.666667
vt 0.985075 0.000000
vt 0.985075 1.000000
vt 0.037037 0.333333
vt 0.037037 0.666667
vt 0.074074 0.333333
vt 0.037037 0.000000
vt 0.074074 0.666667
vt 0.037037 1.000000
vt 0.111111 0.333333
vt 0.074074 0.000000
vt 0.111111 0.666667
vt 0.074074 1.000000
vt 0.148148 0.333333
vt 0.111111 0.000000
vt 0.148148 0.666667
vt 0.111111 1.000000
vt 0.185185 0.333333
vt 0.148148 0.000000
vt 0.185185 0.666667
vt 0.148148 1.000000
vt 0.222222 0.333333
vt 0.185185 0.000000
vt 0.222222 0.666667
vt 0.185185 1.000000
vt 0.259259 0.000000
vt 0.222222 0.000000
vt 0.259259 0.666667
vt 0.259259 1.000000
vt 0.222222 1.000000
vt 0.259259 0.333333
vt 0.296296 0.000000
vt 0.296296 0.666667
vt 0.296296 1.000000
vt 0.296296 0.333333
vt 0.370370 0.000000
vt 0.370370 0.666667
vt 0.370370 1.000000
vt 0.370370 0.333333
vt 0.407407 0.000000
vt 0.407407 0.666667
vt 0.407407 1.000000
vt 0.407407 0.333333
vt 0.444444 0.000000
vt 0.444444 0.666667
vt 0.444444 1.000000
vt 0.481481 0.333333
vt 0.444444 0.333333
vt 0.481481 0.666667
vt 0.518519 0.333333
vt 0.481481 0.000000
vt 0.518519 0.666667
vt 0.481481 1.000000
vt 0.555556 0.333333
vt 0.518519 0.000000
vt 0.555556 0.666667
vt 0.518519 1.000000
vt 0.592593 0.333333
vt 0.555556 0.000000
vt 0.592593 0.666667
vt 0.555556 1.000000
vt 0.629630 0.333333
vt 0.592593 0.000000
vt 0.629630 0.666667
vt 0.592593 1.000000
vt 0.629630 0.000000
vt 0.629630 1.000000
vt 0.703704 0.000000
vt 0.703704 0.666667
vt 0.703704 1.000000
vt 0.703704 0.333333
vt 0.740741 0.000000
vt 0.740741 0.666667
vt 0.740741 1.000000
vt 0.740741 0.333333
vt 0.777778 0.000000
vt 0.777778 0.666667
vt 0.777778 1.000000
vt 0.777778 0.333333
vt 0.814815 0.000000
vt 0.814815 0.666667
vt 0.814815 1.000000
vt 0.814815 0.333333
vt 0.851852 0.000000
vt 0.851852 0.666667
vt 0.851852 1.000000
vt 0.851852 0.333333
vt 0.888889 0.000000
vt 0.888889 0.666667
vt 0.888889 1.000000
vt 0.925926 0.333333
vt 0.888889 0.333333
vt 0.925926 0.666667
vt 0.962963 0.333333
vt 0.925926 0.000000
vt 0.962963 0.666667
vt 0.925926 1.000000
vt 0.962963 0.000000
vt 0.962963 1.000000
s 0
usemtl マテリアル
f 65/1/1 93/2/1 66/3/1
f 93/2/1 67/4/1 66/3/1
f 93/2/1 1/5/1 67/4/1
f 93/2/1 2/6/1 1/5/1
f 93/2/1 3/7/1 2/6/1
f 93/2/1 4/8/1 3/7/1
f 93/2/1 5/9/1 4/8/1
f 93/2/1 6/10/1 5/9/1
f 93/2/1 7/11/1 6/10/1
f 93/2/1 8/12/1 7/11/1
f 93/2/1 9/13/1 8/12/1
f 93/2/1 92/14/1 9/13/1
f 92/14/1 91/15/1 9/13/1
f 91/15/1 10/16/1 9/13/1
f 65/1/1 94/17/1 93/2/1
f 90/18/1 10/16/1 91/15/1
f 89/19/1 10/16/1 90/18/1
f 88/20/1 10/16/1 89/19/1
f 87/21/1 10/16/1 88/20/1
f 86/22/1 10/16/1 87/21/1
f 85/23/1 10/16/1 86/22/1
f 85/23/1 11/24/1 10/16/1
f 84/25/1 11/24/1 85/23/1
f 83/26/1 11/24/1 84/25/1
f 82/27/1 11/24/1 83/26/1
f 82/27/1 12/28/1 11/24/1
f 81/29/1 12/28/1 82/27/1
f 80/30/1 12/28/1 81/29/1
f 79/31/1 12/28/1 80/30/1
f 79/31/1 13/32/1 12/28/1
f 78/33/1 13/32/1 79/31/1
f 77/34/1 13/32/1 78/33/1
f 77/34/1 14/35/1 13/32/1
f 76/36/1 14/35/1 77/34/1
f 75/37/1 14/35/1 76/36/1
f 75/37/1 15/38/1 14/35/1
f 74/39/1 15/38/1 75/37/1
f 73/40/1 15/38/1 74/39/1
f 73/40/1 16/41/1 15/38/1
f 72/42/1 16/41/1 73/40/1
f 71/43/1 16/41/1 72/42/1
f 70/44/1 16/41/1 71/43/1
f 70/44/1 17/45/1 16/41/1
f 69/46/1 17/45/1 70/44/1
f 68/47/1 17/45/1 69/46/1
f 65/1/1 68/47/1 94/17/1
f 65/1/1 63/48/1 68/47/1
f 63/48/1 17/45/1 68/47/1
f 63/48/1 18/49/1 17/45/1
f 63/48/1 19/50/1 18/49/1
f 63/48/1 20/51/1 19/50/1
f 63/48/1 25/52/1 20/51/1
f 25/52/1 21/53/1 20/51/1
f 25/52/1 22/54/1 21/53/1
f 63/48/1 23/55/1 25/52/1
f 23/55/1 26/56/1 25/52/1
f 24/57/1 22/54/1 25/52/1
f 23/55/1 24/57/1 22/54/1
f 23/55/1 27/58/1 26/56/1
f 63/48/1 27/58/1 23/55/1
f 63/48/1 28/59/1 27/58/1
f 63/48/1 62/60/1 28/59/1
f 62/60/1 29/61/1 28/59/1
f 65/1/1 64/62/1 63/48/1
f 61/63/1 29/61/1 62/60/1
f 60/64/1 29/61/1 61/63/1
f 59/65/1 29/61/1 60/64/1
f 59/65/1 30/66/1 29/61/1
f 58/67/1 30/66/1 59/65/1
f 57/68/1 30/66/1 58/67/1
f 56/69/1 30/66/1 57/68/1
f 56/69/1 31/70/1 30/66/1
f 55/71/1 31/70/1 56/69/1
f 54/72/1 31/70/1 55/71/1
f 54/72/1 32/73/1 31/70/1
f 53/74/1 32/73/1 54/72/1
f 53/74/1 33/75/1 32/73/1
f 52/76/1 33/75/1 53/74/1
f 52/76/1 34/77/1 33/75/1
f 51/78/1 34/77/1 52/76/1
f 51/78/1 35/79/1 34/77/1
f 51/78/1 36/80/1 35/79/1
f 50/81/1 36/80/1 51/78/1
f 50/81/1 37/82/1 36/80/1
f 50/81/1 38/83/1 37/82/1
f 49/84/1 38/83/1 50/81/1
f 49/84/1 39/85/1 38/83/1
f 49/84/1 40/86/1 39/85/1
f 49/84/1 41/87/1 40/86/1
f 49/84/1 42/88/1 41/87/1
f 49/84/1 43/89/1 42/88/1
f 49/84/1 44/90/1 43/89/1
f 49/84/1 45/91/1 44/90/1
f 49/84/1 46/92/1 45/91/1
f 49/84/1 47/93/1 46/92/1
f 49/84/1 48/94/1 47/93/1
f 99/95/1 101/96/1 100/97/1
f 99/95/1 104/98/1 101/96/1
f 104/98/1 102/99/1 101/96/1
f 99/95/1 105/17/1 104/98/1
f 103/100/1 102/99/1 104/98/1
f 99/95/1 97/101/1 105/17/1
f 97/101/1 103/100/1 105/17/1
f 97/101/1 96/102/1 103/100/1
f 96/102/1 102/99/1 103/100/1
f 99/95/1 98/103/1 97/101/1
f 95/5/1 102/99/1 96/102/1
f 114/104/1 106/5/1 115/105/1
f 106/5/1 116/106/1 115/105/1
f 106/5/1 117/17/1 116/106/1
f 114/104/1 107/107/1 106/5/1
f 114/104/1 110/108/1 107/107/1
f 110/108/1 108/109/1 107/107/1
f 110/108/1 109/110/1 108/109/1
f 114/104/1 111/111/1 110/108/1
f 114/104/1 112/112/1 111/111/1
f 114/104/1 113/113/1 112/112/1
f 120/95/1 122/100/1 121/96/1
f 120/95/1 123/17/1 122/100/1
f 120/95/1 118/5/1 123/17/1
f 120/95/1 119/101/1 118/5/1
f 207/114/1 209/115/1 208/116/1
f 207/114/1 210/117/1 209/115/1
f 207/114/1 211/118/1 210/117/1
f 206/119/1 211/118/1 207/114/1
f 206/119/1 212/120/1 211/118/1
f 206/119/1 213/121/1 212/120/1
f 206/119/1 214/122/1 213/121/1
f 205/123/1 214/122/1 206/119/1
f 205/123/1 215/124/1 214/122/1
f 205/123/1 216/125/1 215/124/1
f 205/123/1 217/126/1 216/125/1
f 204/127/1 217/126/1 205/123/1
f 204/127/1 218/128/1 217/126/1
f 204/127/1 219/129/1 218/128/1
f 204/127/1 220/130/1 219/129/1
f 203/131/1 220/130/1 204/127/1
f 203/131/1 131/132/1 220/130/1
f 131/132/1 130/133/1 220/130/1
f 130/133/1 129/134/1 220/130/1
f 129/134/1 128/135/1 220/130/1
f 128/135/1 127/136/1 220/130/1
f 127/136/1 126/137/1 220/130/1
f 126/137/1 125/138/1 220/130/1
f 125/138/1 124/5/1 220/130/1
f 124/5/1 221/17/1 220/130/1
f 202/139/1 133/140/1 203/131/1
f 133/140/1 132/141/1 203/131/1
f 132/141/1 131/132/1 203/131/1
f 201/142/1 135/143/1 202/139/1
f 135/143/1 134/144/1 202/139/1
f 134/144/1 133/140/1 202/139/1
f 201/142/1 136/145/1 135/143/1
f 201/142/1 137/146/1 136/145/1
f 201/142/1 138/147/1 137/146/1
f 200/148/1 138/147/1 201/142/1
f 200/148/1 139/149/1 138/147/1
f 200/148/1 140/150/1 139/149/1
f 200/148/1 141/151/1 140/150/1
f 199/152/1 141/151/1 200/148/1
f 199/152/1 142/153/1 141/151/1
f 199/152/1 143/154/1 142/153/1
f 198/155/1 143/154/1 199/152/1
f 198/155/1 144/156/1 143/154/1
f 198/155/1 145/157/1 144/156/1
f 197/158/1 145/157/1 198/155/1
f 197/158/1 146/159/1 145/157/1
f 196/160/1 146/159/1 197/158/1
f 196/160/1 147/161/1 146/159/1
f 196/160/1 148/162/1 147/161/1
f 195/163/1 148/162/1 196/160/1
f 195/163/1 149/164/1 148/162/1
f 194/165/1 149/164/1 195/163/1
f 194/165/1 150/166/1 149/164/1
f 193/167/1 150/166/1 194/165/1
f 193/167/1 151/168/1 150/166/1
f 193/167/1 152/169/1 151/168/1
f 192/170/1 152/169/1 193/167/1
f 170/171/1 172/172/1 171/173/1
f 192/170/1 153/174/1 152/169/1
f 191/175/1 153/174/1 192/170/1
f 191/175/1 154/176/1 153/174/1
f 169/177/1 172/172/1 170/171/1
f 168/178/1 172/172/1 169/177/1
f 191/175/1 155/179/1 154/176/1
f 167/180/1 172/172/1 168/178/1
f 166/181/1 172/172/1 167/180/1
f 191/175/1 156/182/1 155/179/1
f 190/183/1 156/182/1 191/175/1
f 165/184/1 172/172/1 166/181/1
f 164/185/1 172/172/1 165/184/1
f 190/183/1 157/186/1 156/182/1
f 163/187/1 172/172/1 164/185/1
f 162/188/1 172/172/1 163/187/1
f 190/183/1 158/189/1 157/186/1
f 161/190/1 172/172/1 162/188/1
f 160/191/1 172/172/1 161/190/1
f 190/183/1 159/192/1 158/189/1
f 159/192/1 172/172/1 160/191/1
f 190/183/1 172/172/1 159/192/1
f 189/193/1 172/172/1 190/183/1
f 188/194/1 172/172/1 189/193/1
f 188/194/1 173/195/1 172/172/1
f 187/196/1 173/195/1 188/194/1
f 187/196/1 174/197/1 173/195/1
f 187/196/1 175/198/1 174/197/1
f 187/196/1 176/199/1 175/198/1
f 186/200/1 176/199/1 187/196/1
f 186/200/1 177/201/1 176/199/1
f 186/200/1 178/202/1 177/201/1
f 186/200/1 179/203/1 178/202/1
f 185/204/1 179/203/1 186/200/1
f 185/204/1 180/205/1 179/203/1
f 185/204/1 181/206/1 180/205/1
f 185/204/1 182/207/1 181/206/1
f 184/208/1 182/207/1 185/204/1
f 184/208/1 183/209/1 182/207/1
f 286/1/2 287/3/2 314/2/2
f 314/2/2 287/3/2 288/4/2
f 314/2/2 288/4/2 222/5/2
f 314/2/2 222/5/2 223/6/2
f 314/2/2 223/6/2 224/7/2
f 314/2/2 224/7/2 225/8/2
f 314/2/2 225/8/2 226/9/2
f 314/2/2 226/9/2 227/10/2
f 314/2/2 227/10/2 228/11/2
f 314/2/2 228/11/2 229/12/2
f 314/2/2 229/12/2 230/13/2
f 314/2/2 230/13/2 313/14/2
f 313/14/2 230/13/2 312/15/2
f 312/15/2 230/13/2 231/16/2
f 286/1/2 314/2/2 315/17/2
f 311/18/2 312/15/2 231/16/2
f 310/19/2 311/18/2 231/16/2
f 309/20/2 310/19/2 231/16/2
f 308/21/2 309/20/2 231/16/2
f 307/22/2 308/21/2 231/16/2
f 306/23/2 307/22/2 231/16/2
f 306/23/2 231/16/2 232/24/2
f 305/25/2 306/23/2 232/24/2
f 304/26/2 305/25/2 232/24/2
f 303/27/2 304/26/2 232/24/2
f 303/27/2 232/24/2 233/28/2
f 302/29/2 303/27/2 233/28/2
f 301/30/2 302/29/2 233/28/2
f 300/31/2 301/30/2 233/28/2
f 300/31/2 233/28/2 234/32/2
f 299/33/2 300/31/2 234/32/2
f 298/34/2 299/33/2 234/32/2
f 298/34/2 234/32/2 235/35/2
f 297/36/2 298/34/2 235/35/2
f 296/37/2 297/36/2 235/35/2
f 296/37/2 235/35/2 236/38/2
f 295/39/2 296/37/2 236/38/2
f 294/40/2 295/39/2 236/38/2
f 294/40/2 236/38/2 237/41/2
f 293/42/2 294/40/2 237/41/2
f 292/43/2 293/42/2 237/41/2
f 291/44/2 292/43/2 237/41/2
f 291/44/2 237/41/2 238/45/2
f 290/46/2 291/44/2 238/45/2
f 289/47/2 290/46/2 238/45/2
f 286/1/2 315/17/2 289/47/2
f 286/1/2 289/47/2 284/48/2
f 284/48/2 289/47/2 238/45/2
f 284/48/2 238/45/2 239/49/2
f 284/48/2 239/49/2 240/50/2
f 284/48/2 240/50/2 241/51/2
f 284/48/2 241/51/2 246/52/2
f 246/52/2 241/51/2 242/53/2
f 246/52/2 242/53/2 243/54/2
f 284/48/2 246/52/2 244/55/2
f 244/55/2 246/52/2 247/56/2
f 245/57/2 246/52/2 243/54/2
f 244/55/2 243/54/2 245/57/2
f 244/55/2 247/56/2 248/58/2
f 284/48/2 244/55/2 248/58/2
f 284/48/2 248/58/2 249/59/2
f 284/48/2 249/59/2 283/60/2
f 283/60/2 249/59/2 250/61/2
f 286/1/2 284/48/2 285/62/2
f 282/63/2 283/60/2 250/61/2
f 281/64/2 282/63/2 250/61/2
f 280/65/2 281/64/2 250/61/2
f 280/65/2 250/61/2 251/66/2
f 279/67/2 280/65/2 251/66/2
f 278/68/2 279/67/2 251/66/2
f 277/69/2 278/68/2 251/66/2
f 277/69/2 251/66/2 252/70/2
f 276/71/2 277/69/2 252/70/2
f 275/72/2 276/71/2 252/70/2
f 275/72/2 252/70/2 253/73/2
f 274/74/2 275/72/2 253/73/2
f 274/74/2 253/73/2 254/75/2
f 273/76/2 274/74/2 254/75/2
f 273/76/2 254/75/2 255/77/2
f 272/78/2 273/76/2 255/77/2
f 272/78/2 255/77/2 256/79/2
f 272/78/2 256/79/2 257/80/2
f 271/81/2 272/78/2 257/80/2
f 271/81/2 257/80/2 258/82/2
f 271/81/2 258/82/2 259/83/2
f 270/84/2 271/81/2 259/83/2
f 270/84/2 259/83/2 260/85/2
f 270/84/2 260/85/2 261/86/2
f 270/84/2 261/86/2 262/87/2
f 270/84/2 262/87/2 263/88/2
f 270/84/2 263/88/2 264/89/2
f 270/84/2 264/89/2 265/90/2
f 270/84/2 265/90/2 266/91/2
f 270/84/2 266/91/2 267/92/2
f 270/84/2 267/92/2 268/93/2
f 270/84/2 268/93/2 269/94/2
f 320/95/2 321/97/2 322/96/2
f 320/95/2 322/96/2 325/98/2
f 325/98/2 322/96/2 323/99/2
f 320/95/2 325/98/2 326/17/2
f 324/100/2 325/98/2 323/99/2
f 320/95/2 326/17/2 318/101/2
f 318/101/2 326/17/2 324/100/2
f 318/101/2 324/100/2 317/102/2
f 317/102/2 324/100/2 323/99/2
f 320/95/2 318/101/2 319/103/2
f 316/5/2 317/102/2 323/99/2
f 335/104/2 336/105/2 327/5/2
f 327/5/2 336/105/2 337/106/2
f 327/5/2 337/106/2 338/17/2
f 335/104/2 327/5/2 328/107/2
f 335/104/2 328/107/2 331/108/2
f 331/108/2 328/107/2 329/109/2
f 331/108/2 329/109/2 330/110/2
f 335/104/2 331/108/2 332/111/2
f 335/104/2 332/111/2 333/112/2
f 335/104/2 333/112/2 334/113/2
f 341/95/2 342/96/2 343/100/2
f 341/95/2 343/100/2 344/17/2
f 341/95/2 344/17/2 339/5/2
f 341/95/2 339/5/2 340/101/2
f 428/114/2 429/116/2 430/115/2
f 428/114/2 430/115/2 431/117/2
f 428/114/2 431/117/2 432/118/2
f 427/119/2 428/114/2 432/118/2
f 427/119/2 432/118/2 433/120/2
f 427/119/2 433/120/2 434/121/2
f 427/119/2 434/121/2 435/122/2
f 426/123/2 427/119/2 435/122/2
f 426/123/2 435/122/2 436/124/2
f 426/123/2 436/124/2 437/125/2
f 426/123/2 437/125/2 438/126/2
f 425/127/2 426/123/2 438/126/2
f 425/127/2 438/126/2 439/128/2
f 425/127/2 439/128/2 440/129/2
f 425/127/2 440/129/2 441/130/2
f 424/131/2 425/127/2 441/130/2
f 424/131/2 441/130/2 352/132/2
f 352/132/2 441/130/2 351/133/2
f 351/133/2 441/130/2 350/134/2
f 350/134/2 441/130/2 349/135/2
f 349/135/2 441/130/2 348/136/2
f 348/136/2 441/130/2 347/137/2
f 347/137/2 441/130/2 346/138/2
f 346/138/2 441/130/2 345/5/2
f 345/5/2 441/130/2 442/17/2
f 423/139/2 424/131/2 354/140/2
f 354/140/2 424/131/2 353/141/2
f 353/141/2 424/131/2 352/132/2
f 422/142/2 423/139/2 356/143/2
f 356/143/2 423/139/2 355/144/2
f 355/144/2 423/139/2 354/140/2
f 422/142/2 356/143/2 357/145/2
f 422/142/2 357/145/2 358/146/2
f 422/142/2 358/146/2 359/147/2
f 421/148/2 422/142/2 359/147/2
f 421/148/2 359/147/2 360/149/2
f 421/148/2 360/149/2 361/150/2
f 421/148/2 361/150/2 362/151/2
f 420/152/2 421/148/2 362/151/2
f 420/152/2 362/151/2 363/153/2
f 420/152/2 363/153/2 364/154/2
f 419/155/2 420/152/2 364/154/2
f 419/155/2 364/154/2 365/156/2
f 419/155/2 365/156/2 366/157/2
f 418/158/2 419/155/2 366/157/2
f 418/158/2 366/157/2 367/159/2
f 417/160/2 418/158/2 367/159/2
f 417/160/2 367/159/2 368/161/2
f 417/160/2 368/161/2 369/162/2
f 416/163/2 417/160/2 369/162/2
f 416/163/2 369/162/2 370/164/2
f 415/165/2 416/163/2 370/164/2
f 415/165/2 370/164/2 371/166/2
f 414/167/2 415/165/2 371/166/2
f 414/167/2 371/166/2 372/168/2
f 414/167/2 372/168/2 373/169/2
f 413/170/2 414/167/2 373/169/2
f 391/171/2 392/173/2 393/172/2
f 413/170/2 373/169/2 374/174/2
f 412/175/2 413/170/2 374/174/2
f 412/175/2 374/174/2 375/176/2
f 390/177/2 391/171/2 393/172/2
f 389/178/2 390/177/2 393/172/2
f 412/175/2 375/176/2 376/179/2
f 388/180/2 389/178/2 393/172/2
f 387/181/2 388/180/2 393/172/2
f 412/175/2 376/179/2 377/182/2
f 411/183/2 412/175/2 377/182/2
f 386/184/2 387/181/2 393/172/2
f 385/185/2 386/184/2 393/172/2
f 411/183/2 377/182/2 378/186/2
f 384/187/2 385/185/2 393/172/2
f 383/188/2 384/187/2 393/172/2
f 411/183/2 378/186/2 379/189/2
f 382/190/2 383/188/2 393/172/2
f 381/191/2 382/190/2 393/172/2
f 411/183/2 379/189/2 380/192/2
f 380/192/2 381/191/2 393/172/2
f 411/183/2 380/192/2 393/172/2
f 410/193/2 411/183/2 393/172/2
f 409/194/2 410/193/2 393/172/2
f 409/194/2 393/172/2 394/195/2
f 408/196/2 409/194/2 394/195/2
f 408/196/2 394/195/2 395/197/2
f 408/196/2 395/197/2 396/198/2
f 408/196/2 396/198/2 397/199/2
f 407/200/2 408/196/2 397/199/2
f 407/200/2 397/199/2 398/201/2
f 407/200/2 398/201/2 399/202/2
f 407/200/2 399/202/2 400/203/2
f 406/204/2 407/200/2 400/203/2
f 406/204/2 400/203/2 401/205/2
f 406/204/2 401/205/2 402/206/2
f 406/204/2 402/206/2 403/207/2
f 405/208/2 406/204/2 403/207/2
f 405/208/2 403/207/2 404/209/2
s 1
f 448/210/3 443/5/4 444/211/5
f 449/212/6 444/211/5 445/213/7
f 446/214/8 449/212/6 445/213/7
f 452/215/9 447/216/10 448/210/3
f 453/217/11 448/210/3 449/212/6
f 450/218/12 453/217/11 449/212/6
f 456/219/13 451/220/14 452/215/9
f 457/221/15 452/215/9 453/217/11
f 454/222/16 457/221/15 453/217/11
f 460/223/17 455/224/18 456/219/13
f 461/225/19 456/219/13 457/221/15
f 458/226/20 461/225/19 457/221/15
f 464/227/21 459/228/22 460/223/17
f 465/229/23 460/223/17 461/225/19
f 462/230/24 465/229/23 461/225/19
f 468/231/25 463/232/26 464/227/21
f 469/233/27 464/227/21 465/229/23
f 466/234/28 469/233/27 465/229/23
f 472/235/29 467/236/30 468/231/25
f 473/237/31 468/231/25 469/233/27
f 470/238/32 473/237/31 469/233/27
f 476/239/33 471/240/34 472/235/29
f 477/241/35 472/235/29 473/237/31
f 474/242/36 477/241/35 473/237/31
f 476/239/33 479/243/37 475/244/38
f 481/245/39 476/239/33 477/241/35
f 482/246/40 477/241/35 478/247/41
f 480/248/42 483/249/43 479/243/37
f 485/250/44 480/248/42 481/245/39
f 486/251/45 481/245/39 482/246/40
f 488/252/46 483/249/43 484/253/47
f 489/254/48 484/253/47 485/250/44
f 486/251/45 489/254/48 485/250/44
f 492/255/49 487/256/50 488/252/46
f 493/257/51 488/252/46 489/254/48
f 490/258/52 493/257/51 489/254/48
f 496/259/53 491/260/54 492/255/49
f 497/261/55 492/255/49 493/257/51
f 494/262/56 497/261/55 493/257/51
f 500/263/57 495/264/58 496/259/53
f 501/265/59 496/259/53 497/261/55
f 498/266/60 501/265/59 497/261/55
f 504/267/61 499/268/62 500/263/57
f 505/269/63 500/263/57 501/265/59
f 502/270/64 505/269/63 501/265/59
f 508/271/65 503/272/66 504/267/61
f 509/273/67 504/267/61 505/269/63
f 506/274/68 509/273/67 505/269/63
f 512/275/69 507/276/70 508/271/65
f 513/277/71 508/271/65 509/273/67
f 510/278/72 513/277/71 509/273/67
f 516/279/73 511/280/74 512/275/69
f 517/281/75 512/275/69 513/277/71
f 514/282/76 517/281/75 513/277/71
f 520/283/77 515/284/78 516/279/73
f 521/285/79 516/279/73 517/281/75
f 518/286/80 521/285/79 517/281/75
f 520/283/77 523/287/81 519/288/82
f 525/289/83 520/283/77 521/285/79
f 526/290/84 521/285/79 522/291/85
f 524/292/86 527/293/87 523/287/81
f 529/294/88 524/292/86 525/289/83
f 530/295/89 525/289/83 526/290/84
f 528/296/90 531/297/91 527/293/87
f 533/298/92 528/296/90 529/294/88
f 534/299/93 529/294/88 530/295/89
f 532/300/94 535/301/95 531/297/91
f 537/302/96 532/300/94 533/298/92
f 538/303/97 533/298/92 534/299/93
f 540/304/98 535/301/95 536/305/99
f 541/306/100 536/305/99 537/302/96
f 538/303/97 541/306/100 537/302/96
f 544/307/101 539/308/102 540/304/98
f 545/309/103 540/304/98 541/306/100
f 542/310/104 545/309/103 541/306/100
f 548/311/105 543/312/106 544/307/101
f 549/313/107 544/307/101 545/309/103
f 546/314/108 549/313/107 545/309/103
f 552/315/109 547/316/110 548/311/105
f 553/317/111 548/311/105 549/313/107
f 550/318/112 553/317/111 549/313/107
f 556/319/113 551/320/114 552/315/109
f 557/321/115 552/315/109 553/317/111
f 554/322/116 557/321/115 553/317/111
f 556/319/113 559/323/117 555/324/118
f 561/325/119 556/319/113 557/321/115
f 562/326/120 557/321/115 558/327/121
f 560/328/122 563/329/123 559/323/117
f 565/330/124 560/328/122 561/325/119
f 566/331/125 561/325/119 562/326/120
f 564/332/126 567/333/127 563/329/123
f 569/334/128 564/332/126 565/330/124
f 570/335/129 565/330/124 566/331/125
f 568/336/130 571/337/131 567/333/127
f 573/338/132 568/336/130 569/334/128
f 574/339/133 569/334/128 570/335/129
f 572/340/134 575/341/135 571/337/131
f 577/342/136 572/340/134 573/338/132
f 578/343/137 573/338/132 574/339/133
f 576/344/138 579/345/139 575/341/135
f 581/346/140 576/344/138 577/342/136
f 582/347/141 577/342/136 578/343/137
f 580/348/142 583/349/143 579/345/139
f 585/350/144 580/348/142 581/346/140
f 586/351/145 581/346/140 582/347/141
f 584/352/146 587/353/147 583/349/143
f 589/354/148 584/352/146 585/350/144
f 590/355/149 585/350/144 586/351/145
f 588/356/150 591/357/151 587/353/147
f 593/358/152 588/356/150 589/354/148
f 594/359/153 589/354/148 590/355/149
f 592/360/154 595/361/155 591/357/151
f 597/362/156 592/360/154 593/358/152
f 598/363/157 593/358/152 594/359/153
f 596/364/158 599/365/159 595/361/155
f 601/366/160 596/364/158 597/362/156
f 602/367/161 597/362/156 598/363/157
f 600/368/162 603/369/163 599/365/159
f 605/370/164 600/368/162 601/366/160
f 606/371/165 601/366/160 602/367/161
f 604/372/166 607/373/167 603/369/163
f 609/374/168 604/372/166 605/370/164
f 610/375/169 605/370/164 606/371/165
f 608/376/170 611/377/171 607/373/167
f 613/378/172 608/376/170 609/374/168
f 614/379/173 609/374/168 610/375/169
f 612/380/174 615/381/175 611/377/171
f 617/382/176 612/380/174 613/378/172
f 618/383/177 613/378/172 614/379/173
f 616/384/178 619/385/179 615/381/175
f 621/386/180 616/384/178 617/382/176
f 622/387/181 617/382/176 618/383/177
f 620/388/182 623/389/183 619/385/179
f 625/390/184 620/388/182 621/386/180
f 626/391/185 621/386/180 622/387/181
f 624/392/186 627/393/187 623/389/183
f 629/394/188 624/392/186 625/390/184
f 630/395/189 625/390/184 626/391/185
f 628/396/190 631/397/191 627/393/187
f 633/398/192 628/396/190 629/394/188
f 634/399/193 629/394/188 630/395/189
f 636/400/194 631/397/191 632/401/195
f 637/402/196 632/401/195 633/398/192
f 634/399/193 637/402/196 633/398/192
f 640/403/197 635/404/198 636/400/194
f 641/405/199 636/400/194 637/402/196
f 638/406/200 641/405/199 637/402/196
f 640/403/197 643/407/201 639/97/202
f 645/408/203 640/403/197 641/405/199
f 646/409/204 641/405/199 642/410/205
f 644/411/206 647/412/207 643/407/201
f 649/413/208 644/411/206 645/408/203
f 650/414/209 645/408/203 646/409/204
f 648/415/210 651/416/211 647/412/207
f 653/417/212 648/415/210 649/413/208
f 654/418/213 649/413/208 650/414/209
f 652/419/214 655/420/215 651/416/211
f 657/421/216 652/419/214 653/417/212
f 658/422/217 653/417/212 654/418/213
f 656/423/218 659/424/219 655/420/215
f 661/425/220 656/423/218 657/421/216
f 662/426/221 657/421/216 658/422/217
f 660/427/222 663/428/223 659/424/219
f 665/429/224 660/427/222 661/425/220
f 666/430/225 661/425/220 662/426/221
f 668/431/226 663/428/223 664/432/227
f 669/433/228 664/432/227 665/429/224
f 666/430/225 669/433/228 665/429/224
f 672/434/229 667/435/230 668/431/226
f 673/436/231 668/431/226 669/433/228
f 670/437/232 673/436/231 669/433/228
f 676/438/233 671/439/234 672/434/229
f 677/440/235 672/434/229 673/436/231
f 674/441/236 677/440/235 673/436/231
f 680/442/237 675/443/238 676/438/233
f 681/444/239 676/438/233 677/440/235
f 678/445/240 681/444/239 677/440/235
f 680/442/237 683/446/241 679/447/242
f 685/448/243 680/442/237 681/444/239
f 686/449/244 681/444/239 682/450/245
f 684/451/246 687/452/247 683/446/241
f 689/453/248 684/451/246 685/448/243
f 690/454/249 685/448/243 686/449/244
f 688/455/250 691/456/251 687/452/247
f 693/457/252 688/455/250 689/453/248
f 694/458/253 689/453/248 690/454/249
f 692/459/254 695/460/255 691/456/251
f 697/461/256 692/459/254 693/457/252
f 698/462/257 693/457/252 694/458/253
f 700/463/258 695/460/255 696/464/259
f 701/465/260 696/464/259 697/461/256
f 698/462/257 701/465/260 697/461/256
f 704/466/261 699/467/262 700/463/258
f 705/468/263 700/463/258 701/465/260
f 702/469/264 705/468/263 701/465/260
f 708/470/265 703/471/266 704/466/261
f 709/472/267 704/466/261 705/468/263
f 706/473/268 709/472/267 705/468/263
f 712/474/269 707/475/270 708/470/265
f 713/476/271 708/470/265 709/472/267
f 710/477/272 713/476/271 709/472/267
f 716/478/273 711/479/274 712/474/269
f 717/480/275 712/474/269 713/476/271
f 714/481/276 717/480/275 713/476/271
f 720/482/277 715/483/278 716/478/273
f 721/484/279 716/478/273 717/480/275
f 718/485/280 721/484/279 717/480/275
f 724/486/281 719/487/282 720/482/277
f 725/488/283 720/482/277 721/484/279
f 722/489/284 725/488/283 721/484/279
f 724/486/281 727/490/285 723/491/286
f 729/492/287 724/486/281 725/488/283
f 730/493/288 725/488/283 726/494/289
f 728/495/290 731/496/291 727/490/285
f 733/497/292 728/495/290 729/492/287
f 734/498/293 729/492/287 730/493/288
f 732/499/294 735/500/295 731/496/291
f 737/501/296 732/499/294 733/497/292
f 738/502/297 733/497/292 734/498/293
f 736/503/298 739/504/299 735/500/295
f 741/505/300 736/503/298 737/501/296
f 742/506/301 737/501/296 738/502/297
f 740/507/302 743/508/303 739/504/299
f 745/509/304 740/507/302 741/505/300
f 746/510/305 741/505/300 742/506/301
f 744/511/306 747/512/307 743/508/303
f 749/513/308 744/511/306 745/509/304
f 750/514/309 745/509/304 746/510/305
f 748/515/310 751/516/311 747/512/307
f 753/517/312 748/515/310 749/513/308
f 754/518/313 749/513/308 750/514/309
f 756/519/314 751/516/311 752/520/315
f 757/521/316 752/520/315 753/517/312
f 754/518/313 757/521/316 753/517/312
f 760/522/317 755/523/318 756/519/314
f 761/524/319 756/519/314 757/521/316
f 758/525/320 761/524/319 757/521/316
f 764/526/321 759/527/322 760/522/317
f 765/528/323 760/522/317 761/524/319
f 762/529/324 765/528/323 761/524/319
f 768/530/325 763/531/326 764/526/321
f 769/532/327 764/526/321 765/528/323
f 766/533/328 769/532/327 765/528/323
f 772/534/329 767/535/330 768/530/325
f 773/536/331 768/530/325 769/532/327
f 770/537/332 773/536/331 769/532/327
f 776/538/333 771/539/334 772/534/329
f 777/540/335 772/534/329 773/536/331
f 774/541/336 777/540/335 773/536/331
f 780/542/337 775/543/338 776/538/333
f 781/544/339 776/538/333 777/540/335
f 778/545/340 781/544/339 777/540/335
f 784/546/341 779/547/342 780/542/337
f 785/548/343 780/542/337 781/544/339
f 782/549/344 785/548/343 781/544/339
f 788/550/345 783/551/346 784/546/341
f 789/552/347 784/546/341 785/548/343
f 786/553/348 789/552/347 785/548/343
f 792/554/349 787/555/350 788/550/345
f 793/556/351 788/550/345 789/552/347
f 790/557/352 793/556/351 789/552/347
f 796/558/353 791/559/354 792/554/349
f 797/560/355 792/554/349 793/556/351
f 794/561/356 797/560/355 793/556/351
f 800/562/357 795/563/358 796/558/353
f 801/564/359 796/558/353 797/560/355
f 798/565/360 801/564/359 797/560/355
f 804/566/361 799/567/362 800/562/357
f 805/568/363 800/562/357 801/564/359
f 802/569/364 805/568/363 801/564/359
f 808/570/365 803/571/366 804/566/361
f 809/572/367 804/566/361 805/568/363
f 806/573/368 809/572/367 805/568/363
f 812/574/369 807/575/370 808/570/365
f 813/576/371 808/570/365 809/572/367
f 810/577/372 813/576/371 809/572/367
f 816/578/373 811/579/374 812/574/369
f 817/580/375 812/574/369 813/576/371
f 814/581/376 817/580/375 813/576/371
f 820/582/377 815/583/378 816/578/373
f 821/584/379 816/578/373 817/580/375
f 818/585/380 821/584/379 817/580/375
f 824/586/381 819/587/382 820/582/377
f 825/588/383 820/582/377 821/584/379
f 822/589/384 825/588/383 821/584/379
f 824/586/381 827/590/385 823/591/386
f 829/592/387 824/586/381 825/588/383
f 830/593/388 825/588/383 826/594/389
f 828/595/390 831/596/391 827/590/385
f 833/597/392 828/595/390 829/592/387
f 834/598/393 829/592/387 830/593/388
f 444/599/5 831/596/391 832/600/394
f 445/601/7 832/600/394 833/597/392
f 834/598/393 445/601/7 833/597/392
f 840/602/395 835/5/396 836/211/397
f 841/603/398 836/211/397 837/213/399
f 842/604/400 837/213/399 838/214/401
f 844/605/402 839/606/403 840/602/395
f 845/607/404 840/602/395 841/603/398
f 842/604/400 845/607/404 841/603/398
f 848/403/405 843/73/406 844/605/402
f 849/405/407 844/605/402 845/607/404
f 850/410/408 845/607/404 846/608/409
f 852/609/397 847/97/410 848/403/405
f 853/610/411 848/403/405 849/405/407
f 854/611/401 849/405/407 850/410/408
f 856/612/412 851/48/396 852/609/397
f 857/613/413 852/609/397 853/610/411
f 854/611/401 857/613/413 853/610/411
f 856/612/412 835/17/396 855/614/396
f 837/601/399 856/612/412 857/613/413
f 838/615/401 857/613/413 858/616/401
f 864/617/412 859/5/403 860/211/414
f 865/618/413 860/211/414 861/213/415
f 862/214/400 865/618/413 861/213/415
f 864/617/412 867/606/396 863/619/396
f 869/603/399 864/617/412 865/618/413
f 870/604/401 865/618/413 866/620/401
f 872/621/416 867/606/396 868/602/397
f 873/622/398 868/602/397 869/603/399
f 874/623/400 869/603/399 870/604/401
f 876/605/414 871/624/403 872/621/416
f 877/607/415 872/621/416 873/622/398
f 874/623/400 877/607/415 873/622/398
f 880/625/412 875/73/403 876/605/414
f 881/626/413 876/605/414 877/607/415
f 882/627/401 877/607/415 878/608/400
f 880/625/412 883/97/396 879/628/396
f 885/405/399 880/625/412 881/626/413
f 886/410/401 881/626/413 882/627/401
f 888/629/395 883/97/396 884/403/397
f 889/630/398 884/403/397 885/405/399
f 890/631/400 885/405/399 886/410/401
f 892/609/402 887/632/403 888/629/395
f 893/610/404 888/629/395 889/630/398
f 894/611/409 889/630/398 890/631/400
f 896/633/405 891/48/406 892/609/402
f 897/634/407 892/609/402 893/610/404
f 898/635/408 893/610/404 894/611/409
f 900/612/397 895/636/410 896/633/405
f 901/613/411 896/633/405 897/634/407
f 902/616/401 897/634/407 898/635/408
f 904/637/416 899/614/396 900/612/397
f 905/638/398 900/612/397 901/613/411
f 906/639/400 901/613/411 902/616/401
f 860/599/414 903/640/403 904/637/416
f 861/601/415 904/637/416 905/638/398
f 906/639/400 861/601/415 905/638/398
f 912/641/417 907/5/418 908/211/419
f 913/642/420 908/211/419 909/213/421
f 910/214/422 913/642/420 909/213/421
f 916/621/423 911/643/418 912/641/417
f 917/622/424 912/641/417 913/642/420
f 914/644/422 917/622/424 913/642/420
f 916/621/423 919/645/425 915/624/425
f 921/646/426 916/621/423 917/622/424
f 922/647/427 917/622/424 918/623/427
f 920/648/428 923/97/429 919/645/425
f 925/405/430 920/648/428 921/646/426
f 926/410/431 921/646/426 922/647/427
f 928/649/432 923/97/429 924/403/433
f 929/650/434 924/403/433 925/405/430
f 926/410/431 929/650/434 925/405/430
f 932/633/435 927/651/436 928/649/432
f 933/634/437 928/649/432 929/650/434
f 930/652/438 933/634/437 929/650/434
f 932/633/435 935/653/439 931/636/440
f 937/654/441 932/633/435 933/634/437
f 938/655/442 933/634/437 934/635/443
f 908/599/419 935/653/439 936/656/444
f 909/601/421 936/656/444 937/654/441
f 938/655/442 909/601/421 937/654/441
f 944/605/445 939/5/446 940/211/447
f 945/607/448 940/211/447 941/213/449
f 942/214/450 945/607/448 941/213/449
f 944/605/445 947/48/451 943/73/452
f 949/610/453 944/605/445 945/607/448
f 950/611/454 945/607/448 946/608/455
f 940/599/447 947/48/451 948/609/456
f 941/601/449 948/609/456 949/610/453
f 950/611/454 941/601/449 949/610/453
f 952/211/457 955/657/458 951/5/459
f 957/658/460 952/211/457 953/213/461
f 958/659/462 953/213/461 954/214/463
f 956/660/464 959/661/465 955/657/458
f 961/662/466 956/660/464 957/658/460
f 962/663/467 957/658/460 958/659/462
f 960/664/468 963/665/469 959/661/465
f 965/666/470 960/664/468 961/662/466
f 966/667/471 961/662/466 962/663/467
f 964/668/472 967/669/473 963/665/469
f 969/670/474 964/668/472 965/666/470
f 970/671/475 965/666/470 966/667/471
f 968/672/476 971/673/477 967/669/473
f 973/674/478 968/672/476 969/670/474
f 974/675/479 969/670/474 970/671/475
f 972/676/480 975/677/481 971/673/477
f 977/678/482 972/676/480 973/674/478
f 978/679/483 973/674/478 974/675/479
f 976/680/484 979/681/485 975/677/481
f 981/682/486 976/680/484 977/678/482
f 982/683/487 977/678/482 978/679/483
f 984/684/488 979/681/485 980/685/489
f 985/686/490 980/685/489 981/682/486
f 982/683/487 985/686/490 981/682/486
f 988/687/491 983/688/492 984/684/488
f 989/689/493 984/684/488 985/686/490
f 986/690/494 989/689/493 985/686/490
f 992/691/495 987/692/496 988/687/491
f 993/693/497 988/687/491 989/689/493
f 990/694/498 993/693/497 989/689/493
f 996/695/499 991/696/500 992/691/495
f 997/697/501 992/691/495 993/693/497
f 994/698/502 997/697/501 993/693/497
f 1000/699/503 995/700/504 996/695/499
f 1001/701/505 996/695/499 997/697/501
f 998/702/506 1001/701/505 997/697/501
f 1000/699/503 1003/703/507 999/704/508
f 1005/705/509 1000/699/503 1001/701/505
f 1006/706/510 1001/701/505 1002/707/511
f 1004/708/512 1007/709/513 1003/703/507
f 1009/710/514 1004/708/512 1005/705/509
f 1010/711/515 1005/705/509 1006/706/510
f 1008/712/516 1011/713/517 1007/709/513
f 1013/714/518 1008/712/516 1009/710/514
f 1014/715/519 1009/710/514 1010/711/515
f 1012/716/520 1015/717/521 1011/713/517
f 1017/718/522 1012/716/520 1013/714/518
f 1018/719/523 1013/714/518 1014/715/519
f 1016/720/524 1019/721/525 1015/717/521
f 1021/722/526 1016/720/524 1017/718/522
f 1022/723/527 1017/718/522 1018/719/523
f 1024/724/528 1019/721/525 1020/725/529
f 1025/726/530 1020/725/529 1021/722/526
f 1022/723/527 1025/726/530 1021/722/526
f 1028/727/531 1023/728/532 1024/724/528
f 1029/729/533 1024/724/528 1025/726/530
f 1026/730/534 1029/729/533 1025/726/530
f 1032/731/535 1027/732/536 1028/727/531
f 1033/733/537 1028/727/531 1029/729/533
f 1030/734/538 1033/733/537 1029/729/533
f 1036/735/539 1031/736/540 1032/731/535
f 1037/737/541 1032/731/535 1033/733/537
f 1034/738/542 1037/737/541 1033/733/537
f 1040/739/543 1035/740/544 1036/735/539
f 1041/741/545 1036/735/539 1037/737/541
f 1038/742/546 1041/741/545 1037/737/541
f 1040/739/543 1043/743/547 1039/744/548
f 1045/745/549 1040/739/543 1041/741/545
f 1046/746/550 1041/741/545 1042/747/551
f 1048/748/552 1043/743/547 1044/749/553
f 1049/750/554 1044/749/553 1045/745/549
f 1046/746/550 1049/750/554 1045/745/549
f 1052/751/555 1047/752/556 1048/748/552
f 1053/753/557 1048/748/552 1049/750/554
f 1050/754/558 1053/753/557 1049/750/554
f 1056/755/559 1051/756/560 1052/751/555
f 1057/757/561 1052/751/555 1053/753/557
f 1054/758/562 1057/757/561 1053/753/557
f 1060/759/563 1055/760/564 1056/755/559
f 1061/761/565 1056/755/559 1057/757/561
f 1058/762/566 1061/761/565 1057/757/561
f 1064/763/567 1059/764/568 1060/759/563
f 1065/765/569 1060/759/563 1061/761/565
f 1062/766/570 1065/765/569 1061/761/565
f 1068/767/571 1063/768/572 1064/763/567
f 1069/769/573 1064/763/567 1065/765/569
f 1066/770/574 1069/769/573 1065/765/569
f 1072/771/575 1067/772/576 1068/767/571
f 1073/773/577 1068/767/571 1069/769/573
f 1070/774/578 1073/773/577 1069/769/573
f 1076/775/579 1071/776/580 1072/771/575
f 1077/777/581 1072/771/575 1073/773/577
f 1074/778/582 1077/777/581 1073/773/577
f 1080/779/583 1075/780/584 1076/775/579
f 1081/781/585 1076/775/579 1077/777/581
f 1078/782/586 1081/781/585 1077/777/581
f 1084/783/587 1079/784/588 1080/779/583
f 1085/785/589 1080/779/583 1081/781/585
f 1082/786/590 1085/785/589 1081/781/585
f 1088/787/591 1083/788/592 1084/783/587
f 1089/789/593 1084/783/587 1085/785/589
f 1086/790/594 1089/789/593 1085/785/589
f 1092/791/595 1087/792/596 1088/787/591
f 1093/793/597 1088/787/591 1089/789/593
f 1090/794/598 1093/793/597 1089/789/593
f 1096/795/599 1091/796/600 1092/791/595
f 1097/797/601 1092/791/595 1093/793/597
f 1094/798/602 1097/797/601 1093/793/597
f 1100/799/603 1095/800/604 1096/795/599
f 1101/801/605 1096/795/599 1097/797/601
f 1098/802/606 1101/801/605 1097/797/601
f 1104/803/607 1099/804/608 1100/799/603
f 1105/805/609 1100/799/603 1101/801/605
f 1102/806/610 1105/805/609 1101/801/605
f 1104/803/607 1107/807/611 1103/808/612
f 1109/809/613 1104/803/607 1105/805/609
f 1110/810/614 1105/805/609 1106/811/615
f 1108/812/616 1111/813/617 1107/807/611
f 1113/814/618 1108/812/616 1109/809/613
f 1114/815/619 1109/809/613 1110/810/614
f 1112/816/620 1115/817/621 1111/813/617
f 1117/818/622 1112/816/620 1113/814/618
f 1118/819/623 1113/814/618 1114/815/619
f 1116/820/624 1119/821/625 1115/817/621
f 1121/822/626 1116/820/624 1117/818/622
f 1122/823/627 1117/818/622 1118/819/623
f 1120/824/628 1123/825/629 1119/821/625
f 1125/826/630 1120/824/628 1121/822/626
f 1126/827/631 1121/822/626 1122/823/627
f 1124/828/632 1127/829/633 1123/825/629
f 1129/830/634 1124/828/632 1125/826/630
f 1130/831/635 1125/826/630 1126/827/631
f 1128/832/636 1131/833/637 1127/829/633
f 1133/834/638 1128/832/636 1129/830/634
f 1134/835/639 1129/830/634 1130/831/635
f 1132/836/640 1135/837/641 1131/833/637
f 1137/838/642 1132/836/640 1133/834/638
f 1138/839/643 1133/834/638 1134/835/639
f 1136/840/644 1139/841/645 1135/837/641
f 1141/842/646 1136/840/644 1137/838/642
f 1142/843/647 1137/838/642 1138/839/643
f 1144/844/648 1139/841/645 1140/845/649
f 1145/846/650 1140/845/649 1141/842/646
f 1142/843/647 1145/846/650 1141/842/646
f 1148/847/651 1143/848/652 1144/844/648
f 1149/849/653 1144/844/648 1145/846/650
f 1146/850/654 1149/849/653 1145/846/650
f 1152/851/655 1147/852/656 1148/847/651
f 1153/853/657 1148/847/651 1149/849/653
f 1150/854/658 1153/853/657 1149/849/653
f 1156/855/659 1151/856/660 1152/851/655
f 1157/857/661 1152/851/655 1153/853/657
f 1154/858/662 1157/857/661 1153/853/657
f 1160/859/663 1155/860/664 1156/855/659
f 1161/861/665 1156/855/659 1157/857/661
f 1158/862/666 1161/861/665 1157/857/661
f 1164/863/667 1159/864/668 1160/859/663
f 1165/865/669 1160/859/663 1161/861/665
f 1162/866/670 1165/865/669 1161/861/665
f 1168/867/671 1163/868/672 1164/863/667
f 1169/869/673 1164/863/667 1165/865/669
f 1166/870/674 1169/869/673 1165/865/669
f 1172/871/675 1167/872/676 1168/867/671
f 1173/873/677 1168/867/671 1169/869/673
f 1170/874/678 1173/873/677 1169/869/673
f 1176/875/679 1171/876/680 1172/871/675
f 1177/877/681 1172/871/675 1173/873/677
f 1174/878/682 1177/877/681 1173/873/677
f 1180/879/683 1175/880/684 1176/875/679
f 1181/881/685 1176/875/679 1177/877/681
f 1178/882/686 1181/881/685 1177/877/681
f 1180/879/683 1183/883/687 1179/884/688
f 1185/885/689 1180/879/683 1181/881/685
f 1186/886/690 1181/881/685 1182/887/691
f 1184/888/692 1187/889/693 1183/883/687
f 1189/890/694 1184/888/692 1185/885/689
f 1190/891/695 1185/885/689 1186/886/690
f 1188/892/696 1191/893/697 1187/889/693
f 1193/894/698 1188/892/696 1189/890/694
f 1194/895/699 1189/890/694 1190/891/695
f 1192/896/700 1195/897/701 1191/893/697
f 1197/898/702 1192/896/700 1193/894/698
f 1198/899/703 1193/894/698 1194/895/699
f 1200/900/704 1195/897/701 1196/901/705
f 1201/902/706 1196/901/705 1197/898/702
f 1198/899/703 1201/902/706 1197/898/702
f 1200/900/704 1203/903/403 1199/904/403
f 1205/905/707 1200/900/704 1201/902/706
f 1206/906/400 1201/902/706 1202/907/400
f 1208/908/402 1203/903/403 1204/909/395
f 1209/910/404 1204/909/395 1205/905/707
f 1210/911/409 1205/905/707 1206/906/400
f 1212/912/405 1207/913/406 1208/908/402
f 1213/914/407 1208/908/402 1209/910/404
f 1214/915/408 1209/910/404 1210/911/409
f 1216/916/708 1211/917/410 1212/912/405
f 1217/918/709 1212/912/405 1213/914/407
f 1214/915/408 1217/918/709 1213/914/407
f 1216/916/708 951/17/459 1215/919/710
f 953/601/461 1216/916/708 1217/918/709
f 954/615/463 1217/918/709 1218/920/711
f 1224/921/712 1219/5/713 1220/211/714
f 1225/922/715 1220/211/714 1221/213/716
f 1222/214/717 1225/922/715 1221/213/716
f 1228/923/718 1223/924/719 1224/921/712
f 1229/925/720 1224/921/712 1225/922/715
f 1226/926/721 1229/925/720 1225/922/715
f 1232/927/722 1227/928/723 1228/923/718
f 1233/929/724 1228/923/718 1229/925/720
f 1230/930/725 1233/929/724 1229/925/720
f 1236/931/726 1231/932/727 1232/927/722
f 1237/933/728 1232/927/722 1233/929/724
f 1234/934/729 1237/933/728 1233/929/724
f 1240/935/730 1235/936/731 1236/931/726
f 1241/937/732 1236/931/726 1237/933/728
f 1238/938/733 1241/937/732 1237/933/728
f 1244/939/734 1239/940/735 1240/935/730
f 1245/941/736 1240/935/730 1241/937/732
f 1242/942/737 1245/941/736 1241/937/732
f 1244/939/734 1247/943/738 1243/944/739
f 1249/945/740 1244/939/734 1245/941/736
f 1250/946/741 1245/941/736 1246/947/742
f 1248/948/743 1251/949/744 1247/943/738
f 1253/950/745 1248/948/743 1249/945/740
f 1254/951/746 1249/945/740 1250/946/741
f 1252/952/747 1255/73/748 1251/949/744
f 1257/607/749 1252/952/747 1253/950/745
f 1258/608/750 1253/950/745 1254/951/746
f 1256/605/751 1259/953/752 1255/73/748
f 1261/954/753 1256/605/751 1257/607/749
f 1262/955/754 1257/607/749 1258/608/750
f 1260/956/755 1263/957/756 1259/953/752
f 1265/958/757 1260/956/755 1261/954/753
f 1266/959/758 1261/954/753 1262/955/754
f 1264/960/759 1267/961/760 1263/957/756
f 1269/962/761 1264/960/759 1265/958/757
f 1270/963/762 1265/958/757 1266/959/758
f 1272/964/763 1267/961/760 1268/965/764
f 1273/966/765 1268/965/764 1269/962/761
f 1270/963/762 1273/966/765 1269/962/761
f 1276/967/766 1271/968/767 1272/964/763
f 1277/969/768 1272/964/763 1273/966/765
f 1274/970/769 1277/969/768 1273/966/765
f 1280/971/770 1275/972/771 1276/967/766
f 1281/973/772 1276/967/766 1277/969/768
f 1278/974/773 1281/973/772 1277/969/768
f 1284/975/774 1279/976/775 1280/971/770
f 1285/977/776 1280/971/770 1281/973/772
f 1282/978/777 1285/977/776 1281/973/772
f 1288/979/778 1283/980/779 1284/975/774
f 1289/981/780 1284/975/774 1285/977/776
f 1286/982/781 1289/981/780 1285/977/776
f 1288/979/778 1291/48/782 1287/983/783
f 1293/610/784 1288/979/778 1289/981/780
f 1294/611/785 1289/981/780 1290/984/786
f 1292/609/787 1295/985/788 1291/48/782
f 1297/986/789 1292/609/787 1293/610/784
f 1298/987/790 1293/610/784 1294/611/785
f 1296/988/791 1299/989/792 1295/985/788
f 1301/990/793 1296/988/791 1297/986/789
f 1302/991/794 1297/986/789 1298/987/790
f 1300/992/795 1303/993/796 1299/989/792
f 1305/994/797 1300/992/795 1301/990/793
f 1306/995/798 1301/990/793 1302/991/794
f 1304/996/799 1307/997/800 1303/993/796
f 1309/998/801 1304/996/799 1305/994/797
f 1310/999/802 1305/994/797 1306/995/798
f 1308/1000/803 1311/1001/804 1307/997/800
f 1313/1002/805 1308/1000/803 1309/998/801
f 1314/1003/806 1309/998/801 1310/999/802
f 1312/1004/807 1315/1005/808 1311/1001/804
f 1317/1006/809 1312/1004/807 1313/1002/805
f 1318/1007/810 1313/1002/805 1314/1003/806
f 1320/1008/414 1315/1005/808 1316/1009/811
f 1321/1010/415 1316/1009/811 1317/1006/809
f 1318/1007/810 1321/1010/415 1317/1006/809
f 1324/1011/412 1319/1012/403 1320/1008/414
f 1325/1013/413 1320/1008/414 1321/1010/415
f 1322/1014/400 1325/1013/413 1321/1010/415
f 1324/1011/412 1219/17/713 1323/1015/396
f 1221/601/716 1324/1011/412 1325/1013/413
f 1222/615/717 1325/1013/413 1326/1016/401
f 448/210/3 447/216/10 443/5/4
f 449/212/6 448/210/3 444/211/5
f 446/214/8 450/218/12 449/212/6
f 452/215/9 451/220/14 447/216/10
f 453/217/11 452/215/9 448/210/3
f 450/218/12 454/222/16 453/217/11
f 456/219/13 455/224/18 451/220/14
f 457/221/15 456/219/13 452/215/9
f 454/222/16 458/226/20 457/221/15
f 460/223/17 459/228/22 455/224/18
f 461/225/19 460/223/17 456/219/13
f 458/226/20 462/230/24 461/225/19
f 464/227/21 463/232/26 459/228/22
f 465/229/23 464/227/21 460/223/17
f 462/230/24 466/234/28 465/229/23
f 468/231/25 467/236/30 463/232/26
f 469/233/27 468/231/25 464/227/21
f 466/234/28 470/238/32 469/233/27
f 472/235/29 471/240/34 467/236/30
f 473/237/31 472/235/29 468/231/25
f 470/238/32 474/242/36 473/237/31
f 476/239/33 475/244/38 471/240/34
f 477/241/35 476/239/33 472/235/29
f 474/242/36 478/247/41 477/241/35
f 476/239/33 480/248/42 479/243/37
f 481/245/39 480/248/42 476/239/33
f 482/246/40 481/245/39 477/241/35
f 480/248/42 484/253/47 483/249/43
f 485/250/44 484/253/47 480/248/42
f 486/251/45 485/250/44 481/245/39
f 488/252/46 487/256/50 483/249/43
f 489/254/48 488/252/46 484/253/47
f 486/251/45 490/258/52 489/254/48
f 492/255/49 491/260/54 487/256/50
f 493/257/51 492/255/49 488/252/46
f 490/258/52 494/262/56 493/257/51
f 496/259/53 495/264/58 491/260/54
f 497/261/55 496/259/53 492/255/49
f 494/262/56 498/266/60 497/261/55
f 500/263/57 499/268/62 495/264/58
f 501/265/59 500/263/57 496/259/53
f 498/266/60 502/270/64 501/265/59
f 504/267/61 503/272/66 499/268/62
f 505/269/63 504/267/61 500/263/57
f 502/270/64 506/274/68 505/269/63
f 508/271/65 507/276/70 503/272/66
f 509/273/67 508/271/65 504/267/61
f 506/274/68 510/278/72 509/273/67
f 512/275/69 511/280/74 507/276/70
f 513/277/71 512/275/69 508/271/65
f 510/278/72 514/282/76 513/277/71
f 516/279/73 515/284/78 511/280/74
f 517/281/75 516/279/73 512/275/69
f 514/282/76 518/286/80 517/281/75
f 520/283/77 519/288/82 515/284/78
f 521/285/79 520/283/77 516/279/73
f 518/286/80 522/291/85 521/285/79
f 520/283/77 524/292/86 523/287/81
f 525/289/83 524/292/86 520/283/77
f 526/290/84 525/289/83 521/285/79
f 524/292/86 528/296/90 527/293/87
f 529/294/88 528/296/90 524/292/86
f 530/295/89 529/294/88 525/289/83
f 528/296/90 532/300/94 531/297/91
f 533/298/92 532/300/94 528/296/90
f 534/299/93 533/298/92 529/294/88
f 532/300/94 536/305/99 535/301/95
f 537/302/96 536/305/99 532/300/94
f 538/303/97 537/302/96 533/298/92
f 540/304/98 539/308/102 535/301/95
f 541/306/100 540/304/98 536/305/99
f 538/303/97 542/310/104 541/306/100
f 544/307/101 543/312/106 539/308/102
f 545/309/103 544/307/101 540/304/98
f 542/310/104 546/314/108 545/309/103
f 548/311/105 547/316/110 543/312/106
f 549/313/107 548/311/105 544/307/101
f 546/314/108 550/318/112 549/313/107
f 552/315/109 551/320/114 547/316/110
f 553/317/111 552/315/109 548/311/105
f 550/318/112 554/322/116 553/317/111
f 556/319/113 555/324/118 551/320/114
f 557/321/115 556/319/113 552/315/109
f 554/322/116 558/327/121 557/321/115
f 556/319/113 560/328/122 559/323/117
f 561/325/119 560/328/122 556/319/113
f 562/326/120 561/325/119 557/321/115
f 560/328/122 564/332/126 563/329/123
f 565/330/124 564/332/126 560/328/122
f 566/331/125 565/330/124 561/325/119
f 564/332/126 568/336/130 567/333/127
f 569/334/128 568/336/130 564/332/126
f 570/335/129 569/334/128 565/330/124
f 568/336/130 572/340/134 571/337/131
f 573/338/132 572/340/134 568/336/130
f 574/339/133 573/338/132 569/334/128
f 572/340/134 576/344/138 575/341/135
f 577/342/136 576/344/138 572/340/134
f 578/343/137 577/342/136 573/338/132
f 576/344/138 580/348/142 579/345/139
f 581/346/140 580/348/142 576/344/138
f 582/347/141 581/346/140 577/342/136
f 580/348/142 584/352/146 583/349/143
f 585/350/144 584/352/146 580/348/142
f 586/351/145 585/350/144 581/346/140
f 584/352/146 588/356/150 587/353/147
f 589/354/148 588/356/150 584/352/146
f 590/355/149 589/354/148 585/350/144
f 588/356/150 592/360/154 591/357/151
f 593/358/152 592/360/154 588/356/150
f 594/359/153 593/358/152 589/354/148
f 592/360/154 596/364/158 595/361/155
f 597/362/156 596/364/158 592/360/154
f 598/363/157 597/362/156 593/358/152
f 596/364/158 600/368/162 599/365/159
f 601/366/160 600/368/162 596/364/158
f 602/367/161 601/366/160 597/362/156
f 600/368/162 604/372/166 603/369/163
f 605/370/164 604/372/166 600/368/162
f 606/371/165 605/370/164 601/366/160
f 604/372/166 608/376/170 607/373/167
f 609/374/168 608/376/170 604/372/166
f 610/375/169 609/374/168 605/370/164
f 608/376/170 612/380/174 611/377/171
f 613/378/172 612/380/174 608/376/170
f 614/379/173 613/378/172 609/374/168
f 612/380/174 616/384/178 615/381/175
f 617/382/176 616/384/178 612/380/174
f 618/383/177 617/382/176 613/378/172
f 616/384/178 620/388/182 619/385/179
f 621/386/180 620/388/182 616/384/178
f 622/387/181 621/386/180 617/382/176
f 620/388/182 624/392/186 623/389/183
f 625/390/184 624/392/186 620/388/182
f 626/391/185 625/390/184 621/386/180
f 624/392/186 628/396/190 627/393/187
f 629/394/188 628/396/190 624/392/186
f 630/395/189 629/394/188 625/390/184
f 628/396/190 632/401/195 631/397/191
f 633/398/192 632/401/195 628/396/190
f 634/399/193 633/398/192 629/394/188
f 636/400/194 635/404/198 631/397/191
f 637/402/196 636/400/194 632/401/195
f 634/399/193 638/406/200 637/402/196
f 640/403/197 639/97/202 635/404/198
f 641/405/199 640/403/197 636/400/194
f 638/406/200 642/410/205 641/405/199
f 640/403/197 644/411/206 643/407/201
f 645/408/203 644/411/206 640/403/197
f 646/409/204 645/408/203 641/405/199
f 644/411/206 648/415/210 647/412/207
f 649/413/208 648/415/210 644/411/206
f 650/414/209 649/413/208 645/408/203
f 648/415/210 652/419/214 651/416/211
f 653/417/212 652/419/214 648/415/210
f 654/418/213 653/417/212 649/413/208
f 652/419/214 656/423/218 655/420/215
f 657/421/216 656/423/218 652/419/214
f 658/422/217 657/421/216 653/417/212
f 656/423/218 660/427/222 659/424/219
f 661/425/220 660/427/222 656/423/218
f 662/426/221 661/425/220 657/421/216
f 660/427/222 664/432/227 663/428/223
f 665/429/224 664/432/227 660/427/222
f 666/430/225 665/429/224 661/425/220
f 668/431/226 667/435/230 663/428/223
f 669/433/228 668/431/226 664/432/227
f 666/430/225 670/437/232 669/433/228
f 672/434/229 671/439/234 667/435/230
f 673/436/231 672/434/229 668/431/226
f 670/437/232 674/441/236 673/436/231
f 676/438/233 675/443/238 671/439/234
f 677/440/235 676/438/233 672/434/229
f 674/441/236 678/445/240 677/440/235
f 680/442/237 679/447/242 675/443/238
f 681/444/239 680/442/237 676/438/233
f 678/445/240 682/450/245 681/444/239
f 680/442/237 684/451/246 683/446/241
f 685/448/243 684/451/246 680/442/237
f 686/449/244 685/448/243 681/444/239
f 684/451/246 688/455/250 687/452/247
f 689/453/248 688/455/250 684/451/246
f 690/454/249 689/453/248 685/448/243
f 688/455/250 692/459/254 691/456/251
f 693/457/252 692/459/254 688/455/250
f 694/458/253 693/457/252 689/453/248
f 692/459/254 696/464/259 695/460/255
f 697/461/256 696/464/259 692/459/254
f 698/462/257 697/461/256 693/457/252
f 700/463/258 699/467/262 695/460/255
f 701/465/260 700/463/258 696/464/259
f 698/462/257 702/469/264 701/465/260
f 704/466/261 703/471/266 699/467/262
f 705/468/263 704/466/261 700/463/258
f 702/469/264 706/473/268 705/468/263
f 708/470/265 707/475/270 703/471/266
f 709/472/267 708/470/265 704/466/261
f 706/473/268 710/477/272 709/472/267
f 712/474/269 711/479/274 707/475/270
f 713/476/271 712/474/269 708/470/265
f 710/477/272 714/481/276 713/476/271
f 716/478/273 715/483/278 711/479/274
f 717/480/275 716/478/273 712/474/269
f 714/481/276 718/485/280 717/480/275
f 720/482/277 719/487/282 715/483/278
f 721/484/279 720/482/277 716/478/273
f 718/485/280 722/489/284 721/484/279
f 724/486/281 723/491/286 719/487/282
f 725/488/283 724/486/281 720/482/277
f 722/489/284 726/494/289 725/488/283
f 724/486/281 728/495/290 727/490/285
f 729/492/287 728/495/290 724/486/281
f 730/493/288 729/492/287 725/488/283
f 728/495/290 732/499/294 731/496/291
f 733/497/292 732/499/294 728/495/290
f 734/498/293 733/497/292 729/492/287
f 732/499/294 736/503/298 735/500/295
f 737/501/296 736/503/298 732/499/294
f 738/502/297 737/501/296 733/497/292
f 736/503/298 740/507/302 739/504/299
f 741/505/300 740/507/302 736/503/298
f 742/506/301 741/505/300 737/501/296
f 740/507/302 744/511/306 743/508/303
f 745/509/304 744/511/306 740/507/302
f 746/510/305 745/509/304 741/505/300
f 744/511/306 748/515/310 747/512/307
f 749/513/308 748/515/310 744/511/306
f 750/514/309 749/513/308 745/509/304
f 748/515/310 752/520/315 751/516/311
f 753/517/312 752/520/315 748/515/310
f 754/518/313 753/517/312 749/513/308
f 756/519/314 755/523/318 751/516/311
f 757/521/316 756/519/314 752/520/315
f 754/518/313 758/525/320 757/521/316
f 760/522/317 759/527/322 755/523/318
f 761/524/319 760/522/317 756/519/314
f 758/525/320 762/529/324 761/524/319
f 764/526/321 763/531/326 759/527/322
f 765/528/323 764/526/321 760/522/317
f 762/529/324 766/533/328 765/528/323
f 768/530/325 767/535/330 763/531/326
f 769/532/327 768/530/325 764/526/321
f 766/533/328 770/537/332 769/532/327
f 772/534/329 771/539/334 767/535/330
f 773/536/331 772/534/329 768/530/325
f 770/537/332 774/541/336 773/536/331
f 776/538/333 775/543/338 771/539/334
f 777/540/335 776/538/333 772/534/329
f 774/541/336 778/545/340 777/540/335
f 780/542/337 779/547/342 775/543/338
f 781/544/339 780/542/337 776/538/333
f 778/545/340 782/549/344 781/544/339
f 784/546/341 783/551/346 779/547/342
f 785/548/343 784/546/341 780/542/337
f 782/549/344 786/553/348 785/548/343
f 788/550/345 787/555/350 783/551/346
f 789/552/347 788/550/345 784/546/341
f 786/553/348 790/557/352 789/552/347
f 792/554/349 791/559/354 787/555/350
f 793/556/351 792/554/349 788/550/345
f 790/557/352 794/561/356 793/556/351
f 796/558/353 795/563/358 791/559/354
f 797/560/355 796/558/353 792/554/349
f 794/561/356 798/565/360 797/560/355
f 800/562/357 799/567/362 795/563/358
f 801/564/359 800/562/357 796/558/353
f 798/565/360 802/569/364 801/564/359
f 804/566/361 803/571/366 799/567/362
f 805/568/363 804/566/361 800/562/357
f 802/569/364 806/573/368 805/568/363
f 808/570/365 807/575/370 803/571/366
f 809/572/367 808/570/365 804/566/361
f 806/573/368 810/577/372 809/572/367
f 812/574/369 811/579/374 807/575/370
f 813/576/371 812/574/369 808/570/365
f 810/577/372 814/581/376 813/576/371
f 816/578/373 815/583/378 811/579/374
f 817/580/375 816/578/373 812/574/369
f 814/581/376 818/585/380 817/580/375
f 820/582/377 819/587/382 815/583/378
f 821/584/379 820/582/377 816/578/373
f 818/585/380 822/589/384 821/584/379
f 824/586/381 823/591/386 819/587/382
f 825/588/383 824/586/381 820/582/377
f 822/589/384 826/594/389 825/588/383
f 824/586/381 828/595/390 827/590/385
f 829/592/387 828/595/390 824/586/381
f 830/593/388 829/592/387 825/588/383
f 828/595/390 832/600/394 831/596/391
f 833/597/392 832/600/394 828/595/390
f 834/598/393 833/597/392 829/592/387
f 444/599/5 443/17/4 831/596/391
f 445/601/7 444/599/5 832/600/394
f 834/598/393 446/615/8 445/601/7
f 840/602/395 839/606/403 835/5/396
f 841/603/398 840/602/395 836/211/397
f 842/604/400 841/603/398 837/213/399
f 844/605/402 843/73/406 839/606/403
f 845/607/404 844/605/402 840/602/395
f 842/604/400 846/608/409 845/607/404
f 848/403/405 847/97/410 843/73/406
f 849/405/407 848/403/405 844/605/402
f 850/410/408 849/405/407 845/607/404
f 852/609/397 851/48/396 847/97/410
f 853/610/411 852/609/397 848/403/405
f 854/611/401 853/610/411 849/405/407
f 856/612/412 855/614/396 851/48/396
f 857/613/413 856/612/412 852/609/397
f 854/611/401 858/616/401 857/613/413
f 856/612/412 836/599/397 835/17/396
f 837/601/399 836/599/397 856/612/412
f 838/615/401 837/601/399 857/613/413
f 864/617/412 863/619/396 859/5/403
f 865/618/413 864/617/412 860/211/414
f 862/214/400 866/620/401 865/618/413
f 864/617/412 868/602/397 867/606/396
f 869/603/399 868/602/397 864/617/412
f 870/604/401 869/603/399 865/618/413
f 872/621/416 871/624/403 867/606/396
f 873/622/398 872/621/416 868/602/397
f 874/623/400 873/622/398 869/603/399
f 876/605/414 875/73/403 871/624/403
f 877/607/415 876/605/414 872/621/416
f 874/623/400 878/608/400 877/607/415
f 880/625/412 879/628/396 875/73/403
f 881/626/413 880/625/412 876/605/414
f 882/627/401 881/626/413 877/607/415
f 880/625/412 884/403/397 883/97/396
f 885/405/399 884/403/397 880/625/412
f 886/410/401 885/405/399 881/626/413
f 888/629/395 887/632/403 883/97/396
f 889/630/398 888/629/395 884/403/397
f 890/631/400 889/630/398 885/405/399
f 892/609/402 891/48/406 887/632/403
f 893/610/404 892/609/402 888/629/395
f 894/611/409 893/610/404 889/630/398
f 896/633/405 895/636/410 891/48/406
f 897/634/407 896/633/405 892/609/402
f 898/635/408 897/634/407 893/610/404
f 900/612/397 899/614/396 895/636/410
f 901/613/411 900/612/397 896/633/405
f 902/616/401 901/613/411 897/634/407
f 904/637/416 903/640/403 899/614/396
f 905/638/398 904/637/416 900/612/397
f 906/639/400 905/638/398 901/613/411
f 860/599/414 859/17/403 903/640/403
f 861/601/415 860/599/414 904/637/416
f 906/639/400 862/615/400 861/601/415
f 912/641/417 911/643/418 907/5/418
f 913/642/420 912/641/417 908/211/419
f 910/214/422 914/644/422 913/642/420
f 916/621/423 915/624/425 911/643/418
f 917/622/424 916/621/423 912/641/417
f 914/644/422 918/623/427 917/622/424
f 916/621/423 920/648/428 919/645/425
f 921/646/426 920/648/428 916/621/423
f 922/647/427 921/646/426 917/622/424
f 920/648/428 924/403/433 923/97/429
f 925/405/430 924/403/433 920/648/428
f 926/410/431 925/405/430 921/646/426
f 928/649/432 927/651/436 923/97/429
f 929/650/434 928/649/432 924/403/433
f 926/410/431 930/652/438 929/650/434
f 932/633/435 931/636/440 927/651/436
f 933/634/437 932/633/435 928/649/432
f 930/652/438 934/635/443 933/634/437
f 932/633/435 936/656/444 935/653/439
f 937/654/441 936/656/444 932/633/435
f 938/655/442 937/654/441 933/634/437
f 908/599/419 907/17/418 935/653/439
f 909/601/421 908/599/419 936/656/444
f 938/655/442 910/615/422 909/601/421
f 944/605/445 943/73/452 939/5/446
f 945/607/448 944/605/445 940/211/447
f 942/214/450 946/608/455 945/607/448
f 944/605/445 948/609/456 947/48/451
f 949/610/453 948/609/456 944/605/445
f 950/611/454 949/610/453 945/607/448
f 940/599/447 939/17/446 947/48/451
f 941/601/449 940/599/447 948/609/456
f 950/611/454 942/615/450 941/601/449
f 952/211/457 956/660/464 955/657/458
f 957/658/460 956/660/464 952/211/457
f 958/659/462 957/658/460 953/213/461
f 956/660/464 960/664/468 959/661/465
f 961/662/466 960/664/468 956/660/464
f 962/663/467 961/662/466 957/658/460
f 960/664/468 964/668/472 963/665/469
f 965/666/470 964/668/472 960/664/468
f 966/667/471 965/666/470 961/662/466
f 964/668/472 968/672/476 967/669/473
f 969/670/474 968/672/476 964/668/472
f 970/671/475 969/670/474 965/666/470
f 968/672/476 972/676/480 971/673/477
f 973/674/478 972/676/480 968/672/476
f 974/675/479 973/674/478 969/670/474
f 972/676/480 976/680/484 975/677/481
f 977/678/482 976/680/484 972/676/480
f 978/679/483 977/678/482 973/674/478
f 976/680/484 980/685/489 979/681/485
f 981/682/486 980/685/489 976/680/484
f 982/683/487 981/682/486 977/678/482
f 984/684/488 983/688/492 979/681/485
f 985/686/490 984/684/488 980/685/489
f 982/683/487 986/690/494 985/686/490
f 988/687/491 987/692/496 983/688/492
f 989/689/493 988/687/491 984/684/488
f 986/690/494 990/694/498 989/689/493
f 992/691/495 991/696/500 987/692/496
f 993/693/497 992/691/495 988/687/491
f 990/694/498 994/698/502 993/693/497
f 996/695/499 995/700/504 991/696/500
f 997/697/501 996/695/499 992/691/495
f 994/698/502 998/702/506 997/697/501
f 1000/699/503 999/704/508 995/700/504
f 1001/701/505 1000/699/503 996/695/499
f 998/702/506 1002/707/511 1001/701/505
f 1000/699/503 1004/708/512 1003/703/507
f 1005/705/509 1004/708/512 1000/699/503
f 1006/706/510 1005/705/509 1001/701/505
f 1004/708/512 1008/712/516 1007/709/513
f 1009/710/514 1008/712/516 1004/708/512
f 1010/711/515 1009/710/514 1005/705/509
f 1008/712/516 1012/716/520 1011/713/517
f 1013/714/518 1012/716/520 1008/712/516
f 1014/715/519 1013/714/518 1009/710/514
f 1012/716/520 1016/720/524 1015/717/521
f 1017/718/522 1016/720/524 1012/716/520
f 1018/719/523 1017/718/522 1013/714/518
f 1016/720/524 1020/725/529 1019/721/525
f 1021/722/526 1020/725/529 1016/720/524
f 1022/723/527 1021/722/526 1017/718/522
f 1024/724/528 1023/728/532 1019/721/525
f 1025/726/530 1024/724/528 1020/725/529
f 1022/723/527 1026/730/534 1025/726/530
f 1028/727/531 1027/732/536 1023/728/532
f 1029/729/533 1028/727/531 1024/724/528
f 1026/730/534 1030/734/538 1029/729/533
f 1032/731/535 1031/736/540 1027/732/536
f 1033/733/537 1032/731/535 1028/727/531
f 1030/734/538 1034/738/542 1033/733/537
f 1036/735/539 1035/740/544 1031/736/540
f 1037/737/541 1036/735/539 1032/731/535
f 1034/738/542 1038/742/546 1037/737/541
f 1040/739/543 1039/744/548 1035/740/544
f 1041/741/545 1040/739/543 1036/735/539
f 1038/742/546 1042/747/551 1041/741/545
f 1040/739/543 1044/749/553 1043/743/547
f 1045/745/549 1044/749/553 1040/739/543
f 1046/746/550 1045/745/549 1041/741/545
f 1048/748/552 1047/752/556 1043/743/547
f 1049/750/554 1048/748/552 1044/749/553
f 1046/746/550 1050/754/558 1049/750/554
f 1052/751/555 1051/756/560 1047/752/556
f 1053/753/557 1052/751/555 1048/748/552
f 1050/754/558 1054/758/562 1053/753/557
f 1056/755/559 1055/760/564 1051/756/560
f 1057/757/561 1056/755/559 1052/751/555
f 1054/758/562 1058/762/566 1057/757/561
f 1060/759/563 1059/764/568 1055/760/564
f 1061/761/565 1060/759/563 1056/755/559
f 1058/762/566 1062/766/570 1061/761/565
f 1064/763/567 1063/768/572 1059/764/568
f 1065/765/569 1064/763/567 1060/759/563
f 1062/766/570 1066/770/574 1065/765/569
f 1068/767/571 1067/772/576 1063/768/572
f 1069/769/573 1068/767/571 1064/763/567
f 1066/770/574 1070/774/578 1069/769/573
f 1072/771/575 1071/776/580 1067/772/576
f 1073/773/577 1072/771/575 1068/767/571
f 1070/774/578 1074/778/582 1073/773/577
f 1076/775/579 1075/780/584 1071/776/580
f 1077/777/581 1076/775/579 1072/771/575
f 1074/778/582 1078/782/586 1077/777/581
f 1080/779/583 1079/784/588 1075/780/584
f 1081/781/585 1080/779/583 1076/775/579
f 1078/782/586 1082/786/590 1081/781/585
f 1084/783/587 1083/788/592 1079/784/588
f 1085/785/589 1084/783/587 1080/779/583
f 1082/786/590 1086/790/594 1085/785/589
f 1088/787/591 1087/792/596 1083/788/592
f 1089/789/593 1088/787/591 1084/783/587
f 1086/790/594 1090/794/598 1089/789/593
f 1092/791/595 1091/796/600 1087/792/596
f 1093/793/597 1092/791/595 1088/787/591
f 1090/794/598 1094/798/602 1093/793/597
f 1096/795/599 1095/800/604 1091/796/600
f 1097/797/601 1096/795/599 1092/791/595
f 1094/798/602 1098/802/606 1097/797/601
f 1100/799/603 1099/804/608 1095/800/604
f 1101/801/605 1100/799/603 1096/795/599
f 1098/802/606 1102/806/610 1101/801/605
f 1104/803/607 1103/808/612 1099/804/608
f 1105/805/609 1104/803/607 1100/799/603
f 1102/806/610 1106/811/615 1105/805/609
f 1104/803/607 1108/812/616 1107/807/611
f 1109/809/613 1108/812/616 1104/803/607
f 1110/810/614 1109/809/613 1105/805/609
f 1108/812/616 1112/816/620 1111/813/617
f 1113/814/618 1112/816/620 1108/812/616
f 1114/815/619 1113/814/618 1109/809/613
f 1112/816/620 1116/820/624 1115/817/621
f 1117/818/622 1116/820/624 1112/816/620
f 1118/819/623 1117/818/622 1113/814/618
f 1116/820/624 1120/824/628 1119/821/625
f 1121/822/626 1120/824/628 1116/820/624
f 1122/823/627 1121/822/626 1117/818/622
f 1120/824/628 1124/828/632 1123/825/629
f 1125/826/630 1124/828/632 1120/824/628
f 1126/827/631 1125/826/630 1121/822/626
f 1124/828/632 1128/832/636 1127/829/633
f 1129/830/634 1128/832/636 1124/828/632
f 1130/831/635 1129/830/634 1125/826/630
f 1128/832/636 1132/836/640 1131/833/637
f 1133/834/638 1132/836/640 1128/832/636
f 1134/835/639 1133/834/638 1129/830/634
f 1132/836/640 1136/840/644 1135/837/641
f 1137/838/642 1136/840/644 1132/836/640
f 1138/839/643 1137/838/642 1133/834/638
f 1136/840/644 1140/845/649 1139/841/645
f 1141/842/646 1140/845/649 1136/840/644
f 1142/843/647 1141/842/646 1137/838/642
f 1144/844/648 1143/848/652 1139/841/645
f 1145/846/650 1144/844/648 1140/845/649
f 1142/843/647 1146/850/654 1145/846/650
f 1148/847/651 1147/852/656 1143/848/652
f 1149/849/653 1148/847/651 1144/844/648
f 1146/850/654 1150/854/658 1149/849/653
f 1152/851/655 1151/856/660 1147/852/656
f 1153/853/657 1152/851/655 1148/847/651
f 1150/854/658 1154/858/662 1153/853/657
f 1156/855/659 1155/860/664 1151/856/660
f 1157/857/661 1156/855/659 1152/851/655
f 1154/858/662 1158/862/666 1157/857/661
f 1160/859/663 1159/864/668 1155/860/664
f 1161/861/665 1160/859/663 1156/855/659
f 1158/862/666 1162/866/670 1161/861/665
f 1164/863/667 1163/868/672 1159/864/668
f 1165/865/669 1164/863/667 1160/859/663
f 1162/866/670 1166/870/674 1165/865/669
f 1168/867/671 1167/872/676 1163/868/672
f 1169/869/673 1168/867/671 1164/863/667
f 1166/870/674 1170/874/678 1169/869/673
f 1172/871/675 1171/876/680 1167/872/676
f 1173/873/677 1172/871/675 1168/867/671
f 1170/874/678 1174/878/682 1173/873/677
f 1176/875/679 1175/880/684 1171/876/680
f 1177/877/681 1176/875/679 1172/871/675
f 1174/878/682 1178/882/686 1177/877/681
f 1180/879/683 1179/884/688 1175/880/684
f 1181/881/685 1180/879/683 1176/875/679
f 1178/882/686 1182/887/691 1181/881/685
f 1180/879/683 1184/888/692 1183/883/687
f 1185/885/689 1184/888/692 1180/879/683
f 1186/886/690 1185/885/689 1181/881/685
f 1184/888/692 1188/892/696 1187/889/693
f 1189/890/694 1188/892/696 1184/888/692
f 1190/891/695 1189/890/694 1185/885/689
f 1188/892/696 1192/896/700 1191/893/697
f 1193/894/698 1192/896/700 1188/892/696
f 1194/895/699 1193/894/698 1189/890/694
f 1192/896/700 1196/901/705 1195/897/701
f 1197/898/702 1196/901/705 1192/896/700
f 1198/899/703 1197/898/702 1193/894/698
f 1200/900/704 1199/904/403 1195/897/701
f 1201/902/706 1200/900/704 1196/901/705
f 1198/899/703 1202/907/400 1201/902/706
f 1200/900/704 1204/909/395 1203/903/403
f 1205/905/707 1204/909/395 1200/900/704
f 1206/906/400 1205/905/707 1201/902/706
f 1208/908/402 1207/913/406 1203/903/403
f 1209/910/404 1208/908/402 1204/909/395
f 1210/911/409 1209/910/404 1205/905/707
f 1212/912/405 1211/917/410 1207/913/406
f 1213/914/407 1212/912/405 1208/908/402
f 1214/915/408 1213/914/407 1209/910/404
f 1216/916/708 1215/919/710 1211/917/410
f 1217/918/709 1216/916/708 1212/912/405
f 1214/915/408 1218/920/711 1217/918/709
f 1216/916/708 952/599/457 951/17/459
f 953/601/461 952/599/457 1216/916/708
f 954/615/463 953/601/461 1217/918/709
f 1224/921/712 1223/924/719 1219/5/713
f 1225/922/715 1224/921/712 1220/211/714
f 1222/214/717 1226/926/721 1225/922/715
f 1228/923/718 1227/928/723 1223/924/719
f 1229/925/720 1228/923/718 1224/921/712
f 1226/926/721 1230/930/725 1229/925/720
f 1232/927/722 1231/932/727 1227/928/723
f 1233/929/724 1232/927/722 1228/923/718
f 1230/930/725 1234/934/729 1233/929/724
f 1236/931/726 1235/936/731 1231/932/727
f 1237/933/728 1236/931/726 1232/927/722
f 1234/934/729 1238/938/733 1237/933/728
f 1240/935/730 1239/940/735 1235/936/731
f 1241/937/732 1240/935/730 1236/931/726
f 1238/938/733 1242/942/737 1241/937/732
f 1244/939/734 1243/944/739 1239/940/735
f 1245/941/736 1244/939/734 1240/935/730
f 1242/942/737 1246/947/742 1245/941/736
f 1244/939/734 1248/948/743 1247/943/738
f 1249/945/740 1248/948/743 1244/939/734
f 1250/946/741 1249/945/740 1245/941/736
f 1248/948/743 1252/952/747 1251/949/744
f 1253/950/745 1252/952/747 1248/948/743
f 1254/951/746 1253/950/745 1249/945/740
f 1252/952/747 1256/605/751 1255/73/748
f 1257/607/749 1256/605/751 1252/952/747
f 1258/608/750 1257/607/749 1253/950/745
f 1256/605/751 1260/956/755 1259/953/752
f 1261/954/753 1260/956/755 1256/605/751
f 1262/955/754 1261/954/753 1257/607/749
f 1260/956/755 1264/960/759 1263/957/756
f 1265/958/757 1264/960/759 1260/956/755
f 1266/959/758 1265/958/757 1261/954/753
f 1264/960/759 1268/965/764 1267/961/760
f 1269/962/761 1268/965/764 1264/960/759
f 1270/963/762 1269/962/761 1265/958/757
f 1272/964/763 1271/968/767 1267/961/760
f 1273/966/765 1272/964/763 1268/965/764
f 1270/963/762 1274/970/769 1273/966/765
f 1276/967/766 1275/972/771 1271/968/767
f 1277/969/768 1276/967/766 1272/964/763
f 1274/970/769 1278/974/773 1277/969/768
f 1280/971/770 1279/976/775 1275/972/771
f 1281/973/772 1280/971/770 1276/967/766
f 1278/974/773 1282/978/777 1281/973/772
f 1284/975/774 1283/980/779 1279/976/775
f 1285/977/776 1284/975/774 1280/971/770
f 1282/978/777 1286/982/781 1285/977/776
f 1288/979/778 1287/983/783 1283/980/779
f 1289/981/780 1288/979/778 1284/975/774
f 1286/982/781 1290/984/786 1289/981/780
f 1288/979/778 1292/609/787 1291/48/782
f 1293/610/784 1292/609/787 1288/979/778
f 1294/611/785 1293/610/784 1289/981/780
f 1292/609/787 1296/988/791 1295/985/788
f 1297/986/789 1296/988/791 1292/609/787
f 1298/987/790 1297/986/789 1293/610/784
f 1296/988/791 1300/992/795 1299/989/792
f 1301/990/793 1300/992/795 1296/988/791
f 1302/991/794 1301/990/793 1297/986/789
f 1300/992/795 1304/996/799 1303/993/796
f 1305/994/797 1304/996/799 1300/992/795
f 1306/995/798 1305/994/797 1301/990/793
f 1304/996/799 1308/1000/803 1307/997/800
f 1309/998/801 1308/1000/803 1304/996/799
f 1310/999/802 1309/998/801 1305/994/797
f 1308/1000/803 1312/1004/807 1311/1001/804
f 1313/1002/805 1312/1004/807 1308/1000/803
f 1314/1003/806 1313/1002/805 1309/998/801
f 1312/1004/807 1316/1009/811 1315/1005/808
f 1317/1006/809 1316/1009/811 1312/1004/807
f 1318/1007/810 1317/1006/809 1313/1002/805
f 1320/1008/414 1319/1012/403 1315/1005/808
f 1321/1010/415 1320/1008/414 1316/1009/811
f 1318/1007/810 1322/1014/400 1321/1010/415
f 1324/1011/412 1323/1015/396 1319/1012/403
f 1325/1013/413 1324/1011/412 1320/1008/414
f 1322/1014/400 1326/1016/401 1325/1013/413
f 1324/1011/412 1220/599/714 1219/17/713
f 1221/601/716 1220/599/714 1324/1011/412
f 1222/615/717 1221/601/716 1325/1013/413
