# Blender 4.4.1
# www.blender.org
mtllib titleFont.mtl
o YowaiMan
v -9.344800 2.024100 -0.520001
v -9.395980 2.077925 -0.520001
v -9.449929 2.127732 -0.520001
v -9.506348 2.173394 -0.520001
v -9.564934 2.214785 -0.520001
v -9.625387 2.251778 -0.520001
v -9.687407 2.284249 -0.520001
v -9.750690 2.312070 -0.520001
v -9.814939 2.335115 -0.520001
v -9.879849 2.353259 -0.520001
v -9.945123 2.366375 -0.520001
v -10.010457 2.374338 -0.520001
v -10.075552 2.377020 -0.520001
v -10.183220 2.370728 -0.520001
v -10.285025 2.351767 -0.520001
v -10.380035 2.320011 -0.520001
v -10.467320 2.275334 -0.520001
v -10.545949 2.217611 -0.520001
v -10.614988 2.146714 -0.520001
v -10.673507 2.062517 -0.520001
v -10.720573 1.964895 -0.520001
v -10.755256 1.853722 -0.520001
v -10.776623 1.728871 -0.520001
v -10.783743 1.590215 -0.520001
v -10.775683 1.437630 -0.520001
v -10.631920 0.000000 -0.520002
v -10.170011 0.000000 -0.520002
v -10.314292 1.442820 -0.520001
v -10.318967 1.525908 -0.520001
v -10.316008 1.603662 -0.520001
v -10.305632 1.675721 -0.520001
v -10.288054 1.741725 -0.520001
v -10.263493 1.801314 -0.520001
v -10.232162 1.854127 -0.520001
v -10.194278 1.899804 -0.520001
v -10.150059 1.937984 -0.520001
v -10.099719 1.968307 -0.520001
v -10.043476 1.990413 -0.520001
v -9.981545 2.003941 -0.520001
v -9.914144 2.008530 -0.520001
v -9.864153 2.006551 -0.520001
v -9.815139 2.000481 -0.520001
v -9.766741 1.990122 -0.520001
v -9.718597 1.975276 -0.520001
v -9.670345 1.955744 -0.520001
v -9.621623 1.931329 -0.520001
v -9.572068 1.901832 -0.520001
v -9.521318 1.867054 -0.520001
v -9.469012 1.826799 -0.520001
v -9.414786 1.780867 -0.520001
v -9.358279 1.729060 -0.520001
v -9.299129 1.671180 -0.520001
v -9.132010 0.000000 -0.520001
v -8.670100 0.000000 -0.520001
v -8.903131 2.330310 -0.520001
v -9.365042 2.330310 -0.520001
v -9.334420 2.024100 -0.520001
v -8.229955 0.101929 -0.520001
v -8.180897 0.072828 -0.520001
v -8.136138 0.047440 -0.520001
v -8.095029 0.025566 -0.520001
v -8.056918 0.007007 -0.520001
v -8.021155 -0.008434 -0.520001
v -7.987090 -0.020955 -0.520001
v -7.954072 -0.030755 -0.520001
v -7.921451 -0.038033 -0.520001
v -7.888575 -0.042986 -0.520001
v -7.854795 -0.045812 -0.520001
v -7.819459 -0.046710 -0.520001
v -7.770940 -0.045184 -0.520001
v -7.726534 -0.040559 -0.520001
v -7.686157 -0.032762 -0.520001
v -7.649727 -0.021721 -0.520001
v -7.617160 -0.007364 -0.520001
v -7.588375 0.010380 -0.520001
v -7.563287 0.031585 -0.520001
v -7.541814 0.056321 -0.520001
v -7.523873 0.084662 -0.520001
v -7.509381 0.116679 -0.520001
v -7.498255 0.152444 -0.520001
v -7.490413 0.192030 -0.520001
v -7.435750 0.153535 -0.520001
v -7.381036 0.118481 -0.520001
v -7.326303 0.086852 -0.520001
v -7.271587 0.058628 -0.520001
v -7.216921 0.033792 -0.520001
v -7.162340 0.012326 -0.520001
v -7.107878 -0.005788 -0.520001
v -7.053569 -0.020568 -0.520001
v -6.999447 -0.032032 -0.520001
v -6.945548 -0.040198 -0.520001
v -6.891903 -0.045085 -0.520001
v -6.838550 -0.046710 -0.520001
v -6.755908 -0.041226 -0.520001
v -6.679461 -0.025325 -0.520001
v -6.609524 0.000162 -0.520001
v -6.546410 0.034408 -0.520001
v -6.490432 0.076583 -0.520001
v -6.441904 0.125858 -0.520001
v -6.401139 0.181404 -0.520001
v -6.368451 0.242392 -0.520001
v -6.344153 0.307994 -0.520001
v -6.328560 0.377380 -0.520001
v -6.321984 0.449722 -0.520001
v -6.324740 0.524190 -0.520001
v -6.344122 0.633147 -0.520001
v -6.378169 0.729796 -0.520001
v -6.425368 0.815236 -0.520001
v -6.484206 0.890566 -0.520001
v -6.553172 0.956885 -0.520001
v -6.630754 1.015294 -0.520001
v -6.715440 1.066890 -0.520001
v -6.805717 1.112774 -0.520001
v -6.900075 1.154045 -0.520001
v -6.997000 1.191802 -0.520001
v -7.094982 1.227144 -0.520001
v -7.192507 1.261170 -0.520001
v -7.617049 1.406490 -0.520001
v -7.629506 1.531050 -0.520001
v -7.633499 1.600172 -0.520001
v -7.630957 1.662338 -0.520001
v -7.621899 1.717728 -0.520001
v -7.606343 1.766522 -0.520001
v -7.584306 1.808901 -0.520001
v -7.555808 1.845045 -0.520001
v -7.520864 1.875134 -0.520001
v -7.479496 1.899348 -0.520001
v -7.431718 1.917867 -0.520001
v -7.377551 1.930872 -0.520001
v -7.317011 1.938543 -0.520001
v -7.250117 1.941060 -0.520001
v -7.186205 1.938558 -0.520001
v -7.121715 1.930992 -0.520001
v -7.056781 1.918273 -0.520001
v -6.991539 1.900309 -0.520001
v -6.926125 1.877011 -0.520001
v -6.860672 1.848289 -0.520001
v -6.795317 1.814052 -0.520001
v -6.730194 1.774211 -0.520001
v -6.665439 1.728675 -0.520001
v -6.601187 1.677355 -0.520001
v -6.537572 1.620160 -0.520001
v -6.474731 1.557000 -0.520001
v -6.525074 2.060430 -0.520001
v -6.577099 2.111360 -0.520001
v -6.631735 2.157767 -0.520001
v -6.689021 2.199668 -0.520001
v -6.748993 2.237082 -0.520001
v -6.811691 2.270027 -0.520001
v -6.877151 2.298521 -0.520001
v -6.945411 2.322582 -0.520001
v -7.016509 2.342228 -0.520001
v -7.090484 2.357476 -0.520001
v -7.167372 2.368346 -0.520001
v -7.247212 2.374854 -0.520001
v -7.330042 2.377020 -0.520001
v -7.445401 2.372016 -0.520001
v -7.554683 2.356884 -0.520001
v -7.656915 2.331445 -0.520001
v -7.751124 2.295517 -0.520001
v -7.836338 2.248922 -0.520001
v -7.911582 2.191477 -0.520001
v -7.975883 2.123004 -0.520001
v -8.028270 2.043322 -0.520001
v -8.067768 1.952251 -0.520001
v -8.093405 1.849610 -0.520001
v -8.104206 1.735220 -0.520001
v -8.099200 1.608900 -0.520001
v -7.979311 0.410010 -0.520001
v -7.977869 0.389127 -0.520001
v -7.977934 0.370532 -0.520001
v -7.979481 0.354136 -0.520001
v -7.982482 0.339849 -0.520001
v -7.986911 0.327580 -0.520001
v -7.992740 0.317239 -0.520001
v -7.999942 0.308736 -0.520001
v -8.008491 0.301981 -0.520001
v -8.018358 0.296884 -0.520001
v -8.029518 0.293355 -0.520001
v -8.041943 0.291304 -0.520001
v -8.055605 0.290640 -0.520001
v -8.068331 0.291604 -0.520001
v -8.083066 0.294461 -0.520001
v -8.099679 0.299155 -0.520001
v -8.118038 0.305634 -0.520001
v -8.138012 0.313842 -0.520001
v -8.159469 0.323726 -0.520001
v -8.182278 0.335233 -0.520001
v -8.206306 0.348307 -0.520001
v -8.231423 0.362895 -0.520001
v -8.257498 0.378942 -0.520001
v -8.284397 0.396395 -0.520001
v -8.311991 0.415200 -0.520001
v -8.283964 0.134940 -0.520001
v -7.490876 1.118364 -0.520001
v -7.393257 1.084061 -0.520001
v -7.299722 1.048785 -0.520001
v -7.211230 1.012050 -0.520001
v -7.128743 0.973368 -0.520001
v -7.053221 0.932254 -0.520001
v -6.985625 0.888220 -0.520001
v -6.926914 0.840780 -0.520001
v -6.878050 0.789448 -0.520001
v -6.839993 0.733736 -0.520001
v -6.813704 0.673159 -0.520001
v -6.800143 0.607230 -0.520001
v -6.798334 0.560457 -0.520001
v -6.802322 0.516333 -0.520001
v -6.811828 0.475128 -0.520001
v -6.826573 0.437113 -0.520001
v -6.846278 0.402559 -0.520001
v -6.870662 0.371734 -0.520001
v -6.899447 0.344910 -0.520001
v -6.932354 0.322357 -0.520001
v -6.969102 0.304345 -0.520001
v -7.009414 0.291145 -0.520001
v -7.053008 0.283026 -0.520001
v -7.099607 0.280260 -0.520001
v -7.135870 0.281759 -0.520001
v -7.171995 0.286195 -0.520001
v -7.207972 0.293478 -0.520001
v -7.243793 0.303519 -0.520001
v -7.279447 0.316227 -0.520001
v -7.314927 0.331511 -0.520001
v -7.350223 0.349283 -0.520001
v -7.385325 0.369451 -0.520001
v -7.420227 0.391926 -0.520001
v -7.454917 0.416618 -0.520001
v -7.489388 0.443436 -0.520001
v -7.523629 0.472290 -0.520001
v -7.591619 1.152180 -0.520001
v -5.255080 0.000000 -0.520001
v -5.530669 2.755890 -0.520001
v -5.520289 2.755890 -0.520001
v -4.293373 1.385730 -0.520001
v -4.210333 1.385730 -0.520001
v -3.257450 2.755890 -0.520000
v -3.247069 2.755890 -0.520000
v -2.971480 0.000000 -0.520000
v -2.462861 0.000000 -0.520000
v -2.816818 3.539580 -0.520000
v -3.294298 3.539580 -0.520000
v -4.321918 2.086380 -0.520000
v -5.645369 3.539580 -0.520001
v -6.117659 3.539580 -0.520001
v -5.763700 0.000000 -0.520001
v -1.757612 2.763618 -0.520000
v -1.722745 2.771003 -0.520000
v -1.690094 2.782894 -0.520000
v -1.659967 2.798948 -0.520000
v -1.632674 2.818822 -0.520000
v -1.608521 2.842174 -0.520000
v -1.587818 2.868661 -0.520000
v -1.570872 2.897942 -0.520000
v -1.557992 2.929674 -0.520000
v -1.549485 2.963514 -0.520000
v -1.545660 2.999120 -0.520000
v -1.546825 3.036150 -0.520000
v -1.553066 3.073180 -0.520000
v -1.564013 3.108786 -0.520000
v -1.579287 3.142626 -0.520000
v -1.598514 3.174358 -0.520000
v -1.621316 3.203639 -0.520000
v -1.647317 3.230126 -0.520000
v -1.676140 3.253478 -0.520000
v -1.707408 3.273352 -0.520000
v -1.740745 3.289406 -0.520000
v -1.775774 3.301296 -0.520000
v -1.812119 3.308682 -0.520000
v -1.849402 3.311220 -0.520000
v -1.886178 3.308681 -0.520000
v -1.921046 3.301296 -0.520000
v -1.953697 3.289405 -0.520000
v -1.983823 3.273352 -0.520000
v -2.011117 3.253478 -0.520000
v -2.035269 3.230126 -0.520000
v -2.055973 3.203639 -0.520000
v -2.072918 3.174358 -0.520000
v -2.085799 3.142626 -0.520000
v -2.094306 3.108786 -0.520000
v -2.098130 3.073180 -0.520000
v -2.096966 3.036150 -0.520000
v -2.090725 2.999120 -0.520000
v -2.079779 2.963514 -0.520000
v -2.064504 2.929674 -0.520000
v -2.045277 2.897943 -0.520000
v -2.022475 2.868662 -0.520000
v -1.996474 2.842174 -0.520000
v -1.967651 2.818822 -0.520000
v -1.936383 2.798948 -0.520000
v -1.903046 2.782894 -0.520000
v -1.868017 2.771003 -0.520000
v -1.831672 2.763618 -0.520000
v -1.794388 2.761080 -0.520000
v -1.284730 0.000000 -0.520000
v -1.517761 2.330310 -0.520000
v -1.979671 2.330310 -0.520000
v -1.746640 0.000000 -0.520000
v -0.823826 0.101929 -0.520000
v -0.774767 0.072828 -0.520000
v -0.730009 0.047440 -0.520000
v -0.688899 0.025566 -0.520000
v -0.650789 0.007007 -0.520000
v -0.615026 -0.008434 -0.520000
v -0.580961 -0.020955 -0.520000
v -0.547943 -0.030755 -0.520000
v -0.515321 -0.038033 -0.520000
v -0.482445 -0.042986 -0.520000
v -0.448665 -0.045812 -0.520000
v -0.413329 -0.046710 -0.520000
v -0.364811 -0.045184 -0.520000
v -0.320404 -0.040559 -0.520000
v -0.280028 -0.032762 -0.520000
v -0.243597 -0.021721 -0.520000
v -0.211031 -0.007364 -0.520000
v -0.182245 0.010380 -0.520000
v -0.157157 0.031585 -0.520000
v -0.135684 0.056321 -0.520000
v -0.117743 0.084662 -0.520000
v -0.103251 0.116679 -0.520000
v -0.092125 0.152444 -0.520000
v -0.084283 0.192030 -0.520000
v -0.029621 0.153535 -0.520000
v 0.025093 0.118481 -0.520000
v 0.079826 0.086852 -0.520000
v 0.134542 0.058628 -0.520000
v 0.189208 0.033792 -0.520000
v 0.243789 0.012326 -0.520000
v 0.298252 -0.005788 -0.520000
v 0.352561 -0.020568 -0.520000
v 0.406682 -0.032032 -0.520000
v 0.460582 -0.040198 -0.520000
v 0.514226 -0.045085 -0.520000
v 0.567580 -0.046710 -0.520000
v 0.650222 -0.041226 -0.520000
v 0.726668 -0.025325 -0.520000
v 0.796605 0.000162 -0.520000
v 0.859720 0.034408 -0.520000
v 0.915698 0.076583 -0.520000
v 0.964226 0.125858 -0.520000
v 1.004991 0.181404 -0.520000
v 1.037679 0.242392 -0.520000
v 1.061977 0.307994 -0.520000
v 1.077570 0.377380 -0.520000
v 1.084146 0.449722 -0.520000
v 1.081391 0.524190 -0.520000
v 1.062007 0.633147 -0.520000
v 1.027960 0.729796 -0.520000
v 0.980761 0.815236 -0.520000
v 0.921923 0.890566 -0.520000
v 0.852957 0.956885 -0.520000
v 0.775375 1.015294 -0.520000
v 0.690690 1.066890 -0.520000
v 0.600412 1.112774 -0.520000
v 0.506055 1.154045 -0.520000
v 0.409129 1.191802 -0.520000
v 0.311148 1.227144 -0.520000
v 0.213623 1.261170 -0.520000
v -0.210919 1.406490 -0.520000
v -0.223376 1.531050 -0.520000
v -0.227368 1.600172 -0.520000
v -0.224827 1.662338 -0.520000
v -0.215769 1.717728 -0.520000
v -0.200213 1.766522 -0.520000
v -0.178176 1.808901 -0.520000
v -0.149677 1.845045 -0.520000
v -0.114734 1.875134 -0.520000
v -0.073365 1.899348 -0.520000
v -0.025588 1.917867 -0.520000
v 0.028580 1.930872 -0.520000
v 0.089120 1.938543 -0.520000
v 0.156014 1.941060 -0.520000
v 0.219925 1.938558 -0.520000
v 0.284416 1.930992 -0.520000
v 0.349349 1.918273 -0.520000
v 0.414591 1.900309 -0.520000
v 0.480006 1.877011 -0.520000
v 0.545458 1.848289 -0.520000
v 0.610813 1.814052 -0.520000
v 0.675936 1.774211 -0.520000
v 0.740691 1.728675 -0.520000
v 0.804944 1.677355 -0.520000
v 0.868558 1.620160 -0.520000
v 0.931399 1.557000 -0.520000
v 0.881056 2.060430 -0.520000
v 0.829031 2.111360 -0.520000
v 0.774395 2.157767 -0.520000
v 0.717109 2.199668 -0.520000
v 0.657137 2.237082 -0.520000
v 0.594440 2.270027 -0.520000
v 0.528980 2.298521 -0.520000
v 0.460720 2.322582 -0.520000
v 0.389621 2.342228 -0.520000
v 0.315647 2.357476 -0.520000
v 0.238758 2.368346 -0.520000
v 0.158918 2.374854 -0.520000
v 0.076087 2.377020 -0.520000
v -0.039271 2.372016 -0.520000
v -0.148553 2.356884 -0.520000
v -0.250785 2.331445 -0.520000
v -0.344994 2.295517 -0.520000
v -0.430208 2.248922 -0.520000
v -0.505452 2.191477 -0.520000
v -0.569754 2.123004 -0.520000
v -0.622140 2.043322 -0.520000
v -0.661638 1.952251 -0.520000
v -0.687275 1.849610 -0.520000
v -0.698077 1.735220 -0.520000
v -0.693070 1.608900 -0.520000
v -0.573181 0.410010 -0.520000
v -0.571739 0.389127 -0.520000
v -0.571805 0.370532 -0.520000
v -0.573352 0.354136 -0.520000
v -0.576353 0.339849 -0.520000
v -0.580782 0.327580 -0.520000
v -0.586611 0.317239 -0.520000
v -0.593813 0.308736 -0.520000
v -0.602361 0.301981 -0.520000
v -0.612228 0.296884 -0.520000
v -0.623388 0.293355 -0.520000
v -0.635812 0.291304 -0.520000
v -0.649475 0.290640 -0.520000
v -0.662201 0.291604 -0.520000
v -0.676936 0.294461 -0.520000
v -0.693549 0.299155 -0.520000
v -0.711908 0.305634 -0.520000
v -0.731882 0.313842 -0.520000
v -0.753339 0.323726 -0.520000
v -0.776148 0.335233 -0.520000
v -0.800177 0.348307 -0.520000
v -0.825294 0.362895 -0.520000
v -0.851368 0.378942 -0.520000
v -0.878267 0.396395 -0.520000
v -0.905860 0.415200 -0.520000
v -0.877834 0.134940 -0.520000
v -0.084746 1.118364 -0.520000
v 0.012873 1.084061 -0.520000
v 0.106409 1.048785 -0.520000
v 0.194900 1.012050 -0.520000
v 0.277387 0.973368 -0.520000
v 0.352909 0.932254 -0.520000
v 0.420506 0.888220 -0.520000
v 0.479216 0.840780 -0.520000
v 0.528080 0.789448 -0.520000
v 0.566136 0.733736 -0.520000
v 0.592426 0.673159 -0.520000
v 0.605986 0.607230 -0.520000
v 0.607795 0.560457 -0.520000
v 0.603807 0.516333 -0.520000
v 0.594301 0.475128 -0.520000
v 0.579556 0.437113 -0.520000
v 0.559852 0.402558 -0.520000
v 0.535467 0.371734 -0.520000
v 0.506682 0.344910 -0.520000
v 0.473776 0.322357 -0.520000
v 0.437028 0.304345 -0.520000
v 0.396717 0.291145 -0.520000
v 0.353122 0.283026 -0.520000
v 0.306524 0.280260 -0.520000
v 0.270260 0.281759 -0.520000
v 0.234135 0.286195 -0.520000
v 0.198158 0.293478 -0.520000
v 0.162338 0.303519 -0.520000
v 0.126683 0.316227 -0.520000
v 0.091203 0.331511 -0.520000
v 0.055908 0.349283 -0.520000
v 0.020804 0.369451 -0.520000
v -0.014097 0.391926 -0.520000
v -0.048787 0.416618 -0.520000
v -0.083258 0.443436 -0.520000
v -0.117499 0.472290 -0.520000
v -0.185488 1.152180 -0.520000
v 1.528769 2.330310 -0.520000
v 1.035719 2.330310 -0.520000
v 2.301040 -0.046710 -0.520000
v 2.446360 -0.046710 -0.520000
v 2.973665 1.582950 -0.519999
v 3.821710 -0.046710 -0.519999
v 3.967030 -0.046710 -0.519999
v 4.767328 2.330310 -0.519999
v 4.274279 2.330310 -0.519999
v 3.803026 0.918630 -0.519999
v 3.070198 2.330310 -0.519999
v 2.727659 2.330310 -0.519999
v 2.277166 0.918630 -0.520000
v 5.096804 1.009389 -0.519999
v 5.144608 0.841117 -0.519999
v 5.210701 0.684594 -0.519999
v 5.294018 0.540721 -0.519999
v 5.393496 0.410401 -0.519999
v 5.508071 0.294533 -0.519999
v 5.636682 0.194018 -0.519999
v 5.778264 0.109759 -0.519999
v 5.931754 0.042655 -0.519999
v 6.096089 -0.006391 -0.519999
v 6.270205 -0.036480 -0.519999
v 6.453041 -0.046710 -0.519999
v 6.626637 -0.036084 -0.519999
v 6.788666 -0.004950 -0.519999
v 6.938160 0.045575 -0.519999
v 7.074149 0.114372 -0.519999
v 7.195664 0.200326 -0.519999
v 7.301735 0.302318 -0.519999
v 7.391393 0.419231 -0.519999
v 7.463668 0.549948 -0.519999
v 7.517591 0.693352 -0.519999
v 7.552191 0.848325 -0.519999
v 7.566500 1.013750 -0.519999
v 7.559548 1.188510 -0.519999
v 7.532225 1.352539 -0.519999
v 7.484681 1.509017 -0.519999
v 7.418340 1.656664 -0.519999
v 7.334630 1.794202 -0.519999
v 7.234974 1.920351 -0.519999
v 7.120799 2.033831 -0.519999
v 6.993530 2.133363 -0.519999
v 6.854593 2.217668 -0.519999
v 6.705412 2.285465 -0.519999
v 6.547414 2.335476 -0.519999
v 6.382024 2.366421 -0.519999
v 6.210668 2.377020 -0.519999
v 6.033145 2.366817 -0.519999
v 5.867163 2.336917 -0.519999
v 5.713748 2.288384 -0.519999
v 5.573931 2.222281 -0.519999
v 5.448739 2.139670 -0.519999
v 5.339201 2.041616 -0.519999
v 5.246347 1.929181 -0.519999
v 5.171206 1.803429 -0.519999
v 5.114807 1.665422 -0.519999
v 5.078178 1.516225 -0.519999
v 5.062349 1.356900 -0.519999
v 5.068348 1.188510 -0.519999
v 7.092946 1.068801 -0.519999
v 7.085704 0.956570 -0.519999
v 7.066052 0.852377 -0.519999
v 7.034513 0.756779 -0.519999
v 6.991605 0.670336 -0.519999
v 6.937851 0.593606 -0.519999
v 6.873772 0.527149 -0.519999
v 6.799887 0.471521 -0.519999
v 6.716717 0.427283 -0.519999
v 6.624784 0.394993 -0.519999
v 6.524609 0.375209 -0.519999
v 6.416711 0.368490 -0.519999
v 6.297960 0.374908 -0.519999
v 6.185955 0.393887 -0.519999
v 6.081169 0.425012 -0.519999
v 5.984076 0.467869 -0.519999
v 5.895150 0.522043 -0.519999
v 5.814865 0.587119 -0.519999
v 5.743695 0.662683 -0.519999
v 5.682114 0.748321 -0.519999
v 5.630595 0.843618 -0.519999
v 5.589614 0.948160 -0.519999
v 5.559643 1.061532 -0.519999
v 5.541157 1.183320 -0.519999
v 5.536943 1.293490 -0.519999
v 5.546455 1.397768 -0.519999
v 5.569062 1.495450 -0.519999
v 5.604129 1.585833 -0.519999
v 5.651026 1.668216 -0.519999
v 5.709119 1.741894 -0.519999
v 5.777775 1.806165 -0.519999
v 5.856363 1.860327 -0.519999
v 5.944250 1.903676 -0.519999
v 6.040803 1.935510 -0.519999
v 6.145390 1.955125 -0.519999
v 6.257377 1.961820 -0.519999
v 6.364436 1.955128 -0.519999
v 6.467126 1.935533 -0.519999
v 6.564691 1.903756 -0.519999
v 6.656374 1.860519 -0.519999
v 6.741417 1.806540 -0.519999
v 6.819066 1.742542 -0.519999
v 6.888561 1.669246 -0.519999
v 6.949147 1.587371 -0.519999
v 7.000067 1.497639 -0.519999
v 7.040563 1.400771 -0.519999
v 7.069880 1.297488 -0.519999
v 7.087259 1.188510 -0.519999
v 7.511282 3.539580 -0.519999
v 8.991469 1.868400 -0.519998
v 9.178309 0.000000 -0.519999
v 9.686930 0.000000 -0.519998
v 9.499571 1.873590 -0.519998
v 10.646041 3.539580 -0.519998
v 10.033622 3.539580 -0.519998
v 9.205816 2.319930 -0.519998
v 8.123701 3.539580 -0.519998
v -9.344800 2.024100 0.519999
v -9.395980 2.077925 0.519999
v -9.449929 2.127732 0.519999
v -9.506348 2.173394 0.519999
v -9.564934 2.214785 0.519999
v -9.625387 2.251778 0.519999
v -9.687407 2.284249 0.519999
v -9.750690 2.312070 0.519999
v -9.814939 2.335115 0.519999
v -9.879849 2.353259 0.519999
v -9.945123 2.366375 0.519999
v -10.010457 2.374338 0.519999
v -10.075552 2.377020 0.519999
v -10.183220 2.370728 0.519999
v -10.285025 2.351767 0.519999
v -10.380035 2.320011 0.519999
v -10.467320 2.275334 0.519999
v -10.545949 2.217611 0.519999
v -10.614988 2.146714 0.519999
v -10.673507 2.062517 0.519999
v -10.720573 1.964895 0.519998
v -10.755256 1.853722 0.519998
v -10.776623 1.728871 0.519998
v -10.783743 1.590215 0.519998
v -10.775683 1.437630 0.519998
v -10.631920 0.000000 0.519998
v -10.170011 0.000000 0.519998
v -10.314292 1.442820 0.519999
v -10.318967 1.525908 0.519999
v -10.316008 1.603662 0.519999
v -10.305632 1.675721 0.519999
v -10.288054 1.741725 0.519999
v -10.263493 1.801314 0.519999
v -10.232162 1.854127 0.519999
v -10.194278 1.899804 0.519999
v -10.150059 1.937984 0.519999
v -10.099719 1.968307 0.519999
v -10.043476 1.990413 0.519999
v -9.981545 2.003941 0.519999
v -9.914144 2.008530 0.519999
v -9.864153 2.006551 0.519999
v -9.815139 2.000481 0.519999
v -9.766741 1.990122 0.519999
v -9.718597 1.975276 0.519999
v -9.670345 1.955744 0.519999
v -9.621623 1.931329 0.519999
v -9.572068 1.901832 0.519999
v -9.521318 1.867054 0.519999
v -9.469012 1.826799 0.519999
v -9.414786 1.780867 0.519999
v -9.358279 1.729060 0.519999
v -9.299129 1.671180 0.519999
v -9.132010 0.000000 0.519999
v -8.670100 0.000000 0.519999
v -8.903131 2.330310 0.519999
v -9.365042 2.330310 0.519999
v -9.334420 2.024100 0.519999
v -8.229955 0.101929 0.519999
v -8.180897 0.072828 0.519999
v -8.136138 0.047440 0.519999
v -8.095029 0.025566 0.519999
v -8.056918 0.007007 0.519999
v -8.021155 -0.008434 0.519999
v -7.987090 -0.020955 0.519999
v -7.954072 -0.030755 0.519999
v -7.921451 -0.038033 0.519999
v -7.888575 -0.042986 0.519999
v -7.854795 -0.045812 0.519999
v -7.819459 -0.046710 0.519999
v -7.770940 -0.045184 0.519999
v -7.726534 -0.040559 0.519999
v -7.686157 -0.032762 0.519999
v -7.649727 -0.021721 0.519999
v -7.617160 -0.007364 0.519999
v -7.588375 0.010380 0.519999
v -7.563287 0.031585 0.519999
v -7.541814 0.056321 0.519999
v -7.523873 0.084662 0.519999
v -7.509381 0.116679 0.519999
v -7.498255 0.152444 0.519999
v -7.490413 0.192030 0.519999
v -7.435750 0.153535 0.519999
v -7.381036 0.118481 0.519999
v -7.326303 0.086851 0.519999
v -7.271587 0.058628 0.519999
v -7.216921 0.033792 0.519999
v -7.162340 0.012326 0.519999
v -7.107878 -0.005788 0.519999
v -7.053569 -0.020568 0.519999
v -6.999447 -0.032032 0.519999
v -6.945548 -0.040198 0.519999
v -6.891903 -0.045085 0.519999
v -6.838550 -0.046710 0.519999
v -6.755908 -0.041226 0.519999
v -6.679461 -0.025325 0.519999
v -6.609524 0.000162 0.519999
v -6.546410 0.034408 0.519999
v -6.490432 0.076583 0.519999
v -6.441904 0.125858 0.519999
v -6.401139 0.181404 0.519999
v -6.368451 0.242392 0.519999
v -6.344153 0.307994 0.519999
v -6.328560 0.377380 0.519999
v -6.321984 0.449722 0.519999
v -6.324740 0.524190 0.519999
v -6.344122 0.633147 0.519999
v -6.378169 0.729796 0.519999
v -6.425368 0.815235 0.519999
v -6.484206 0.890566 0.519999
v -6.553172 0.956885 0.519999
v -6.630754 1.015294 0.519999
v -6.715440 1.066890 0.519999
v -6.805717 1.112774 0.519999
v -6.900075 1.154045 0.519999
v -6.997000 1.191802 0.519999
v -7.094982 1.227144 0.519999
v -7.192507 1.261170 0.519999
v -7.617049 1.406490 0.519999
v -7.629506 1.531050 0.519999
v -7.633499 1.600172 0.519999
v -7.630957 1.662338 0.519999
v -7.621899 1.717728 0.519999
v -7.606343 1.766522 0.519999
v -7.584306 1.808901 0.519999
v -7.555808 1.845045 0.519999
v -7.520864 1.875134 0.519999
v -7.479496 1.899348 0.519999
v -7.431718 1.917867 0.519999
v -7.377551 1.930872 0.519999
v -7.317011 1.938543 0.519999
v -7.250117 1.941060 0.519999
v -7.186205 1.938558 0.519999
v -7.121715 1.930992 0.519999
v -7.056781 1.918273 0.519999
v -6.991539 1.900309 0.519999
v -6.926125 1.877011 0.519999
v -6.860672 1.848289 0.519999
v -6.795317 1.814052 0.519999
v -6.730194 1.774211 0.519999
v -6.665439 1.728675 0.519999
v -6.601187 1.677355 0.519999
v -6.537572 1.620160 0.519999
v -6.474731 1.557000 0.519999
v -6.525074 2.060430 0.519999
v -6.577099 2.111360 0.519999
v -6.631735 2.157767 0.519999
v -6.689021 2.199668 0.519999
v -6.748993 2.237082 0.519999
v -6.811691 2.270027 0.519999
v -6.877151 2.298521 0.519999
v -6.945411 2.322582 0.519999
v -7.016509 2.342228 0.519999
v -7.090484 2.357476 0.519999
v -7.167372 2.368346 0.519999
v -7.247212 2.374854 0.519999
v -7.330042 2.377020 0.519999
v -7.445401 2.372016 0.519999
v -7.554683 2.356884 0.519999
v -7.656915 2.331445 0.519999
v -7.751124 2.295517 0.519999
v -7.836338 2.248922 0.519999
v -7.911582 2.191477 0.519999
v -7.975883 2.123004 0.519999
v -8.028270 2.043322 0.519999
v -8.067768 1.952251 0.519999
v -8.093405 1.849610 0.519999
v -8.104206 1.735220 0.519999
v -8.099200 1.608900 0.519999
v -7.979311 0.410010 0.519999
v -7.977869 0.389127 0.519999
v -7.977934 0.370532 0.519999
v -7.979481 0.354136 0.519999
v -7.982482 0.339849 0.519999
v -7.986911 0.327580 0.519999
v -7.992740 0.317239 0.519999
v -7.999942 0.308736 0.519999
v -8.008491 0.301981 0.519999
v -8.018358 0.296884 0.519999
v -8.029518 0.293355 0.519999
v -8.041943 0.291304 0.519999
v -8.055605 0.290640 0.519999
v -8.068331 0.291604 0.519999
v -8.083066 0.294461 0.519999
v -8.099679 0.299155 0.519999
v -8.118038 0.305633 0.519999
v -8.138012 0.313842 0.519999
v -8.159469 0.323726 0.519999
v -8.182278 0.335233 0.519999
v -8.206306 0.348307 0.519999
v -8.231423 0.362895 0.519999
v -8.257498 0.378942 0.519999
v -8.284397 0.396395 0.519999
v -8.311991 0.415200 0.519999
v -8.283964 0.134940 0.519999
v -7.490876 1.118364 0.519999
v -7.393257 1.084061 0.519999
v -7.299722 1.048785 0.519999
v -7.211230 1.012050 0.519999
v -7.128743 0.973368 0.519999
v -7.053221 0.932254 0.519999
v -6.985625 0.888220 0.519999
v -6.926914 0.840780 0.519999
v -6.878050 0.789448 0.519999
v -6.839993 0.733736 0.519999
v -6.813704 0.673159 0.519999
v -6.800143 0.607230 0.519999
v -6.798334 0.560457 0.519999
v -6.802322 0.516333 0.519999
v -6.811828 0.475128 0.519999
v -6.826573 0.437113 0.519999
v -6.846278 0.402558 0.519999
v -6.870662 0.371734 0.519999
v -6.899447 0.344910 0.519999
v -6.932354 0.322357 0.519999
v -6.969102 0.304345 0.519999
v -7.009414 0.291145 0.519999
v -7.053008 0.283026 0.519999
v -7.099607 0.280260 0.519999
v -7.135870 0.281759 0.519999
v -7.171995 0.286195 0.519999
v -7.207972 0.293478 0.519999
v -7.243793 0.303519 0.519999
v -7.279447 0.316227 0.519999
v -7.314927 0.331511 0.519999
v -7.350223 0.349283 0.519999
v -7.385325 0.369451 0.519999
v -7.420227 0.391926 0.519999
v -7.454917 0.416618 0.519999
v -7.489388 0.443436 0.519999
v -7.523629 0.472290 0.519999
v -7.591619 1.152180 0.519999
v -5.255080 0.000000 0.519999
v -5.530669 2.755890 0.519999
v -5.520289 2.755890 0.519999
v -4.293373 1.385730 0.519999
v -4.210333 1.385730 0.519999
v -3.257450 2.755890 0.520000
v -3.247069 2.755890 0.520000
v -2.971480 0.000000 0.520000
v -2.462861 0.000000 0.520000
v -2.816818 3.539580 0.520000
v -3.294298 3.539580 0.520000
v -4.321918 2.086380 0.520000
v -5.645369 3.539580 0.519999
v -6.117659 3.539580 0.519999
v -5.763700 0.000000 0.519999
v -1.757613 2.763618 0.520000
v -1.722745 2.771003 0.520000
v -1.690094 2.782894 0.520000
v -1.659968 2.798948 0.520000
v -1.632674 2.818822 0.520000
v -1.608522 2.842174 0.520000
v -1.587819 2.868661 0.520000
v -1.570873 2.897942 0.520000
v -1.557992 2.929674 0.520000
v -1.549486 2.963514 0.520000
v -1.545661 2.999120 0.520000
v -1.546826 3.036150 0.520000
v -1.553067 3.073180 0.520000
v -1.564013 3.108786 0.520000
v -1.579288 3.142626 0.520000
v -1.598514 3.174358 0.520000
v -1.621316 3.203639 0.520000
v -1.647317 3.230126 0.520000
v -1.676140 3.253478 0.520000
v -1.707408 3.273352 0.520000
v -1.740745 3.289406 0.520000
v -1.775774 3.301296 0.520000
v -1.812119 3.308682 0.520000
v -1.849403 3.311220 0.520000
v -1.886178 3.308681 0.520000
v -1.921046 3.301296 0.520000
v -1.953697 3.289405 0.520000
v -1.983823 3.273352 0.520000
v -2.011117 3.253478 0.520000
v -2.035269 3.230126 0.520000
v -2.055973 3.203639 0.520000
v -2.072918 3.174358 0.520000
v -2.085799 3.142626 0.520000
v -2.094306 3.108786 0.520000
v -2.098130 3.073180 0.520000
v -2.096966 3.036150 0.520000
v -2.090725 2.999120 0.520000
v -2.079779 2.963514 0.520000
v -2.064504 2.929674 0.520000
v -2.045277 2.897943 0.520000
v -2.022475 2.868662 0.520000
v -1.996474 2.842174 0.520000
v -1.967651 2.818822 0.520000
v -1.936383 2.798948 0.520000
v -1.903046 2.782894 0.520000
v -1.868017 2.771003 0.520000
v -1.831672 2.763618 0.520000
v -1.794389 2.761080 0.520000
v -1.284731 0.000000 0.520000
v -1.517762 2.330310 0.520000
v -1.979672 2.330310 0.520000
v -1.746641 0.000000 0.520000
v -0.823826 0.101929 0.520000
v -0.774768 0.072828 0.520000
v -0.730009 0.047440 0.520000
v -0.688899 0.025566 0.520000
v -0.650789 0.007007 0.520000
v -0.615026 -0.008434 0.520000
v -0.580961 -0.020955 0.520000
v -0.547943 -0.030756 0.520000
v -0.515321 -0.038033 0.520000
v -0.482446 -0.042986 0.520000
v -0.448665 -0.045812 0.520000
v -0.413330 -0.046710 0.520000
v -0.364811 -0.045184 0.520000
v -0.320405 -0.040559 0.520000
v -0.280028 -0.032762 0.520000
v -0.243597 -0.021721 0.520000
v -0.211031 -0.007364 0.520000
v -0.182245 0.010380 0.520000
v -0.157157 0.031585 0.520000
v -0.135684 0.056321 0.520000
v -0.117743 0.084662 0.520000
v -0.103251 0.116679 0.520000
v -0.092126 0.152444 0.520000
v -0.084284 0.192030 0.520000
v -0.029621 0.153535 0.520000
v 0.025093 0.118481 0.520000
v 0.079826 0.086851 0.520000
v 0.134542 0.058628 0.520000
v 0.189208 0.033792 0.520000
v 0.243789 0.012326 0.520000
v 0.298251 -0.005788 0.520000
v 0.352561 -0.020568 0.520000
v 0.406682 -0.032032 0.520000
v 0.460582 -0.040198 0.520000
v 0.514226 -0.045085 0.520000
v 0.567580 -0.046710 0.520000
v 0.650222 -0.041226 0.520000
v 0.726668 -0.025325 0.520000
v 0.796605 0.000162 0.520000
v 0.859720 0.034408 0.520000
v 0.915698 0.076583 0.520000
v 0.964226 0.125858 0.520000
v 1.004991 0.181404 0.520000
v 1.037679 0.242392 0.520000
v 1.061976 0.307994 0.520000
v 1.077570 0.377380 0.520000
v 1.084146 0.449722 0.520000
v 1.081390 0.524190 0.520000
v 1.062007 0.633147 0.520000
v 1.027960 0.729796 0.520000
v 0.980761 0.815235 0.520000
v 0.921923 0.890566 0.520000
v 0.852957 0.956885 0.520000
v 0.775375 1.015294 0.520000
v 0.690689 1.066890 0.520000
v 0.600412 1.112774 0.520000
v 0.506055 1.154045 0.520000
v 0.409129 1.191802 0.520000
v 0.311148 1.227144 0.520000
v 0.213622 1.261170 0.520000
v -0.210920 1.406490 0.520000
v -0.223376 1.531050 0.520000
v -0.227369 1.600172 0.520000
v -0.224827 1.662338 0.520000
v -0.215769 1.717728 0.520000
v -0.200213 1.766522 0.520000
v -0.178176 1.808901 0.520000
v -0.149678 1.845045 0.520000
v -0.114735 1.875134 0.520000
v -0.073365 1.899348 0.520000
v -0.025588 1.917867 0.520000
v 0.028580 1.930872 0.520000
v 0.089119 1.938543 0.520000
v 0.156013 1.941060 0.520000
v 0.219925 1.938558 0.520000
v 0.284415 1.930992 0.520000
v 0.349349 1.918273 0.520000
v 0.414591 1.900309 0.520000
v 0.480005 1.877011 0.520000
v 0.545458 1.848289 0.520000
v 0.610813 1.814052 0.520000
v 0.675936 1.774211 0.520000
v 0.740691 1.728675 0.520000
v 0.804944 1.677355 0.520000
v 0.868558 1.620160 0.520000
v 0.931399 1.557000 0.520000
v 0.881056 2.060430 0.520000
v 0.829031 2.111360 0.520000
v 0.774395 2.157767 0.520000
v 0.717109 2.199668 0.520000
v 0.657137 2.237082 0.520000
v 0.594440 2.270027 0.520000
v 0.528980 2.298521 0.520000
v 0.460720 2.322582 0.520000
v 0.389621 2.342228 0.520000
v 0.315646 2.357476 0.520000
v 0.238758 2.368346 0.520000
v 0.158917 2.374854 0.520000
v 0.076087 2.377020 0.520000
v -0.039271 2.372016 0.520000
v -0.148553 2.356884 0.520000
v -0.250785 2.331445 0.520000
v -0.344995 2.295517 0.520000
v -0.430208 2.248922 0.520000
v -0.505452 2.191477 0.520000
v -0.569754 2.123004 0.520000
v -0.622141 2.043322 0.520000
v -0.661639 1.952251 0.520000
v -0.687275 1.849610 0.520000
v -0.698077 1.735220 0.520000
v -0.693070 1.608900 0.520000
v -0.573182 0.410010 0.520000
v -0.571739 0.389127 0.520000
v -0.571805 0.370532 0.520000
v -0.573352 0.354136 0.520000
v -0.576353 0.339849 0.520000
v -0.580782 0.327580 0.520000
v -0.586611 0.317239 0.520000
v -0.593813 0.308736 0.520000
v -0.602361 0.301981 0.520000
v -0.612228 0.296884 0.520000
v -0.623388 0.293355 0.520000
v -0.635812 0.291304 0.520000
v -0.649475 0.290640 0.520000
v -0.662201 0.291604 0.520000
v -0.676936 0.294461 0.520000
v -0.693549 0.299155 0.520000
v -0.711909 0.305633 0.520000
v -0.731883 0.313842 0.520000
v -0.753340 0.323726 0.520000
v -0.776148 0.335233 0.520000
v -0.800177 0.348307 0.520000
v -0.825294 0.362895 0.520000
v -0.851368 0.378942 0.520000
v -0.878267 0.396395 0.520000
v -0.905860 0.415200 0.520000
v -0.877835 0.134940 0.520000
v -0.084746 1.118364 0.520000
v 0.012873 1.084061 0.520000
v 0.106408 1.048785 0.520000
v 0.194900 1.012050 0.520000
v 0.277387 0.973368 0.520000
v 0.352909 0.932254 0.520000
v 0.420505 0.888220 0.520000
v 0.479216 0.840780 0.520000
v 0.528080 0.789448 0.520000
v 0.566136 0.733736 0.520000
v 0.592425 0.673159 0.520000
v 0.605986 0.607230 0.520000
v 0.607795 0.560457 0.520000
v 0.603807 0.516333 0.520000
v 0.594301 0.475128 0.520000
v 0.579556 0.437113 0.520000
v 0.559852 0.402558 0.520000
v 0.535467 0.371734 0.520000
v 0.506682 0.344910 0.520000
v 0.473776 0.322357 0.520000
v 0.437028 0.304345 0.520000
v 0.396716 0.291145 0.520000
v 0.353122 0.283026 0.520000
v 0.306523 0.280260 0.520000
v 0.270260 0.281759 0.520000
v 0.234135 0.286195 0.520000
v 0.198158 0.293478 0.520000
v 0.162337 0.303519 0.520000
v 0.126683 0.316227 0.520000
v 0.091203 0.331511 0.520000
v 0.055907 0.349283 0.520000
v 0.020804 0.369451 0.520000
v -0.014097 0.391926 0.520000
v -0.048787 0.416618 0.520000
v -0.083258 0.443436 0.520000
v -0.117500 0.472290 0.520000
v -0.185489 1.152180 0.520000
v 1.528768 2.330310 0.520000
v 1.035718 2.330310 0.520000
v 2.301040 -0.046710 0.520000
v 2.446360 -0.046710 0.520000
v 2.973665 1.582950 0.520001
v 3.821710 -0.046710 0.520001
v 3.967030 -0.046710 0.520001
v 4.767328 2.330310 0.520001
v 4.274279 2.330310 0.520001
v 3.803026 0.918630 0.520001
v 3.070198 2.330310 0.520001
v 2.727659 2.330310 0.520001
v 2.277166 0.918630 0.520000
v 5.096804 1.009389 0.520001
v 5.144608 0.841116 0.520001
v 5.210701 0.684593 0.520001
v 5.294018 0.540721 0.520001
v 5.393496 0.410400 0.520001
v 5.508071 0.294533 0.520001
v 5.636682 0.194018 0.520001
v 5.778264 0.109759 0.520001
v 5.931754 0.042655 0.520001
v 6.096089 -0.006391 0.520001
v 6.270205 -0.036480 0.520001
v 6.453041 -0.046710 0.520001
v 6.626637 -0.036084 0.520001
v 6.788666 -0.004950 0.520001
v 6.938160 0.045575 0.520001
v 7.074149 0.114372 0.520001
v 7.195664 0.200326 0.520001
v 7.301735 0.302318 0.520001
v 7.391393 0.419231 0.520001
v 7.463668 0.549948 0.520001
v 7.517591 0.693352 0.520001
v 7.552191 0.848325 0.520001
v 7.566500 1.013750 0.520001
v 7.559548 1.188510 0.520001
v 7.532225 1.352539 0.520001
v 7.484681 1.509017 0.520001
v 7.418340 1.656664 0.520001
v 7.334630 1.794202 0.520001
v 7.234974 1.920351 0.520001
v 7.120799 2.033831 0.520001
v 6.993530 2.133363 0.520001
v 6.854593 2.217668 0.520001
v 6.705412 2.285465 0.520001
v 6.547414 2.335476 0.520001
v 6.382024 2.366421 0.520001
v 6.210668 2.377020 0.520001
v 6.033145 2.366817 0.520001
v 5.867163 2.336917 0.520001
v 5.713748 2.288384 0.520001
v 5.573931 2.222281 0.520001
v 5.448739 2.139670 0.520001
v 5.339201 2.041616 0.520001
v 5.246347 1.929181 0.520001
v 5.171206 1.803429 0.520001
v 5.114807 1.665422 0.520001
v 5.078178 1.516225 0.520001
v 5.062349 1.356900 0.520001
v 5.068348 1.188510 0.520001
v 7.092946 1.068801 0.520001
v 7.085704 0.956570 0.520001
v 7.066052 0.852377 0.520001
v 7.034513 0.756779 0.520001
v 6.991605 0.670336 0.520001
v 6.937851 0.593606 0.520001
v 6.873772 0.527148 0.520001
v 6.799887 0.471521 0.520001
v 6.716717 0.427283 0.520001
v 6.624784 0.394993 0.520001
v 6.524609 0.375209 0.520001
v 6.416711 0.368490 0.520001
v 6.297960 0.374908 0.520001
v 6.185955 0.393887 0.520001
v 6.081169 0.425012 0.520001
v 5.984076 0.467869 0.520001
v 5.895150 0.522043 0.520001
v 5.814865 0.587119 0.520001
v 5.743695 0.662683 0.520001
v 5.682114 0.748321 0.520001
v 5.630595 0.843618 0.520001
v 5.589614 0.948160 0.520001
v 5.559643 1.061532 0.520001
v 5.541157 1.183320 0.520001
v 5.536943 1.293490 0.520001
v 5.546455 1.397768 0.520001
v 5.569062 1.495450 0.520001
v 5.604129 1.585833 0.520001
v 5.651026 1.668216 0.520001
v 5.709119 1.741894 0.520001
v 5.777775 1.806165 0.520001
v 5.856363 1.860327 0.520001
v 5.944250 1.903676 0.520001
v 6.040803 1.935510 0.520001
v 6.145390 1.955125 0.520001
v 6.257377 1.961820 0.520001
v 6.364436 1.955128 0.520001
v 6.467126 1.935533 0.520001
v 6.564691 1.903756 0.520001
v 6.656374 1.860519 0.520001
v 6.741417 1.806540 0.520001
v 6.819066 1.742542 0.520001
v 6.888561 1.669246 0.520001
v 6.949147 1.587371 0.520001
v 7.000067 1.497639 0.520001
v 7.040563 1.400771 0.520001
v 7.069880 1.297488 0.520001
v 7.087259 1.188510 0.520001
v 7.511282 3.539580 0.520001
v 8.991469 1.868400 0.520001
v 9.178309 0.000000 0.520001
v 9.686930 0.000000 0.520001
v 9.499571 1.873590 0.520002
v 10.646041 3.539580 0.520002
v 10.033622 3.539580 0.520002
v 9.205816 2.319930 0.520002
v 8.123701 3.539580 0.520001
v 7.511282 3.539580 0.520001
v 7.428902 3.576662 0.514128
v 7.354586 3.610114 0.497083
v 7.295608 3.636662 0.470536
v 7.257742 3.653707 0.437083
v 7.244695 3.659580 0.400001
v 7.244695 3.659580 -0.399999
v 7.257742 3.653707 -0.437081
v 7.295608 3.636662 -0.470533
v 7.354586 3.610114 -0.497081
v 7.428902 3.576662 -0.514125
v 7.511282 3.539580 -0.519999
v 8.991469 1.868400 0.520001
v 8.955764 1.852785 0.514128
v 8.923553 1.838698 0.497083
v 8.897991 1.827519 0.470536
v 8.881579 1.820342 0.437084
v 8.875924 1.817869 0.400001
v 8.875924 1.817869 -0.399998
v 8.881579 1.820342 -0.437081
v 8.897991 1.827519 -0.470533
v 8.923553 1.838698 -0.497081
v 8.955764 1.852785 -0.514125
v 8.991469 1.868400 -0.519998
v 9.178309 0.000000 0.520001
v 9.144751 -0.037082 0.514128
v 9.114477 -0.070534 0.497083
v 9.090451 -0.097082 0.470536
v 9.075027 -0.114127 0.437083
v 9.069711 -0.120000 0.400001
v 9.069711 -0.120000 -0.399999
v 9.075027 -0.114127 -0.437081
v 9.090451 -0.097082 -0.470533
v 9.114477 -0.070534 -0.497081
v 9.144751 -0.037082 -0.514125
v 9.178309 0.000000 -0.519999
v 9.686930 0.000000 0.520001
v 9.727905 -0.037082 0.514128
v 9.764869 -0.070534 0.497083
v 9.794204 -0.097082 0.470536
v 9.813039 -0.114127 0.437083
v 9.819529 -0.120000 0.400001
v 9.819529 -0.120000 -0.399999
v 9.813039 -0.114127 -0.437081
v 9.794204 -0.097082 -0.470533
v 9.764869 -0.070534 -0.497081
v 9.727905 -0.037082 -0.514125
v 9.686930 0.000000 -0.519998
v 9.499571 1.873590 0.520002
v 9.537821 1.863761 0.514128
v 9.572327 1.854893 0.497084
v 9.599710 1.847857 0.470536
v 9.617292 1.843338 0.437084
v 9.623350 1.841782 0.400002
v 9.623350 1.841782 -0.399998
v 9.617292 1.843338 -0.437080
v 9.599710 1.847857 -0.470533
v 9.572327 1.854893 -0.497080
v 9.537821 1.863761 -0.514125
v 9.499571 1.873590 -0.519998
v 10.646041 3.539580 0.520002
v 10.716574 3.576662 0.514129
v 10.780202 3.610114 0.497084
v 10.830697 3.636662 0.470536
v 10.863117 3.653707 0.437084
v 10.874289 3.659580 0.400002
v 10.874289 3.659580 -0.399998
v 10.863117 3.653707 -0.437080
v 10.830697 3.636662 -0.470532
v 10.780202 3.610114 -0.497080
v 10.716574 3.576662 -0.514125
v 10.646041 3.539580 -0.519998
v 10.033622 3.539580 0.520002
v 10.013973 3.576662 0.514129
v 9.996249 3.610114 0.497084
v 9.982183 3.636662 0.470536
v 9.973151 3.653707 0.437084
v 9.970039 3.659580 0.400002
v 9.970039 3.659580 -0.399998
v 9.973151 3.653707 -0.437080
v 9.982183 3.636662 -0.470532
v 9.996249 3.610114 -0.497080
v 10.013973 3.576662 -0.514125
v 10.033622 3.539580 -0.519998
v 9.205816 2.319930 0.520002
v 9.201911 2.380206 0.514128
v 9.198387 2.434582 0.497084
v 9.195591 2.477735 0.470536
v 9.193795 2.505441 0.437084
v 9.193177 2.514988 0.400002
v 9.193177 2.514988 -0.399998
v 9.193795 2.505441 -0.437080
v 9.195591 2.477735 -0.470533
v 9.198387 2.434582 -0.497080
v 9.201911 2.380206 -0.514125
v 9.205816 2.319930 -0.519998
v 8.123701 3.539580 0.520001
v 8.140374 3.576662 0.514128
v 8.155415 3.610114 0.497083
v 8.167352 3.636662 0.470536
v 8.175015 3.653707 0.437084
v 8.177656 3.659580 0.400001
v 8.177656 3.659580 -0.399998
v 8.175015 3.653707 -0.437081
v 8.167352 3.636662 -0.470533
v 8.155415 3.610114 -0.497081
v 8.140374 3.576662 -0.514125
v 8.123701 3.539580 -0.519998
v 5.096804 1.009389 0.520001
v 5.060528 1.001385 0.514128
v 5.027803 0.994164 0.497083
v 5.001833 0.988434 0.470535
v 4.985159 0.984754 0.437083
v 4.979414 0.983487 0.400001
v 4.979414 0.983487 -0.399999
v 4.985159 0.984755 -0.437081
v 5.001833 0.988434 -0.470533
v 5.027803 0.994164 -0.497081
v 5.060528 1.001385 -0.514126
v 5.096804 1.009389 -0.519999
v 5.144608 0.841116 0.520001
v 5.109560 0.828791 0.514128
v 5.077944 0.817672 0.497083
v 5.052852 0.808848 0.470535
v 5.036742 0.803182 0.437083
v 5.031191 0.801230 0.400001
v 5.031191 0.801230 -0.399999
v 5.036742 0.803182 -0.437081
v 5.052852 0.808848 -0.470533
v 5.077944 0.817672 -0.497081
v 5.109560 0.828791 -0.514126
v 5.144608 0.841117 -0.519999
v 5.210701 0.684593 0.520001
v 5.177445 0.668024 0.514128
v 5.147444 0.653077 0.497083
v 5.123636 0.641215 0.470535
v 5.108349 0.633599 0.437083
v 5.103082 0.630975 0.400001
v 5.103082 0.630975 -0.399999
v 5.108349 0.633599 -0.437081
v 5.123636 0.641215 -0.470533
v 5.147444 0.653077 -0.497081
v 5.177445 0.668025 -0.514126
v 5.210701 0.684594 -0.519999
v 5.294018 0.540721 0.520001
v 5.263111 0.520096 0.514128
v 5.235229 0.501491 0.497083
v 5.213101 0.486725 0.470535
v 5.198895 0.477245 0.437083
v 5.193999 0.473978 0.400001
v 5.193999 0.473978 -0.399999
v 5.198895 0.477245 -0.437081
v 5.213101 0.486725 -0.470533
v 5.235229 0.501491 -0.497081
v 5.263111 0.520097 -0.514126
v 5.294018 0.540721 -0.519999
v 5.393496 0.410400 0.520001
v 5.365459 0.386014 0.514128
v 5.340168 0.364015 0.497083
v 5.320096 0.346557 0.470535
v 5.307209 0.335348 0.437083
v 5.302769 0.331485 0.400001
v 5.302769 0.331485 -0.399999
v 5.307209 0.335348 -0.437081
v 5.320096 0.346557 -0.470533
v 5.340168 0.364015 -0.497081
v 5.365459 0.386014 -0.514126
v 5.393496 0.410401 -0.519999
v 5.508071 0.294533 0.520001
v 5.483370 0.266774 0.514128
v 5.461086 0.241733 0.497083
v 5.443402 0.221860 0.470535
v 5.432048 0.209101 0.437083
v 5.428136 0.204705 0.400001
v 5.428136 0.204705 -0.399999
v 5.432048 0.209101 -0.437081
v 5.443402 0.221860 -0.470533
v 5.461086 0.241733 -0.497081
v 5.483370 0.266774 -0.514126
v 5.508071 0.294533 -0.519999
v 5.636682 0.194018 0.520001
v 5.615699 0.163354 0.514128
v 5.596769 0.135691 0.497083
v 5.581747 0.113738 0.470535
v 5.572102 0.099643 0.437083
v 5.568779 0.094787 0.400001
v 5.568779 0.094787 -0.399999
v 5.572102 0.099643 -0.437081
v 5.581747 0.113738 -0.470533
v 5.596769 0.135691 -0.497081
v 5.615699 0.163354 -0.514126
v 5.636682 0.194018 -0.519999
v 5.778264 0.109759 0.520001
v 5.761289 0.076709 0.514128
v 5.745975 0.046895 0.497083
v 5.733823 0.023234 0.470535
v 5.726020 0.008042 0.437083
v 5.723331 0.002808 0.400001
v 5.723331 0.002808 -0.399999
v 5.726020 0.008043 -0.437081
v 5.733823 0.023234 -0.470533
v 5.745975 0.046895 -0.497081
v 5.761289 0.076709 -0.514126
v 5.778264 0.109759 -0.519999
v 5.931754 0.042655 0.520001
v 5.918977 0.007770 0.514128
v 5.907450 -0.023700 0.497083
v 5.898303 -0.048675 0.470535
v 5.892430 -0.064709 0.437083
v 5.890406 -0.070235 0.400001
v 5.890406 -0.070235 -0.399999
v 5.892430 -0.064709 -0.437081
v 5.898303 -0.048675 -0.470533
v 5.907450 -0.023700 -0.497081
v 5.918977 0.007770 -0.514126
v 5.931754 0.042655 -0.519999
v 6.096089 -0.006391 0.520001
v 6.087599 -0.042556 0.514128
v 6.079940 -0.075180 0.497083
v 6.073863 -0.101071 0.470535
v 6.069960 -0.117694 0.437083
v 6.068615 -0.123422 0.400001
v 6.068615 -0.123422 -0.399999
v 6.069960 -0.117694 -0.437081
v 6.073863 -0.101071 -0.470533
v 6.079940 -0.075180 -0.497081
v 6.087599 -0.042556 -0.514126
v 6.096089 -0.006391 -0.519999
v 6.270205 -0.036480 0.520001
v 6.265998 -0.073385 0.514128
v 6.262203 -0.106677 0.497083
v 6.259192 -0.133098 0.470535
v 6.257258 -0.150061 0.437083
v 6.256591 -0.155906 0.400001
v 6.256591 -0.155906 -0.399999
v 6.257258 -0.150061 -0.437081
v 6.259192 -0.133098 -0.470533
v 6.262203 -0.106677 -0.497081
v 6.265998 -0.073385 -0.514126
v 6.270205 -0.036480 -0.519999
v 6.453041 -0.046710 0.520001
v 6.453138 -0.083855 0.514128
v 6.453226 -0.117365 0.497083
v 6.453296 -0.143958 0.470535
v 6.453341 -0.161032 0.437083
v 6.453356 -0.166915 0.400001
v 6.453356 -0.166915 -0.399999
v 6.453341 -0.161032 -0.437081
v 6.453296 -0.143958 -0.470533
v 6.453226 -0.117365 -0.497081
v 6.453138 -0.083855 -0.514126
v 6.453041 -0.046710 -0.519999
v 6.626637 -0.036084 0.520001
v 6.631287 -0.072951 0.514128
v 6.635483 -0.106209 0.497083
v 6.638812 -0.132602 0.470535
v 6.640950 -0.149548 0.437083
v 6.641686 -0.155387 0.400001
v 6.641686 -0.155387 -0.399999
v 6.640950 -0.149548 -0.437081
v 6.638812 -0.132602 -0.470533
v 6.635483 -0.106208 -0.497081
v 6.631287 -0.072950 -0.514126
v 6.626637 -0.036084 -0.519999
v 6.788666 -0.004950 0.520001
v 6.798145 -0.040889 0.514128
v 6.806696 -0.073310 0.497083
v 6.813482 -0.099039 0.470535
v 6.817839 -0.115559 0.437083
v 6.819340 -0.121251 0.400001
v 6.819340 -0.121251 -0.399999
v 6.817839 -0.115559 -0.437081
v 6.813482 -0.099039 -0.470533
v 6.806696 -0.073310 -0.497081
v 6.798145 -0.040889 -0.514126
v 6.788666 -0.004950 -0.519999
v 6.938160 0.045575 0.520001
v 6.952539 0.011292 0.514128
v 6.965510 -0.019635 0.497083
v 6.975805 -0.044179 0.470535
v 6.982414 -0.059937 0.437083
v 6.984692 -0.065367 0.400001
v 6.984692 -0.065367 -0.399999
v 6.982414 -0.059937 -0.437081
v 6.975805 -0.044179 -0.470533
v 6.965510 -0.019635 -0.497081
v 6.952539 0.011292 -0.514126
v 6.938160 0.045575 -0.519999
v 7.074149 0.114372 0.520001
v 7.093330 0.082519 0.514128
v 7.110633 0.053783 0.497083
v 7.124365 0.030978 0.470535
v 7.133182 0.016337 0.437083
v 7.136220 0.011291 0.400001
v 7.136220 0.011292 -0.399999
v 7.133182 0.016337 -0.437081
v 7.124365 0.030978 -0.470533
v 7.110633 0.053783 -0.497081
v 7.093330 0.082519 -0.514126
v 7.074149 0.114372 -0.519999
v 7.195664 0.200326 0.520001
v 7.219355 0.171662 0.514128
v 7.240727 0.145805 0.497083
v 7.257689 0.125285 0.470535
v 7.268579 0.112110 0.437083
v 7.272331 0.107570 0.400001
v 7.272331 0.107570 -0.399999
v 7.268579 0.112110 -0.437081
v 7.257689 0.125285 -0.470533
v 7.240727 0.145805 -0.497081
v 7.219355 0.171663 -0.514126
v 7.195664 0.200326 -0.519999
v 7.301735 0.302318 0.520001
v 7.329456 0.277529 0.514128
v 7.354464 0.255167 0.497083
v 7.374310 0.237421 0.470535
v 7.387052 0.226027 0.437083
v 7.391442 0.222100 0.400001
v 7.391442 0.222101 -0.399999
v 7.387052 0.226027 -0.437081
v 7.374310 0.237421 -0.470533
v 7.354464 0.255167 -0.497081
v 7.329456 0.277529 -0.514126
v 7.301735 0.302318 -0.519999
v 7.391393 0.419231 0.520001
v 7.422504 0.398863 0.514128
v 7.450570 0.380490 0.497083
v 7.472843 0.365908 0.470535
v 7.487144 0.356546 0.437083
v 7.492071 0.353320 0.400001
v 7.492071 0.353320 -0.399999
v 7.487144 0.356546 -0.437081
v 7.472843 0.365908 -0.470533
v 7.450570 0.380490 -0.497081
v 7.422504 0.398863 -0.514126
v 7.391393 0.419231 -0.519999
v 7.463668 0.549948 0.520001
v 7.497427 0.534368 0.514128
v 7.527881 0.520314 0.497083
v 7.552050 0.509160 0.470535
v 7.567566 0.501999 0.437083
v 7.572914 0.499532 0.400001
v 7.572914 0.499532 -0.399999
v 7.567566 0.501999 -0.437081
v 7.552050 0.509160 -0.470533
v 7.527881 0.520314 -0.497081
v 7.497427 0.534369 -0.514126
v 7.463668 0.549948 -0.519999
v 7.517591 0.693352 0.520001
v 7.553215 0.682734 0.514128
v 7.585352 0.673155 0.497083
v 7.610857 0.665554 0.470535
v 7.627231 0.660673 0.437083
v 7.632874 0.658992 0.400001
v 7.632874 0.658992 -0.399999
v 7.627231 0.660673 -0.437081
v 7.610857 0.665554 -0.470533
v 7.585352 0.673155 -0.497081
v 7.553215 0.682734 -0.514126
v 7.517591 0.693352 -0.519999
v 7.552191 0.848325 0.520001
v 7.588922 0.842662 0.514128
v 7.622057 0.837553 0.497083
v 7.648354 0.833499 0.470535
v 7.665236 0.830896 0.437083
v 7.671054 0.829999 0.400001
v 7.671054 0.829999 -0.399999
v 7.665236 0.830896 -0.437081
v 7.648354 0.833499 -0.470533
v 7.622057 0.837553 -0.497081
v 7.588922 0.842662 -0.514126
v 7.552191 0.848325 -0.519999
v 7.566500 1.013750 0.520001
v 7.603646 1.012886 0.514128
v 7.637156 1.012106 0.497083
v 7.663749 1.011487 0.470535
v 7.680823 1.011090 0.437083
v 7.686707 1.010953 0.400001
v 7.686707 1.010953 -0.399999
v 7.680823 1.011090 -0.437081
v 7.663749 1.011487 -0.470533
v 7.637156 1.012106 -0.497081
v 7.603646 1.012886 -0.514126
v 7.566500 1.013750 -0.519999
v 7.559548 1.188510 0.520001
v 7.596509 1.192308 0.514128
v 7.629851 1.195735 0.497083
v 7.656312 1.198454 0.470535
v 7.673300 1.200200 0.437083
v 7.679154 1.200802 0.400001
v 7.679154 1.200802 -0.399999
v 7.673300 1.200200 -0.437081
v 7.656312 1.198454 -0.470533
v 7.629851 1.195735 -0.497081
v 7.596509 1.192308 -0.514126
v 7.559548 1.188510 -0.519999
v 7.532225 1.352539 0.520001
v 7.568407 1.361011 0.514128
v 7.601047 1.368654 0.497083
v 7.626950 1.374720 0.470535
v 7.643581 1.378614 0.437083
v 7.649312 1.379956 0.400001
v 7.649312 1.379956 -0.399999
v 7.643581 1.378614 -0.437081
v 7.626950 1.374720 -0.470533
v 7.601047 1.368654 -0.497081
v 7.568407 1.361011 -0.514126
v 7.532225 1.352539 -0.519999
v 7.484681 1.509017 0.520001
v 7.519474 1.522058 0.514128
v 7.550861 1.533824 0.497083
v 7.575770 1.543161 0.470535
v 7.591763 1.549155 0.437083
v 7.597274 1.551221 0.400001
v 7.597274 1.551221 -0.399999
v 7.591763 1.549155 -0.437081
v 7.575770 1.543161 -0.470533
v 7.550861 1.533824 -0.497081
v 7.519474 1.522058 -0.514126
v 7.484681 1.509017 -0.519999
v 7.418340 1.656664 0.520001
v 7.451218 1.673970 0.514128
v 7.480877 1.689581 0.497083
v 7.504415 1.701971 0.470535
v 7.519527 1.709925 0.437083
v 7.524734 1.712666 0.400001
v 7.524734 1.712666 -0.399999
v 7.519527 1.709925 -0.437081
v 7.504415 1.701971 -0.470533
v 7.480877 1.689581 -0.497081
v 7.451218 1.673970 -0.514126
v 7.418340 1.656664 -0.519999
v 7.334630 1.794202 0.520001
v 7.365129 1.815414 0.514128
v 7.392644 1.834549 0.497083
v 7.414480 1.849735 0.470535
v 7.428499 1.859485 0.437083
v 7.433330 1.862845 0.400001
v 7.433330 1.862845 -0.399999
v 7.428499 1.859485 -0.437081
v 7.414480 1.849735 -0.470533
v 7.392644 1.834549 -0.497081
v 7.365129 1.815414 -0.514126
v 7.334630 1.794202 -0.519999
v 7.234974 1.920351 0.520001
v 7.262692 1.945083 0.514128
v 7.287698 1.967395 0.497083
v 7.307542 1.985102 0.470535
v 7.320283 1.996470 0.437083
v 7.324674 2.000387 0.400001
v 7.324674 2.000387 -0.399999
v 7.320283 1.996470 -0.437081
v 7.307542 1.985102 -0.470533
v 7.287698 1.967395 -0.497081
v 7.262692 1.945083 -0.514126
v 7.234974 1.920351 -0.519999
v 7.120799 2.033831 0.520001
v 7.145378 2.061684 0.514128
v 7.167551 2.086811 0.497083
v 7.185147 2.106752 0.470535
v 7.196445 2.119555 0.437083
v 7.200338 2.123966 0.400001
v 7.200338 2.123966 -0.399999
v 7.196445 2.119555 -0.437081
v 7.185147 2.106752 -0.470533
v 7.167551 2.086811 -0.497081
v 7.145378 2.061684 -0.514126
v 7.120799 2.033831 -0.519999
v 6.993530 2.133363 0.520001
v 7.014644 2.163926 0.514128
v 7.033691 2.191498 0.497083
v 7.048808 2.213378 0.470535
v 7.058513 2.227427 0.437083
v 7.061857 2.232267 0.400001
v 7.061857 2.232267 -0.399999
v 7.058513 2.227427 -0.437081
v 7.048808 2.213378 -0.470533
v 7.033691 2.191498 -0.497081
v 7.014644 2.163926 -0.514126
v 6.993530 2.133363 -0.519999
v 6.854593 2.217668 0.520001
v 6.871943 2.250514 0.514128
v 6.887596 2.280146 0.497083
v 6.900017 2.303661 0.470535
v 6.907992 2.318759 0.437083
v 6.910740 2.323961 0.400001
v 6.910740 2.323961 -0.399999
v 6.907992 2.318759 -0.437081
v 6.900017 2.303661 -0.470533
v 6.887596 2.280146 -0.497081
v 6.871943 2.250514 -0.514126
v 6.854593 2.217668 -0.519999
v 6.705412 2.285465 0.520001
v 6.718727 2.320146 0.514128
v 6.730738 2.351432 0.497083
v 6.740270 2.376261 0.470535
v 6.746389 2.392202 0.437083
v 6.748498 2.397695 0.400001
v 6.748498 2.397695 -0.399999
v 6.746389 2.392202 -0.437081
v 6.740270 2.376261 -0.470533
v 6.730738 2.351432 -0.497081
v 6.718727 2.320146 -0.514126
v 6.705412 2.285465 -0.519999
v 6.547414 2.335476 0.520001
v 6.556453 2.371510 0.514128
v 6.564606 2.404017 0.497083
v 6.571077 2.429815 0.470535
v 6.575232 2.446378 0.437083
v 6.576663 2.452086 0.400001
v 6.576663 2.452086 -0.399999
v 6.575232 2.446378 -0.437081
v 6.571077 2.429815 -0.470533
v 6.564606 2.404017 -0.497081
v 6.556453 2.371510 -0.514126
v 6.547414 2.335476 -0.519999
v 6.382024 2.366421 0.520001
v 6.386596 2.403291 0.514128
v 6.390720 2.436552 0.497083
v 6.393993 2.462948 0.470535
v 6.396095 2.479895 0.437083
v 6.396819 2.485735 0.400001
v 6.396819 2.485735 -0.399999
v 6.396095 2.479895 -0.437081
v 6.393993 2.462948 -0.470533
v 6.390720 2.436552 -0.497081
v 6.386596 2.403291 -0.514126
v 6.382024 2.366421 -0.519999
v 6.210668 2.377020 0.520001
v 6.210749 2.414168 0.514128
v 6.210822 2.447679 0.497083
v 6.210880 2.474274 0.470535
v 6.210917 2.491349 0.437083
v 6.210930 2.497233 0.400001
v 6.210930 2.497233 -0.399999
v 6.210917 2.491349 -0.437081
v 6.210880 2.474274 -0.470533
v 6.210822 2.447679 -0.497081
v 6.210749 2.414168 -0.514126
v 6.210668 2.377020 -0.519999
v 6.033145 2.366817 0.520001
v 6.028779 2.403709 0.514128
v 6.024839 2.436990 0.497083
v 6.021713 2.463402 0.470535
v 6.019706 2.480359 0.437083
v 6.019014 2.486202 0.400001
v 6.019014 2.486202 -0.399999
v 6.019706 2.480359 -0.437081
v 6.021713 2.463402 -0.470533
v 6.024839 2.436990 -0.497081
v 6.028779 2.403709 -0.514126
v 6.033145 2.366817 -0.519999
v 5.867163 2.336917 0.520001
v 5.858247 2.372990 0.514128
v 5.850204 2.405532 0.497083
v 5.843821 2.431357 0.470535
v 5.839723 2.447938 0.437083
v 5.838311 2.453651 0.400001
v 5.838311 2.453651 -0.399999
v 5.839723 2.447938 -0.437081
v 5.843821 2.431357 -0.470533
v 5.850204 2.405532 -0.497081
v 5.858247 2.372990 -0.514126
v 5.867163 2.336917 -0.519999
v 5.713748 2.288384 0.520001
v 5.700169 2.322982 0.514128
v 5.687920 2.354193 0.497083
v 5.678198 2.378962 0.470535
v 5.671956 2.394865 0.437083
v 5.669806 2.400344 0.400001
v 5.669806 2.400344 -0.399999
v 5.671956 2.394865 -0.437081
v 5.678198 2.378962 -0.470533
v 5.687920 2.354193 -0.497081
v 5.700169 2.322982 -0.514126
v 5.713748 2.288384 -0.519999
v 5.573931 2.222281 0.520001
v 5.555703 2.254680 0.514128
v 5.539259 2.283909 0.497083
v 5.526210 2.307104 0.470535
v 5.517831 2.321997 0.437083
v 5.514944 2.327128 0.400001
v 5.514944 2.327128 -0.399999
v 5.517831 2.321997 -0.437081
v 5.526210 2.307104 -0.470533
v 5.539259 2.283909 -0.497081
v 5.555703 2.254680 -0.514126
v 5.573931 2.222281 -0.519999
v 5.448739 2.139670 0.520001
v 5.426038 2.169119 0.514128
v 5.405560 2.195685 0.497083
v 5.389308 2.216768 0.470535
v 5.378874 2.230304 0.437083
v 5.375279 2.234968 0.400001
v 5.375279 2.234968 -0.399999
v 5.378874 2.230304 -0.437081
v 5.389308 2.216768 -0.470533
v 5.405560 2.195685 -0.497081
v 5.426038 2.169119 -0.514126
v 5.448739 2.139670 -0.519999
v 5.339201 2.041616 0.520001
v 5.312387 2.067382 0.514128
v 5.288198 2.090626 0.497083
v 5.269002 2.109073 0.470535
v 5.256677 2.120917 0.437083
v 5.252430 2.124998 0.400001
v 5.252430 2.124998 -0.399999
v 5.256677 2.120917 -0.437081
v 5.269002 2.109073 -0.470533
v 5.288198 2.090626 -0.497081
v 5.312387 2.067382 -0.514126
v 5.339201 2.041616 -0.519999
v 5.246347 1.929181 0.520001
v 5.215961 1.950621 0.514128
v 5.188548 1.969962 0.497083
v 5.166793 1.985311 0.470535
v 5.152826 1.995166 0.437083
v 5.148014 1.998562 0.400001
v 5.148014 1.998562 -0.399999
v 5.152826 1.995166 -0.437081
v 5.166793 1.985311 -0.470533
v 5.188548 1.969962 -0.497081
v 5.215961 1.950621 -0.514126
v 5.246347 1.929181 -0.519999
v 5.171206 1.803429 0.520001
v 5.137938 1.820047 0.514128
v 5.107927 1.835039 0.497083
v 5.084110 1.846937 0.470535
v 5.068819 1.854575 0.437083
v 5.063550 1.857208 0.400001
v 5.063550 1.857208 -0.399999
v 5.068819 1.854575 -0.437081
v 5.084110 1.846937 -0.470533
v 5.107927 1.835039 -0.497081
v 5.137938 1.820047 -0.514126
v 5.171206 1.803429 -0.519999
v 5.114807 1.665422 0.520001
v 5.079446 1.676919 0.514128
v 5.047547 1.687291 0.497083
v 5.022231 1.695522 0.470535
v 5.005978 1.700806 0.437083
v 5.000377 1.702627 0.400001
v 5.000377 1.702627 -0.399999
v 5.005978 1.700806 -0.437081
v 5.022231 1.695522 -0.470533
v 5.047547 1.687291 -0.497081
v 5.079446 1.676919 -0.514126
v 5.114807 1.665422 -0.519999
v 5.078178 1.516225 0.520001
v 5.041538 1.522510 0.514128
v 5.008484 1.528180 0.497083
v 4.982253 1.532680 0.470535
v 4.965411 1.535569 0.437083
v 4.959608 1.536564 0.400001
v 4.959608 1.536564 -0.399999
v 4.965411 1.535569 -0.437081
v 4.982253 1.532680 -0.470533
v 5.008484 1.528180 -0.497081
v 5.041538 1.522510 -0.514126
v 5.078178 1.516225 -0.519999
v 5.062349 1.356900 0.520001
v 5.025201 1.358078 0.514128
v 4.991690 1.359141 0.497083
v 4.965096 1.359984 0.470535
v 4.948020 1.360526 0.437083
v 4.942137 1.360712 0.400001
v 4.942137 1.360712 -0.399999
v 4.948020 1.360526 -0.437081
v 4.965096 1.359984 -0.470533
v 4.991690 1.359141 -0.497081
v 5.025201 1.358078 -0.514126
v 5.062349 1.356900 -0.519999
v 5.068348 1.188510 0.520001
v 5.031371 1.184928 0.514128
v 4.998012 1.181696 0.497083
v 4.971539 1.179131 0.470535
v 4.954542 1.177485 0.437083
v 4.948685 1.176917 0.400001
v 4.948685 1.176917 -0.399999
v 4.954542 1.177485 -0.437081
v 4.971539 1.179131 -0.470533
v 4.998012 1.181696 -0.497081
v 5.031371 1.184928 -0.514126
v 5.068348 1.188510 -0.519999
v 7.092946 1.068801 0.520001
v 7.055807 1.069116 0.514128
v 7.022304 1.069400 0.497083
v 6.995715 1.069626 0.470535
v 6.978644 1.069771 0.437083
v 6.972762 1.069820 0.400001
v 6.972762 1.069820 -0.399999
v 6.978644 1.069771 -0.437081
v 6.995715 1.069626 -0.470533
v 7.022304 1.069400 -0.497081
v 7.055807 1.069116 -0.514126
v 7.092946 1.068801 -0.519999
v 7.085704 0.956570 0.520001
v 7.048845 0.961218 0.514128
v 7.015594 0.965410 0.497083
v 6.989205 0.968738 0.470535
v 6.972263 0.970874 0.437083
v 6.966425 0.971610 0.400001
v 6.966425 0.971610 -0.399999
v 6.972263 0.970874 -0.437081
v 6.989205 0.968738 -0.470533
v 7.015594 0.965410 -0.497081
v 7.048845 0.961218 -0.514126
v 7.085704 0.956570 -0.519999
v 7.066052 0.852377 0.520001
v 7.030068 0.861663 0.514128
v 6.997606 0.870040 0.497083
v 6.971844 0.876688 0.470535
v 6.955304 0.880956 0.437083
v 6.949605 0.882427 0.400001
v 6.949605 0.882427 -0.399999
v 6.955304 0.880956 -0.437081
v 6.971844 0.876688 -0.470533
v 6.997606 0.870040 -0.497081
v 7.030068 0.861663 -0.514126
v 7.066052 0.852377 -0.519999
v 7.034513 0.756779 0.520001
v 7.000124 0.770903 0.514128
v 6.969102 0.783644 0.497083
v 6.944483 0.793755 0.470535
v 6.928676 0.800247 0.437083
v 6.923230 0.802484 0.400001
v 6.923230 0.802484 -0.399999
v 6.928676 0.800247 -0.437081
v 6.944483 0.793756 -0.470533
v 6.969102 0.783644 -0.497081
v 7.000124 0.770903 -0.514126
v 7.034513 0.756779 -0.519999
v 6.991605 0.670336 0.520001
v 6.959632 0.689325 0.514128
v 6.930788 0.706455 0.497083
v 6.907897 0.720050 0.470535
v 6.893201 0.728778 0.437083
v 6.888137 0.731785 0.400001
v 6.888137 0.731786 -0.399999
v 6.893201 0.728778 -0.437081
v 6.907897 0.720050 -0.470533
v 6.930788 0.706455 -0.497081
v 6.959632 0.689325 -0.514126
v 6.991605 0.670336 -0.519999
v 6.937851 0.593606 0.520001
v 6.909144 0.617258 0.514128
v 6.883247 0.638594 0.497083
v 6.862696 0.655527 0.470535
v 6.849501 0.666398 0.437083
v 6.844954 0.670144 0.400001
v 6.844954 0.670144 -0.399999
v 6.849501 0.666398 -0.437081
v 6.862696 0.655527 -0.470533
v 6.883247 0.638594 -0.497081
v 6.909144 0.617258 -0.514126
v 6.937851 0.593606 -0.519999
v 6.873772 0.527148 0.520001
v 6.849119 0.555004 0.514128
v 6.826879 0.580133 0.497083
v 6.809229 0.600076 0.470535
v 6.797897 0.612880 0.437083
v 6.793993 0.617292 0.400001
v 6.793993 0.617292 -0.399999
v 6.797897 0.612880 -0.437081
v 6.809229 0.600076 -0.470533
v 6.826879 0.580133 -0.497081
v 6.849119 0.555004 -0.514126
v 6.873772 0.527149 -0.519999
v 6.799887 0.471521 0.520001
v 6.779906 0.502895 0.514128
v 6.761880 0.531197 0.497083
v 6.747576 0.553658 0.470535
v 6.738391 0.568079 0.437083
v 6.735227 0.573048 0.400001
v 6.735227 0.573048 -0.399999
v 6.738391 0.568079 -0.437081
v 6.747576 0.553658 -0.470533
v 6.761880 0.531197 -0.497081
v 6.779906 0.502895 -0.514126
v 6.799887 0.471521 -0.519999
v 6.716717 0.427283 0.520001
v 6.701781 0.461340 0.514128
v 6.688307 0.492063 0.497083
v 6.677613 0.516445 0.470535
v 6.670748 0.532099 0.437083
v 6.668382 0.537493 0.400001
v 6.668382 0.537493 -0.399999
v 6.670748 0.532099 -0.437081
v 6.677613 0.516445 -0.470533
v 6.688307 0.492063 -0.497081
v 6.701781 0.461340 -0.514126
v 6.716717 0.427283 -0.519999
v 6.624784 0.394993 0.520001
v 6.614998 0.430858 0.514128
v 6.606170 0.463213 0.497083
v 6.599163 0.488890 0.470535
v 6.594665 0.505375 0.437083
v 6.593115 0.511056 0.400001
v 6.593115 0.511056 -0.399999
v 6.594665 0.505376 -0.437081
v 6.599163 0.488890 -0.470533
v 6.606170 0.463213 -0.497081
v 6.614998 0.430858 -0.514126
v 6.624784 0.394993 -0.519999
v 6.524609 0.375209 0.520001
v 6.519843 0.412066 0.514128
v 6.515544 0.445315 0.497083
v 6.512132 0.471702 0.470535
v 6.509942 0.488643 0.437083
v 6.509187 0.494481 0.400001
v 6.509187 0.494481 -0.399999
v 6.509942 0.488643 -0.437081
v 6.512132 0.471702 -0.470533
v 6.515544 0.445315 -0.497081
v 6.519843 0.412066 -0.514126
v 6.524609 0.375209 -0.519999
v 6.416711 0.368490 0.520001
v 6.416559 0.405634 0.514128
v 6.416421 0.439143 0.497083
v 6.416313 0.465735 0.470535
v 6.416243 0.482809 0.437083
v 6.416218 0.488692 0.400001
v 6.416218 0.488692 -0.399999
v 6.416243 0.482809 -0.437081
v 6.416313 0.465735 -0.470533
v 6.416421 0.439143 -0.497081
v 6.416559 0.405634 -0.514126
v 6.416711 0.368490 -0.519999
v 6.297960 0.374908 0.520001
v 6.302072 0.411822 0.514128
v 6.305780 0.445123 0.497083
v 6.308724 0.471550 0.470535
v 6.310614 0.488518 0.437083
v 6.311265 0.494364 0.400001
v 6.311265 0.494364 -0.399999
v 6.310614 0.488518 -0.437081
v 6.308724 0.471550 -0.470533
v 6.305780 0.445123 -0.497081
v 6.302072 0.411822 -0.514126
v 6.297960 0.374908 -0.519999
v 6.185955 0.393887 0.520001
v 6.194362 0.430073 0.514128
v 6.201947 0.462717 0.497083
v 6.207966 0.488623 0.470535
v 6.211831 0.505256 0.437083
v 6.213162 0.510988 0.400001
v 6.213162 0.510988 -0.399999
v 6.211831 0.505256 -0.437081
v 6.207966 0.488623 -0.470533
v 6.201947 0.462717 -0.497081
v 6.194362 0.430073 -0.514126
v 6.185955 0.393887 -0.519999
v 6.081169 0.425012 0.520001
v 6.093987 0.459888 0.514128
v 6.105550 0.491350 0.497083
v 6.114727 0.516319 0.470535
v 6.120618 0.532349 0.437083
v 6.122648 0.537873 0.400001
v 6.122648 0.537873 -0.399999
v 6.120618 0.532350 -0.437081
v 6.114727 0.516319 -0.470533
v 6.105550 0.491350 -0.497081
v 6.093987 0.459888 -0.514126
v 6.081169 0.425012 -0.519999
v 5.984076 0.467869 0.520001
v 6.001283 0.500807 0.514128
v 6.016806 0.530522 0.497083
v 6.029125 0.554103 0.470535
v 6.037035 0.569243 0.437083
v 6.039760 0.574460 0.400001
v 6.039760 0.574460 -0.399999
v 6.037035 0.569243 -0.437081
v 6.029125 0.554103 -0.470533
v 6.016806 0.530522 -0.497081
v 6.001283 0.500807 -0.514126
v 5.984076 0.467869 -0.519999
v 5.895150 0.522043 0.520001
v 5.916567 0.552416 0.514128
v 5.935888 0.579817 0.497083
v 5.951221 0.601562 0.470535
v 5.961065 0.615524 0.437083
v 5.964457 0.620334 0.400001
v 5.964457 0.620335 -0.399999
v 5.961065 0.615524 -0.437081
v 5.951221 0.601562 -0.470533
v 5.935888 0.579817 -0.497081
v 5.916567 0.552417 -0.514126
v 5.895150 0.522043 -0.519999
v 5.814865 0.587119 0.520001
v 5.840150 0.614357 0.514128
v 5.862961 0.638929 0.497083
v 5.881063 0.658429 0.470535
v 5.892686 0.670949 0.437083
v 5.896691 0.675263 0.400001
v 5.896691 0.675263 -0.399999
v 5.892686 0.670949 -0.437081
v 5.881063 0.658429 -0.470533
v 5.862961 0.638929 -0.497081
v 5.840150 0.614357 -0.514126
v 5.814865 0.587119 -0.519999
v 5.743695 0.662683 0.520001
v 5.772370 0.686323 0.514128
v 5.798238 0.707648 0.497083
v 5.818767 0.724572 0.470535
v 5.831947 0.735438 0.437083
v 5.836489 0.739182 0.400001
v 5.836489 0.739182 -0.399999
v 5.831947 0.735438 -0.437081
v 5.818767 0.724572 -0.470533
v 5.798238 0.707648 -0.497081
v 5.772370 0.686323 -0.514126
v 5.743695 0.662683 -0.519999
v 5.682114 0.748321 0.520001
v 5.713605 0.768044 0.514128
v 5.742015 0.785835 0.497083
v 5.764560 0.799955 0.470535
v 5.779036 0.809021 0.437083
v 5.784023 0.812144 0.400001
v 5.784023 0.812144 -0.399999
v 5.779036 0.809021 -0.437081
v 5.764560 0.799955 -0.470533
v 5.742015 0.785836 -0.497081
v 5.713605 0.768044 -0.514126
v 5.682114 0.748321 -0.519999
v 5.630595 0.843618 0.520001
v 5.664293 0.859261 0.514128
v 5.694692 0.873372 0.497083
v 5.718816 0.884571 0.470535
v 5.734305 0.891761 0.437083
v 5.739643 0.894238 0.400001
v 5.739643 0.894238 -0.399999
v 5.734305 0.891761 -0.437081
v 5.718816 0.884571 -0.470533
v 5.694692 0.873372 -0.497081
v 5.664293 0.859261 -0.514126
v 5.630595 0.843618 -0.519999
v 5.589614 0.948160 0.520001
v 5.624918 0.959704 0.514128
v 5.656766 0.970118 0.497083
v 5.682042 0.978382 0.470535
v 5.698269 0.983688 0.437083
v 5.703861 0.985517 0.400001
v 5.703861 0.985517 -0.399999
v 5.698269 0.983688 -0.437081
v 5.682042 0.978382 -0.470533
v 5.656766 0.970118 -0.497081
v 5.624918 0.959704 -0.514126
v 5.589614 0.948160 -0.519999
v 5.559643 1.061532 0.520001
v 5.596005 1.069075 0.514128
v 5.628808 1.075880 0.497083
v 5.654840 1.081280 0.470535
v 5.671554 1.084747 0.437083
v 5.677313 1.085942 0.400001
v 5.677313 1.085942 -0.399999
v 5.671554 1.084747 -0.437081
v 5.654840 1.081280 -0.470533
v 5.628808 1.075880 -0.497081
v 5.596005 1.069075 -0.514126
v 5.559643 1.061532 -0.519999
v 5.541157 1.183320 0.520001
v 5.578133 1.186822 0.514128
v 5.611488 1.189982 0.497083
v 5.637959 1.192489 0.470535
v 5.654955 1.194099 0.437083
v 5.660811 1.194654 0.400001
v 5.660811 1.194654 -0.399999
v 5.654955 1.194099 -0.437081
v 5.637959 1.192489 -0.470533
v 5.611488 1.189982 -0.497081
v 5.578133 1.186822 -0.514126
v 5.541157 1.183320 -0.519999
v 5.536943 1.293490 0.520001
v 5.574090 1.292511 0.514128
v 5.607600 1.291627 0.497083
v 5.634194 1.290926 0.470535
v 5.651268 1.290475 0.437083
v 5.657152 1.290320 0.400001
v 5.657152 1.290320 -0.399999
v 5.651268 1.290475 -0.437081
v 5.634194 1.290926 -0.470533
v 5.607600 1.291627 -0.497081
v 5.574090 1.292511 -0.514126
v 5.536943 1.293490 -0.519999
v 5.546455 1.397768 0.520001
v 5.583154 1.391876 0.514128
v 5.616260 1.386560 0.497083
v 5.642533 1.382342 0.470535
v 5.659402 1.379634 0.437083
v 5.665214 1.378700 0.400001
v 5.665214 1.378700 -0.399999
v 5.659402 1.379634 -0.437081
v 5.642533 1.382342 -0.470533
v 5.616260 1.386560 -0.497081
v 5.583154 1.391876 -0.514126
v 5.546455 1.397768 -0.519999
v 5.569062 1.495450 0.520001
v 5.604591 1.484507 0.514128
v 5.636643 1.474636 0.497083
v 5.662080 1.466802 0.470535
v 5.678411 1.461772 0.437083
v 5.684038 1.460039 0.400001
v 5.684038 1.460039 -0.399999
v 5.678411 1.461772 -0.437081
v 5.662080 1.466802 -0.470533
v 5.636643 1.474636 -0.497081
v 5.604591 1.484507 -0.514126
v 5.569062 1.495450 -0.519999
v 5.604129 1.585833 0.520001
v 5.637710 1.569868 0.514128
v 5.668004 1.555465 0.497083
v 5.692045 1.544035 0.470535
v 5.707480 1.536696 0.437083
v 5.712799 1.534167 0.400001
v 5.712799 1.534167 -0.399999
v 5.707480 1.536696 -0.437081
v 5.692045 1.544035 -0.470533
v 5.668004 1.555465 -0.497081
v 5.637710 1.569868 -0.514126
v 5.604129 1.585833 -0.519999
v 5.651026 1.668216 0.520001
v 5.681872 1.647446 0.514128
v 5.709699 1.628710 0.497083
v 5.731782 1.613841 0.470535
v 5.745961 1.604294 0.437083
v 5.750847 1.601005 0.400001
v 5.750847 1.601005 -0.399999
v 5.745961 1.604294 -0.437081
v 5.731782 1.613841 -0.470533
v 5.709699 1.628710 -0.497081
v 5.681872 1.647446 -0.514126
v 5.651026 1.668216 -0.519999
v 5.709119 1.741894 0.520001
v 5.736505 1.716736 0.514128
v 5.761210 1.694040 0.497083
v 5.780816 1.676029 0.470535
v 5.793404 1.664465 0.437083
v 5.797741 1.660480 0.400001
v 5.797741 1.660480 -0.399999
v 5.793404 1.664465 -0.437081
v 5.780816 1.676029 -0.470533
v 5.761210 1.694040 -0.497081
v 5.736505 1.716736 -0.514126
v 5.709119 1.741894 -0.519999
v 5.777775 1.806165 0.520001
v 5.801097 1.777202 0.514128
v 5.822136 1.751075 0.497083
v 5.838832 1.730340 0.470535
v 5.849552 1.717027 0.437083
v 5.853246 1.712440 0.400001
v 5.853246 1.712440 -0.399999
v 5.849552 1.717027 -0.437081
v 5.838832 1.730340 -0.470533
v 5.822136 1.751075 -0.497081
v 5.801097 1.777202 -0.514126
v 5.777775 1.806165 -0.519999
v 5.856363 1.860327 0.520001
v 5.875185 1.828263 0.514128
v 5.892165 1.799338 0.497083
v 5.905641 1.776383 0.470535
v 5.914292 1.761645 0.437083
v 5.917274 1.756567 0.400001
v 5.917274 1.756567 -0.399999
v 5.914292 1.761645 -0.437081
v 5.905641 1.776383 -0.470533
v 5.892165 1.799338 -0.497081
v 5.875185 1.828263 -0.514126
v 5.856363 1.860327 -0.519999
v 5.944250 1.903676 0.520001
v 5.958326 1.869271 0.514128
v 5.971024 1.838234 0.497083
v 5.981102 1.813603 0.470535
v 5.987571 1.797789 0.437083
v 5.989801 1.792340 0.400001
v 5.989801 1.792340 -0.399999
v 5.987571 1.797789 -0.437081
v 5.981102 1.813603 -0.470533
v 5.971024 1.838234 -0.497081
v 5.958326 1.869271 -0.514126
v 5.944250 1.903676 -0.519999
v 6.040803 1.935510 0.520001
v 6.050067 1.899518 0.514128
v 6.058425 1.867051 0.497083
v 6.065058 1.841284 0.470535
v 6.069316 1.824741 0.437083
v 6.070783 1.819040 0.400001
v 6.070783 1.819040 -0.399999
v 6.069316 1.824741 -0.437081
v 6.065058 1.841284 -0.470533
v 6.058425 1.867051 -0.497081
v 6.050067 1.899518 -0.514126
v 6.040803 1.935510 -0.519999
v 6.145390 1.955125 0.520001
v 6.149932 1.918249 0.514128
v 6.154029 1.884982 0.497083
v 6.157281 1.858581 0.470535
v 6.159369 1.841630 0.437083
v 6.160089 1.835790 0.400001
v 6.160089 1.835790 -0.399999
v 6.159369 1.841630 -0.437081
v 6.157281 1.858581 -0.470533
v 6.154029 1.884982 -0.497081
v 6.149932 1.918249 -0.514126
v 6.145390 1.955125 -0.519999
v 6.257377 1.961820 0.520001
v 6.257327 1.924669 0.514128
v 6.257281 1.891154 0.497083
v 6.257245 1.864557 0.470535
v 6.257222 1.847480 0.437083
v 6.257214 1.841596 0.400001
v 6.257214 1.841596 -0.399999
v 6.257222 1.847480 -0.437081
v 6.257245 1.864557 -0.470533
v 6.257281 1.891154 -0.497081
v 6.257327 1.924669 -0.514126
v 6.257377 1.961820 -0.519999
v 6.364436 1.955128 0.520001
v 6.359785 1.918264 0.514128
v 6.355590 1.885009 0.497083
v 6.352261 1.858617 0.470535
v 6.350123 1.841673 0.437083
v 6.349387 1.835834 0.400001
v 6.349387 1.835834 -0.399999
v 6.350123 1.841673 -0.437081
v 6.352261 1.858617 -0.470533
v 6.355590 1.885009 -0.497081
v 6.359785 1.918264 -0.514126
v 6.364436 1.955128 -0.519999
v 6.467126 1.935533 0.520001
v 6.457872 1.899548 0.514128
v 6.449524 1.867085 0.497083
v 6.442899 1.841322 0.470535
v 6.438645 1.824782 0.437083
v 6.437180 1.819082 0.400001
v 6.437180 1.819082 -0.399999
v 6.438645 1.824782 -0.437081
v 6.442899 1.841322 -0.470533
v 6.449524 1.867085 -0.497081
v 6.457872 1.899548 -0.514126
v 6.467126 1.935533 -0.519999
v 6.564691 1.903756 0.520001
v 6.550986 1.869221 0.514128
v 6.538623 1.838066 0.497083
v 6.528811 1.813341 0.470535
v 6.522512 1.797467 0.437083
v 6.520341 1.791997 0.400001
v 6.520341 1.791997 -0.399999
v 6.522512 1.797467 -0.437081
v 6.528811 1.813341 -0.470533
v 6.538623 1.838066 -0.497081
v 6.550986 1.869221 -0.514126
v 6.564691 1.903756 -0.519999
v 6.656374 1.860519 0.520001
v 6.638459 1.827968 0.514128
v 6.622299 1.798604 0.497083
v 6.609474 1.775300 0.470535
v 6.601239 1.760338 0.437083
v 6.598402 1.755183 0.400001
v 6.598402 1.755183 -0.399999
v 6.601239 1.760338 -0.437081
v 6.609474 1.775300 -0.470533
v 6.622299 1.798604 -0.497081
v 6.638459 1.827968 -0.514126
v 6.656374 1.860519 -0.519999
v 6.741417 1.806540 0.520001
v 6.719606 1.776464 0.514128
v 6.699929 1.749331 0.497083
v 6.684314 1.727798 0.470535
v 6.674288 1.713974 0.437083
v 6.670834 1.709210 0.400001
v 6.670834 1.709210 -0.399999
v 6.674288 1.713974 -0.437081
v 6.684314 1.727798 -0.470533
v 6.699929 1.749331 -0.497081
v 6.719606 1.776464 -0.514126
v 6.741417 1.806540 -0.519999
v 6.819066 1.742542 0.520001
v 6.793723 1.715376 0.514128
v 6.770862 1.690868 0.497083
v 6.752718 1.671419 0.470535
v 6.741070 1.658932 0.437083
v 6.737056 1.654629 0.400001
v 6.737056 1.654629 -0.399999
v 6.741070 1.658932 -0.437081
v 6.752718 1.671419 -0.470533
v 6.770862 1.690868 -0.497081
v 6.793723 1.715376 -0.514126
v 6.819066 1.742542 -0.519999
v 6.888561 1.669246 0.520001
v 6.860097 1.645371 0.514128
v 6.834419 1.623834 0.497083
v 6.814041 1.606742 0.470535
v 6.800958 1.595769 0.437083
v 6.796449 1.591987 0.400001
v 6.796449 1.591987 -0.399999
v 6.800958 1.595769 -0.437081
v 6.814041 1.606742 -0.470533
v 6.834419 1.623834 -0.497081
v 6.860097 1.645371 -0.514126
v 6.888561 1.669246 -0.519999
v 6.949147 1.587371 0.520001
v 6.918004 1.567118 0.514128
v 6.889909 1.548847 0.497083
v 6.867613 1.534347 0.470535
v 6.853298 1.525037 0.437083
v 6.848365 1.521829 0.400001
v 6.848365 1.521829 -0.399999
v 6.853298 1.525037 -0.437081
v 6.867613 1.534347 -0.470533
v 6.889909 1.548847 -0.497081
v 6.918004 1.567118 -0.514126
v 6.949147 1.587371 -0.519999
v 7.000067 1.497639 0.520001
v 6.966714 1.481278 0.514128
v 6.936627 1.466519 0.497083
v 6.912750 1.454805 0.470535
v 6.897419 1.447285 0.437083
v 6.892137 1.444694 0.400001
v 6.892137 1.444694 -0.399999
v 6.897419 1.447285 -0.437081
v 6.912750 1.454805 -0.470533
v 6.936627 1.466519 -0.497081
v 6.966714 1.481278 -0.514126
v 7.000067 1.497639 -0.519999
v 7.040563 1.400771 0.520001
v 7.005496 1.388514 0.514128
v 6.973861 1.377456 0.497083
v 6.948755 1.368680 0.470535
v 6.932636 1.363046 0.437083
v 6.927082 1.361104 0.400001
v 6.927082 1.361104 -0.399999
v 6.932636 1.363046 -0.437081
v 6.948755 1.368680 -0.470533
v 6.973861 1.377456 -0.497081
v 7.005496 1.388514 -0.514126
v 7.040563 1.400771 -0.519999
v 7.069880 1.297488 0.520001
v 7.033607 1.289477 0.514128
v 7.000884 1.282251 0.497083
v 6.974916 1.276515 0.470535
v 6.958242 1.272833 0.437083
v 6.952497 1.271565 0.400001
v 6.952497 1.271565 -0.399999
v 6.958242 1.272833 -0.437081
v 6.974916 1.276515 -0.470533
v 7.000884 1.282251 -0.497081
v 7.033607 1.289477 -0.514126
v 7.069880 1.297488 -0.519999
v 7.087259 1.188510 0.520001
v 7.050316 1.184699 0.514128
v 7.016990 1.181260 0.497083
v 6.990541 1.178532 0.470535
v 6.973561 1.176780 0.437083
v 6.967710 1.176176 0.400001
v 6.967710 1.176176 -0.399999
v 6.973561 1.176780 -0.437081
v 6.990541 1.178532 -0.470533
v 7.016990 1.181260 -0.497081
v 7.050316 1.184699 -0.514126
v 7.087259 1.188510 -0.519999
v 1.528768 2.330310 0.520000
v 1.551080 2.367392 0.514127
v 1.571208 2.400844 0.497082
v 1.587182 2.427392 0.470535
v 1.597437 2.444437 0.437082
v 1.600971 2.450310 0.400000
v 1.600971 2.450310 -0.400000
v 1.597438 2.444437 -0.437082
v 1.587182 2.427392 -0.470534
v 1.571208 2.400844 -0.497082
v 1.551081 2.367392 -0.514126
v 1.528769 2.330310 -0.520000
v 1.035718 2.330310 0.520000
v 0.973971 2.367392 0.514127
v 0.918267 2.400844 0.497082
v 0.874060 2.427392 0.470535
v 0.845678 2.444437 0.437082
v 0.835898 2.450310 0.400000
v 0.835898 2.450310 -0.400000
v 0.845678 2.444437 -0.437082
v 0.874061 2.427392 -0.470534
v 0.918267 2.400844 -0.497082
v 0.973971 2.367392 -0.514126
v 1.035719 2.330310 -0.520000
v 2.301040 -0.046710 0.520000
v 2.278771 -0.083792 0.514127
v 2.258682 -0.117244 0.497082
v 2.242738 -0.143792 0.470535
v 2.232502 -0.160837 0.437082
v 2.228975 -0.166710 0.400000
v 2.228975 -0.166710 -0.400000
v 2.232502 -0.160837 -0.437082
v 2.242738 -0.143792 -0.470534
v 2.258682 -0.117244 -0.497082
v 2.278771 -0.083792 -0.514126
v 2.301040 -0.046710 -0.520000
v 2.446360 -0.046710 0.520000
v 2.473337 -0.083792 0.514127
v 2.497673 -0.117244 0.497082
v 2.516985 -0.143792 0.470535
v 2.529385 -0.160837 0.437082
v 2.533658 -0.166710 0.400000
v 2.533658 -0.166710 -0.400000
v 2.529385 -0.160837 -0.437082
v 2.516985 -0.143792 -0.470534
v 2.497673 -0.117244 -0.497082
v 2.473337 -0.083792 -0.514126
v 2.446360 -0.046710 -0.520000
v 2.973665 1.582950 0.520001
v 2.981670 1.487236 0.514127
v 2.988891 1.400892 0.497083
v 2.994622 1.332369 0.470535
v 2.998302 1.288374 0.437083
v 2.999570 1.273214 0.400001
v 2.999570 1.273214 -0.399999
v 2.998302 1.288374 -0.437081
v 2.994622 1.332369 -0.470534
v 2.988891 1.400892 -0.497081
v 2.981670 1.487236 -0.514126
v 2.973665 1.582950 -0.519999
v 3.821710 -0.046710 0.520001
v 3.799205 -0.083792 0.514127
v 3.778902 -0.117244 0.497083
v 3.762790 -0.143792 0.470535
v 3.752445 -0.160837 0.437083
v 3.748881 -0.166710 0.400001
v 3.748881 -0.166710 -0.399999
v 3.752445 -0.160837 -0.437081
v 3.762790 -0.143792 -0.470534
v 3.778902 -0.117244 -0.497081
v 3.799205 -0.083792 -0.514126
v 3.821710 -0.046710 -0.519999
v 3.967030 -0.046710 0.520001
v 3.993673 -0.083792 0.514127
v 4.017707 -0.117244 0.497083
v 4.036781 -0.143792 0.470535
v 4.049027 -0.160837 0.437083
v 4.053247 -0.166710 0.400001
v 4.053247 -0.166710 -0.399999
v 4.049027 -0.160837 -0.437081
v 4.036781 -0.143792 -0.470534
v 4.017707 -0.117244 -0.497081
v 3.993673 -0.083792 -0.514126
v 3.967030 -0.046710 -0.519999
v 4.767328 2.330310 0.520001
v 4.818941 2.367392 0.514128
v 4.865500 2.400844 0.497083
v 4.902451 2.427392 0.470535
v 4.926174 2.444437 0.437083
v 4.934349 2.450310 0.400001
v 4.934349 2.450310 -0.399999
v 4.926174 2.444437 -0.437081
v 4.902451 2.427392 -0.470533
v 4.865500 2.400844 -0.497081
v 4.818941 2.367392 -0.514126
v 4.767328 2.330310 -0.519999
v 4.274279 2.330310 0.520001
v 4.247564 2.367392 0.514128
v 4.223464 2.400844 0.497083
v 4.204339 2.427392 0.470535
v 4.192059 2.444437 0.437083
v 4.187828 2.450310 0.400001
v 4.187828 2.450310 -0.399999
v 4.192059 2.444437 -0.437081
v 4.204339 2.427392 -0.470533
v 4.223464 2.400844 -0.497081
v 4.247564 2.367392 -0.514126
v 4.274279 2.330310 -0.519999
v 3.803026 0.918630 0.520001
v 3.795585 1.013448 0.514127
v 3.788873 1.098985 0.497083
v 3.783545 1.166868 0.470535
v 3.780125 1.210451 0.437083
v 3.778947 1.225469 0.400001
v 3.778947 1.225469 -0.399999
v 3.780125 1.210451 -0.437081
v 3.783545 1.166868 -0.470534
v 3.788873 1.098985 -0.497081
v 3.795585 1.013448 -0.514126
v 3.803026 0.918630 -0.519999
v 3.070198 2.330310 0.520001
v 3.092729 2.367392 0.514127
v 3.113055 2.400844 0.497083
v 3.129185 2.427392 0.470535
v 3.139541 2.444437 0.437083
v 3.143110 2.450310 0.400001
v 3.143110 2.450310 -0.399999
v 3.139541 2.444437 -0.437081
v 3.129185 2.427392 -0.470534
v 3.113055 2.400844 -0.497081
v 3.092729 2.367392 -0.514126
v 3.070198 2.330310 -0.519999
v 2.727659 2.330310 0.520001
v 2.700568 2.367392 0.514127
v 2.676129 2.400844 0.497083
v 2.656734 2.427392 0.470535
v 2.644281 2.444437 0.437083
v 2.639991 2.450310 0.400001
v 2.639991 2.450310 -0.399999
v 2.644281 2.444437 -0.437081
v 2.656734 2.427392 -0.470534
v 2.676129 2.400844 -0.497081
v 2.700568 2.367392 -0.514126
v 2.727659 2.330310 -0.519999
v 2.277166 0.918630 0.520000
v 2.268639 1.013883 0.514127
v 2.260946 1.099813 0.497082
v 2.254841 1.168006 0.470535
v 2.250922 1.211789 0.437082
v 2.249571 1.226876 0.400000
v 2.249571 1.226876 -0.400000
v 2.250922 1.211789 -0.437082
v 2.254841 1.168006 -0.470534
v 2.260946 1.099813 -0.497082
v 2.268639 1.013883 -0.514126
v 2.277166 0.918630 -0.520000
v -0.823826 0.101929 0.520000
v -0.842956 0.070161 0.514127
v -0.860213 0.041503 0.497082
v -0.873908 0.018759 0.470534
v -0.882701 0.004157 0.437082
v -0.885731 -0.000874 0.400000
v -0.885730 -0.000874 -0.400000
v -0.882701 0.004157 -0.437082
v -0.873908 0.018760 -0.470534
v -0.860212 0.041503 -0.497082
v -0.842955 0.070161 -0.514127
v -0.823826 0.101929 -0.520000
v -0.774768 0.072828 0.520000
v -0.793376 0.040751 0.514127
v -0.810164 0.011815 0.497082
v -0.823486 -0.011150 0.470534
v -0.832040 -0.025894 0.437082
v -0.834987 -0.030974 0.400000
v -0.834987 -0.030974 -0.400000
v -0.832039 -0.025894 -0.437082
v -0.823486 -0.011150 -0.470534
v -0.810163 0.011815 -0.497082
v -0.793376 0.040752 -0.514127
v -0.774767 0.072828 -0.520000
v -0.730009 0.047440 0.520000
v -0.747869 0.014939 0.514127
v -0.763982 -0.014381 0.497082
v -0.776768 -0.037649 0.470534
v -0.784978 -0.052589 0.437082
v -0.787807 -0.057736 0.400000
v -0.787807 -0.057736 -0.400000
v -0.784978 -0.052589 -0.437082
v -0.776768 -0.037649 -0.470534
v -0.763981 -0.014381 -0.497082
v -0.747869 0.014939 -0.514127
v -0.730009 0.047440 -0.520000
v -0.688899 0.025566 0.520000
v -0.705732 -0.007483 0.514127
v -0.720916 -0.037296 0.497082
v -0.732967 -0.060956 0.470534
v -0.740704 -0.076147 0.437082
v -0.743370 -0.081381 0.400000
v -0.743370 -0.081381 -0.400000
v -0.740704 -0.076147 -0.437082
v -0.732967 -0.060956 -0.470534
v -0.720916 -0.037296 -0.497082
v -0.705732 -0.007483 -0.514127
v -0.688899 0.025566 -0.520000
v -0.650789 0.007007 0.520000
v -0.666264 -0.026702 0.514127
v -0.680224 -0.057112 0.497082
v -0.691303 -0.081245 0.470534
v -0.698416 -0.096739 0.437082
v -0.700867 -0.102078 0.400000
v -0.700867 -0.102078 -0.400000
v -0.698416 -0.096739 -0.437082
v -0.691303 -0.081245 -0.470534
v -0.680224 -0.057112 -0.497082
v -0.666264 -0.026702 -0.514127
v -0.650789 0.007007 -0.520000
v -0.615026 -0.008434 0.520000
v -0.628783 -0.042885 0.514127
v -0.641193 -0.073964 0.497082
v -0.651042 -0.098628 0.470534
v -0.657365 -0.114463 0.437082
v -0.659544 -0.119920 0.400000
v -0.659544 -0.119920 -0.400000
v -0.657365 -0.114463 -0.437082
v -0.651042 -0.098628 -0.470534
v -0.641193 -0.073964 -0.497082
v -0.628783 -0.042885 -0.514127
v -0.615026 -0.008434 -0.520000
v -0.580961 -0.020955 0.520000
v -0.592645 -0.056168 0.514127
v -0.603186 -0.087934 0.497082
v -0.611551 -0.113144 0.470534
v -0.616922 -0.129329 0.437082
v -0.618773 -0.134907 0.400000
v -0.618772 -0.134906 -0.400000
v -0.616922 -0.129329 -0.437082
v -0.611551 -0.113144 -0.470534
v -0.603186 -0.087934 -0.497082
v -0.592645 -0.056168 -0.514127
v -0.580961 -0.020955 -0.520000
v -0.547943 -0.030756 0.520000
v -0.557267 -0.066669 0.514127
v -0.565678 -0.099067 0.497082
v -0.572353 -0.124778 0.470534
v -0.576639 -0.141286 0.437082
v -0.578116 -0.146974 0.400000
v -0.578116 -0.146974 -0.400000
v -0.576639 -0.141286 -0.437082
v -0.572353 -0.124778 -0.470534
v -0.565678 -0.099067 -0.497082
v -0.557267 -0.066669 -0.514127
v -0.547943 -0.030755 -0.520000
v -0.515321 -0.038033 0.520000
v -0.522129 -0.074508 0.514127
v -0.528270 -0.107412 0.497082
v -0.533143 -0.133526 0.470534
v -0.536272 -0.150291 0.437082
v -0.537350 -0.156068 0.400000
v -0.537350 -0.156068 -0.400000
v -0.536272 -0.150291 -0.437082
v -0.533143 -0.133526 -0.470534
v -0.528270 -0.107412 -0.497082
v -0.522129 -0.074508 -0.514127
v -0.515321 -0.038033 -0.520000
v -0.482446 -0.042986 0.520000
v -0.486758 -0.079836 0.514127
v -0.490649 -0.113080 0.497082
v -0.493736 -0.139462 0.470534
v -0.495718 -0.156401 0.437082
v -0.496401 -0.162237 0.400000
v -0.496401 -0.162237 -0.400000
v -0.495718 -0.156401 -0.437082
v -0.493736 -0.139462 -0.470534
v -0.490648 -0.113080 -0.497082
v -0.486758 -0.079836 -0.514127
v -0.482445 -0.042986 -0.520000
v -0.448665 -0.045812 0.520000
v -0.450684 -0.082855 0.514127
v -0.452505 -0.116271 0.497082
v -0.453950 -0.142791 0.470534
v -0.454878 -0.159818 0.437082
v -0.455198 -0.165685 0.400000
v -0.455197 -0.165685 -0.400000
v -0.454878 -0.159818 -0.437082
v -0.453950 -0.142791 -0.470534
v -0.452505 -0.116271 -0.497082
v -0.450684 -0.082855 -0.514127
v -0.448665 -0.045812 -0.520000
v -0.413330 -0.046710 0.520000
v -0.413218 -0.083807 0.514127
v -0.413117 -0.117272 0.497082
v -0.413037 -0.143831 0.470534
v -0.412986 -0.160882 0.437082
v -0.412968 -0.166758 0.400000
v -0.412968 -0.166758 -0.400000
v -0.412985 -0.160882 -0.437082
v -0.413037 -0.143831 -0.470534
v -0.413117 -0.117272 -0.497082
v -0.413218 -0.083807 -0.514127
v -0.413329 -0.046710 -0.520000
v -0.364811 -0.045184 0.520000
v -0.362304 -0.082206 0.514127
v -0.360043 -0.115603 0.497082
v -0.358248 -0.142108 0.470534
v -0.357096 -0.159125 0.437082
v -0.356699 -0.164988 0.400000
v -0.356698 -0.164988 -0.400000
v -0.357095 -0.159125 -0.437082
v -0.358248 -0.142108 -0.470534
v -0.360042 -0.115603 -0.497082
v -0.362304 -0.082206 -0.514127
v -0.364811 -0.045184 -0.520000
v -0.320405 -0.040559 0.520000
v -0.314958 -0.077274 0.514127
v -0.310045 -0.110396 0.497082
v -0.306145 -0.136681 0.470534
v -0.303642 -0.153557 0.437082
v -0.302779 -0.159372 0.400000
v -0.302779 -0.159372 -0.400000
v -0.303642 -0.153557 -0.437082
v -0.306145 -0.136681 -0.470534
v -0.310044 -0.110396 -0.497082
v -0.314958 -0.077274 -0.514127
v -0.320404 -0.040559 -0.520000
v -0.280028 -0.032762 0.520000
v -0.271111 -0.068807 0.514127
v -0.263067 -0.101324 0.497082
v -0.256683 -0.127129 0.470534
v -0.252584 -0.143698 0.437082
v -0.251172 -0.149407 0.400000
v -0.251172 -0.149406 -0.400000
v -0.252584 -0.143697 -0.437082
v -0.256683 -0.127129 -0.470534
v -0.263067 -0.101324 -0.497082
v -0.271111 -0.068807 -0.514127
v -0.280028 -0.032762 -0.520000
v -0.243597 -0.021721 0.520000
v -0.230694 -0.056558 0.514127
v -0.219053 -0.087985 0.497082
v -0.209815 -0.112925 0.470534
v -0.203884 -0.128938 0.437082
v -0.201840 -0.134456 0.400000
v -0.201840 -0.134456 -0.400000
v -0.203883 -0.128938 -0.437082
v -0.209815 -0.112925 -0.470534
v -0.219053 -0.087985 -0.497082
v -0.230693 -0.056558 -0.514127
v -0.243597 -0.021721 -0.520000
v -0.211031 -0.007364 0.520000
v -0.193741 -0.040268 0.514127
v -0.178144 -0.069951 0.497082
v -0.165766 -0.093507 0.470534
v -0.157819 -0.108631 0.437082
v -0.155080 -0.113842 0.400000
v -0.155080 -0.113842 -0.400000
v -0.157819 -0.108631 -0.437082
v -0.165766 -0.093507 -0.470534
v -0.178144 -0.069951 -0.497082
v -0.193741 -0.040268 -0.514127
v -0.211031 -0.007364 -0.520000
v -0.182245 0.010380 0.520000
v -0.160426 -0.019731 0.514127
v -0.140742 -0.046895 0.497082
v -0.125121 -0.068452 0.470534
v -0.115092 -0.082293 0.437082
v -0.111636 -0.087062 0.400000
v -0.111636 -0.087062 -0.400000
v -0.115092 -0.082293 -0.437082
v -0.125121 -0.068452 -0.470534
v -0.140742 -0.046895 -0.497082
v -0.160425 -0.019731 -0.514127
v -0.182245 0.010380 -0.520000
v -0.157157 0.031585 0.520000
v -0.131032 0.005113 0.514127
v -0.107464 -0.018768 0.497082
v -0.088760 -0.037720 0.470534
v -0.076752 -0.049888 0.437082
v -0.072614 -0.054080 0.400000
v -0.072614 -0.054080 -0.400000
v -0.076752 -0.049888 -0.437082
v -0.088760 -0.037720 -0.470534
v -0.107464 -0.018768 -0.497082
v -0.131032 0.005113 -0.514127
v -0.157157 0.031585 -0.520000
v -0.135684 0.056321 0.520000
v -0.105848 0.034124 0.514127
v -0.078932 0.014100 0.497082
v -0.057572 -0.001791 0.470534
v -0.043858 -0.011994 0.437082
v -0.039132 -0.015510 0.400000
v -0.039132 -0.015510 -0.400000
v -0.043858 -0.011994 -0.437082
v -0.057572 -0.001791 -0.470534
v -0.078932 0.014100 -0.497082
v -0.105848 0.034124 -0.514127
v -0.135684 0.056321 -0.520000
v -0.117743 0.084662 0.520000
v -0.085027 0.067014 0.514127
v -0.055514 0.051093 0.497082
v -0.032092 0.038458 0.470534
v -0.017054 0.030346 0.437082
v -0.011873 0.027551 0.400000
v -0.011873 0.027551 -0.400000
v -0.017054 0.030347 -0.437082
v -0.032092 0.038459 -0.470534
v -0.055514 0.051093 -0.497082
v -0.085027 0.067014 -0.514127
v -0.117743 0.084662 -0.520000
v -0.103251 0.116679 0.520000
v -0.068523 0.103476 0.514127
v -0.037195 0.091565 0.497082
v -0.012333 0.082113 0.470534
v 0.003630 0.076044 0.437082
v 0.009130 0.073953 0.400000
v 0.009130 0.073953 -0.400000
v 0.003630 0.076045 -0.437082
v -0.012333 0.082113 -0.470534
v -0.037195 0.091566 -0.497082
v -0.068523 0.103476 -0.514127
v -0.103251 0.116679 -0.520000
v -0.092126 0.152444 0.520000
v -0.056133 0.143308 0.514127
v -0.023663 0.135067 0.497082
v 0.002105 0.128526 0.470534
v 0.018649 0.124327 0.437082
v 0.024350 0.122880 0.400000
v 0.024350 0.122880 -0.400000
v 0.018649 0.124327 -0.437082
v 0.002105 0.128526 -0.470534
v -0.023663 0.135067 -0.497082
v -0.056133 0.143308 -0.514127
v -0.092125 0.152444 -0.520000
v -0.084284 0.192030 0.520000
v -0.058994 0.128865 0.514127
v -0.036180 0.071884 0.497082
v -0.018075 0.026663 0.470534
v -0.006450 -0.002371 0.437082
v -0.002445 -0.012375 0.400000
v -0.002445 -0.012375 -0.400000
v -0.006450 -0.002371 -0.437082
v -0.018075 0.026663 -0.470534
v -0.036180 0.071884 -0.497082
v -0.058994 0.128865 -0.514127
v -0.084283 0.192030 -0.520000
v -0.029621 0.153535 0.520000
v -0.050309 0.122749 0.514127
v -0.068971 0.094977 0.497082
v -0.083782 0.072936 0.470534
v -0.093291 0.058786 0.437082
v -0.096568 0.053910 0.400000
v -0.096567 0.053910 -0.400000
v -0.093291 0.058786 -0.437082
v -0.083782 0.072936 -0.470534
v -0.068971 0.094977 -0.497082
v -0.050309 0.122749 -0.514127
v -0.029621 0.153535 -0.520000
v 0.025093 0.118481 0.520000
v 0.005804 0.086799 0.514127
v -0.011597 0.058219 0.497082
v -0.025406 0.035537 0.470534
v -0.034272 0.020975 0.437082
v -0.037327 0.015957 0.400000
v -0.037327 0.015957 -0.400000
v -0.034272 0.020975 -0.437082
v -0.025406 0.035537 -0.470534
v -0.011597 0.058219 -0.497082
v 0.005804 0.086799 -0.514127
v 0.025093 0.118481 -0.520000
v 0.079826 0.086851 0.520000
v 0.062039 0.054302 0.514127
v 0.045993 0.024938 0.497082
v 0.033259 0.001635 0.470534
v 0.025084 -0.013327 0.437082
v 0.022266 -0.018482 0.400000
v 0.022267 -0.018482 -0.400000
v 0.025084 -0.013327 -0.437082
v 0.033259 0.001635 -0.470534
v 0.045993 0.024938 -0.497082
v 0.062039 0.054302 -0.514127
v 0.079826 0.086852 -0.520000
v 0.134542 0.058628 0.520000
v 0.118363 0.025249 0.514127
v 0.103768 -0.004863 0.497082
v 0.092185 -0.028760 0.470534
v 0.084749 -0.044103 0.437082
v 0.082186 -0.049390 0.400000
v 0.082187 -0.049390 -0.400000
v 0.084749 -0.044103 -0.437082
v 0.092186 -0.028760 -0.470534
v 0.103768 -0.004863 -0.497082
v 0.118363 0.025249 -0.514127
v 0.134542 0.058628 -0.520000
v 0.189208 0.033792 0.520000
v 0.174743 -0.000366 0.514127
v 0.161694 -0.031180 0.497082
v 0.151339 -0.055635 0.470534
v 0.144690 -0.071335 0.437082
v 0.142399 -0.076745 0.400000
v 0.142399 -0.076745 -0.400000
v 0.144690 -0.071335 -0.437082
v 0.151339 -0.055635 -0.470534
v 0.161695 -0.031180 -0.497082
v 0.174743 -0.000366 -0.514127
v 0.189208 0.033792 -0.520000
v 0.243789 0.012326 0.520000
v 0.231143 -0.022547 0.514127
v 0.219734 -0.054006 0.497082
v 0.210680 -0.078973 0.470534
v 0.204867 -0.095002 0.437082
v 0.202864 -0.100525 0.400000
v 0.202864 -0.100525 -0.400000
v 0.204867 -0.095002 -0.437082
v 0.210680 -0.078973 -0.470534
v 0.219734 -0.054006 -0.497082
v 0.231143 -0.022547 -0.514127
v 0.243789 0.012326 -0.520000
v 0.298251 -0.005788 0.520000
v 0.287523 -0.041299 0.514127
v 0.277845 -0.073334 0.497082
v 0.270164 -0.098757 0.470534
v 0.265232 -0.115079 0.437082
v 0.263533 -0.120704 0.400000
v 0.263533 -0.120704 -0.400000
v 0.265233 -0.115079 -0.437082
v 0.270164 -0.098757 -0.470534
v 0.277845 -0.073333 -0.497082
v 0.287523 -0.041299 -0.514127
v 0.298252 -0.005788 -0.520000
v 0.352561 -0.020568 0.520000
v 0.343842 -0.056626 0.514127
v 0.335978 -0.089154 0.497082
v 0.329736 -0.114969 0.470534
v 0.325729 -0.131543 0.437082
v 0.324348 -0.137254 0.400000
v 0.324348 -0.137254 -0.400000
v 0.325729 -0.131543 -0.437082
v 0.329737 -0.114969 -0.470534
v 0.335978 -0.089154 -0.497082
v 0.343843 -0.056626 -0.514127
v 0.352561 -0.020568 -0.520000
v 0.406682 -0.032032 0.520000
v 0.400057 -0.068533 0.514127
v 0.394080 -0.101462 0.497082
v 0.389337 -0.127594 0.470534
v 0.386292 -0.144372 0.437082
v 0.385242 -0.150153 0.400000
v 0.385242 -0.150153 -0.400000
v 0.386292 -0.144372 -0.437082
v 0.389337 -0.127594 -0.470534
v 0.394080 -0.101462 -0.497082
v 0.400057 -0.068533 -0.514127
v 0.406682 -0.032032 -0.520000
v 0.460582 -0.040198 0.520000
v 0.456119 -0.077027 0.514127
v 0.452092 -0.110251 0.497082
v 0.448897 -0.136618 0.470534
v 0.446845 -0.153546 0.437082
v 0.446138 -0.159379 0.400000
v 0.446138 -0.159379 -0.400000
v 0.446845 -0.153546 -0.437082
v 0.448897 -0.136618 -0.470534
v 0.452092 -0.110251 -0.497082
v 0.456119 -0.077027 -0.514127
v 0.460582 -0.040198 -0.520000
v 0.514226 -0.045085 0.520000
v 0.511978 -0.082116 0.514127
v 0.509950 -0.115522 0.497082
v 0.508340 -0.142033 0.470534
v 0.507306 -0.159054 0.437082
v 0.506950 -0.164919 0.400000
v 0.506950 -0.164919 -0.400000
v 0.507306 -0.159054 -0.437082
v 0.508340 -0.142033 -0.470534
v 0.509950 -0.115522 -0.497082
v 0.511978 -0.082116 -0.514127
v 0.514226 -0.045085 -0.520000
v 0.567580 -0.046710 0.520000
v 0.568245 -0.083829 0.514127
v 0.568845 -0.117315 0.497082
v 0.569321 -0.143890 0.470534
v 0.569627 -0.160952 0.437082
v 0.569732 -0.166831 0.400000
v 0.569732 -0.166831 -0.400000
v 0.569627 -0.160952 -0.437082
v 0.569321 -0.143890 -0.470534
v 0.568845 -0.117315 -0.497082
v 0.568245 -0.083829 -0.514127
v 0.567580 -0.046710 -0.520000
v 0.650222 -0.041226 0.520000
v 0.655250 -0.078056 0.514127
v 0.659785 -0.111280 0.497082
v 0.663384 -0.137648 0.470534
v 0.665695 -0.154577 0.437082
v 0.666492 -0.160410 0.400000
v 0.666492 -0.160410 -0.400000
v 0.665695 -0.154577 -0.437082
v 0.663384 -0.137648 -0.470534
v 0.659785 -0.111280 -0.497082
v 0.655250 -0.078056 -0.514127
v 0.650222 -0.041226 -0.520000
v 0.726668 -0.025325 0.520000
v 0.736845 -0.061084 0.514127
v 0.746026 -0.093343 0.497082
v 0.753312 -0.118943 0.470534
v 0.757990 -0.135380 0.437082
v 0.759602 -0.141043 0.400000
v 0.759602 -0.141043 -0.400000
v 0.757990 -0.135380 -0.437082
v 0.753312 -0.118943 -0.470534
v 0.746026 -0.093343 -0.497082
v 0.736845 -0.061084 -0.514127
v 0.726668 -0.025325 -0.520000
v 0.796605 0.000162 0.520000
v 0.811879 -0.033739 0.514127
v 0.825658 -0.064322 0.497082
v 0.836594 -0.088593 0.470534
v 0.843614 -0.104175 0.437082
v 0.846033 -0.109545 0.400000
v 0.846034 -0.109545 -0.400000
v 0.843614 -0.104175 -0.437082
v 0.836594 -0.088593 -0.470534
v 0.825659 -0.064322 -0.497082
v 0.811880 -0.033739 -0.514127
v 0.796605 0.000162 -0.520000
v 0.859720 0.034408 0.520000
v 0.879830 0.003130 0.514127
v 0.897971 -0.025085 0.497082
v 0.912369 -0.047477 0.470534
v 0.921612 -0.061854 0.437082
v 0.924797 -0.066808 0.400000
v 0.924798 -0.066808 -0.400000
v 0.921612 -0.061854 -0.437082
v 0.912369 -0.047477 -0.470534
v 0.897972 -0.025085 -0.497082
v 0.879830 0.003131 -0.514127
v 0.859720 0.034408 -0.520000
v 0.915698 0.076583 0.520000
v 0.940198 0.048613 0.514127
v 0.962299 0.023380 0.497082
v 0.979839 0.003356 0.470534
v 0.991101 -0.009500 0.437082
v 0.994981 -0.013930 0.400000
v 0.994981 -0.013930 -0.400000
v 0.991101 -0.009500 -0.437082
v 0.979839 0.003356 -0.470534
v 0.962299 0.023380 -0.497082
v 0.940198 0.048613 -0.514127
v 0.915698 0.076583 -0.520000
v 0.964226 0.125858 0.520000
v 0.992532 0.101752 0.514127
v 1.018066 0.080006 0.497082
v 1.038331 0.062748 0.470534
v 1.051342 0.051668 0.437082
v 1.055825 0.047850 0.400000
v 1.055825 0.047850 -0.400000
v 1.051342 0.051668 -0.437082
v 1.038331 0.062748 -0.470534
v 1.018067 0.080006 -0.497082
v 0.992532 0.101752 -0.514127
v 0.964226 0.125858 -0.520000
v 1.004991 0.181404 0.520000
v 1.036437 0.161577 0.514127
v 1.064804 0.143690 0.497082
v 1.087317 0.129496 0.470534
v 1.101771 0.120382 0.437082
v 1.106751 0.117242 0.400000
v 1.106751 0.117242 -0.400000
v 1.101771 0.120382 -0.437082
v 1.087317 0.129496 -0.470534
v 1.064804 0.143690 -0.497082
v 1.036437 0.161577 -0.514127
v 1.004991 0.181404 -0.520000
v 1.037679 0.242392 0.520000
v 1.071567 0.227122 0.514127
v 1.102138 0.213347 0.497082
v 1.126399 0.202414 0.470534
v 1.141976 0.195395 0.437082
v 1.147343 0.192977 0.400000
v 1.147343 0.192977 -0.400000
v 1.141976 0.195395 -0.437082
v 1.126399 0.202414 -0.470534
v 1.102138 0.213347 -0.497082
v 1.071567 0.227122 -0.514127
v 1.037679 0.242392 -0.520000
v 1.061976 0.307994 0.520000
v 1.097612 0.297442 0.514127
v 1.129759 0.287923 0.497082
v 1.155271 0.280368 0.470534
v 1.171651 0.275518 0.437082
v 1.177295 0.273847 0.400000
v 1.177296 0.273847 -0.400000
v 1.171651 0.275518 -0.437082
v 1.155272 0.280368 -0.470534
v 1.129759 0.287923 -0.497082
v 1.097612 0.297442 -0.514127
v 1.061977 0.307994 -0.520000
v 1.077570 0.377380 0.520000
v 1.114280 0.371612 0.514127
v 1.147398 0.366408 0.497082
v 1.173679 0.362279 0.470534
v 1.190553 0.359627 0.437082
v 1.196368 0.358714 0.400000
v 1.196368 0.358714 -0.400000
v 1.190554 0.359627 -0.437082
v 1.173680 0.362279 -0.470534
v 1.147398 0.366408 -0.497082
v 1.114281 0.371612 -0.514127
v 1.077570 0.377380 -0.520000
v 1.084146 0.449722 0.520000
v 1.121290 0.448725 0.514127
v 1.154798 0.447826 0.497082
v 1.181391 0.447112 0.470534
v 1.198464 0.446654 0.437082
v 1.204347 0.446496 0.400000
v 1.204347 0.446496 -0.400000
v 1.198464 0.446654 -0.437082
v 1.181391 0.447112 -0.470534
v 1.154799 0.447826 -0.497082
v 1.121290 0.448725 -0.514127
v 1.084146 0.449722 -0.520000
v 1.081390 0.524190 0.520000
v 1.118351 0.528142 0.514127
v 1.151695 0.531707 0.497082
v 1.178156 0.534537 0.470534
v 1.195145 0.536353 0.437082
v 1.200999 0.536979 0.400000
v 1.200999 0.536980 -0.400000
v 1.195145 0.536354 -0.437082
v 1.178156 0.534537 -0.470534
v 1.151695 0.531708 -0.497082
v 1.118352 0.528142 -0.514127
v 1.081391 0.524190 -0.520000
v 1.062007 0.633147 0.520000
v 1.097986 0.642617 0.514127
v 1.130444 0.651161 0.497082
v 1.156202 0.657941 0.470534
v 1.172740 0.662294 0.437082
v 1.178439 0.663794 0.400000
v 1.178439 0.663794 -0.400000
v 1.172740 0.662294 -0.437082
v 1.156202 0.657941 -0.470534
v 1.130444 0.651161 -0.497082
v 1.097986 0.642617 -0.514127
v 1.062007 0.633147 -0.520000
v 1.027960 0.729796 0.520000
v 1.061910 0.745026 0.514127
v 1.092537 0.758766 0.497082
v 1.116843 0.769670 0.470534
v 1.132448 0.776670 0.437082
v 1.137825 0.779083 0.400000
v 1.137825 0.779083 -0.400000
v 1.132448 0.776671 -0.437082
v 1.116843 0.769670 -0.470534
v 1.092537 0.758766 -0.497082
v 1.061910 0.745026 -0.514127
v 1.027960 0.729796 -0.520000
v 0.980761 0.815235 0.520000
v 1.011797 0.835742 0.514127
v 1.039794 0.854242 0.497082
v 1.062013 0.868923 0.470534
v 1.076279 0.878349 0.437082
v 1.081194 0.881597 0.400000
v 1.081195 0.881597 -0.400000
v 1.076279 0.878349 -0.437082
v 1.062014 0.868923 -0.470534
v 1.039794 0.854242 -0.497082
v 1.011797 0.835742 -0.514127
v 0.980761 0.815236 -0.520000
v 0.921923 0.890566 0.520000
v 0.949525 0.915468 0.514127
v 0.974425 0.937933 0.497082
v 0.994186 0.955761 0.470534
v 1.006874 0.967208 0.437082
v 1.011245 0.971152 0.400000
v 1.011246 0.971152 -0.400000
v 1.006874 0.967208 -0.437082
v 0.994186 0.955761 -0.470534
v 0.974425 0.937933 -0.497082
v 0.949525 0.915468 -0.514127
v 0.921923 0.890566 -0.520000
v 0.852957 0.956885 0.520000
v 0.877047 0.985165 0.514127
v 0.898780 1.010676 0.497082
v 0.916027 1.030921 0.470534
v 0.927100 1.043920 0.437082
v 0.930916 1.048399 0.400000
v 0.930916 1.048399 -0.400000
v 0.927100 1.043920 -0.437082
v 0.916027 1.030921 -0.470534
v 0.898780 1.010676 -0.497082
v 0.877047 0.985165 -0.514127
v 0.852957 0.956885 -0.520000
v 0.775375 1.015294 0.520000
v 0.796224 1.046014 0.514127
v 0.815032 1.073727 0.497082
v 0.829958 1.095720 0.470534
v 0.839541 1.109840 0.437082
v 0.842843 1.114706 0.400000
v 0.842844 1.114706 -0.400000
v 0.839541 1.109840 -0.437082
v 0.829958 1.095720 -0.470534
v 0.815032 1.073727 -0.497082
v 0.796224 1.046014 -0.514127
v 0.775375 1.015294 -0.520000
v 0.690689 1.066890 0.520000
v 0.708764 1.099301 0.514127
v 0.725069 1.128538 0.497082
v 0.738009 1.151742 0.470534
v 0.746317 1.166639 0.437082
v 0.749180 1.171772 0.400000
v 0.749180 1.171772 -0.400000
v 0.746317 1.166639 -0.437082
v 0.738009 1.151742 -0.470534
v 0.725069 1.128538 -0.497082
v 0.708764 1.099301 -0.514127
v 0.690690 1.066890 -0.520000
v 0.600412 1.112774 0.520000
v 0.616256 1.146318 0.514127
v 0.630549 1.176579 0.497082
v 0.641892 1.200594 0.470534
v 0.649175 1.216012 0.437082
v 0.651684 1.221325 0.400000
v 0.651684 1.221325 -0.400000
v 0.649175 1.216012 -0.437082
v 0.641892 1.200594 -0.470534
v 0.630549 1.176579 -0.497082
v 0.616256 1.146318 -0.514127
v 0.600412 1.112774 -0.520000
v 0.506055 1.154045 0.520000
v 0.520220 1.188323 0.514127
v 0.533000 1.219246 0.497082
v 0.543141 1.243786 0.470534
v 0.549653 1.259542 0.437082
v 0.551896 1.264971 0.400000
v 0.551896 1.264971 -0.400000
v 0.549653 1.259542 -0.437082
v 0.543141 1.243786 -0.470534
v 0.533000 1.219246 -0.497082
v 0.520221 1.188323 -0.514127
v 0.506055 1.154045 -0.520000
v 0.409129 1.191802 0.520000
v 0.422152 1.226525 0.514127
v 0.433901 1.257849 0.497082
v 0.443224 1.282708 0.470534
v 0.449210 1.298669 0.437082
v 0.451273 1.304168 0.400000
v 0.451273 1.304168 -0.400000
v 0.449210 1.298669 -0.437082
v 0.443224 1.282708 -0.470534
v 0.433901 1.257849 -0.497082
v 0.422152 1.226525 -0.514127
v 0.409129 1.191802 -0.520000
v 0.311148 1.227144 0.520000
v 0.323547 1.262092 0.514127
v 0.334733 1.293619 0.497082
v 0.343609 1.318639 0.470534
v 0.349309 1.334703 0.437082
v 0.351272 1.340238 0.400000
v 0.351273 1.340238 -0.400000
v 0.349309 1.334703 -0.437082
v 0.343609 1.318639 -0.470534
v 0.334733 1.293619 -0.497082
v 0.323547 1.262092 -0.514127
v 0.311148 1.227144 -0.520000
v 0.213622 1.261170 0.520000
v 0.225735 1.296218 0.514127
v 0.236662 1.327836 0.497082
v 0.245333 1.352927 0.470534
v 0.250901 1.369037 0.437082
v 0.252819 1.374588 0.400000
v 0.252819 1.374588 -0.400000
v 0.250901 1.369037 -0.437082
v 0.245333 1.352927 -0.470534
v 0.236662 1.327836 -0.497082
v 0.225735 1.296218 -0.514127
v 0.213623 1.261170 -0.520000
v -0.210920 1.406490 0.520000
v -0.176390 1.433865 0.514127
v -0.145241 1.458560 0.497082
v -0.120520 1.478158 0.470534
v -0.104649 1.490741 0.437082
v -0.099180 1.495077 0.400000
v -0.099180 1.495077 -0.400000
v -0.104649 1.490741 -0.437082
v -0.120520 1.478158 -0.470534
v -0.145241 1.458560 -0.497082
v -0.176390 1.433865 -0.514127
v -0.210919 1.406490 -0.520000
v -0.223376 1.531050 0.520000
v -0.186400 1.533965 0.514127
v -0.153044 1.536595 0.497082
v -0.126573 1.538683 0.470534
v -0.109577 1.540023 0.437082
v -0.103721 1.540485 0.400000
v -0.103721 1.540485 -0.400000
v -0.109577 1.540023 -0.437082
v -0.126573 1.538683 -0.470534
v -0.153044 1.536595 -0.497082
v -0.186400 1.533965 -0.514127
v -0.223376 1.531050 -0.520000
v -0.227369 1.600172 0.520000
v -0.190243 1.600485 0.514127
v -0.156751 1.600767 0.497082
v -0.130172 1.600990 0.470534
v -0.113107 1.601134 0.437082
v -0.107227 1.601184 0.400000
v -0.107227 1.601184 -0.400000
v -0.113107 1.601134 -0.437082
v -0.130172 1.600990 -0.470534
v -0.156751 1.600767 -0.497082
v -0.190243 1.600485 -0.514127
v -0.227368 1.600172 -0.520000
v -0.224827 1.662338 0.520000
v -0.187868 1.658574 0.514127
v -0.154527 1.655179 0.497082
v -0.128067 1.652485 0.470534
v -0.111078 1.650755 0.437082
v -0.105225 1.650159 0.400000
v -0.105225 1.650159 -0.400000
v -0.111078 1.650755 -0.437082
v -0.128067 1.652485 -0.470534
v -0.154526 1.655179 -0.497082
v -0.187868 1.658574 -0.514127
v -0.224827 1.662338 -0.520000
v -0.215769 1.717728 0.520000
v -0.179612 1.709057 0.514127
v -0.146995 1.701235 0.497082
v -0.121110 1.695028 0.470534
v -0.104490 1.691043 0.437082
v -0.098764 1.689669 0.400000
v -0.098763 1.689669 -0.400000
v -0.104490 1.691043 -0.437082
v -0.121109 1.695028 -0.470534
v -0.146995 1.701235 -0.497082
v -0.179612 1.709057 -0.514127
v -0.215769 1.717728 -0.520000
v -0.200213 1.766522 0.520000
v -0.165848 1.752233 0.514127
v -0.134846 1.739342 0.497082
v -0.110243 1.729111 0.470534
v -0.094447 1.722543 0.437082
v -0.089005 1.720280 0.400000
v -0.089004 1.720280 -0.400000
v -0.094447 1.722543 -0.437082
v -0.110243 1.729111 -0.470534
v -0.134846 1.739342 -0.497082
v -0.165847 1.752233 -0.514127
v -0.200213 1.766522 -0.520000
v -0.178176 1.808901 0.520000
v -0.146891 1.788689 0.514127
v -0.118668 1.770455 0.497082
v -0.096269 1.755985 0.470534
v -0.081889 1.746695 0.437082
v -0.076934 1.743493 0.400000
v -0.076934 1.743493 -0.400000
v -0.081889 1.746695 -0.437082
v -0.096269 1.755985 -0.470534
v -0.118667 1.770455 -0.497082
v -0.146891 1.788689 -0.514127
v -0.178176 1.808901 -0.520000
v -0.149678 1.845045 0.520000
v -0.122772 1.819278 0.514127
v -0.098500 1.796033 0.497082
v -0.079238 1.777585 0.470534
v -0.066871 1.765741 0.437082
v -0.062610 1.761660 0.400000
v -0.062609 1.761660 -0.400000
v -0.066871 1.765741 -0.437082
v -0.079238 1.777585 -0.470534
v -0.098500 1.796033 -0.497082
v -0.122772 1.819278 -0.514127
v -0.149677 1.845045 -0.520000
v -0.114735 1.875134 0.520000
v -0.093093 1.844834 0.514127
v -0.073570 1.817500 0.497082
v -0.058076 1.795807 0.470534
v -0.048129 1.781880 0.437082
v -0.044701 1.777081 0.400000
v -0.044701 1.777081 -0.400000
v -0.048129 1.781880 -0.437082
v -0.058076 1.795807 -0.470534
v -0.073570 1.817500 -0.497082
v -0.093093 1.844834 -0.514127
v -0.114734 1.875134 -0.520000
v -0.073365 1.899348 0.520000
v -0.057195 1.865845 0.514127
v -0.042608 1.835622 0.497082
v -0.031032 1.811637 0.470534
v -0.023599 1.796237 0.437082
v -0.021038 1.790931 0.400000
v -0.021038 1.790931 -0.400000
v -0.023599 1.796237 -0.437082
v -0.031032 1.811637 -0.470534
v -0.042608 1.835622 -0.497082
v -0.057195 1.865845 -0.514127
v -0.073365 1.899348 -0.520000
v -0.025588 1.917867 0.520000
v -0.014509 1.882391 0.514127
v -0.004514 1.850388 0.497082
v 0.003418 1.824990 0.470534
v 0.008511 1.808684 0.437082
v 0.010265 1.803065 0.400000
v 0.010266 1.803065 -0.400000
v 0.008511 1.808684 -0.437082
v 0.003418 1.824990 -0.470534
v -0.004514 1.850388 -0.497082
v -0.014508 1.882391 -0.514127
v -0.025588 1.917867 -0.520000
v 0.028580 1.930872 0.520000
v 0.035259 1.894340 0.514127
v 0.041284 1.861384 0.497082
v 0.046066 1.835230 0.470534
v 0.049136 1.818438 0.437082
v 0.050194 1.812652 0.400000
v 0.050194 1.812652 -0.400000
v 0.049136 1.818438 -0.437082
v 0.046066 1.835230 -0.470534
v 0.041284 1.861384 -0.497082
v 0.035259 1.894340 -0.514127
v 0.028580 1.930872 -0.520000
v 0.089119 1.938543 0.520000
v 0.092153 1.901549 0.514127
v 0.094890 1.868176 0.497082
v 0.097062 1.841691 0.470534
v 0.098456 1.824687 0.437082
v 0.098937 1.818828 0.400000
v 0.098937 1.818828 -0.400000
v 0.098456 1.824687 -0.437082
v 0.097062 1.841691 -0.470534
v 0.094890 1.868176 -0.497082
v 0.092153 1.901549 -0.514127
v 0.089120 1.938543 -0.520000
v 0.156013 1.941060 0.520000
v 0.155985 1.903951 0.514127
v 0.155960 1.870474 0.497082
v 0.155940 1.843906 0.470534
v 0.155927 1.826849 0.437082
v 0.155922 1.820972 0.400000
v 0.155922 1.820972 -0.400000
v 0.155927 1.826849 -0.437082
v 0.155940 1.843906 -0.470534
v 0.155960 1.870474 -0.497082
v 0.155985 1.903951 -0.514127
v 0.156014 1.941060 -0.520000
v 0.219925 1.938558 0.520000
v 0.217035 1.901561 0.514127
v 0.214428 1.868185 0.497082
v 0.212359 1.841698 0.470534
v 0.211031 1.824692 0.437082
v 0.210573 1.818832 0.400000
v 0.210573 1.818832 -0.400000
v 0.211031 1.824692 -0.437082
v 0.212359 1.841698 -0.470534
v 0.214428 1.868185 -0.497082
v 0.217035 1.901561 -0.514127
v 0.219925 1.938558 -0.520000
v 0.284415 1.930992 0.520000
v 0.278682 1.894329 0.514127
v 0.273511 1.861254 0.497082
v 0.269406 1.835005 0.470534
v 0.266771 1.818153 0.437082
v 0.265863 1.812346 0.400000
v 0.265863 1.812346 -0.400000
v 0.266771 1.818153 -0.437082
v 0.269406 1.835005 -0.470534
v 0.273511 1.861254 -0.497082
v 0.278683 1.894329 -0.514127
v 0.284416 1.930992 -0.520000
v 0.349349 1.918273 0.520000
v 0.340851 1.882151 0.514127
v 0.333184 1.849564 0.497082
v 0.327100 1.823704 0.470534
v 0.323194 1.807100 0.437082
v 0.321848 1.801379 0.400000
v 0.321848 1.801379 -0.400000
v 0.323194 1.807100 -0.437082
v 0.327101 1.823704 -0.470534
v 0.333185 1.849564 -0.497082
v 0.340851 1.882151 -0.514127
v 0.349349 1.918273 -0.520000
v 0.414591 1.900309 0.520000
v 0.403433 1.864919 0.514127
v 0.393367 1.832993 0.497082
v 0.385379 1.807657 0.470534
v 0.380251 1.791390 0.437082
v 0.378484 1.785785 0.400000
v 0.378484 1.785785 -0.400000
v 0.380251 1.791390 -0.437082
v 0.385379 1.807657 -0.470534
v 0.393368 1.832993 -0.497082
v 0.403433 1.864919 -0.514127
v 0.414591 1.900309 -0.520000
v 0.480005 1.877011 0.520000
v 0.466317 1.842523 0.514127
v 0.453968 1.811410 0.497082
v 0.444168 1.786719 0.470534
v 0.437876 1.770867 0.437082
v 0.435708 1.765404 0.400000
v 0.435708 1.765404 -0.400000
v 0.437876 1.770867 -0.437082
v 0.444168 1.786719 -0.470534
v 0.453968 1.811410 -0.497082
v 0.466317 1.842523 -0.514127
v 0.480006 1.877011 -0.520000
v 0.545458 1.848289 0.520000
v 0.529385 1.814847 0.514127
v 0.514885 1.784678 0.497082
v 0.503378 1.760737 0.470534
v 0.495989 1.745365 0.437082
v 0.493444 1.740068 0.400000
v 0.493444 1.740068 -0.400000
v 0.495990 1.745365 -0.437082
v 0.503378 1.760737 -0.470534
v 0.514885 1.784678 -0.497082
v 0.529385 1.814847 -0.514127
v 0.545458 1.848289 -0.520000
v 0.610813 1.814052 0.520000
v 0.592513 1.781777 0.514127
v 0.576005 1.752661 0.497082
v 0.562904 1.729554 0.470534
v 0.554492 1.714718 0.437082
v 0.551594 1.709606 0.400000
v 0.551594 1.709606 -0.400000
v 0.554492 1.714718 -0.437082
v 0.562904 1.729554 -0.470534
v 0.576005 1.752661 -0.497082
v 0.592514 1.781777 -0.514127
v 0.610813 1.814052 -0.520000
v 0.675936 1.774211 0.520000
v 0.655574 1.743197 0.514127
v 0.637206 1.715219 0.497082
v 0.622628 1.693015 0.470534
v 0.613269 1.678759 0.437082
v 0.610044 1.673847 0.400000
v 0.610044 1.673847 -0.400000
v 0.613269 1.678759 -0.437082
v 0.622628 1.693015 -0.470534
v 0.637206 1.715219 -0.497082
v 0.655574 1.743197 -0.514127
v 0.675936 1.774211 -0.520000
v 0.740691 1.728675 0.520000
v 0.718434 1.698994 0.514127
v 0.698356 1.672218 0.497082
v 0.682421 1.650969 0.470534
v 0.672191 1.637326 0.437082
v 0.668666 1.632625 0.400000
v 0.668666 1.632625 -0.400000
v 0.672191 1.637326 -0.437082
v 0.682421 1.650969 -0.470534
v 0.698356 1.672218 -0.497082
v 0.718434 1.698994 -0.514127
v 0.740691 1.728675 -0.520000
v 0.804944 1.677355 0.520000
v 0.780956 1.649056 0.514127
v 0.759316 1.623528 0.497082
v 0.742142 1.603268 0.470534
v 0.731116 1.590260 0.437082
v 0.727317 1.585778 0.400000
v 0.727317 1.585778 -0.400000
v 0.731116 1.590260 -0.437082
v 0.742142 1.603268 -0.470534
v 0.759316 1.623528 -0.497082
v 0.780956 1.649056 -0.514127
v 0.804944 1.677355 -0.520000
v 0.868558 1.620160 0.520000
v 0.842998 1.593274 0.514127
v 0.819941 1.569020 0.497082
v 0.801642 1.549772 0.470534
v 0.789893 1.537414 0.437082
v 0.785845 1.533156 0.400000
v 0.785845 1.533156 -0.400000
v 0.789893 1.537414 -0.437082
v 0.801642 1.549772 -0.470534
v 0.819941 1.569020 -0.497082
v 0.842998 1.593274 -0.514127
v 0.868558 1.620160 -0.520000
v 0.931399 1.557000 0.520000
v 0.978675 1.456909 0.514127
v 1.021324 1.366616 0.497082
v 1.055170 1.294959 0.470534
v 1.076900 1.248952 0.437082
v 1.084388 1.233099 0.400000
v 1.084388 1.233099 -0.400000
v 1.076900 1.248952 -0.437082
v 1.055170 1.294959 -0.470534
v 1.021324 1.366616 -0.497082
v 0.978676 1.456909 -0.514127
v 0.931399 1.557000 -0.520000
v 0.881056 2.060430 0.520000
v 0.916615 2.077513 0.514127
v 0.948693 2.092923 0.497082
v 0.974150 2.105153 0.470535
v 0.990495 2.113005 0.437082
v 0.996127 2.115710 0.400000
v 0.996127 2.115710 -0.400000
v 0.990495 2.113005 -0.437082
v 0.974150 2.105153 -0.470534
v 0.948693 2.092923 -0.497082
v 0.916615 2.077513 -0.514126
v 0.881056 2.060430 -0.520000
v 0.829031 2.111360 0.520000
v 0.854036 2.138775 0.514127
v 0.876592 2.163506 0.497082
v 0.894494 2.183133 0.470535
v 0.905987 2.195734 0.437082
v 0.909947 2.200076 0.400000
v 0.909947 2.200076 -0.400000
v 0.905987 2.195734 -0.437082
v 0.894494 2.183133 -0.470534
v 0.876593 2.163506 -0.497082
v 0.854036 2.138775 -0.514126
v 0.829031 2.111360 -0.520000
v 0.774395 2.157767 0.520000
v 0.797374 2.186902 0.514127
v 0.818104 2.213184 0.497082
v 0.834555 2.234043 0.470535
v 0.845118 2.247435 0.437082
v 0.848757 2.252049 0.400000
v 0.848758 2.252049 -0.400000
v 0.845118 2.247435 -0.437082
v 0.834556 2.234043 -0.470534
v 0.818104 2.213184 -0.497082
v 0.797374 2.186902 -0.514126
v 0.774395 2.157767 -0.520000
v 0.717109 2.199668 0.520000
v 0.737897 2.230406 0.514127
v 0.756651 2.258134 0.497082
v 0.771533 2.280140 0.470535
v 0.781089 2.294269 0.437082
v 0.784381 2.299137 0.400000
v 0.784381 2.299137 -0.400000
v 0.781089 2.294269 -0.437082
v 0.771533 2.280140 -0.470534
v 0.756651 2.258134 -0.497082
v 0.737898 2.230406 -0.514126
v 0.717109 2.199668 -0.520000
v 0.657137 2.237082 0.520000
v 0.675600 2.269270 0.514127
v 0.692256 2.298307 0.497082
v 0.705475 2.321351 0.470534
v 0.713962 2.336146 0.437082
v 0.716886 2.341244 0.400000
v 0.716886 2.341244 -0.400000
v 0.713962 2.336146 -0.437082
v 0.705475 2.321351 -0.470534
v 0.692257 2.298307 -0.497082
v 0.675600 2.269270 -0.514126
v 0.657137 2.237082 -0.520000
v 0.594440 2.270027 0.520000
v 0.610486 2.303486 0.514127
v 0.624961 2.333669 0.497082
v 0.636449 2.357622 0.470534
v 0.643824 2.373001 0.437082
v 0.646366 2.378300 0.400000
v 0.646366 2.378300 -0.400000
v 0.643824 2.373001 -0.437082
v 0.636449 2.357622 -0.470534
v 0.624961 2.333669 -0.497082
v 0.610486 2.303486 -0.514127
v 0.594440 2.270027 -0.520000
v 0.528980 2.298521 0.520000
v 0.542561 2.333052 0.514127
v 0.554813 2.364203 0.497082
v 0.564536 2.388925 0.470534
v 0.570778 2.404797 0.437082
v 0.572929 2.410266 0.400000
v 0.572930 2.410266 -0.400000
v 0.570778 2.404797 -0.437082
v 0.564536 2.388925 -0.470534
v 0.554813 2.364203 -0.497082
v 0.542561 2.333052 -0.514127
v 0.528980 2.298521 -0.520000
v 0.460720 2.322582 0.520000
v 0.471835 2.357982 0.514127
v 0.481862 2.389917 0.497082
v 0.489820 2.415261 0.470534
v 0.494929 2.431533 0.437082
v 0.496689 2.437140 0.400000
v 0.496689 2.437140 -0.400000
v 0.494929 2.431533 -0.437082
v 0.489820 2.415261 -0.470534
v 0.481862 2.389917 -0.497082
v 0.471835 2.357982 -0.514127
v 0.460720 2.322582 -0.520000
v 0.389621 2.342228 0.520000
v 0.398312 2.378298 0.514127
v 0.406152 2.410837 0.497082
v 0.412374 2.436661 0.470534
v 0.416369 2.453240 0.437082
v 0.417745 2.458953 0.400000
v 0.417746 2.458953 -0.400000
v 0.416369 2.453240 -0.437082
v 0.412374 2.436661 -0.470534
v 0.406152 2.410837 -0.497082
v 0.398312 2.378298 -0.514127
v 0.389621 2.342228 -0.520000
v 0.315646 2.357476 0.520000
v 0.321991 2.394030 0.514127
v 0.327715 2.427006 0.497082
v 0.332257 2.453175 0.470534
v 0.335174 2.469977 0.437082
v 0.336178 2.475767 0.400000
v 0.336179 2.475767 -0.400000
v 0.335174 2.469977 -0.437082
v 0.332257 2.453175 -0.470534
v 0.327715 2.427006 -0.497082
v 0.321991 2.394030 -0.514127
v 0.315647 2.357476 -0.520000
v 0.238758 2.368346 0.520000
v 0.242863 2.405216 0.514127
v 0.246567 2.438477 0.497082
v 0.249506 2.464874 0.470534
v 0.251393 2.481821 0.437082
v 0.252043 2.487661 0.400000
v 0.252043 2.487661 -0.400000
v 0.251393 2.481821 -0.437082
v 0.249506 2.464874 -0.470534
v 0.246567 2.438477 -0.497082
v 0.242863 2.405216 -0.514127
v 0.238758 2.368346 -0.520000
v 0.158917 2.374854 0.520000
v 0.160910 2.411897 0.514127
v 0.162708 2.445313 0.497082
v 0.164134 2.471833 0.470534
v 0.165050 2.488860 0.437082
v 0.165366 2.494727 0.400000
v 0.165366 2.494727 -0.400000
v 0.165050 2.488860 -0.437082
v 0.164134 2.471833 -0.470534
v 0.162708 2.445313 -0.497082
v 0.160910 2.411897 -0.514127
v 0.158918 2.374854 -0.520000
v 0.076087 2.377020 0.520000
v 0.075768 2.414123 0.514127
v 0.075480 2.447594 0.497082
v 0.075251 2.474157 0.470534
v 0.075105 2.491211 0.437082
v 0.075054 2.497088 0.400000
v 0.075054 2.497088 -0.400000
v 0.075105 2.491211 -0.437082
v 0.075252 2.474157 -0.470534
v 0.075480 2.447594 -0.497082
v 0.075768 2.414123 -0.514127
v 0.076087 2.377020 -0.520000
v -0.039271 2.372016 0.520000
v -0.042625 2.408987 0.514127
v -0.045651 2.442340 0.497082
v -0.048052 2.468808 0.470534
v -0.049593 2.485802 0.437082
v -0.050125 2.491658 0.400000
v -0.050125 2.491658 -0.400000
v -0.049593 2.485802 -0.437082
v -0.048052 2.468808 -0.470534
v -0.045651 2.442340 -0.497082
v -0.042625 2.408987 -0.514127
v -0.039271 2.372016 -0.520000
v -0.148553 2.356884 0.520000
v -0.155593 2.393346 0.514127
v -0.161944 2.426238 0.497082
v -0.166984 2.452341 0.470534
v -0.170220 2.469100 0.437082
v -0.171335 2.474875 0.400000
v -0.171335 2.474875 -0.400000
v -0.170220 2.469100 -0.437082
v -0.166984 2.452341 -0.470534
v -0.161944 2.426238 -0.497082
v -0.155593 2.393346 -0.514127
v -0.148553 2.356884 -0.520000
v -0.250785 2.331445 0.520000
v -0.261909 2.366890 0.514127
v -0.271945 2.398865 0.497082
v -0.279909 2.424241 0.470534
v -0.285022 2.440533 0.437082
v -0.286784 2.446146 0.400000
v -0.286784 2.446146 -0.400000
v -0.285022 2.440533 -0.437082
v -0.279909 2.424241 -0.470534
v -0.271945 2.398865 -0.497082
v -0.261909 2.366890 -0.514127
v -0.250785 2.331445 -0.520000
v -0.344995 2.295517 0.520000
v -0.360569 2.329265 0.514127
v -0.374618 2.359710 0.497082
v -0.385768 2.383870 0.470534
v -0.392927 2.399382 0.437082
v -0.395393 2.404727 0.400000
v -0.395393 2.404727 -0.400000
v -0.392926 2.399382 -0.437082
v -0.385768 2.383870 -0.470534
v -0.374618 2.359710 -0.497082
v -0.360568 2.329265 -0.514127
v -0.344994 2.295517 -0.520000
v -0.430208 2.248922 0.520000
v -0.450471 2.280106 0.514127
v -0.468750 2.308237 0.497082
v -0.483256 2.330562 0.470534
v -0.492570 2.344896 0.437082
v -0.495779 2.349835 0.400000
v -0.495779 2.349835 -0.400000
v -0.492570 2.344896 -0.437082
v -0.483256 2.330562 -0.470534
v -0.468750 2.308237 -0.497082
v -0.450470 2.280106 -0.514127
v -0.430208 2.248922 -0.520000
v -0.505452 2.191477 0.520000
v -0.530388 2.219094 0.514127
v -0.552882 2.244007 0.497082
v -0.570734 2.263778 0.470534
v -0.582196 2.276472 0.437082
v -0.586145 2.280846 0.400000
v -0.586145 2.280846 -0.400000
v -0.582195 2.276472 -0.437082
v -0.570734 2.263778 -0.470534
v -0.552882 2.244007 -0.497082
v -0.530387 2.219094 -0.514127
v -0.505452 2.191477 -0.520000
v -0.569754 2.123004 0.520000
v -0.598979 2.146053 0.514127
v -0.625343 2.166846 0.497082
v -0.646266 2.183347 0.470534
v -0.659699 2.193941 0.437082
v -0.664328 2.197592 0.400000
v -0.664328 2.197592 -0.400000
v -0.659699 2.193941 -0.437082
v -0.646266 2.183347 -0.470534
v -0.625343 2.166846 -0.497082
v -0.598979 2.146053 -0.514127
v -0.569754 2.123004 -0.520000
v -0.622141 2.043322 0.520000
v -0.654886 2.061016 0.514127
v -0.684426 2.076978 0.497082
v -0.707869 2.089646 0.470534
v -0.722921 2.097779 0.437082
v -0.728107 2.100581 0.400000
v -0.728107 2.100581 -0.400000
v -0.722920 2.097779 -0.437082
v -0.707869 2.089646 -0.470534
v -0.684426 2.076978 -0.497082
v -0.654886 2.061016 -0.514127
v -0.622140 2.043322 -0.520000
v -0.661639 1.952251 0.520000
v -0.696875 1.964202 0.514127
v -0.728662 1.974983 0.497082
v -0.753888 1.983539 0.470534
v -0.770085 1.989032 0.437082
v -0.775665 1.990925 0.400000
v -0.775665 1.990925 -0.400000
v -0.770084 1.989032 -0.437082
v -0.753888 1.983539 -0.470534
v -0.728662 1.974983 -0.497082
v -0.696875 1.964202 -0.514127
v -0.661638 1.952251 -0.520000
v -0.687275 1.849610 0.520000
v -0.723930 1.855882 0.514127
v -0.756997 1.861539 0.497082
v -0.783238 1.866029 0.470534
v -0.800087 1.868912 0.437082
v -0.805892 1.869905 0.400000
v -0.805892 1.869905 -0.400000
v -0.800087 1.868912 -0.437082
v -0.783238 1.866029 -0.470534
v -0.756996 1.861539 -0.497082
v -0.723930 1.855882 -0.514127
v -0.687275 1.849610 -0.520000
v -0.698077 1.735220 0.520000
v -0.735228 1.736233 0.514127
v -0.768743 1.737147 0.497082
v -0.795340 1.737873 0.470534
v -0.812417 1.738339 0.437082
v -0.818301 1.738499 0.400000
v -0.818301 1.738499 -0.400000
v -0.812416 1.738339 -0.437082
v -0.795340 1.737873 -0.470534
v -0.768743 1.737147 -0.497082
v -0.735228 1.736233 -0.514127
v -0.698077 1.735220 -0.520000
v -0.693070 1.608900 0.520000
v -0.730079 1.606318 0.514127
v -0.763465 1.603990 0.497082
v -0.789961 1.602141 0.470534
v -0.806972 1.600955 0.437082
v -0.812834 1.600546 0.400000
v -0.812833 1.600546 -0.400000
v -0.806972 1.600955 -0.437082
v -0.789961 1.602141 -0.470534
v -0.763465 1.603990 -0.497082
v -0.730079 1.606318 -0.514127
v -0.693070 1.608900 -0.520000
v -0.573182 0.410010 0.520000
v -0.610136 0.406887 0.514127
v -0.643473 0.404069 0.497082
v -0.669930 0.401833 0.470534
v -0.686916 0.400397 0.437082
v -0.692769 0.399903 0.400000
v -0.692769 0.399903 -0.400000
v -0.686916 0.400397 -0.437082
v -0.669930 0.401833 -0.470534
v -0.643473 0.404069 -0.497082
v -0.610136 0.406887 -0.514127
v -0.573181 0.410010 -0.520000
v -0.571739 0.389127 0.520000
v -0.608826 0.387913 0.514127
v -0.642282 0.386818 0.497082
v -0.668833 0.385949 0.470534
v -0.685880 0.385391 0.437082
v -0.691754 0.385199 0.400000
v -0.691753 0.385199 -0.400000
v -0.685880 0.385392 -0.437082
v -0.668833 0.385949 -0.470534
v -0.642282 0.386818 -0.497082
v -0.608825 0.387913 -0.514127
v -0.571739 0.389127 -0.520000
v -0.571805 0.370532 0.520000
v -0.608881 0.372343 0.514127
v -0.642327 0.373977 0.497082
v -0.668871 0.375274 0.470534
v -0.685913 0.376106 0.437082
v -0.691785 0.376393 0.400000
v -0.691785 0.376393 -0.400000
v -0.685912 0.376106 -0.437082
v -0.668871 0.375274 -0.470534
v -0.642327 0.373977 -0.497082
v -0.608881 0.372344 -0.514127
v -0.571805 0.370532 -0.520000
v -0.573352 0.354136 0.520000
v -0.610073 0.359708 0.514127
v -0.643199 0.364734 0.497082
v -0.669489 0.368722 0.470534
v -0.686368 0.371283 0.437082
v -0.692184 0.372165 0.400000
v -0.692184 0.372165 -0.400000
v -0.686368 0.371283 -0.437082
v -0.669489 0.368722 -0.470534
v -0.643199 0.364734 -0.497082
v -0.610073 0.359708 -0.514127
v -0.573352 0.354136 -0.520000
v -0.576353 0.339849 0.520000
v -0.612111 0.350005 0.514127
v -0.644369 0.359167 0.497082
v -0.669969 0.366437 0.470534
v -0.686405 0.371106 0.437082
v -0.692068 0.372714 0.400000
v -0.692068 0.372714 -0.400000
v -0.686405 0.371106 -0.437082
v -0.669969 0.366437 -0.470534
v -0.644369 0.359167 -0.497082
v -0.612111 0.350005 -0.514127
v -0.576353 0.339849 -0.520000
v -0.580782 0.327580 0.520000
v -0.614608 0.343087 0.514127
v -0.645124 0.357076 0.497082
v -0.669341 0.368177 0.470534
v -0.684889 0.375305 0.437082
v -0.690247 0.377761 0.400000
v -0.690247 0.377761 -0.400000
v -0.684889 0.375305 -0.437082
v -0.669341 0.368177 -0.470534
v -0.645124 0.357076 -0.497082
v -0.614608 0.343087 -0.514127
v -0.580782 0.327580 -0.520000
v -0.586611 0.317239 0.520000
v -0.617184 0.338517 0.514127
v -0.644765 0.357712 0.497082
v -0.666653 0.372946 0.470534
v -0.680706 0.382726 0.437082
v -0.685548 0.386096 0.400000
v -0.685548 0.386097 -0.400000
v -0.680706 0.382726 -0.437082
v -0.666653 0.372946 -0.470534
v -0.644765 0.357712 -0.497082
v -0.617184 0.338517 -0.514127
v -0.586611 0.317239 -0.520000
v -0.593813 0.308736 0.520000
v -0.619712 0.335532 0.514127
v -0.643077 0.359705 0.497082
v -0.661619 0.378889 0.470534
v -0.673524 0.391206 0.437082
v -0.677626 0.395450 0.400000
v -0.677626 0.395450 -0.400000
v -0.673524 0.391206 -0.437082
v -0.661619 0.378889 -0.470534
v -0.643077 0.359705 -0.497082
v -0.619712 0.335532 -0.514127
v -0.593813 0.308736 -0.520000
v -0.602361 0.301981 0.520000
v -0.622551 0.333289 0.514127
v -0.640764 0.361532 0.497082
v -0.655219 0.383947 0.470534
v -0.664499 0.398337 0.437082
v -0.667697 0.403296 0.400000
v -0.667697 0.403296 -0.400000
v -0.664499 0.398337 -0.437082
v -0.655219 0.383947 -0.470534
v -0.640764 0.361533 -0.497082
v -0.622551 0.333289 -0.514127
v -0.602361 0.301981 -0.520000
v -0.612228 0.296884 0.520000
v -0.626431 0.331285 0.514127
v -0.639243 0.362318 0.497082
v -0.649411 0.386946 0.470534
v -0.655939 0.402759 0.437082
v -0.658189 0.408207 0.400000
v -0.658189 0.408207 -0.400000
v -0.655939 0.402759 -0.437082
v -0.649411 0.386946 -0.470534
v -0.639243 0.362318 -0.497082
v -0.626431 0.331285 -0.514127
v -0.612228 0.296884 -0.520000
v -0.623388 0.293355 0.520000
v -0.632043 0.329510 0.514127
v -0.639850 0.362126 0.497082
v -0.646047 0.388010 0.470534
v -0.650025 0.404629 0.437082
v -0.651395 0.410355 0.400000
v -0.651395 0.410356 -0.400000
v -0.650025 0.404629 -0.437082
v -0.646046 0.388010 -0.470534
v -0.639850 0.362126 -0.497082
v -0.632042 0.329510 -0.514127
v -0.623388 0.293355 -0.520000
v -0.635812 0.291304 0.520000
v -0.639745 0.328238 0.514127
v -0.643293 0.361558 0.497082
v -0.646109 0.388000 0.470534
v -0.647917 0.404977 0.437082
v -0.648540 0.410827 0.400000
v -0.648540 0.410827 -0.400000
v -0.647917 0.404977 -0.437082
v -0.646109 0.388000 -0.470534
v -0.643293 0.361558 -0.497082
v -0.639745 0.328239 -0.514127
v -0.635812 0.291304 -0.520000
v -0.649475 0.290640 0.520000
v -0.648972 0.327790 0.514127
v -0.648518 0.361304 0.497082
v -0.648158 0.387901 0.470534
v -0.647927 0.404977 0.437082
v -0.647847 0.410861 0.400000
v -0.647847 0.410861 -0.400000
v -0.647927 0.404977 -0.437082
v -0.648158 0.387901 -0.470534
v -0.648518 0.361304 -0.497082
v -0.648972 0.327790 -0.514127
v -0.649475 0.290640 -0.520000
v -0.662201 0.291604 0.520000
v -0.657255 0.328418 0.514127
v -0.652794 0.361628 0.497082
v -0.649253 0.387984 0.470534
v -0.646980 0.404905 0.437082
v -0.646196 0.410736 0.400000
v -0.646196 0.410736 -0.400000
v -0.646979 0.404905 -0.437082
v -0.649253 0.387984 -0.470534
v -0.652793 0.361628 -0.497082
v -0.657255 0.328418 -0.514127
v -0.662201 0.291604 -0.520000
v -0.676936 0.294461 0.520000
v -0.668351 0.330569 0.514127
v -0.660606 0.363142 0.497082
v -0.654460 0.388993 0.470534
v -0.650513 0.405590 0.437082
v -0.649154 0.411309 0.400000
v -0.649154 0.411309 -0.400000
v -0.650513 0.405590 -0.437082
v -0.654460 0.388993 -0.470534
v -0.660606 0.363142 -0.497082
v -0.668351 0.330569 -0.514127
v -0.676936 0.294461 -0.520000
v -0.693549 0.299155 0.520000
v -0.682326 0.334518 0.514127
v -0.672202 0.366419 0.497082
v -0.664167 0.391736 0.470534
v -0.659009 0.407990 0.437082
v -0.657231 0.413591 0.400000
v -0.657231 0.413591 -0.400000
v -0.659008 0.407990 -0.437082
v -0.664167 0.391736 -0.470534
v -0.672202 0.366419 -0.497082
v -0.682326 0.334518 -0.514127
v -0.693549 0.299155 -0.520000
v -0.711909 0.305633 0.520000
v -0.698683 0.340289 0.514127
v -0.686751 0.371553 0.497082
v -0.677283 0.396364 0.470534
v -0.671203 0.412294 0.437082
v -0.669109 0.417783 0.400000
v -0.669108 0.417783 -0.400000
v -0.671203 0.412294 -0.437082
v -0.677283 0.396364 -0.470534
v -0.686751 0.371553 -0.497082
v -0.698682 0.340289 -0.514127
v -0.711908 0.305634 -0.520000
v -0.731883 0.313842 0.520000
v -0.717071 0.347846 0.514127
v -0.703709 0.378522 0.497082
v -0.693105 0.402866 0.470534
v -0.686297 0.418496 0.437082
v -0.683951 0.423882 0.400000
v -0.683951 0.423882 -0.400000
v -0.686297 0.418496 -0.437082
v -0.693105 0.402866 -0.470534
v -0.703709 0.378522 -0.497082
v -0.717071 0.347846 -0.514127
v -0.731882 0.313842 -0.520000
v -0.753340 0.323726 0.520000
v -0.737226 0.357131 0.514127
v -0.722690 0.387266 0.497082
v -0.711154 0.411181 0.470534
v -0.703747 0.426535 0.437082
v -0.701195 0.431826 0.400000
v -0.701195 0.431826 -0.400000
v -0.703747 0.426535 -0.437082
v -0.711154 0.411181 -0.470534
v -0.722690 0.387266 -0.497082
v -0.737226 0.357131 -0.514127
v -0.753339 0.323726 -0.520000
v -0.776148 0.335233 0.520000
v -0.758932 0.368081 0.514127
v -0.743400 0.397714 0.497082
v -0.731075 0.421230 0.470534
v -0.723161 0.436329 0.437082
v -0.720434 0.441531 0.400000
v -0.720434 0.441532 -0.400000
v -0.723161 0.436329 -0.437082
v -0.731075 0.421230 -0.470534
v -0.743400 0.397714 -0.497082
v -0.758932 0.368081 -0.514127
v -0.776148 0.335233 -0.520000
v -0.800177 0.348307 0.520000
v -0.782000 0.380632 0.514127
v -0.765602 0.409794 0.497082
v -0.752589 0.432936 0.470534
v -0.744234 0.447795 0.437082
v -0.741355 0.452915 0.400000
v -0.741355 0.452915 -0.400000
v -0.744234 0.447795 -0.437082
v -0.752589 0.432936 -0.470534
v -0.765602 0.409794 -0.497082
v -0.782000 0.380632 -0.514127
v -0.800177 0.348307 -0.520000
v -0.825294 0.362895 0.520000
v -0.806261 0.394723 0.514127
v -0.789091 0.423436 0.497082
v -0.775465 0.446222 0.470534
v -0.766716 0.460852 0.437082
v -0.763701 0.465893 0.400000
v -0.763701 0.465893 -0.400000
v -0.766716 0.460852 -0.437082
v -0.775464 0.446222 -0.470534
v -0.789091 0.423436 -0.497082
v -0.806261 0.394723 -0.514127
v -0.825294 0.362895 -0.520000
v -0.851368 0.378942 0.520000
v -0.831555 0.410291 0.514127
v -0.813682 0.438570 0.497082
v -0.799497 0.461013 0.470534
v -0.790390 0.475423 0.437082
v -0.787252 0.480388 0.400000
v -0.787252 0.480388 -0.400000
v -0.790390 0.475423 -0.437082
v -0.799497 0.461013 -0.470534
v -0.813682 0.438570 -0.497082
v -0.831555 0.410291 -0.514127
v -0.851368 0.378942 -0.520000
v -0.878267 0.396395 0.520000
v -0.857731 0.427274 0.514127
v -0.839206 0.455131 0.497082
v -0.824503 0.477238 0.470534
v -0.815064 0.491432 0.437082
v -0.811811 0.496323 0.400000
v -0.811811 0.496323 -0.400000
v -0.815064 0.491432 -0.437082
v -0.824503 0.477238 -0.470534
v -0.839205 0.455131 -0.497082
v -0.857731 0.427275 -0.514127
v -0.878267 0.396395 -0.520000
v -0.905860 0.415200 0.520000
v -0.950669 0.490611 0.514127
v -0.991090 0.558641 0.497082
v -1.023170 0.612629 0.470534
v -1.043766 0.647292 0.437082
v -1.050862 0.659236 0.400000
v -1.050862 0.659236 -0.400000
v -1.043765 0.647292 -0.437082
v -1.023169 0.612629 -0.470534
v -0.991090 0.558641 -0.497082
v -0.950668 0.490611 -0.514127
v -0.905860 0.415200 -0.520000
v -0.877835 0.134940 0.520000
v -0.912899 0.112912 0.514127
v -0.944531 0.093040 0.497082
v -0.969634 0.077269 0.470534
v -0.985751 0.067144 0.437082
v -0.991305 0.063655 0.400000
v -0.991305 0.063655 -0.400000
v -0.985751 0.067144 -0.437082
v -0.969634 0.077269 -0.470534
v -0.944530 0.093040 -0.497082
v -0.912899 0.112912 -0.514127
v -0.877834 0.134940 -0.520000
v -0.084746 1.118364 0.520000
v -0.096794 1.083292 0.514127
v -0.107662 1.051654 0.497082
v -0.116287 1.026546 0.470534
v -0.121825 1.010425 0.437082
v -0.123733 1.004870 0.400000
v -0.123733 1.004870 -0.400000
v -0.121825 1.010425 -0.437082
v -0.116287 1.026546 -0.470534
v -0.107662 1.051654 -0.497082
v -0.096794 1.083292 -0.514127
v -0.084746 1.118364 -0.520000
v 0.012873 1.084061 0.520000
v 0.000182 1.049216 0.514127
v -0.011267 1.017781 0.497082
v -0.020353 0.992835 0.470534
v -0.026186 0.976818 0.437082
v -0.028196 0.971300 0.400000
v -0.028196 0.971300 -0.400000
v -0.026186 0.976819 -0.437082
v -0.020353 0.992835 -0.470534
v -0.011267 1.017781 -0.497082
v 0.000182 1.049216 -0.514127
v 0.012873 1.084061 -0.520000
v 0.106408 1.048785 0.520000
v 0.092753 1.014304 0.514127
v 0.080435 0.983197 0.497082
v 0.070659 0.958511 0.470534
v 0.064382 0.942662 0.437082
v 0.062220 0.937200 0.400000
v 0.062220 0.937200 -0.400000
v 0.064382 0.942662 -0.437082
v 0.070659 0.958511 -0.470534
v 0.080435 0.983197 -0.497082
v 0.092753 1.014304 -0.514127
v 0.106409 1.048785 -0.520000
v 0.194900 1.012050 0.520000
v 0.179912 0.978122 0.514127
v 0.166390 0.947515 0.497082
v 0.155660 0.923225 0.470534
v 0.148770 0.907630 0.437082
v 0.146397 0.902256 0.400000
v 0.146397 0.902256 -0.400000
v 0.148771 0.907630 -0.437082
v 0.155660 0.923225 -0.470534
v 0.166390 0.947515 -0.497082
v 0.179912 0.978122 -0.514127
v 0.194900 1.012050 -0.520000
v 0.277387 0.973368 0.520000
v 0.260635 0.940267 0.514127
v 0.245522 0.910406 0.497082
v 0.233529 0.886709 0.470534
v 0.225828 0.871494 0.437082
v 0.223175 0.866251 0.400000
v 0.223175 0.866251 -0.400000
v 0.225829 0.871494 -0.437082
v 0.233529 0.886709 -0.470534
v 0.245522 0.910407 -0.497082
v 0.260635 0.940267 -0.514127
v 0.277387 0.973368 -0.520000
v 0.352909 0.932254 0.520000
v 0.333894 0.900384 0.514127
v 0.316740 0.871635 0.497082
v 0.303127 0.848819 0.470534
v 0.294387 0.834170 0.437082
v 0.291375 0.829123 0.400000
v 0.291376 0.829123 -0.400000
v 0.294387 0.834170 -0.437082
v 0.303127 0.848819 -0.470534
v 0.316741 0.871635 -0.497082
v 0.333894 0.900385 -0.514127
v 0.352909 0.932254 -0.520000
v 0.420505 0.888220 0.520000
v 0.398675 0.858185 0.514127
v 0.378982 0.831089 0.497082
v 0.363353 0.809586 0.470534
v 0.353319 0.795781 0.437082
v 0.349862 0.791023 0.400000
v 0.349862 0.791024 -0.400000
v 0.353319 0.795781 -0.437082
v 0.363354 0.809586 -0.470534
v 0.378982 0.831089 -0.497082
v 0.398675 0.858185 -0.514127
v 0.420506 0.888220 -0.520000
v 0.479216 0.840780 0.520000
v 0.454026 0.813459 0.514127
v 0.431303 0.788812 0.497082
v 0.413269 0.769253 0.470534
v 0.401691 0.756695 0.437082
v 0.397701 0.752367 0.400000
v 0.397702 0.752367 -0.400000
v 0.401691 0.756695 -0.437082
v 0.413269 0.769253 -0.470534
v 0.431303 0.788812 -0.497082
v 0.454027 0.813459 -0.514127
v 0.479216 0.840780 -0.520000
v 0.528080 0.789448 0.520000
v 0.499152 0.766054 0.514127
v 0.473056 0.744950 0.497082
v 0.452347 0.728201 0.470534
v 0.439050 0.717448 0.437082
v 0.434468 0.713743 0.400000
v 0.434468 0.713743 -0.400000
v 0.439050 0.717448 -0.437082
v 0.452347 0.728201 -0.470534
v 0.473056 0.744950 -0.497082
v 0.499152 0.766054 -0.514127
v 0.528080 0.789448 -0.520000
v 0.566136 0.733736 0.520000
v 0.533525 0.715735 0.514127
v 0.504106 0.699496 0.497082
v 0.480759 0.686608 0.470534
v 0.465769 0.678334 0.437082
v 0.460604 0.675483 0.400000
v 0.460604 0.675483 -0.400000
v 0.465769 0.678334 -0.437082
v 0.480759 0.686608 -0.470534
v 0.504106 0.699496 -0.497082
v 0.533525 0.715735 -0.514127
v 0.566136 0.733736 -0.520000
v 0.592425 0.673159 0.520000
v 0.556878 0.661923 0.514127
v 0.524811 0.651787 0.497082
v 0.499362 0.643742 0.470534
v 0.483022 0.638578 0.437082
v 0.477392 0.636798 0.400000
v 0.477392 0.636798 -0.400000
v 0.483023 0.638578 -0.437082
v 0.499362 0.643743 -0.470534
v 0.524811 0.651787 -0.497082
v 0.556878 0.661923 -0.514127
v 0.592426 0.673159 -0.520000
v 0.605986 0.607230 0.520000
v 0.569050 0.602748 0.514127
v 0.535729 0.598704 0.497082
v 0.509286 0.595496 0.470534
v 0.492308 0.593435 0.437082
v 0.486458 0.592725 0.400000
v 0.486458 0.592726 -0.400000
v 0.492308 0.593435 -0.437082
v 0.509286 0.595496 -0.470534
v 0.535729 0.598705 -0.497082
v 0.569050 0.602748 -0.514127
v 0.605986 0.607230 -0.520000
v 0.607795 0.560457 0.520000
v 0.570649 0.561413 0.514127
v 0.537138 0.562276 0.497082
v 0.510544 0.562961 0.470534
v 0.493469 0.563401 0.437082
v 0.487586 0.563552 0.400000
v 0.487586 0.563552 -0.400000
v 0.493469 0.563401 -0.437082
v 0.510544 0.562961 -0.470534
v 0.537138 0.562276 -0.497082
v 0.570649 0.561414 -0.514127
v 0.607795 0.560457 -0.520000
v 0.603807 0.516333 0.520000
v 0.567104 0.522197 0.514127
v 0.533994 0.527488 0.497082
v 0.507717 0.531686 0.470534
v 0.490846 0.534382 0.437082
v 0.485033 0.535311 0.400000
v 0.485033 0.535311 -0.400000
v 0.490847 0.534382 -0.437082
v 0.507717 0.531686 -0.470534
v 0.533994 0.527488 -0.497082
v 0.567104 0.522198 -0.514127
v 0.603807 0.516333 -0.520000
v 0.594301 0.475128 0.520000
v 0.558766 0.486057 0.514127
v 0.526710 0.495916 0.497082
v 0.501270 0.503741 0.470534
v 0.484936 0.508764 0.437082
v 0.479308 0.510495 0.400000
v 0.479308 0.510495 -0.400000
v 0.484936 0.508764 -0.437082
v 0.501270 0.503741 -0.470534
v 0.526710 0.495916 -0.497082
v 0.558766 0.486057 -0.514127
v 0.594301 0.475128 -0.520000
v 0.579556 0.437113 0.520000
v 0.545979 0.453090 0.514127
v 0.515689 0.467503 0.497082
v 0.491651 0.478941 0.470534
v 0.476217 0.486285 0.437082
v 0.470899 0.488815 0.400000
v 0.470899 0.488816 -0.400000
v 0.476217 0.486285 -0.437082
v 0.491651 0.478941 -0.470534
v 0.515689 0.467503 -0.497082
v 0.545979 0.453090 -0.514127
v 0.579556 0.437113 -0.520000
v 0.559852 0.402558 0.520000
v 0.529028 0.423364 0.514127
v 0.501222 0.442134 0.497082
v 0.479156 0.457029 0.470534
v 0.464988 0.466592 0.437082
v 0.460106 0.469888 0.400000
v 0.460106 0.469888 -0.400000
v 0.464988 0.466592 -0.437082
v 0.479156 0.457029 -0.470534
v 0.501223 0.442134 -0.497082
v 0.529029 0.423364 -0.514127
v 0.559852 0.402558 -0.520000
v 0.535467 0.371734 0.520000
v 0.508129 0.396945 0.514127
v 0.483467 0.419689 0.497082
v 0.463896 0.437739 0.470534
v 0.451330 0.449327 0.437082
v 0.447000 0.453320 0.400000
v 0.447000 0.453320 -0.400000
v 0.451330 0.449327 -0.437082
v 0.463896 0.437739 -0.470534
v 0.483468 0.419689 -0.497082
v 0.508129 0.396945 -0.514127
v 0.535467 0.371734 -0.520000
v 0.506682 0.344910 0.520000
v 0.483431 0.373929 0.514127
v 0.462455 0.400108 0.497082
v 0.445809 0.420884 0.470534
v 0.435121 0.434223 0.437082
v 0.431439 0.438819 0.400000
v 0.431439 0.438819 -0.400000
v 0.435121 0.434223 -0.437082
v 0.445809 0.420884 -0.470534
v 0.462455 0.400108 -0.497082
v 0.483431 0.373929 -0.514127
v 0.506682 0.344910 -0.520000
v 0.473776 0.322357 0.520000
v 0.455035 0.354468 0.514127
v 0.438129 0.383436 0.497082
v 0.424712 0.406425 0.470534
v 0.416098 0.421185 0.437082
v 0.413130 0.426271 0.400000
v 0.413130 0.426271 -0.400000
v 0.416098 0.421185 -0.437082
v 0.424713 0.406425 -0.470534
v 0.438129 0.383436 -0.497082
v 0.455035 0.354468 -0.514127
v 0.473776 0.322357 -0.520000
v 0.437028 0.304345 0.520000
v 0.423030 0.338781 0.514127
v 0.410402 0.369846 0.497082
v 0.400380 0.394499 0.470534
v 0.393946 0.410327 0.437082
v 0.391729 0.415781 0.400000
v 0.391729 0.415782 -0.400000
v 0.393946 0.410327 -0.437082
v 0.400381 0.394499 -0.470534
v 0.410402 0.369846 -0.497082
v 0.423030 0.338781 -0.514127
v 0.437028 0.304345 -0.520000
v 0.396716 0.291145 0.520000
v 0.387512 0.327150 0.514127
v 0.379208 0.359631 0.497082
v 0.372618 0.385408 0.470534
v 0.368387 0.401958 0.437082
v 0.366930 0.407661 0.400000
v 0.366930 0.407661 -0.400000
v 0.368388 0.401958 -0.437082
v 0.372618 0.385408 -0.470534
v 0.379208 0.359631 -0.497082
v 0.387512 0.327150 -0.514127
v 0.396717 0.291145 -0.520000
v 0.353122 0.283026 0.520000
v 0.348611 0.319906 0.514127
v 0.344542 0.353175 0.497082
v 0.341313 0.379578 0.470534
v 0.339239 0.396530 0.437082
v 0.338525 0.402371 0.400000
v 0.338525 0.402371 -0.400000
v 0.339240 0.396530 -0.437082
v 0.341313 0.379578 -0.470534
v 0.344542 0.353175 -0.497082
v 0.348611 0.319906 -0.514127
v 0.353122 0.283026 -0.520000
v 0.306523 0.280260 0.520000
v 0.306189 0.317388 0.514127
v 0.305888 0.350881 0.497082
v 0.305649 0.377461 0.470534
v 0.305496 0.394527 0.437082
v 0.305443 0.400407 0.400000
v 0.305443 0.400407 -0.400000
v 0.305496 0.394527 -0.437082
v 0.305649 0.377461 -0.470534
v 0.305888 0.350881 -0.497082
v 0.306190 0.317388 -0.514127
v 0.306524 0.280260 -0.520000
v 0.270260 0.281759 0.520000
v 0.273290 0.318747 0.514127
v 0.276024 0.352115 0.497082
v 0.278194 0.378596 0.470534
v 0.279587 0.395598 0.437082
v 0.280067 0.401456 0.400000
v 0.280067 0.401456 -0.400000
v 0.279587 0.395598 -0.437082
v 0.278194 0.378596 -0.470534
v 0.276024 0.352115 -0.497082
v 0.273290 0.318747 -0.514127
v 0.270260 0.281759 -0.520000
v 0.234135 0.286195 0.520000
v 0.240083 0.322825 0.514127
v 0.245448 0.355870 0.497082
v 0.249706 0.382094 0.470534
v 0.252440 0.398931 0.437082
v 0.253382 0.404733 0.400000
v 0.253382 0.404733 -0.400000
v 0.252440 0.398931 -0.437082
v 0.249706 0.382094 -0.470534
v 0.245448 0.355870 -0.497082
v 0.240083 0.322825 -0.514127
v 0.234135 0.286195 -0.520000
v 0.198158 0.293478 0.520000
v 0.206853 0.329552 0.514127
v 0.214697 0.362095 0.497082
v 0.220921 0.387921 0.470534
v 0.224918 0.404503 0.437082
v 0.226295 0.410216 0.400000
v 0.226295 0.410216 -0.400000
v 0.224918 0.404503 -0.437082
v 0.220922 0.387921 -0.470534
v 0.214697 0.362095 -0.497082
v 0.206853 0.329552 -0.514127
v 0.198158 0.293478 -0.520000
v 0.162337 0.303519 0.520000
v 0.173580 0.338879 0.514127
v 0.183722 0.370778 0.497082
v 0.191770 0.396093 0.470534
v 0.196938 0.412346 0.437082
v 0.198719 0.417946 0.400000
v 0.198719 0.417946 -0.400000
v 0.196938 0.412346 -0.437082
v 0.191771 0.396093 -0.470534
v 0.183722 0.370778 -0.497082
v 0.173580 0.338879 -0.514127
v 0.162338 0.303519 -0.520000
v 0.126683 0.316227 0.520000
v 0.140257 0.350755 0.514127
v 0.152503 0.381904 0.497082
v 0.162221 0.406624 0.470534
v 0.168461 0.422495 0.437082
v 0.170611 0.427964 0.400000
v 0.170611 0.427964 -0.400000
v 0.168461 0.422495 -0.437082
v 0.162222 0.406624 -0.470534
v 0.152503 0.381904 -0.497082
v 0.140258 0.350755 -0.514127
v 0.126683 0.316227 -0.520000
v 0.091203 0.331511 0.520000
v 0.106891 0.365130 0.514127
v 0.121043 0.395457 0.497082
v 0.132275 0.419525 0.470534
v 0.139485 0.434978 0.437082
v 0.141970 0.440303 0.400000
v 0.141970 0.440303 -0.400000
v 0.139486 0.434978 -0.437082
v 0.132275 0.419525 -0.470534
v 0.121043 0.395457 -0.497082
v 0.106891 0.365130 -0.514127
v 0.091203 0.331511 -0.520000
v 0.055907 0.349283 0.520000
v 0.073495 0.381944 0.514127
v 0.089362 0.411409 0.497082
v 0.101954 0.434792 0.470534
v 0.110038 0.449805 0.437082
v 0.112824 0.454978 0.400000
v 0.112824 0.454978 -0.400000
v 0.110038 0.449805 -0.437082
v 0.101954 0.434792 -0.470534
v 0.089362 0.411409 -0.497082
v 0.073496 0.381944 -0.514127
v 0.055908 0.349283 -0.520000
v 0.020804 0.369451 0.520000
v 0.040092 0.401136 0.514127
v 0.057491 0.429720 0.497082
v 0.071299 0.452404 0.470534
v 0.080165 0.466968 0.437082
v 0.083220 0.471987 0.400000
v 0.083220 0.471987 -0.400000
v 0.080165 0.466968 -0.437082
v 0.071299 0.452404 -0.470534
v 0.057491 0.429720 -0.497082
v 0.040092 0.401136 -0.514127
v 0.020804 0.369451 -0.520000
v -0.014097 0.391926 0.520000
v 0.006704 0.422637 0.514127
v 0.025469 0.450341 0.497082
v 0.040361 0.472327 0.470534
v 0.049922 0.486443 0.437082
v 0.053217 0.491307 0.400000
v 0.053217 0.491307 -0.400000
v 0.049922 0.486443 -0.437082
v 0.040361 0.472327 -0.470534
v 0.025469 0.450341 -0.497082
v 0.006704 0.422637 -0.514127
v -0.014097 0.391926 -0.520000
v -0.048787 0.416618 0.520000
v -0.026641 0.446370 0.514127
v -0.006662 0.473211 0.497082
v 0.009193 0.494511 0.470534
v 0.019373 0.508187 0.437082
v 0.022881 0.512900 0.400000
v 0.022881 0.512900 -0.400000
v 0.019373 0.508187 -0.437082
v 0.009194 0.494511 -0.470534
v -0.006662 0.473211 -0.497082
v -0.026641 0.446370 -0.514127
v -0.048787 0.416618 -0.520000
v -0.083258 0.443436 0.520000
v -0.059916 0.472259 0.514127
v -0.038860 0.498260 0.497082
v -0.022149 0.518896 0.470534
v -0.011420 0.532144 0.437082
v -0.007723 0.536709 0.400000
v -0.007723 0.536709 -0.400000
v -0.011420 0.532144 -0.437082
v -0.022149 0.518896 -0.470534
v -0.038859 0.498261 -0.497082
v -0.059916 0.472259 -0.514127
v -0.083258 0.443436 -0.520000
v -0.117500 0.472290 0.520000
v -0.082099 0.490951 0.514127
v -0.050163 0.507786 0.497082
v -0.024819 0.521146 0.470534
v -0.008547 0.529723 0.437082
v -0.002940 0.532679 0.400000
v -0.002940 0.532679 -0.400000
v -0.008547 0.529723 -0.437082
v -0.024819 0.521146 -0.470534
v -0.050163 0.507786 -0.497082
v -0.082099 0.490951 -0.514127
v -0.117499 0.472290 -0.520000
v -0.185489 1.152180 0.520000
v -0.142880 1.098762 0.514127
v -0.104442 1.050573 0.497082
v -0.073937 1.012330 0.470534
v -0.054352 0.987776 0.437082
v -0.047604 0.979316 0.400000
v -0.047604 0.979316 -0.400000
v -0.054352 0.987777 -0.437082
v -0.073937 1.012330 -0.470534
v -0.104442 1.050573 -0.497082
v -0.142880 1.098762 -0.514127
v -0.185488 1.152180 -0.520000
v -1.284731 0.000000 0.520000
v -1.243755 -0.037082 0.514127
v -1.206791 -0.070534 0.497082
v -1.177456 -0.097082 0.470534
v -1.158622 -0.114127 0.437082
v -1.152132 -0.120000 0.400000
v -1.152132 -0.120000 -0.400000
v -1.158622 -0.114127 -0.437082
v -1.177456 -0.097082 -0.470534
v -1.206791 -0.070534 -0.497082
v -1.243755 -0.037082 -0.514127
v -1.284730 0.000000 -0.520000
v -1.517762 2.330310 0.520000
v -1.484203 2.367392 0.514127
v -1.453929 2.400844 0.497082
v -1.429904 2.427392 0.470534
v -1.414478 2.444437 0.437082
v -1.409163 2.450310 0.400000
v -1.409163 2.450310 -0.400000
v -1.414478 2.444437 -0.437082
v -1.429903 2.427392 -0.470534
v -1.453929 2.400844 -0.497082
v -1.484203 2.367392 -0.514127
v -1.517761 2.330310 -0.520000
v -1.979672 2.330310 0.520000
v -2.020647 2.367392 0.514127
v -2.057611 2.400844 0.497082
v -2.086946 2.427392 0.470534
v -2.105780 2.444437 0.437082
v -2.112270 2.450310 0.400000
v -2.112270 2.450310 -0.400000
v -2.105780 2.444437 -0.437082
v -2.086946 2.427392 -0.470534
v -2.057611 2.400844 -0.497082
v -2.020647 2.367392 -0.514127
v -1.979671 2.330310 -0.520000
v -1.746641 0.000000 0.520000
v -1.780199 -0.037082 0.514126
v -1.810473 -0.070534 0.497082
v -1.834499 -0.097082 0.470534
v -1.849924 -0.114127 0.437082
v -1.855239 -0.120000 0.400000
v -1.855239 -0.120000 -0.400000
v -1.849924 -0.114127 -0.437082
v -1.834499 -0.097082 -0.470535
v -1.810473 -0.070534 -0.497082
v -1.780199 -0.037082 -0.514127
v -1.746640 0.000000 -0.520000
v -1.757613 2.763618 0.520000
v -1.752469 2.726802 0.514127
v -1.747829 2.693591 0.497082
v -1.744147 2.667234 0.470534
v -1.741782 2.650312 0.437082
v -1.740968 2.644481 0.400000
v -1.740968 2.644481 -0.400000
v -1.741782 2.650312 -0.437082
v -1.744146 2.667234 -0.470534
v -1.747829 2.693591 -0.497082
v -1.752469 2.726802 -0.514127
v -1.757612 2.763618 -0.520000
v -1.722745 2.771003 0.520000
v -1.712508 2.735267 0.514127
v -1.703273 2.703028 0.497082
v -1.695944 2.677444 0.470534
v -1.691238 2.661018 0.437082
v -1.689617 2.655358 0.400000
v -1.689617 2.655358 -0.400000
v -1.691238 2.661018 -0.437082
v -1.695944 2.677444 -0.470534
v -1.703273 2.703028 -0.497082
v -1.712508 2.735267 -0.514127
v -1.722745 2.771003 -0.520000
v -1.690094 2.782894 0.520000
v -1.674955 2.748942 0.514127
v -1.661299 2.718314 0.497082
v -1.650461 2.694008 0.470534
v -1.643502 2.678402 0.437082
v -1.641105 2.673025 0.400000
v -1.641105 2.673025 -0.400000
v -1.643502 2.678402 -0.437082
v -1.650461 2.694008 -0.470534
v -1.661299 2.718314 -0.497082
v -1.674955 2.748942 -0.514127
v -1.690094 2.782894 -0.520000
v -1.659968 2.798948 0.520000
v -1.640238 2.767443 0.514127
v -1.622440 2.739022 0.497082
v -1.608315 2.716467 0.470534
v -1.599246 2.701986 0.437082
v -1.596121 2.696996 0.400000
v -1.596121 2.696996 -0.400000
v -1.599246 2.701986 -0.437082
v -1.608315 2.716467 -0.470534
v -1.622439 2.739022 -0.497082
v -1.640238 2.767443 -0.514127
v -1.659967 2.798948 -0.520000
v -1.632674 2.818822 0.520000
v -1.608757 2.790366 0.514127
v -1.587180 2.764696 0.497082
v -1.570057 2.744324 0.470534
v -1.559064 2.731245 0.437082
v -1.555276 2.726738 0.400000
v -1.555275 2.726738 -0.400000
v -1.559063 2.731245 -0.437082
v -1.570057 2.744324 -0.470534
v -1.587180 2.764696 -0.497082
v -1.608756 2.790366 -0.514127
v -1.632674 2.818822 -0.520000
v -1.608522 2.842174 0.520000
v -1.580893 2.817307 0.514127
v -1.555969 2.794874 0.497082
v -1.536188 2.777071 0.470534
v -1.523489 2.765641 0.437082
v -1.519113 2.761702 0.400000
v -1.519113 2.761702 -0.400000
v -1.523489 2.765641 -0.437082
v -1.536188 2.777071 -0.470534
v -1.555968 2.794874 -0.497082
v -1.580893 2.817307 -0.514127
v -1.608521 2.842174 -0.520000
v -1.587819 2.868661 0.520000
v -1.557015 2.847856 0.514127
v -1.529226 2.829087 0.497082
v -1.507174 2.814193 0.470534
v -1.493015 2.804630 0.437082
v -1.488136 2.801334 0.400000
v -1.488136 2.801334 -0.400000
v -1.493014 2.804630 -0.437082
v -1.507173 2.814193 -0.470534
v -1.529226 2.829087 -0.497082
v -1.557015 2.847856 -0.514127
v -1.587818 2.868661 -0.520000
v -1.570873 2.897942 0.520000
v -1.537485 2.881603 0.514127
v -1.507365 2.866863 0.497082
v -1.483461 2.855165 0.470534
v -1.468115 2.847655 0.437082
v -1.462826 2.845067 0.400000
v -1.462826 2.845067 -0.400000
v -1.468114 2.847655 -0.437082
v -1.483461 2.855165 -0.470534
v -1.507364 2.866863 -0.497082
v -1.537484 2.881603 -0.514127
v -1.570872 2.897942 -0.520000
v -1.557992 2.929674 0.520000
v -1.522660 2.918124 0.514127
v -1.490786 2.907705 0.497082
v -1.465491 2.899436 0.470534
v -1.449250 2.894128 0.437082
v -1.443654 2.892298 0.400000
v -1.443654 2.892298 -0.400000
v -1.449250 2.894128 -0.437082
v -1.465491 2.899436 -0.470534
v -1.490786 2.907705 -0.497082
v -1.522660 2.918124 -0.514127
v -1.557992 2.929674 -0.520000
v -1.549486 2.963514 0.520000
v -1.512892 2.956982 0.514127
v -1.479880 2.951089 0.497082
v -1.453682 2.946413 0.470534
v -1.436862 2.943410 0.437082
v -1.431066 2.942375 0.400000
v -1.431066 2.942375 -0.400000
v -1.436862 2.943410 -0.437082
v -1.453682 2.946413 -0.470534
v -1.479880 2.951089 -0.497082
v -1.512892 2.956982 -0.514127
v -1.549485 2.963514 -0.520000
v -1.545661 2.999120 0.520000
v -1.508516 2.997716 0.514127
v -1.475007 2.996450 0.497082
v -1.448415 2.995445 0.470534
v -1.431341 2.994799 0.437082
v -1.425458 2.994577 0.400000
v -1.425458 2.994577 -0.400000
v -1.431341 2.994799 -0.437082
v -1.448415 2.995445 -0.470534
v -1.475007 2.996450 -0.497082
v -1.508516 2.997716 -0.514127
v -1.545660 2.999120 -0.520000
v -1.546826 3.036150 0.520000
v -1.509841 3.039831 0.514127
v -1.476477 3.043152 0.497082
v -1.449999 3.045788 0.470534
v -1.432999 3.047480 0.437082
v -1.427141 3.048063 0.400000
v -1.427141 3.048063 -0.400000
v -1.432999 3.047480 -0.437082
v -1.449999 3.045788 -0.470534
v -1.476477 3.043152 -0.497082
v -1.509841 3.039831 -0.514127
v -1.546825 3.036150 -0.520000
v -1.553067 3.073180 0.520000
v -1.516905 3.081747 0.514127
v -1.484284 3.089474 0.497082
v -1.458395 3.095608 0.470534
v -1.441774 3.099545 0.437082
v -1.436046 3.100902 0.400000
v -1.436046 3.100902 -0.400000
v -1.441774 3.099545 -0.437082
v -1.458395 3.095608 -0.470534
v -1.484284 3.089474 -0.497082
v -1.516905 3.081747 -0.514127
v -1.553066 3.073180 -0.520000
v -1.564013 3.108786 0.520000
v -1.529254 3.121914 0.514127
v -1.497897 3.133757 0.497082
v -1.473013 3.143156 0.470534
v -1.457036 3.149190 0.437082
v -1.451531 3.151269 0.400000
v -1.451530 3.151269 -0.400000
v -1.457036 3.149190 -0.437082
v -1.473013 3.143156 -0.470534
v -1.497897 3.133757 -0.497082
v -1.529254 3.121914 -0.514127
v -1.564013 3.108786 -0.520000
v -1.579288 3.142626 0.520000
v -1.546411 3.159925 0.514127
v -1.516753 3.175531 0.497082
v -1.493217 3.187916 0.470534
v -1.478105 3.195868 0.437082
v -1.472898 3.198607 0.400000
v -1.472898 3.198607 -0.400000
v -1.478105 3.195868 -0.437082
v -1.493216 3.187916 -0.470534
v -1.516753 3.175531 -0.497082
v -1.546411 3.159925 -0.514127
v -1.579287 3.142626 -0.520000
v -1.598514 3.174358 0.520000
v -1.567924 3.195430 0.514127
v -1.540328 3.214439 0.497082
v -1.518428 3.229525 0.470534
v -1.504367 3.239210 0.437082
v -1.499522 3.242548 0.400000
v -1.499522 3.242548 -0.400000
v -1.504367 3.239210 -0.437082
v -1.518428 3.229525 -0.470534
v -1.540328 3.214439 -0.497082
v -1.567924 3.195430 -0.514127
v -1.598514 3.174358 -0.520000
v -1.621316 3.203639 0.520000
v -1.593365 3.228099 0.514127
v -1.568149 3.250165 0.497082
v -1.548138 3.267676 0.470534
v -1.535290 3.278919 0.437082
v -1.530863 3.282794 0.400000
v -1.530863 3.282794 -0.400000
v -1.535290 3.278919 -0.437082
v -1.548138 3.267676 -0.470534
v -1.568149 3.250165 -0.497082
v -1.593364 3.228099 -0.514127
v -1.621316 3.203639 -0.520000
v -1.647317 3.230126 0.520000
v -1.622333 3.257610 0.514127
v -1.599795 3.282403 0.497082
v -1.581908 3.302079 0.470534
v -1.570424 3.314711 0.437082
v -1.566467 3.319064 0.400000
v -1.566467 3.319064 -0.400000
v -1.570424 3.314711 -0.437082
v -1.581908 3.302079 -0.470534
v -1.599794 3.282403 -0.497082
v -1.622333 3.257610 -0.514127
v -1.647317 3.230126 -0.520000
v -1.676140 3.253478 0.520000
v -1.654451 3.283632 0.514127
v -1.634885 3.310833 0.497082
v -1.619358 3.332420 0.470534
v -1.609389 3.346280 0.437082
v -1.605954 3.351056 0.400000
v -1.605953 3.351056 -0.400000
v -1.609389 3.346280 -0.437082
v -1.619358 3.332420 -0.470534
v -1.634885 3.310833 -0.497082
v -1.654451 3.283632 -0.514127
v -1.676140 3.253478 -0.520000
v -1.707408 3.273352 0.520000
v -1.689356 3.305817 0.514127
v -1.673071 3.335104 0.497082
v -1.660147 3.358346 0.470534
v -1.651850 3.373268 0.437082
v -1.648990 3.378410 0.400000
v -1.648990 3.378410 -0.400000
v -1.651849 3.373268 -0.437082
v -1.660147 3.358346 -0.470534
v -1.673071 3.335104 -0.497082
v -1.689356 3.305817 -0.514127
v -1.707408 3.273352 -0.520000
v -1.740745 3.289406 0.520000
v -1.726689 3.323795 0.514127
v -1.714009 3.354817 0.497082
v -1.703946 3.379437 0.470534
v -1.697485 3.395244 0.437082
v -1.695259 3.400691 0.400000
v -1.695259 3.400691 -0.400000
v -1.697485 3.395244 -0.437082
v -1.703946 3.379437 -0.470534
v -1.714009 3.354817 -0.497082
v -1.726689 3.323795 -0.514127
v -1.740745 3.289406 -0.520000
v -1.775774 3.301296 0.520000
v -1.766083 3.337167 0.514127
v -1.757341 3.369526 0.497082
v -1.750403 3.395207 0.470534
v -1.745949 3.411695 0.437082
v -1.744414 3.417376 0.400000
v -1.744414 3.417376 -0.400000
v -1.745949 3.411695 -0.437082
v -1.750403 3.395207 -0.470534
v -1.757341 3.369526 -0.497082
v -1.766083 3.337167 -0.514127
v -1.775774 3.301296 -0.520000
v -1.812119 3.308682 0.520000
v -1.807146 3.345511 0.514127
v -1.802659 3.378735 0.497082
v -1.799099 3.405102 0.470534
v -1.796813 3.422031 0.437082
v -1.796025 3.427864 0.400000
v -1.796025 3.427864 -0.400000
v -1.796813 3.422031 -0.437082
v -1.799099 3.405102 -0.470534
v -1.802659 3.378735 -0.497082
v -1.807146 3.345511 -0.514127
v -1.812119 3.308682 -0.520000
v -1.849403 3.311220 0.520000
v -1.849420 3.348389 0.514127
v -1.849436 3.381919 0.497082
v -1.849449 3.408530 0.470534
v -1.849457 3.425614 0.437082
v -1.849459 3.431501 0.400000
v -1.849459 3.431501 -0.400000
v -1.849456 3.425614 -0.437082
v -1.849448 3.408530 -0.470534
v -1.849436 3.381919 -0.497082
v -1.849420 3.348389 -0.514127
v -1.849402 3.311220 -0.520000
v -1.886178 3.308681 0.520000
v -1.891322 3.345497 0.514127
v -1.895962 3.378708 0.497082
v -1.899645 3.405065 0.470534
v -1.902009 3.421987 0.437082
v -1.902824 3.427818 0.400000
v -1.902824 3.427818 -0.400000
v -1.902009 3.421987 -0.437082
v -1.899645 3.405065 -0.470534
v -1.895962 3.378708 -0.497082
v -1.891322 3.345497 -0.514127
v -1.886178 3.308681 -0.520000
v -1.921046 3.301296 0.520000
v -1.931283 3.337032 0.514127
v -1.940518 3.369271 0.497082
v -1.947847 3.394855 0.470534
v -1.952552 3.411281 0.437082
v -1.954174 3.416941 0.400000
v -1.954173 3.416941 -0.400000
v -1.952552 3.411281 -0.437082
v -1.947847 3.394855 -0.470534
v -1.940518 3.369271 -0.497082
v -1.931283 3.337032 -0.514127
v -1.921046 3.301296 -0.520000
v -1.953697 3.289405 0.520000
v -1.968835 3.323357 0.514127
v -1.982492 3.353985 0.497082
v -1.993330 3.378292 0.470534
v -2.000288 3.393897 0.437082
v -2.002685 3.399275 0.400000
v -2.002685 3.399275 -0.400000
v -2.000288 3.393897 -0.437082
v -1.993329 3.378292 -0.470534
v -1.982491 3.353985 -0.497082
v -1.968835 3.323357 -0.514127
v -1.953697 3.289405 -0.520000
v -1.983823 3.273352 0.520000
v -2.003553 3.304857 0.514127
v -2.021351 3.333278 0.497082
v -2.035476 3.355833 0.470534
v -2.044544 3.370314 0.437082
v -2.047669 3.375304 0.400000
v -2.047669 3.375304 -0.400000
v -2.044544 3.370314 -0.437082
v -2.035476 3.355833 -0.470534
v -2.021351 3.333278 -0.497082
v -2.003553 3.304857 -0.514127
v -1.983823 3.273352 -0.520000
v -2.011117 3.253478 0.520000
v -2.035034 3.281934 0.514127
v -2.056610 3.307604 0.497082
v -2.073733 3.327976 0.470534
v -2.084727 3.341055 0.437082
v -2.088515 3.345562 0.400000
v -2.088515 3.345562 -0.400000
v -2.084727 3.341055 -0.437082
v -2.073733 3.327976 -0.470534
v -2.056610 3.307604 -0.497082
v -2.035034 3.281934 -0.514127
v -2.011117 3.253478 -0.520000
v -2.035269 3.230126 0.520000
v -2.062898 3.254993 0.514127
v -2.087822 3.277426 0.497082
v -2.107602 3.295229 0.470534
v -2.120302 3.306659 0.437082
v -2.124678 3.310598 0.400000
v -2.124678 3.310598 -0.400000
v -2.120302 3.306659 -0.437082
v -2.107602 3.295229 -0.470534
v -2.087822 3.277426 -0.497082
v -2.062898 3.254993 -0.514127
v -2.035269 3.230126 -0.520000
v -2.055973 3.203639 0.520000
v -2.086776 3.224444 0.514127
v -2.114565 3.243212 0.497082
v -2.136617 3.258107 0.470534
v -2.150776 3.267671 0.437082
v -2.155655 3.270966 0.400000
v -2.155655 3.270966 -0.400000
v -2.150776 3.267671 -0.437082
v -2.136617 3.258107 -0.470534
v -2.114565 3.243212 -0.497082
v -2.086776 3.224444 -0.514127
v -2.055973 3.203639 -0.520000
v -2.072918 3.174358 0.520000
v -2.106307 3.190697 0.514127
v -2.136426 3.205437 0.497082
v -2.160330 3.217135 0.470534
v -2.175677 3.224645 0.437082
v -2.180965 3.227233 0.400000
v -2.180965 3.227233 -0.400000
v -2.175677 3.224645 -0.437082
v -2.160330 3.217135 -0.470534
v -2.136426 3.205437 -0.497082
v -2.106307 3.190697 -0.514127
v -2.072918 3.174358 -0.520000
v -2.085799 3.142626 0.520000
v -2.121131 3.154176 0.514127
v -2.153005 3.164595 0.497082
v -2.178300 3.172863 0.470534
v -2.194541 3.178172 0.437082
v -2.200137 3.180001 0.400000
v -2.200137 3.180001 -0.400000
v -2.194541 3.178172 -0.437082
v -2.178300 3.172863 -0.470534
v -2.153005 3.164595 -0.497082
v -2.121131 3.154176 -0.514127
v -2.085799 3.142626 -0.520000
v -2.094306 3.108786 0.520000
v -2.130899 3.115318 0.514127
v -2.163911 3.121211 0.497082
v -2.190109 3.125887 0.470534
v -2.206929 3.128890 0.437082
v -2.212725 3.129925 0.400000
v -2.212725 3.129925 -0.400000
v -2.206929 3.128890 -0.437082
v -2.190109 3.125887 -0.470534
v -2.163911 3.121211 -0.497082
v -2.130899 3.115318 -0.514127
v -2.094306 3.108786 -0.520000
v -2.098130 3.073180 0.520000
v -2.135275 3.074584 0.514127
v -2.168784 3.075850 0.497082
v -2.195376 3.076856 0.470534
v -2.212450 3.077501 0.437082
v -2.218333 3.077724 0.400000
v -2.218333 3.077724 -0.400000
v -2.212450 3.077501 -0.437082
v -2.195376 3.076856 -0.470534
v -2.168784 3.075850 -0.497082
v -2.135275 3.074584 -0.514127
v -2.098130 3.073180 -0.520000
v -2.096966 3.036150 0.520000
v -2.133950 3.032469 0.514127
v -2.167314 3.029148 0.497082
v -2.193792 3.026513 0.470534
v -2.210792 3.024821 0.437082
v -2.216650 3.024238 0.400000
v -2.216650 3.024238 -0.400000
v -2.210792 3.024821 -0.437082
v -2.193792 3.026513 -0.470534
v -2.167314 3.029148 -0.497082
v -2.133950 3.032469 -0.514127
v -2.096966 3.036150 -0.520000
v -2.090725 2.999120 0.520000
v -2.126886 2.990554 0.514127
v -2.159508 2.982826 0.497082
v -2.185396 2.976693 0.470534
v -2.202018 2.972755 0.437082
v -2.207745 2.971399 0.400000
v -2.207745 2.971399 -0.400000
v -2.202018 2.972755 -0.437082
v -2.185396 2.976693 -0.470534
v -2.159508 2.982826 -0.497082
v -2.126886 2.990554 -0.514127
v -2.090725 2.999120 -0.520000
v -2.079779 2.963514 0.520000
v -2.114537 2.950386 0.514127
v -2.145894 2.938543 0.497082
v -2.170779 2.929144 0.470534
v -2.186755 2.923110 0.437082
v -2.192261 2.921031 0.400000
v -2.192261 2.921031 -0.400000
v -2.186755 2.923110 -0.437082
v -2.170779 2.929144 -0.470534
v -2.145894 2.938543 -0.497082
v -2.114537 2.950386 -0.514127
v -2.079779 2.963514 -0.520000
v -2.064504 2.929674 0.520000
v -2.097380 2.912375 0.514127
v -2.127038 2.896769 0.497082
v -2.150575 2.884384 0.470534
v -2.165686 2.876433 0.437082
v -2.170893 2.873693 0.400000
v -2.170893 2.873693 -0.400000
v -2.165686 2.876433 -0.437082
v -2.150575 2.884384 -0.470534
v -2.127038 2.896769 -0.497082
v -2.097380 2.912375 -0.514127
v -2.064504 2.929674 -0.520000
v -2.045277 2.897943 0.520000
v -2.075867 2.876871 0.514127
v -2.103463 2.857861 0.497082
v -2.125363 2.842776 0.470534
v -2.139424 2.833090 0.437082
v -2.144269 2.829752 0.400000
v -2.144269 2.829752 -0.400000
v -2.139424 2.833090 -0.437082
v -2.125363 2.842776 -0.470534
v -2.103463 2.857861 -0.497082
v -2.075867 2.876871 -0.514127
v -2.045277 2.897943 -0.520000
v -2.022475 2.868662 0.520000
v -2.050426 2.844202 0.514127
v -2.075642 2.822136 0.497082
v -2.095653 2.804624 0.470534
v -2.108501 2.793381 0.437082
v -2.112928 2.789507 0.400000
v -2.112928 2.789507 -0.400000
v -2.108501 2.793381 -0.437082
v -2.095653 2.804624 -0.470534
v -2.075642 2.822136 -0.497082
v -2.050426 2.844202 -0.514127
v -2.022475 2.868662 -0.520000
v -1.996474 2.842174 0.520000
v -2.021458 2.814691 0.514127
v -2.043997 2.789898 0.497082
v -2.061883 2.770222 0.470534
v -2.073367 2.757589 0.437082
v -2.077324 2.753236 0.400000
v -2.077324 2.753236 -0.400000
v -2.073367 2.757589 -0.437082
v -2.061883 2.770222 -0.470534
v -2.043997 2.789898 -0.497082
v -2.021458 2.814691 -0.514127
v -1.996474 2.842174 -0.520000
v -1.967651 2.818822 0.520000
v -1.989340 2.788669 0.514127
v -2.008906 2.761467 0.497082
v -2.024433 2.739880 0.470534
v -2.034403 2.726020 0.437082
v -2.037838 2.721245 0.400000
v -2.037838 2.721245 -0.400000
v -2.034403 2.726020 -0.437082
v -2.024433 2.739880 -0.470534
v -2.008906 2.761467 -0.497082
v -1.989340 2.788669 -0.514127
v -1.967651 2.818822 -0.520000
v -1.936383 2.798948 0.520000
v -1.954435 2.766483 0.514127
v -1.970721 2.737197 0.497082
v -1.983645 2.713955 0.470534
v -1.991942 2.699032 0.437082
v -1.994802 2.693891 0.400000
v -1.994801 2.693891 -0.400000
v -1.991942 2.699032 -0.437082
v -1.983644 2.713955 -0.470534
v -1.970720 2.737197 -0.497082
v -1.954435 2.766483 -0.514127
v -1.936383 2.798948 -0.520000
v -1.903046 2.782894 0.520000
v -1.917102 2.748505 0.514127
v -1.929782 2.717483 0.497082
v -1.939845 2.692863 0.470534
v -1.946306 2.677056 0.437082
v -1.948533 2.671609 0.400000
v -1.948532 2.671609 -0.400000
v -1.946306 2.677056 -0.437082
v -1.939845 2.692863 -0.470534
v -1.929782 2.717483 -0.497082
v -1.917102 2.748505 -0.514127
v -1.903046 2.782894 -0.520000
v -1.868017 2.771003 0.520000
v -1.877708 2.735133 0.514127
v -1.886450 2.702773 0.497082
v -1.893388 2.677093 0.470534
v -1.897843 2.660605 0.437082
v -1.899377 2.654923 0.400000
v -1.899377 2.654923 -0.400000
v -1.897842 2.660605 -0.437082
v -1.893388 2.677093 -0.470534
v -1.886450 2.702773 -0.497082
v -1.877708 2.735133 -0.514127
v -1.868017 2.771003 -0.520000
v -1.831672 2.763618 0.520000
v -1.836645 2.726789 0.514127
v -1.841132 2.693564 0.497082
v -1.844692 2.667197 0.470534
v -1.846978 2.650269 0.437082
v -1.847766 2.644436 0.400000
v -1.847766 2.644436 -0.400000
v -1.846978 2.650269 -0.437082
v -1.844692 2.667197 -0.470534
v -1.841132 2.693564 -0.497082
v -1.836645 2.726789 -0.514127
v -1.831672 2.763618 -0.520000
v -1.794389 2.761080 0.520000
v -1.794371 2.723911 0.514127
v -1.794356 2.690380 0.497082
v -1.794343 2.663770 0.470534
v -1.794335 2.646685 0.437082
v -1.794333 2.640798 0.400000
v -1.794332 2.640798 -0.400000
v -1.794335 2.646685 -0.437082
v -1.794343 2.663770 -0.470534
v -1.794356 2.690380 -0.497082
v -1.794371 2.723911 -0.514127
v -1.794388 2.761080 -0.520000
v -5.255080 0.000000 0.519999
v -5.214105 -0.037082 0.514126
v -5.177141 -0.070534 0.497081
v -5.147806 -0.097082 0.470533
v -5.128972 -0.114127 0.437081
v -5.122482 -0.120000 0.399999
v -5.122482 -0.120000 -0.400001
v -5.128972 -0.114127 -0.437083
v -5.147806 -0.097082 -0.470535
v -5.177141 -0.070534 -0.497083
v -5.214105 -0.037082 -0.514128
v -5.255080 0.000000 -0.520001
v -5.530669 2.755890 0.519999
v -5.489694 2.718808 0.514126
v -5.452730 2.685356 0.497081
v -5.423395 2.658808 0.470534
v -5.404561 2.641763 0.437081
v -5.398071 2.635890 0.399999
v -5.398071 2.635890 -0.400001
v -5.404561 2.641763 -0.437083
v -5.423395 2.658808 -0.470535
v -5.452730 2.685356 -0.497083
v -5.489694 2.718808 -0.514127
v -5.530669 2.755890 -0.520001
v -5.520289 2.755890 0.519999
v -5.536860 2.718808 0.514126
v -5.551809 2.685356 0.497081
v -5.563673 2.658808 0.470534
v -5.571290 2.641763 0.437081
v -5.573914 2.635890 0.399999
v -5.573914 2.635890 -0.400001
v -5.571290 2.641763 -0.437083
v -5.563673 2.658808 -0.470535
v -5.551809 2.685356 -0.497083
v -5.536860 2.718808 -0.514127
v -5.520289 2.755890 -0.520001
v -4.293373 1.385730 0.519999
v -4.309944 1.348648 0.514126
v -4.324893 1.315196 0.497081
v -4.336756 1.288648 0.470534
v -4.344373 1.271603 0.437081
v -4.346998 1.265730 0.399999
v -4.346998 1.265730 -0.400001
v -4.344373 1.271603 -0.437083
v -4.336756 1.288648 -0.470535
v -4.324893 1.315196 -0.497083
v -4.309944 1.348648 -0.514127
v -4.293373 1.385730 -0.520001
v -4.210333 1.385730 0.519999
v -4.190954 1.348648 0.514126
v -4.173472 1.315196 0.497081
v -4.159598 1.288648 0.470534
v -4.150691 1.271603 0.437081
v -4.147621 1.265730 0.399999
v -4.147621 1.265730 -0.400001
v -4.150691 1.271603 -0.437083
v -4.159598 1.288648 -0.470535
v -4.173472 1.315196 -0.497083
v -4.190954 1.348648 -0.514127
v -4.210333 1.385730 -0.520001
v -3.257450 2.755890 0.520000
v -3.238070 2.718808 0.514126
v -3.220588 2.685356 0.497082
v -3.206715 2.658808 0.470534
v -3.197807 2.641763 0.437082
v -3.194738 2.635890 0.400000
v -3.194738 2.635890 -0.400000
v -3.197807 2.641763 -0.437082
v -3.206715 2.658808 -0.470535
v -3.220588 2.685356 -0.497082
v -3.238070 2.718808 -0.514127
v -3.257450 2.755890 -0.520000
v -3.247069 2.755890 0.520000
v -3.280628 2.718808 0.514126
v -3.310902 2.685356 0.497082
v -3.334927 2.658808 0.470534
v -3.350353 2.641763 0.437082
v -3.355668 2.635890 0.400000
v -3.355668 2.635890 -0.400000
v -3.350353 2.641763 -0.437082
v -3.334927 2.658808 -0.470535
v -3.310902 2.685356 -0.497082
v -3.280628 2.718808 -0.514127
v -3.247069 2.755890 -0.520000
v -2.971480 0.000000 0.520000
v -3.005039 -0.037082 0.514126
v -3.035313 -0.070534 0.497082
v -3.059338 -0.097082 0.470534
v -3.074764 -0.114127 0.437082
v -3.080079 -0.120000 0.399999
v -3.080079 -0.120000 -0.400000
v -3.074764 -0.114127 -0.437082
v -3.059338 -0.097082 -0.470535
v -3.035313 -0.070534 -0.497082
v -3.005039 -0.037082 -0.514127
v -2.971480 0.000000 -0.520000
v -2.462861 0.000000 0.520000
v -2.421885 -0.037082 0.514126
v -2.384921 -0.070534 0.497082
v -2.355586 -0.097082 0.470534
v -2.336752 -0.114127 0.437082
v -2.330262 -0.120000 0.400000
v -2.330262 -0.120000 -0.400000
v -2.336752 -0.114127 -0.437082
v -2.355586 -0.097082 -0.470535
v -2.384921 -0.070534 -0.497082
v -2.421885 -0.037082 -0.514127
v -2.462861 0.000000 -0.520000
v -2.816818 3.539580 0.520000
v -2.783260 3.576662 0.514127
v -2.752986 3.610114 0.497082
v -2.728961 3.636662 0.470534
v -2.713535 3.653707 0.437082
v -2.708220 3.659580 0.400000
v -2.708220 3.659580 -0.400000
v -2.713535 3.653707 -0.437082
v -2.728961 3.636662 -0.470534
v -2.752986 3.610114 -0.497082
v -2.783260 3.576662 -0.514127
v -2.816818 3.539580 -0.520000
v -3.294298 3.539580 0.520000
v -3.313493 3.576662 0.514127
v -3.330809 3.610114 0.497082
v -3.344550 3.636662 0.470534
v -3.353373 3.653707 0.437082
v -3.356413 3.659580 0.400000
v -3.356413 3.659580 -0.400000
v -3.353373 3.653707 -0.437082
v -3.344550 3.636662 -0.470534
v -3.330809 3.610114 -0.497082
v -3.313493 3.576662 -0.514127
v -3.294298 3.539580 -0.520000
v -4.321918 2.086380 0.520000
v -4.325562 2.145453 0.514126
v -4.328849 2.198744 0.497082
v -4.331457 2.241036 0.470534
v -4.333132 2.268189 0.437082
v -4.333709 2.277545 0.399999
v -4.333709 2.277545 -0.400000
v -4.333132 2.268189 -0.437082
v -4.331457 2.241036 -0.470535
v -4.328849 2.198744 -0.497082
v -4.325562 2.145453 -0.514127
v -4.321918 2.086380 -0.520000
v -5.645369 3.539580 0.519999
v -5.628984 3.576662 0.514126
v -5.614204 3.610114 0.497081
v -5.602474 3.636662 0.470534
v -5.594943 3.653707 0.437081
v -5.592348 3.659580 0.399999
v -5.592348 3.659580 -0.400001
v -5.594943 3.653707 -0.437083
v -5.602474 3.636662 -0.470535
v -5.614204 3.610114 -0.497083
v -5.628984 3.576662 -0.514127
v -5.645369 3.539580 -0.520001
v -6.117659 3.539580 0.519999
v -6.158634 3.576662 0.514126
v -6.195598 3.610114 0.497081
v -6.224933 3.636662 0.470534
v -6.243767 3.653707 0.437081
v -6.250257 3.659580 0.399999
v -6.250257 3.659580 -0.400001
v -6.243767 3.653707 -0.437083
v -6.224933 3.636662 -0.470535
v -6.195598 3.610114 -0.497083
v -6.158634 3.576662 -0.514127
v -6.117659 3.539580 -0.520001
v -5.763700 0.000000 0.519999
v -5.797259 -0.037082 0.514126
v -5.827533 -0.070534 0.497081
v -5.851559 -0.097082 0.470533
v -5.866984 -0.114127 0.437081
v -5.872299 -0.120000 0.399999
v -5.872299 -0.120000 -0.400001
v -5.866984 -0.114127 -0.437083
v -5.851559 -0.097082 -0.470535
v -5.827533 -0.070534 -0.497083
v -5.797259 -0.037082 -0.514128
v -5.763700 0.000000 -0.520001
v -8.229955 0.101929 0.519999
v -8.249084 0.070161 0.514126
v -8.266341 0.041503 0.497081
v -8.280036 0.018759 0.470533
v -8.288829 0.004157 0.437081
v -8.291859 -0.000874 0.399999
v -8.291859 -0.000874 -0.400001
v -8.288829 0.004157 -0.437083
v -8.280036 0.018760 -0.470535
v -8.266341 0.041503 -0.497083
v -8.249084 0.070161 -0.514128
v -8.229955 0.101929 -0.520001
v -8.180897 0.072828 0.519999
v -8.199506 0.040751 0.514126
v -8.216292 0.011815 0.497081
v -8.229615 -0.011150 0.470533
v -8.238169 -0.025894 0.437081
v -8.241117 -0.030974 0.399999
v -8.241117 -0.030974 -0.400001
v -8.238169 -0.025894 -0.437083
v -8.229615 -0.011150 -0.470535
v -8.216292 0.011815 -0.497083
v -8.199506 0.040752 -0.514128
v -8.180897 0.072828 -0.520001
v -8.136138 0.047440 0.519999
v -8.153998 0.014939 0.514126
v -8.170111 -0.014381 0.497081
v -8.182898 -0.037649 0.470533
v -8.191107 -0.052589 0.437081
v -8.193935 -0.057736 0.399999
v -8.193935 -0.057736 -0.400001
v -8.191107 -0.052588 -0.437083
v -8.182898 -0.037649 -0.470535
v -8.170111 -0.014381 -0.497083
v -8.153998 0.014939 -0.514128
v -8.136138 0.047440 -0.520001
v -8.095029 0.025566 0.519999
v -8.111861 -0.007483 0.514126
v -8.127046 -0.037296 0.497081
v -8.139096 -0.060956 0.470533
v -8.146833 -0.076147 0.437081
v -8.149500 -0.081381 0.399999
v -8.149500 -0.081381 -0.400001
v -8.146833 -0.076147 -0.437083
v -8.139096 -0.060956 -0.470535
v -8.127046 -0.037296 -0.497083
v -8.111861 -0.007483 -0.514128
v -8.095029 0.025566 -0.520001
v -8.056918 0.007007 0.519999
v -8.072393 -0.026702 0.514126
v -8.086353 -0.057112 0.497081
v -8.097432 -0.081245 0.470533
v -8.104546 -0.096739 0.437081
v -8.106997 -0.102078 0.399999
v -8.106997 -0.102078 -0.400001
v -8.104546 -0.096739 -0.437083
v -8.097432 -0.081245 -0.470535
v -8.086353 -0.057112 -0.497083
v -8.072393 -0.026702 -0.514128
v -8.056918 0.007007 -0.520001
v -8.021155 -0.008434 0.519999
v -8.034912 -0.042885 0.514126
v -8.047322 -0.073964 0.497081
v -8.057171 -0.098628 0.470533
v -8.063494 -0.114463 0.437081
v -8.065673 -0.119920 0.399999
v -8.065673 -0.119920 -0.400001
v -8.063494 -0.114463 -0.437083
v -8.057171 -0.098628 -0.470535
v -8.047322 -0.073964 -0.497083
v -8.034912 -0.042885 -0.514128
v -8.021155 -0.008434 -0.520001
v -7.987090 -0.020955 0.519999
v -7.998775 -0.056168 0.514126
v -8.009315 -0.087934 0.497081
v -8.017680 -0.113144 0.470533
v -8.023051 -0.129329 0.437081
v -8.024901 -0.134907 0.399999
v -8.024901 -0.134906 -0.400001
v -8.023051 -0.129329 -0.437083
v -8.017680 -0.113144 -0.470535
v -8.009315 -0.087934 -0.497083
v -7.998775 -0.056168 -0.514128
v -7.987090 -0.020955 -0.520001
v -7.954072 -0.030755 0.519999
v -7.963396 -0.066669 0.514126
v -7.971807 -0.099067 0.497081
v -7.978482 -0.124778 0.470533
v -7.982768 -0.141286 0.437081
v -7.984245 -0.146974 0.399999
v -7.984245 -0.146974 -0.400001
v -7.982768 -0.141286 -0.437083
v -7.978482 -0.124778 -0.470535
v -7.971807 -0.099067 -0.497083
v -7.963396 -0.066669 -0.514128
v -7.954072 -0.030755 -0.520001
v -7.921451 -0.038033 0.519999
v -7.928258 -0.074508 0.514126
v -7.934399 -0.107412 0.497081
v -7.939272 -0.133526 0.470533
v -7.942402 -0.150291 0.437081
v -7.943480 -0.156068 0.399999
v -7.943480 -0.156068 -0.400001
v -7.942402 -0.150291 -0.437083
v -7.939272 -0.133525 -0.470535
v -7.934399 -0.107412 -0.497083
v -7.928258 -0.074508 -0.514128
v -7.921451 -0.038033 -0.520001
v -7.888575 -0.042986 0.519999
v -7.892888 -0.079836 0.514126
v -7.896778 -0.113080 0.497081
v -7.899866 -0.139462 0.470533
v -7.901848 -0.156401 0.437081
v -7.902531 -0.162237 0.399999
v -7.902531 -0.162237 -0.400001
v -7.901848 -0.156401 -0.437083
v -7.899866 -0.139462 -0.470535
v -7.896778 -0.113080 -0.497083
v -7.892888 -0.079836 -0.514128
v -7.888575 -0.042986 -0.520001
v -7.854795 -0.045812 0.519999
v -7.856813 -0.082855 0.514126
v -7.858634 -0.116271 0.497081
v -7.860080 -0.142791 0.470533
v -7.861008 -0.159818 0.437081
v -7.861327 -0.165685 0.399999
v -7.861327 -0.165685 -0.400001
v -7.861008 -0.159818 -0.437083
v -7.860080 -0.142791 -0.470535
v -7.858634 -0.116271 -0.497083
v -7.856813 -0.082855 -0.514128
v -7.854795 -0.045812 -0.520001
v -7.819459 -0.046710 0.519999
v -7.819348 -0.083807 0.514126
v -7.819247 -0.117272 0.497081
v -7.819167 -0.143831 0.470533
v -7.819116 -0.160882 0.437081
v -7.819098 -0.166758 0.399999
v -7.819098 -0.166758 -0.400001
v -7.819116 -0.160882 -0.437083
v -7.819167 -0.143831 -0.470535
v -7.819247 -0.117272 -0.497083
v -7.819348 -0.083807 -0.514128
v -7.819459 -0.046710 -0.520001
v -7.770940 -0.045184 0.519999
v -7.768434 -0.082206 0.514126
v -7.766172 -0.115603 0.497081
v -7.764377 -0.142108 0.470533
v -7.763225 -0.159125 0.437081
v -7.762828 -0.164988 0.399999
v -7.762828 -0.164988 -0.400001
v -7.763225 -0.159125 -0.437083
v -7.764377 -0.142108 -0.470535
v -7.766172 -0.115603 -0.497083
v -7.768434 -0.082206 -0.514128
v -7.770940 -0.045184 -0.520001
v -7.726534 -0.040559 0.519999
v -7.721087 -0.077274 0.514126
v -7.716174 -0.110396 0.497081
v -7.712275 -0.136681 0.470533
v -7.709771 -0.153557 0.437081
v -7.708909 -0.159372 0.399999
v -7.708909 -0.159372 -0.400001
v -7.709771 -0.153557 -0.437083
v -7.712275 -0.136681 -0.470535
v -7.716174 -0.110395 -0.497083
v -7.721087 -0.077274 -0.514128
v -7.726534 -0.040559 -0.520001
v -7.686157 -0.032762 0.519999
v -7.677240 -0.068807 0.514126
v -7.669196 -0.101324 0.497081
v -7.662812 -0.127129 0.470533
v -7.658714 -0.143698 0.437081
v -7.657301 -0.149406 0.399999
v -7.657301 -0.149406 -0.400001
v -7.658714 -0.143697 -0.437083
v -7.662812 -0.127129 -0.470535
v -7.669196 -0.101324 -0.497083
v -7.677240 -0.068807 -0.514128
v -7.686157 -0.032762 -0.520001
v -7.649727 -0.021721 0.519999
v -7.636823 -0.056558 0.514126
v -7.625182 -0.087985 0.497081
v -7.615944 -0.112925 0.470533
v -7.610013 -0.128938 0.437081
v -7.607969 -0.134456 0.399999
v -7.607969 -0.134456 -0.400001
v -7.610013 -0.128938 -0.437083
v -7.615944 -0.112925 -0.470535
v -7.625182 -0.087985 -0.497083
v -7.636823 -0.056558 -0.514128
v -7.649727 -0.021721 -0.520001
v -7.617160 -0.007364 0.519999
v -7.599871 -0.040268 0.514126
v -7.584273 -0.069951 0.497081
v -7.571896 -0.093507 0.470533
v -7.563948 -0.108631 0.437081
v -7.561210 -0.113842 0.399999
v -7.561210 -0.113842 -0.400001
v -7.563948 -0.108631 -0.437083
v -7.571896 -0.093507 -0.470535
v -7.584273 -0.069950 -0.497083
v -7.599871 -0.040268 -0.514128
v -7.617160 -0.007364 -0.520001
v -7.588375 0.010380 0.519999
v -7.566556 -0.019731 0.514126
v -7.546872 -0.046895 0.497081
v -7.531251 -0.068452 0.470533
v -7.521222 -0.082293 0.437081
v -7.517766 -0.087062 0.399999
v -7.517766 -0.087062 -0.400001
v -7.521222 -0.082293 -0.437083
v -7.531251 -0.068452 -0.470535
v -7.546872 -0.046895 -0.497083
v -7.566556 -0.019731 -0.514128
v -7.588375 0.010380 -0.520001
v -7.563287 0.031585 0.519999
v -7.537161 0.005113 0.514126
v -7.513594 -0.018768 0.497081
v -7.494890 -0.037720 0.470533
v -7.482882 -0.049887 0.437081
v -7.478744 -0.054080 0.399999
v -7.478744 -0.054080 -0.400001
v -7.482882 -0.049887 -0.437083
v -7.494890 -0.037720 -0.470535
v -7.513594 -0.018768 -0.497083
v -7.537161 0.005113 -0.514128
v -7.563287 0.031585 -0.520001
v -7.541814 0.056321 0.519999
v -7.511978 0.034124 0.514126
v -7.485062 0.014100 0.497081
v -7.463702 -0.001791 0.470533
v -7.449988 -0.011994 0.437081
v -7.445262 -0.015510 0.399999
v -7.445262 -0.015510 -0.400001
v -7.449988 -0.011994 -0.437083
v -7.463702 -0.001791 -0.470535
v -7.485062 0.014100 -0.497083
v -7.511978 0.034124 -0.514128
v -7.541814 0.056321 -0.520001
v -7.523873 0.084662 0.519999
v -7.491157 0.067014 0.514126
v -7.461644 0.051093 0.497081
v -7.438222 0.038458 0.470533
v -7.423184 0.030346 0.437081
v -7.418003 0.027551 0.399999
v -7.418003 0.027551 -0.400001
v -7.423184 0.030346 -0.437083
v -7.438222 0.038458 -0.470535
v -7.461644 0.051093 -0.497083
v -7.491157 0.067014 -0.514128
v -7.523873 0.084662 -0.520001
v -7.509381 0.116679 0.519999
v -7.474653 0.103476 0.514126
v -7.443325 0.091565 0.497081
v -7.418463 0.082113 0.470533
v -7.402500 0.076044 0.437081
v -7.397000 0.073953 0.399999
v -7.397000 0.073953 -0.400001
v -7.402500 0.076044 -0.437083
v -7.418463 0.082113 -0.470535
v -7.443325 0.091565 -0.497083
v -7.474653 0.103476 -0.514128
v -7.509381 0.116679 -0.520001
v -7.498255 0.152444 0.519999
v -7.462263 0.143308 0.514126
v -7.429793 0.135067 0.497081
v -7.404025 0.128526 0.470533
v -7.387481 0.124327 0.437081
v -7.381780 0.122880 0.399999
v -7.381780 0.122880 -0.400001
v -7.387481 0.124327 -0.437083
v -7.404025 0.128526 -0.470535
v -7.429793 0.135067 -0.497083
v -7.462263 0.143308 -0.514128
v -7.498255 0.152444 -0.520001
v -7.490413 0.192030 0.519999
v -7.465124 0.128866 0.514126
v -7.442309 0.071884 0.497081
v -7.424204 0.026663 0.470533
v -7.412580 -0.002370 0.437081
v -7.408575 -0.012375 0.399999
v -7.408575 -0.012375 -0.400001
v -7.412580 -0.002370 -0.437083
v -7.424204 0.026663 -0.470535
v -7.442309 0.071884 -0.497083
v -7.465124 0.128866 -0.514128
v -7.490413 0.192030 -0.520001
v -7.435750 0.153535 0.519999
v -7.456438 0.122749 0.514126
v -7.475101 0.094976 0.497081
v -7.489911 0.072936 0.470533
v -7.499420 0.058786 0.437081
v -7.502697 0.053910 0.399999
v -7.502697 0.053910 -0.400001
v -7.499420 0.058786 -0.437083
v -7.489911 0.072936 -0.470535
v -7.475101 0.094977 -0.497083
v -7.456438 0.122749 -0.514128
v -7.435750 0.153535 -0.520001
v -7.381036 0.118481 0.519999
v -7.400325 0.086799 0.514126
v -7.417726 0.058219 0.497081
v -7.431535 0.035537 0.470533
v -7.440402 0.020975 0.437081
v -7.443457 0.015957 0.399999
v -7.443457 0.015957 -0.400001
v -7.440402 0.020975 -0.437083
v -7.431535 0.035537 -0.470535
v -7.417726 0.058219 -0.497083
v -7.400325 0.086799 -0.514128
v -7.381036 0.118481 -0.520001
v -7.326303 0.086851 0.519999
v -7.344090 0.054302 0.514126
v -7.360136 0.024938 0.497081
v -7.372870 0.001635 0.470533
v -7.381046 -0.013326 0.437081
v -7.383863 -0.018482 0.399999
v -7.383863 -0.018482 -0.400001
v -7.381046 -0.013326 -0.437083
v -7.372870 0.001635 -0.470535
v -7.360136 0.024938 -0.497083
v -7.344090 0.054302 -0.514128
v -7.326303 0.086852 -0.520001
v -7.271587 0.058628 0.519999
v -7.287766 0.025249 0.514126
v -7.302361 -0.004863 0.497081
v -7.313944 -0.028760 0.470533
v -7.321381 -0.044103 0.437081
v -7.323943 -0.049390 0.399999
v -7.323943 -0.049390 -0.400001
v -7.321381 -0.044103 -0.437083
v -7.313944 -0.028760 -0.470535
v -7.302361 -0.004863 -0.497083
v -7.287766 0.025249 -0.514128
v -7.271587 0.058628 -0.520001
v -7.216921 0.033792 0.519999
v -7.231386 -0.000366 0.514126
v -7.244435 -0.031180 0.497081
v -7.254790 -0.055635 0.470533
v -7.261439 -0.071335 0.437081
v -7.263730 -0.076745 0.399999
v -7.263730 -0.076745 -0.400001
v -7.261439 -0.071335 -0.437083
v -7.254790 -0.055635 -0.470535
v -7.244435 -0.031180 -0.497083
v -7.231386 -0.000366 -0.514128
v -7.216921 0.033792 -0.520001
v -7.162340 0.012326 0.519999
v -7.174987 -0.022547 0.514126
v -7.186395 -0.054006 0.497081
v -7.195449 -0.078973 0.470533
v -7.201262 -0.095002 0.437081
v -7.203265 -0.100525 0.399999
v -7.203265 -0.100525 -0.400001
v -7.201262 -0.095002 -0.437083
v -7.195449 -0.078973 -0.470535
v -7.186395 -0.054006 -0.497083
v -7.174987 -0.022547 -0.514128
v -7.162340 0.012326 -0.520001
v -7.107878 -0.005788 0.519999
v -7.118606 -0.041299 0.514126
v -7.128284 -0.073334 0.497081
v -7.135965 -0.098757 0.470533
v -7.140897 -0.115079 0.437081
v -7.142596 -0.120704 0.399999
v -7.142596 -0.120704 -0.400001
v -7.140897 -0.115079 -0.437083
v -7.135965 -0.098757 -0.470535
v -7.128284 -0.073333 -0.497083
v -7.118606 -0.041299 -0.514128
v -7.107878 -0.005788 -0.520001
v -7.053569 -0.020568 0.519999
v -7.062287 -0.056626 0.514126
v -7.070152 -0.089154 0.497081
v -7.076393 -0.114969 0.470533
v -7.080400 -0.131543 0.437081
v -7.081781 -0.137254 0.399999
v -7.081781 -0.137254 -0.400001
v -7.080400 -0.131543 -0.437083
v -7.076393 -0.114969 -0.470535
v -7.070152 -0.089154 -0.497083
v -7.062287 -0.056626 -0.514128
v -7.053569 -0.020568 -0.520001
v -6.999447 -0.032032 0.519999
v -7.006073 -0.068533 0.514126
v -7.012049 -0.101462 0.497081
v -7.016793 -0.127594 0.470533
v -7.019838 -0.144372 0.437081
v -7.020887 -0.150153 0.399999
v -7.020887 -0.150153 -0.400001
v -7.019838 -0.144372 -0.437083
v -7.016793 -0.127594 -0.470535
v -7.012049 -0.101462 -0.497083
v -7.006073 -0.068533 -0.514128
v -6.999447 -0.032032 -0.520001
v -6.945548 -0.040198 0.519999
v -6.950011 -0.077027 0.514126
v -6.954038 -0.110251 0.497081
v -6.957233 -0.136618 0.470533
v -6.959285 -0.153546 0.437081
v -6.959991 -0.159379 0.399999
v -6.959991 -0.159379 -0.400001
v -6.959285 -0.153546 -0.437083
v -6.957233 -0.136618 -0.470535
v -6.954038 -0.110251 -0.497083
v -6.950011 -0.077027 -0.514128
v -6.945548 -0.040198 -0.520001
v -6.891903 -0.045085 0.519999
v -6.894152 -0.082116 0.514126
v -6.896180 -0.115522 0.497081
v -6.897790 -0.142033 0.470533
v -6.898823 -0.159054 0.437081
v -6.899179 -0.164919 0.399999
v -6.899179 -0.164919 -0.400001
v -6.898823 -0.159054 -0.437083
v -6.897790 -0.142033 -0.470535
v -6.896180 -0.115522 -0.497083
v -6.894152 -0.082116 -0.514128
v -6.891903 -0.045085 -0.520001
v -6.838550 -0.046710 0.519999
v -6.837885 -0.083829 0.514126
v -6.837285 -0.117315 0.497081
v -6.836809 -0.143890 0.470533
v -6.836504 -0.160952 0.437081
v -6.836398 -0.166831 0.399999
v -6.836398 -0.166831 -0.400001
v -6.836504 -0.160952 -0.437083
v -6.836809 -0.143890 -0.470535
v -6.837285 -0.117315 -0.497083
v -6.837885 -0.083829 -0.514128
v -6.838550 -0.046710 -0.520001
v -6.755908 -0.041226 0.519999
v -6.750880 -0.078056 0.514126
v -6.746345 -0.111280 0.497081
v -6.742745 -0.137648 0.470533
v -6.740434 -0.154577 0.437081
v -6.739638 -0.160410 0.399999
v -6.739638 -0.160410 -0.400001
v -6.740434 -0.154576 -0.437083
v -6.742745 -0.137648 -0.470535
v -6.746345 -0.111280 -0.497083
v -6.750880 -0.078055 -0.514128
v -6.755908 -0.041226 -0.520001
v -6.679461 -0.025325 0.519999
v -6.669284 -0.061084 0.514126
v -6.660103 -0.093343 0.497081
v -6.652817 -0.118943 0.470533
v -6.648139 -0.135380 0.437081
v -6.646528 -0.141043 0.399999
v -6.646528 -0.141043 -0.400001
v -6.648139 -0.135380 -0.437083
v -6.652817 -0.118943 -0.470535
v -6.660103 -0.093343 -0.497083
v -6.669284 -0.061084 -0.514128
v -6.679461 -0.025325 -0.520001
v -6.609524 0.000162 0.519999
v -6.594250 -0.033739 0.514126
v -6.580471 -0.064322 0.497081
v -6.569536 -0.088593 0.470533
v -6.562515 -0.104175 0.437081
v -6.560096 -0.109545 0.399999
v -6.560096 -0.109545 -0.400001
v -6.562515 -0.104175 -0.437083
v -6.569536 -0.088593 -0.470535
v -6.580471 -0.064322 -0.497083
v -6.594250 -0.033739 -0.514128
v -6.609524 0.000162 -0.520001
v -6.546410 0.034408 0.519999
v -6.526300 0.003130 0.514126
v -6.508158 -0.025085 0.497081
v -6.493761 -0.047477 0.470533
v -6.484518 -0.061854 0.437081
v -6.481332 -0.066808 0.399999
v -6.481332 -0.066808 -0.400001
v -6.484518 -0.061854 -0.437083
v -6.493761 -0.047477 -0.470535
v -6.508158 -0.025085 -0.497083
v -6.526300 0.003131 -0.514128
v -6.546410 0.034408 -0.520001
v -6.490432 0.076583 0.519999
v -6.465932 0.048613 0.514126
v -6.443830 0.023380 0.497081
v -6.426291 0.003356 0.470533
v -6.415029 -0.009500 0.437081
v -6.411149 -0.013930 0.399999
v -6.411149 -0.013930 -0.400001
v -6.415029 -0.009500 -0.437083
v -6.426291 0.003356 -0.470535
v -6.443830 0.023380 -0.497083
v -6.465932 0.048613 -0.514128
v -6.490432 0.076583 -0.520001
v -6.441904 0.125858 0.519999
v -6.413598 0.101752 0.514126
v -6.388063 0.080006 0.497081
v -6.367798 0.062748 0.470533
v -6.354788 0.051668 0.437081
v -6.350305 0.047850 0.399999
v -6.350305 0.047850 -0.400001
v -6.354788 0.051668 -0.437083
v -6.367798 0.062748 -0.470535
v -6.388063 0.080006 -0.497083
v -6.413598 0.101752 -0.514128
v -6.441904 0.125858 -0.520001
v -6.401139 0.181404 0.519999
v -6.369693 0.161577 0.514126
v -6.341326 0.143690 0.497081
v -6.318813 0.129496 0.470533
v -6.304359 0.120382 0.437081
v -6.299378 0.117242 0.399999
v -6.299378 0.117242 -0.400001
v -6.304359 0.120382 -0.437083
v -6.318813 0.129496 -0.470535
v -6.341326 0.143690 -0.497083
v -6.369693 0.161577 -0.514128
v -6.401139 0.181404 -0.520001
v -6.368451 0.242392 0.519999
v -6.334563 0.227122 0.514126
v -6.303992 0.213347 0.497081
v -6.279731 0.202414 0.470533
v -6.264154 0.195395 0.437081
v -6.258787 0.192977 0.399999
v -6.258787 0.192977 -0.400001
v -6.264154 0.195395 -0.437083
v -6.279731 0.202414 -0.470535
v -6.303992 0.213347 -0.497083
v -6.334563 0.227122 -0.514128
v -6.368451 0.242392 -0.520001
v -6.344153 0.307994 0.519999
v -6.308518 0.297442 0.514126
v -6.276371 0.287923 0.497081
v -6.250858 0.280368 0.470533
v -6.234478 0.275518 0.437081
v -6.228835 0.273847 0.399999
v -6.228835 0.273847 -0.400001
v -6.234478 0.275518 -0.437083
v -6.250858 0.280368 -0.470535
v -6.276371 0.287923 -0.497083
v -6.308518 0.297442 -0.514128
v -6.344153 0.307994 -0.520001
v -6.328560 0.377380 0.519999
v -6.291849 0.371612 0.514126
v -6.258732 0.366408 0.497081
v -6.232450 0.362279 0.470533
v -6.215576 0.359627 0.437081
v -6.209762 0.358714 0.399999
v -6.209762 0.358714 -0.400001
v -6.215576 0.359627 -0.437083
v -6.232450 0.362279 -0.470535
v -6.258732 0.366408 -0.497083
v -6.291849 0.371612 -0.514128
v -6.328560 0.377380 -0.520001
v -6.321984 0.449722 0.519999
v -6.284840 0.448725 0.514126
v -6.251332 0.447826 0.497081
v -6.224739 0.447112 0.470533
v -6.207666 0.446654 0.437081
v -6.201783 0.446496 0.399999
v -6.201783 0.446496 -0.400001
v -6.207666 0.446654 -0.437083
v -6.224739 0.447112 -0.470535
v -6.251332 0.447826 -0.497083
v -6.284840 0.448725 -0.514128
v -6.321984 0.449722 -0.520001
v -6.324740 0.524190 0.519999
v -6.287779 0.528142 0.514126
v -6.254436 0.531707 0.497081
v -6.227974 0.534536 0.470533
v -6.210985 0.536353 0.437081
v -6.205131 0.536979 0.399999
v -6.205131 0.536979 -0.400001
v -6.210985 0.536353 -0.437083
v -6.227974 0.534536 -0.470535
v -6.254436 0.531707 -0.497083
v -6.287779 0.528142 -0.514128
v -6.324740 0.524190 -0.520001
v -6.344122 0.633147 0.519999
v -6.308142 0.642617 0.514126
v -6.275685 0.651160 0.497081
v -6.249926 0.657940 0.470533
v -6.233388 0.662293 0.437081
v -6.227690 0.663793 0.399999
v -6.227690 0.663793 -0.400001
v -6.233388 0.662293 -0.437083
v -6.249926 0.657940 -0.470535
v -6.275685 0.651160 -0.497083
v -6.308142 0.642617 -0.514128
v -6.344122 0.633147 -0.520001
v -6.378169 0.729796 0.519999
v -6.344219 0.745026 0.514126
v -6.313592 0.758766 0.497081
v -6.289286 0.769670 0.470533
v -6.273681 0.776671 0.437081
v -6.268303 0.779083 0.399999
v -6.268303 0.779083 -0.400001
v -6.273681 0.776671 -0.437083
v -6.289286 0.769670 -0.470535
v -6.313592 0.758766 -0.497083
v -6.344219 0.745026 -0.514128
v -6.378169 0.729796 -0.520001
v -6.425368 0.815235 0.519999
v -6.394332 0.835742 0.514126
v -6.366334 0.854242 0.497081
v -6.344116 0.868923 0.470533
v -6.329850 0.878349 0.437081
v -6.324934 0.881597 0.399999
v -6.324934 0.881597 -0.400001
v -6.329850 0.878349 -0.437083
v -6.344116 0.868923 -0.470535
v -6.366334 0.854242 -0.497083
v -6.394332 0.835742 -0.514128
v -6.425368 0.815236 -0.520001
v -6.484206 0.890566 0.519999
v -6.456604 0.915468 0.514126
v -6.431704 0.937933 0.497081
v -6.411942 0.955761 0.470533
v -6.399255 0.967208 0.437081
v -6.394884 0.971152 0.399999
v -6.394884 0.971152 -0.400001
v -6.399255 0.967208 -0.437083
v -6.411942 0.955761 -0.470535
v -6.431704 0.937933 -0.497083
v -6.456604 0.915468 -0.514128
v -6.484206 0.890566 -0.520001
v -6.553172 0.956885 0.519999
v -6.529081 0.985165 0.514126
v -6.507349 1.010676 0.497081
v -6.490102 1.030921 0.470533
v -6.479029 1.043920 0.437081
v -6.475213 1.048399 0.399999
v -6.475213 1.048399 -0.400001
v -6.479029 1.043920 -0.437083
v -6.490102 1.030921 -0.470535
v -6.507349 1.010676 -0.497083
v -6.529081 0.985165 -0.514128
v -6.553172 0.956885 -0.520001
v -6.630754 1.015294 0.519999
v -6.609905 1.046014 0.514126
v -6.591097 1.073727 0.497081
v -6.576171 1.095720 0.470533
v -6.566588 1.109840 0.437081
v -6.563286 1.114706 0.399999
v -6.563286 1.114706 -0.400001
v -6.566588 1.109840 -0.437083
v -6.576171 1.095720 -0.470535
v -6.591097 1.073727 -0.497083
v -6.609905 1.046014 -0.514128
v -6.630754 1.015294 -0.520001
v -6.715440 1.066890 0.519999
v -6.697365 1.099301 0.514126
v -6.681060 1.128538 0.497081
v -6.668120 1.151742 0.470533
v -6.659812 1.166639 0.437081
v -6.656950 1.171772 0.399999
v -6.656950 1.171772 -0.400001
v -6.659812 1.166639 -0.437083
v -6.668120 1.151742 -0.470535
v -6.681060 1.128538 -0.497083
v -6.697365 1.099301 -0.514128
v -6.715440 1.066890 -0.520001
v -6.805717 1.112774 0.519999
v -6.789874 1.146318 0.514126
v -6.775580 1.176579 0.497081
v -6.764237 1.200594 0.470533
v -6.756955 1.216012 0.437081
v -6.754445 1.221325 0.399999
v -6.754445 1.221325 -0.400001
v -6.756955 1.216012 -0.437083
v -6.764237 1.200594 -0.470535
v -6.775580 1.176579 -0.497083
v -6.789874 1.146318 -0.514128
v -6.805717 1.112774 -0.520001
v -6.900075 1.154045 0.519999
v -6.885909 1.188323 0.514126
v -6.873130 1.219246 0.497081
v -6.862988 1.243786 0.470533
v -6.856477 1.259542 0.437081
v -6.854233 1.264971 0.399999
v -6.854233 1.264971 -0.400001
v -6.856477 1.259542 -0.437083
v -6.862988 1.243786 -0.470535
v -6.873130 1.219246 -0.497083
v -6.885909 1.188323 -0.514128
v -6.900075 1.154045 -0.520001
v -6.997000 1.191802 0.519999
v -6.983977 1.226525 0.514126
v -6.972229 1.257849 0.497081
v -6.962905 1.282708 0.470533
v -6.956919 1.298669 0.437081
v -6.954857 1.304168 0.399999
v -6.954857 1.304168 -0.400001
v -6.956919 1.298669 -0.437083
v -6.962905 1.282708 -0.470535
v -6.972229 1.257849 -0.497083
v -6.983977 1.226525 -0.514128
v -6.997000 1.191802 -0.520001
v -7.094982 1.227144 0.519999
v -7.082582 1.262092 0.514126
v -7.071397 1.293619 0.497081
v -7.062520 1.318639 0.470533
v -7.056821 1.334703 0.437081
v -7.054857 1.340238 0.399999
v -7.054857 1.340238 -0.400001
v -7.056821 1.334703 -0.437083
v -7.062520 1.318639 -0.470535
v -7.071397 1.293619 -0.497083
v -7.082582 1.262092 -0.514128
v -7.094982 1.227144 -0.520001
v -7.192507 1.261170 0.519999
v -7.180395 1.296218 0.514126
v -7.169468 1.327836 0.497081
v -7.160797 1.352927 0.470533
v -7.155229 1.369037 0.437081
v -7.153310 1.374588 0.399999
v -7.153310 1.374588 -0.400001
v -7.155229 1.369037 -0.437083
v -7.160797 1.352927 -0.470535
v -7.169468 1.327836 -0.497083
v -7.180395 1.296218 -0.514128
v -7.192507 1.261170 -0.520001
v -7.617049 1.406490 0.519999
v -7.582520 1.433865 0.514126
v -7.551371 1.458560 0.497081
v -7.526650 1.478159 0.470533
v -7.510778 1.490741 0.437081
v -7.505310 1.495077 0.399999
v -7.505310 1.495077 -0.400001
v -7.510778 1.490741 -0.437083
v -7.526650 1.478159 -0.470535
v -7.551371 1.458560 -0.497083
v -7.582520 1.433865 -0.514128
v -7.617049 1.406490 -0.520001
v -7.629506 1.531050 0.519999
v -7.592530 1.533965 0.514126
v -7.559174 1.536596 0.497081
v -7.532703 1.538683 0.470533
v -7.515707 1.540023 0.437081
v -7.509851 1.540485 0.399999
v -7.509851 1.540485 -0.400001
v -7.515707 1.540023 -0.437083
v -7.532703 1.538683 -0.470535
v -7.559174 1.536596 -0.497083
v -7.592530 1.533965 -0.514128
v -7.629506 1.531050 -0.520001
v -7.633499 1.600172 0.519999
v -7.596373 1.600485 0.514126
v -7.562881 1.600767 0.497081
v -7.536302 1.600991 0.470533
v -7.519237 1.601134 0.437081
v -7.513357 1.601184 0.399999
v -7.513357 1.601184 -0.400001
v -7.519237 1.601134 -0.437083
v -7.536302 1.600991 -0.470535
v -7.562881 1.600767 -0.497083
v -7.596373 1.600485 -0.514128
v -7.633499 1.600172 -0.520001
v -7.630957 1.662338 0.519999
v -7.593998 1.658574 0.514126
v -7.560657 1.655179 0.497081
v -7.534197 1.652485 0.470533
v -7.517209 1.650755 0.437081
v -7.511355 1.650159 0.399999
v -7.511355 1.650159 -0.400001
v -7.517209 1.650755 -0.437083
v -7.534197 1.652485 -0.470535
v -7.560657 1.655179 -0.497083
v -7.593998 1.658574 -0.514128
v -7.630957 1.662338 -0.520001
v -7.621899 1.717728 0.519999
v -7.585742 1.709057 0.514126
v -7.553125 1.701235 0.497081
v -7.527240 1.695028 0.470533
v -7.510620 1.691042 0.437081
v -7.504894 1.689669 0.399999
v -7.504894 1.689669 -0.400001
v -7.510620 1.691042 -0.437083
v -7.527240 1.695028 -0.470535
v -7.553125 1.701235 -0.497083
v -7.585742 1.709057 -0.514128
v -7.621899 1.717728 -0.520001
v -7.606343 1.766522 0.519999
v -7.571978 1.752232 0.514126
v -7.540976 1.739341 0.497081
v -7.516374 1.729111 0.470533
v -7.500577 1.722543 0.437081
v -7.495134 1.720280 0.399999
v -7.495134 1.720280 -0.400001
v -7.500577 1.722543 -0.437083
v -7.516374 1.729111 -0.470535
v -7.540976 1.739341 -0.497083
v -7.571978 1.752232 -0.514128
v -7.606343 1.766522 -0.520001
v -7.584306 1.808901 0.519999
v -7.553020 1.788689 0.514126
v -7.524797 1.770455 0.497081
v -7.502399 1.755985 0.470533
v -7.488019 1.746695 0.437081
v -7.483064 1.743493 0.399999
v -7.483064 1.743493 -0.400001
v -7.488019 1.746695 -0.437083
v -7.502399 1.755985 -0.470535
v -7.524797 1.770455 -0.497083
v -7.553020 1.788689 -0.514128
v -7.584306 1.808901 -0.520001
v -7.555808 1.845045 0.519999
v -7.528902 1.819278 0.514126
v -7.504630 1.796033 0.497081
v -7.485368 1.777585 0.470533
v -7.473001 1.765742 0.437081
v -7.468740 1.761660 0.399999
v -7.468740 1.761660 -0.400001
v -7.473001 1.765742 -0.437083
v -7.485368 1.777585 -0.470535
v -7.504630 1.796033 -0.497083
v -7.528902 1.819278 -0.514128
v -7.555808 1.845045 -0.520001
v -7.520864 1.875134 0.519999
v -7.499223 1.844834 0.514126
v -7.479700 1.817500 0.497081
v -7.464206 1.795807 0.470533
v -7.454258 1.781880 0.437081
v -7.450831 1.777081 0.399999
v -7.450831 1.777081 -0.400001
v -7.454258 1.781880 -0.437083
v -7.464206 1.795807 -0.470535
v -7.479700 1.817500 -0.497083
v -7.499223 1.844834 -0.514128
v -7.520864 1.875134 -0.520001
v -7.479496 1.899348 0.519999
v -7.463326 1.865845 0.514126
v -7.448739 1.835622 0.497081
v -7.437162 1.811637 0.470533
v -7.429729 1.796238 0.437081
v -7.427168 1.790931 0.399999
v -7.427168 1.790931 -0.400001
v -7.429729 1.796238 -0.437083
v -7.437162 1.811637 -0.470535
v -7.448739 1.835622 -0.497083
v -7.463326 1.865845 -0.514128
v -7.479496 1.899348 -0.520001
v -7.431718 1.917867 0.519999
v -7.420639 1.882391 0.514126
v -7.410644 1.850388 0.497081
v -7.402712 1.824990 0.470533
v -7.397620 1.808684 0.437081
v -7.395865 1.803065 0.399999
v -7.395865 1.803065 -0.400001
v -7.397620 1.808684 -0.437083
v -7.402712 1.824990 -0.470535
v -7.410644 1.850388 -0.497083
v -7.420639 1.882391 -0.514128
v -7.431718 1.917867 -0.520001
v -7.377551 1.930872 0.519999
v -7.370872 1.894340 0.514126
v -7.364846 1.861384 0.497081
v -7.360065 1.835230 0.470533
v -7.356994 1.818438 0.437081
v -7.355937 1.812652 0.399999
v -7.355937 1.812652 -0.400001
v -7.356994 1.818438 -0.437083
v -7.360065 1.835230 -0.470535
v -7.364846 1.861384 -0.497083
v -7.370872 1.894340 -0.514128
v -7.377551 1.930872 -0.520001
v -7.317011 1.938543 0.519999
v -7.313977 1.901549 0.514126
v -7.311241 1.868176 0.497081
v -7.309069 1.841691 0.470533
v -7.307674 1.824687 0.437081
v -7.307194 1.818828 0.399999
v -7.307194 1.818828 -0.400001
v -7.307674 1.824687 -0.437083
v -7.309069 1.841691 -0.470535
v -7.311241 1.868176 -0.497083
v -7.313977 1.901549 -0.514128
v -7.317011 1.938543 -0.520001
v -7.250117 1.941060 0.519999
v -7.250145 1.903951 0.514126
v -7.250170 1.870474 0.497081
v -7.250191 1.843906 0.470533
v -7.250204 1.826849 0.437081
v -7.250208 1.820972 0.399999
v -7.250208 1.820972 -0.400001
v -7.250204 1.826849 -0.437083
v -7.250191 1.843906 -0.470535
v -7.250170 1.870474 -0.497083
v -7.250145 1.903951 -0.514128
v -7.250117 1.941060 -0.520001
v -7.186205 1.938558 0.519999
v -7.189095 1.901561 0.514126
v -7.191702 1.868185 0.497081
v -7.193771 1.841698 0.470533
v -7.195100 1.824692 0.437081
v -7.195558 1.818832 0.399999
v -7.195558 1.818832 -0.400001
v -7.195100 1.824692 -0.437083
v -7.193771 1.841698 -0.470535
v -7.191702 1.868185 -0.497083
v -7.189095 1.901561 -0.514128
v -7.186205 1.938558 -0.520001
v -7.121715 1.930992 0.519999
v -7.127448 1.894329 0.514126
v -7.132620 1.861254 0.497081
v -7.136724 1.835005 0.470533
v -7.139359 1.818153 0.437081
v -7.140267 1.812346 0.399999
v -7.140267 1.812346 -0.400001
v -7.139359 1.818153 -0.437083
v -7.136724 1.835005 -0.470535
v -7.132620 1.861254 -0.497083
v -7.127448 1.894329 -0.514128
v -7.121715 1.930992 -0.520001
v -7.056781 1.918273 0.519999
v -7.065279 1.882151 0.514126
v -7.072946 1.849564 0.497081
v -7.079030 1.823704 0.470533
v -7.082936 1.807100 0.437081
v -7.084282 1.801379 0.399999
v -7.084282 1.801379 -0.400001
v -7.082936 1.807100 -0.437083
v -7.079030 1.823704 -0.470535
v -7.072946 1.849564 -0.497083
v -7.065279 1.882151 -0.514128
v -7.056781 1.918273 -0.520001
v -6.991539 1.900309 0.519999
v -7.002697 1.864919 0.514126
v -7.012763 1.832993 0.497081
v -7.020751 1.807657 0.470533
v -7.025879 1.791390 0.437081
v -7.027647 1.785785 0.399999
v -7.027647 1.785785 -0.400001
v -7.025879 1.791390 -0.437083
v -7.020751 1.807657 -0.470535
v -7.012763 1.832993 -0.497083
v -7.002697 1.864919 -0.514128
v -6.991539 1.900309 -0.520001
v -6.926125 1.877011 0.519999
v -6.939813 1.842523 0.514126
v -6.952162 1.811410 0.497081
v -6.961962 1.786719 0.470533
v -6.968254 1.770866 0.437081
v -6.970422 1.765404 0.399999
v -6.970422 1.765404 -0.400001
v -6.968254 1.770866 -0.437083
v -6.961962 1.786719 -0.470535
v -6.952162 1.811410 -0.497083
v -6.939813 1.842523 -0.514128
v -6.926125 1.877011 -0.520001
v -6.860672 1.848289 0.519999
v -6.876745 1.814847 0.514126
v -6.891245 1.784678 0.497081
v -6.902752 1.760737 0.470533
v -6.910141 1.745365 0.437081
v -6.912686 1.740068 0.399999
v -6.912686 1.740068 -0.400001
v -6.910141 1.745365 -0.437083
v -6.902752 1.760737 -0.470535
v -6.891245 1.784678 -0.497083
v -6.876745 1.814847 -0.514128
v -6.860672 1.848289 -0.520001
v -6.795317 1.814052 0.519999
v -6.813617 1.781777 0.514126
v -6.830125 1.752661 0.497081
v -6.843226 1.729554 0.470533
v -6.851638 1.714718 0.437081
v -6.854537 1.709606 0.399999
v -6.854537 1.709606 -0.400001
v -6.851638 1.714718 -0.437083
v -6.843226 1.729554 -0.470535
v -6.830125 1.752661 -0.497083
v -6.813617 1.781777 -0.514128
v -6.795317 1.814052 -0.520001
v -6.730194 1.774211 0.519999
v -6.750556 1.743197 0.514126
v -6.768925 1.715219 0.497081
v -6.783502 1.693015 0.470533
v -6.792861 1.678760 0.437081
v -6.796086 1.673847 0.399999
v -6.796086 1.673847 -0.400001
v -6.792861 1.678760 -0.437083
v -6.783502 1.693015 -0.470535
v -6.768925 1.715219 -0.497083
v -6.750556 1.743197 -0.514128
v -6.730194 1.774211 -0.520001
v -6.665439 1.728675 0.519999
v -6.687696 1.698994 0.514126
v -6.707775 1.672218 0.497081
v -6.723709 1.650969 0.470533
v -6.733940 1.637326 0.437081
v -6.737465 1.632625 0.399999
v -6.737465 1.632625 -0.400001
v -6.733940 1.637326 -0.437083
v -6.723709 1.650969 -0.470535
v -6.707775 1.672218 -0.497083
v -6.687696 1.698994 -0.514128
v -6.665439 1.728675 -0.520001
v -6.601187 1.677355 0.519999
v -6.625175 1.649056 0.514126
v -6.646815 1.623528 0.497081
v -6.663988 1.603268 0.470533
v -6.675014 1.590260 0.437081
v -6.678813 1.585778 0.399999
v -6.678813 1.585778 -0.400001
v -6.675014 1.590260 -0.437083
v -6.663988 1.603268 -0.470535
v -6.646815 1.623528 -0.497083
v -6.625175 1.649056 -0.514128
v -6.601187 1.677355 -0.520001
v -6.537572 1.620160 0.519999
v -6.563132 1.593274 0.514126
v -6.586190 1.569020 0.497081
v -6.604488 1.549772 0.470533
v -6.616237 1.537414 0.437081
v -6.620286 1.533156 0.399999
v -6.620286 1.533156 -0.400001
v -6.616237 1.537414 -0.437083
v -6.604488 1.549772 -0.470535
v -6.586190 1.569020 -0.497083
v -6.563132 1.593274 -0.514128
v -6.537572 1.620160 -0.520001
v -6.474731 1.557000 0.519999
v -6.427455 1.456909 0.514126
v -6.384807 1.366616 0.497081
v -6.350961 1.294959 0.470533
v -6.329230 1.248952 0.437081
v -6.321743 1.233100 0.399999
v -6.321743 1.233100 -0.400001
v -6.329230 1.248952 -0.437083
v -6.350961 1.294959 -0.470535
v -6.384807 1.366616 -0.497083
v -6.427455 1.456909 -0.514128
v -6.474731 1.557000 -0.520001
v -6.525074 2.060430 0.519999
v -6.489515 2.077513 0.514126
v -6.457437 2.092923 0.497081
v -6.431980 2.105153 0.470533
v -6.415635 2.113005 0.437081
v -6.410003 2.115711 0.399999
v -6.410003 2.115711 -0.400001
v -6.415635 2.113005 -0.437083
v -6.431980 2.105153 -0.470535
v -6.457437 2.092923 -0.497083
v -6.489515 2.077513 -0.514128
v -6.525074 2.060430 -0.520001
v -6.577099 2.111360 0.519999
v -6.552094 2.138775 0.514126
v -6.529538 2.163506 0.497081
v -6.511637 2.183133 0.470533
v -6.500144 2.195734 0.437081
v -6.496183 2.200076 0.399999
v -6.496183 2.200076 -0.400001
v -6.500144 2.195734 -0.437083
v -6.511637 2.183133 -0.470535
v -6.529538 2.163506 -0.497083
v -6.552094 2.138775 -0.514128
v -6.577099 2.111360 -0.520001
v -6.631735 2.157767 0.519999
v -6.608756 2.186902 0.514126
v -6.588026 2.213185 0.497081
v -6.571575 2.234043 0.470533
v -6.561012 2.247435 0.437081
v -6.557373 2.252049 0.399999
v -6.557373 2.252049 -0.400001
v -6.561012 2.247435 -0.437083
v -6.571575 2.234043 -0.470535
v -6.588026 2.213185 -0.497083
v -6.608756 2.186902 -0.514128
v -6.631735 2.157767 -0.520001
v -6.689021 2.199668 0.519999
v -6.668233 2.230406 0.514126
v -6.649480 2.258134 0.497081
v -6.634597 2.280140 0.470533
v -6.625042 2.294269 0.437081
v -6.621749 2.299137 0.399999
v -6.621749 2.299137 -0.400001
v -6.625042 2.294269 -0.437083
v -6.634597 2.280140 -0.470535
v -6.649480 2.258134 -0.497083
v -6.668233 2.230406 -0.514128
v -6.689021 2.199668 -0.520001
v -6.748993 2.237082 0.519999
v -6.730530 2.269270 0.514126
v -6.713874 2.298307 0.497081
v -6.700655 2.321351 0.470533
v -6.692169 2.336146 0.437081
v -6.689244 2.341244 0.399999
v -6.689244 2.341244 -0.400001
v -6.692169 2.336146 -0.437083
v -6.700655 2.321351 -0.470535
v -6.713874 2.298307 -0.497083
v -6.730530 2.269270 -0.514128
v -6.748993 2.237082 -0.520001
v -6.811691 2.270027 0.519999
v -6.795645 2.303486 0.514126
v -6.781169 2.333669 0.497081
v -6.769682 2.357622 0.470533
v -6.762306 2.373001 0.437081
v -6.759765 2.378300 0.399999
v -6.759765 2.378300 -0.400001
v -6.762306 2.373001 -0.437083
v -6.769682 2.357622 -0.470535
v -6.781169 2.333669 -0.497083
v -6.795645 2.303486 -0.514128
v -6.811691 2.270027 -0.520001
v -6.877151 2.298521 0.519999
v -6.863569 2.333052 0.514126
v -6.851317 2.364203 0.497081
v -6.841595 2.388925 0.470533
v -6.835352 2.404797 0.437081
v -6.833201 2.410266 0.399999
v -6.833201 2.410266 -0.400001
v -6.835352 2.404797 -0.437083
v -6.841595 2.388925 -0.470535
v -6.851317 2.364203 -0.497083
v -6.863569 2.333052 -0.514128
v -6.877151 2.298521 -0.520001
v -6.945411 2.322582 0.519999
v -6.934296 2.357982 0.514126
v -6.924268 2.389917 0.497081
v -6.916311 2.415261 0.470533
v -6.911201 2.431533 0.437081
v -6.909441 2.437140 0.399999
v -6.909441 2.437140 -0.400001
v -6.911201 2.431533 -0.437083
v -6.916311 2.415261 -0.470535
v -6.924268 2.389917 -0.497083
v -6.934296 2.357982 -0.514128
v -6.945411 2.322582 -0.520001
v -7.016509 2.342228 0.519999
v -7.007818 2.378298 0.514126
v -6.999978 2.410837 0.497081
v -6.993756 2.436661 0.470533
v -6.989761 2.453240 0.437081
v -6.988385 2.458953 0.399999
v -6.988385 2.458953 -0.400001
v -6.989761 2.453240 -0.437083
v -6.993756 2.436661 -0.470535
v -6.999978 2.410837 -0.497083
v -7.007818 2.378298 -0.514128
v -7.016509 2.342228 -0.520001
v -7.090484 2.357476 0.519999
v -7.084139 2.394030 0.514126
v -7.078415 2.427006 0.497081
v -7.073873 2.453175 0.470533
v -7.070957 2.469977 0.437081
v -7.069952 2.475767 0.399999
v -7.069952 2.475767 -0.400001
v -7.070957 2.469977 -0.437083
v -7.073873 2.453175 -0.470535
v -7.078415 2.427006 -0.497083
v -7.084139 2.394030 -0.514128
v -7.090484 2.357476 -0.520001
v -7.167372 2.368346 0.519999
v -7.163267 2.405216 0.514126
v -7.159564 2.438477 0.497081
v -7.156624 2.464874 0.470533
v -7.154737 2.481821 0.437081
v -7.154087 2.487661 0.399999
v -7.154087 2.487661 -0.400001
v -7.154737 2.481821 -0.437083
v -7.156624 2.464874 -0.470535
v -7.159564 2.438477 -0.497083
v -7.163267 2.405216 -0.514128
v -7.167372 2.368346 -0.520001
v -7.247212 2.374854 0.519999
v -7.245220 2.411897 0.514126
v -7.243423 2.445313 0.497081
v -7.241996 2.471833 0.470533
v -7.241080 2.488860 0.437081
v -7.240764 2.494727 0.399999
v -7.240764 2.494727 -0.400001
v -7.241080 2.488860 -0.437083
v -7.241996 2.471833 -0.470535
v -7.243423 2.445313 -0.497083
v -7.245220 2.411897 -0.514128
v -7.247212 2.374854 -0.520001
v -7.330042 2.377020 0.519999
v -7.330362 2.414123 0.514126
v -7.330650 2.447594 0.497081
v -7.330878 2.474157 0.470533
v -7.331025 2.491211 0.437081
v -7.331076 2.497088 0.399999
v -7.331076 2.497088 -0.400001
v -7.331025 2.491211 -0.437083
v -7.330878 2.474157 -0.470535
v -7.330650 2.447594 -0.497083
v -7.330362 2.414123 -0.514128
v -7.330042 2.377020 -0.520001
v -7.445401 2.372016 0.519999
v -7.448755 2.408987 0.514126
v -7.451780 2.442340 0.497081
v -7.454181 2.468808 0.470533
v -7.455723 2.485802 0.437081
v -7.456254 2.491658 0.399999
v -7.456254 2.491658 -0.400001
v -7.455723 2.485802 -0.437083
v -7.454181 2.468808 -0.470535
v -7.451780 2.442340 -0.497083
v -7.448755 2.408987 -0.514128
v -7.445401 2.372016 -0.520001
v -7.554683 2.356884 0.519999
v -7.561723 2.393346 0.514126
v -7.568074 2.426238 0.497081
v -7.573114 2.452341 0.470533
v -7.576350 2.469100 0.437081
v -7.577465 2.474875 0.399999
v -7.577465 2.474875 -0.400001
v -7.576350 2.469100 -0.437083
v -7.573114 2.452341 -0.470535
v -7.568074 2.426238 -0.497083
v -7.561723 2.393346 -0.514128
v -7.554683 2.356884 -0.520001
v -7.656915 2.331445 0.519999
v -7.668039 2.366890 0.514126
v -7.678075 2.398865 0.497081
v -7.686038 2.424241 0.470533
v -7.691152 2.440533 0.437081
v -7.692914 2.446146 0.399999
v -7.692914 2.446146 -0.400001
v -7.691152 2.440533 -0.437083
v -7.686038 2.424241 -0.470535
v -7.678075 2.398865 -0.497083
v -7.668039 2.366890 -0.514128
v -7.656915 2.331445 -0.520001
v -7.751124 2.295517 0.519999
v -7.766698 2.329265 0.514126
v -7.780748 2.359710 0.497081
v -7.791898 2.383870 0.470533
v -7.799057 2.399382 0.437081
v -7.801523 2.404727 0.399999
v -7.801523 2.404727 -0.400001
v -7.799057 2.399382 -0.437083
v -7.791898 2.383870 -0.470535
v -7.780748 2.359710 -0.497083
v -7.766698 2.329265 -0.514128
v -7.751124 2.295517 -0.520001
v -7.836338 2.248922 0.519999
v -7.856600 2.280106 0.514126
v -7.874879 2.308237 0.497081
v -7.889386 2.330562 0.470533
v -7.898700 2.344896 0.437081
v -7.901909 2.349835 0.399999
v -7.901909 2.349835 -0.400001
v -7.898700 2.344896 -0.437083
v -7.889386 2.330562 -0.470535
v -7.874879 2.308237 -0.497083
v -7.856600 2.280106 -0.514128
v -7.836338 2.248922 -0.520001
v -7.911582 2.191477 0.519999
v -7.936517 2.219094 0.514126
v -7.959012 2.244007 0.497081
v -7.976863 2.263778 0.470533
v -7.988325 2.276472 0.437081
v -7.992274 2.280846 0.399999
v -7.992274 2.280846 -0.400001
v -7.988325 2.276472 -0.437083
v -7.976863 2.263778 -0.470535
v -7.959012 2.244007 -0.497083
v -7.936517 2.219094 -0.514128
v -7.911582 2.191477 -0.520001
v -7.975883 2.123004 0.519999
v -8.005109 2.146053 0.514126
v -8.031473 2.166846 0.497081
v -8.052396 2.183347 0.470533
v -8.065829 2.193941 0.437081
v -8.070457 2.197592 0.399999
v -8.070457 2.197592 -0.400001
v -8.065829 2.193941 -0.437083
v -8.052396 2.183347 -0.470535
v -8.031473 2.166846 -0.497083
v -8.005109 2.146053 -0.514128
v -7.975883 2.123004 -0.520001
v -8.028270 2.043322 0.519999
v -8.061015 2.061016 0.514126
v -8.090555 2.076978 0.497081
v -8.113998 2.089646 0.470533
v -8.129050 2.097779 0.437081
v -8.134236 2.100581 0.399999
v -8.134236 2.100581 -0.400001
v -8.129050 2.097779 -0.437083
v -8.113998 2.089646 -0.470535
v -8.090555 2.076978 -0.497083
v -8.061015 2.061016 -0.514128
v -8.028270 2.043322 -0.520001
v -8.067768 1.952251 0.519999
v -8.103004 1.964202 0.514126
v -8.134791 1.974983 0.497081
v -8.160018 1.983539 0.470533
v -8.176214 1.989032 0.437081
v -8.181795 1.990925 0.399999
v -8.181795 1.990925 -0.400001
v -8.176214 1.989032 -0.437083
v -8.160018 1.983539 -0.470535
v -8.134791 1.974983 -0.497083
v -8.103004 1.964202 -0.514128
v -8.067768 1.952251 -0.520001
v -8.093405 1.849610 0.519999
v -8.130059 1.855882 0.514126
v -8.163126 1.861539 0.497081
v -8.189368 1.866029 0.470533
v -8.206217 1.868912 0.437081
v -8.212022 1.869905 0.399999
v -8.212022 1.869905 -0.400001
v -8.206217 1.868912 -0.437083
v -8.189368 1.866029 -0.470535
v -8.163126 1.861539 -0.497083
v -8.130059 1.855882 -0.514128
v -8.093405 1.849610 -0.520001
v -8.104206 1.735220 0.519999
v -8.141357 1.736233 0.514126
v -8.174872 1.737147 0.497081
v -8.201469 1.737873 0.470533
v -8.218546 1.738339 0.437081
v -8.224430 1.738499 0.399999
v -8.224430 1.738499 -0.400001
v -8.218546 1.738339 -0.437083
v -8.201469 1.737873 -0.470535
v -8.174872 1.737147 -0.497083
v -8.141357 1.736233 -0.514128
v -8.104206 1.735220 -0.520001
v -8.099200 1.608900 0.519999
v -8.136209 1.606318 0.514126
v -8.169596 1.603990 0.497081
v -8.196091 1.602142 0.470533
v -8.213101 1.600955 0.437081
v -8.218964 1.600546 0.399999
v -8.218964 1.600546 -0.400001
v -8.213101 1.600955 -0.437083
v -8.196091 1.602142 -0.470535
v -8.169596 1.603990 -0.497083
v -8.136209 1.606318 -0.514128
v -8.099200 1.608900 -0.520001
v -7.979311 0.410010 0.519999
v -8.016266 0.406886 0.514126
v -8.049603 0.404068 0.497081
v -8.076060 0.401832 0.470533
v -8.093046 0.400396 0.437081
v -8.098899 0.399902 0.399999
v -8.098899 0.399902 -0.400001
v -8.093046 0.400396 -0.437083
v -8.076060 0.401832 -0.470535
v -8.049603 0.404069 -0.497083
v -8.016266 0.406886 -0.514128
v -7.979311 0.410010 -0.520001
v -7.977869 0.389127 0.519999
v -8.014956 0.387913 0.514126
v -8.048411 0.386818 0.497081
v -8.074963 0.385949 0.470533
v -8.092010 0.385391 0.437081
v -8.097883 0.385198 0.399999
v -8.097883 0.385198 -0.400001
v -8.092010 0.385391 -0.437083
v -8.074963 0.385949 -0.470535
v -8.048411 0.386818 -0.497083
v -8.014956 0.387913 -0.514128
v -7.977869 0.389127 -0.520001
v -7.977934 0.370532 0.519999
v -8.015010 0.372343 0.514126
v -8.048457 0.373977 0.497081
v -8.075000 0.375273 0.470533
v -8.092042 0.376106 0.437081
v -8.097915 0.376392 0.399999
v -8.097915 0.376392 -0.400001
v -8.092042 0.376106 -0.437083
v -8.075000 0.375273 -0.470535
v -8.048457 0.373977 -0.497083
v -8.015010 0.372343 -0.514128
v -7.977934 0.370532 -0.520001
v -7.979481 0.354136 0.519999
v -8.016202 0.359707 0.514126
v -8.049329 0.364733 0.497081
v -8.075619 0.368721 0.470533
v -8.092497 0.371282 0.437081
v -8.098313 0.372164 0.399999
v -8.098313 0.372164 -0.400001
v -8.092497 0.371282 -0.437083
v -8.075619 0.368721 -0.470535
v -8.049329 0.364733 -0.497083
v -8.016202 0.359707 -0.514128
v -7.979481 0.354136 -0.520001
v -7.982482 0.339849 0.519999
v -8.018240 0.350005 0.514126
v -8.050498 0.359167 0.497081
v -8.076098 0.366438 0.470533
v -8.092534 0.371106 0.437081
v -8.098198 0.372714 0.399999
v -8.098198 0.372715 -0.400001
v -8.092534 0.371106 -0.437083
v -8.076098 0.366438 -0.470535
v -8.050498 0.359167 -0.497083
v -8.018240 0.350005 -0.514128
v -7.982482 0.339849 -0.520001
v -7.986911 0.327580 0.519999
v -8.020738 0.343087 0.514126
v -8.051252 0.357076 0.497081
v -8.075470 0.368178 0.470533
v -8.091018 0.375306 0.437081
v -8.096375 0.377762 0.399999
v -8.096375 0.377762 -0.400001
v -8.091018 0.375306 -0.437083
v -8.075470 0.368178 -0.470535
v -8.051252 0.357076 -0.497083
v -8.020738 0.343087 -0.514128
v -7.986911 0.327580 -0.520001
v -7.992740 0.317239 0.519999
v -8.023314 0.338517 0.514126
v -8.050894 0.357713 0.497081
v -8.072783 0.372946 0.470533
v -8.086835 0.382727 0.437081
v -8.091678 0.386097 0.399999
v -8.091678 0.386097 -0.400001
v -8.086835 0.382727 -0.437083
v -8.072783 0.372946 -0.470535
v -8.050894 0.357713 -0.497083
v -8.023314 0.338517 -0.514128
v -7.992740 0.317239 -0.520001
v -7.999942 0.308736 0.519999
v -8.025842 0.335532 0.514126
v -8.049206 0.359705 0.497081
v -8.067748 0.378889 0.470533
v -8.079653 0.391206 0.437081
v -8.083755 0.395450 0.399999
v -8.083755 0.395450 -0.400001
v -8.079653 0.391206 -0.437083
v -8.067748 0.378889 -0.470535
v -8.049206 0.359705 -0.497083
v -8.025842 0.335532 -0.514128
v -7.999942 0.308736 -0.520001
v -8.008491 0.301981 0.519999
v -8.028680 0.333289 0.514126
v -8.046893 0.361533 0.497081
v -8.061348 0.383947 0.470533
v -8.070627 0.398338 0.437081
v -8.073826 0.403297 0.399999
v -8.073826 0.403297 -0.400001
v -8.070627 0.398338 -0.437083
v -8.061348 0.383947 -0.470535
v -8.046893 0.361533 -0.497083
v -8.028680 0.333289 -0.514128
v -8.008491 0.301981 -0.520001
v -8.018358 0.296884 0.519999
v -8.032560 0.331285 0.514126
v -8.045372 0.362319 0.497081
v -8.055540 0.386947 0.470533
v -8.062068 0.402759 0.437081
v -8.064318 0.408208 0.399999
v -8.064318 0.408208 -0.400001
v -8.062068 0.402759 -0.437083
v -8.055540 0.386947 -0.470535
v -8.045372 0.362319 -0.497083
v -8.032560 0.331285 -0.514128
v -8.018358 0.296884 -0.520001
v -8.029518 0.293355 0.519999
v -8.038173 0.329510 0.514126
v -8.045980 0.362126 0.497081
v -8.052176 0.388011 0.470533
v -8.056154 0.404629 0.437081
v -8.057526 0.410356 0.399999
v -8.057526 0.410356 -0.400001
v -8.056154 0.404629 -0.437083
v -8.052176 0.388011 -0.470535
v -8.045980 0.362126 -0.497083
v -8.038173 0.329510 -0.514128
v -8.029518 0.293355 -0.520001
v -8.041943 0.291304 0.519999
v -8.045876 0.328238 0.514126
v -8.049424 0.361558 0.497081
v -8.052239 0.388000 0.470533
v -8.054048 0.404977 0.437081
v -8.054670 0.410827 0.399999
v -8.054670 0.410827 -0.400001
v -8.054048 0.404977 -0.437083
v -8.052239 0.388000 -0.470535
v -8.049424 0.361558 -0.497083
v -8.045876 0.328239 -0.514128
v -8.041943 0.291304 -0.520001
v -8.055605 0.290640 0.519999
v -8.055102 0.327790 0.514126
v -8.054648 0.361304 0.497081
v -8.054288 0.387901 0.470533
v -8.054057 0.404977 0.437081
v -8.053977 0.410861 0.399999
v -8.053977 0.410861 -0.400001
v -8.054057 0.404977 -0.437083
v -8.054288 0.387901 -0.470535
v -8.054648 0.361304 -0.497083
v -8.055102 0.327790 -0.514128
v -8.055605 0.290640 -0.520001
v -8.068331 0.291604 0.519999
v -8.063385 0.328418 0.514126
v -8.058924 0.361628 0.497081
v -8.055383 0.387984 0.470533
v -8.053109 0.404905 0.437081
v -8.052326 0.410736 0.399999
v -8.052326 0.410736 -0.400001
v -8.053109 0.404905 -0.437083
v -8.055383 0.387984 -0.470535
v -8.058924 0.361628 -0.497083
v -8.063385 0.328418 -0.514128
v -8.068331 0.291604 -0.520001
v -8.083066 0.294461 0.519999
v -8.074481 0.330569 0.514126
v -8.066736 0.363142 0.497081
v -8.060590 0.388993 0.470533
v -8.056643 0.405590 0.437081
v -8.055284 0.411309 0.399999
v -8.055284 0.411309 -0.400001
v -8.056643 0.405590 -0.437083
v -8.060590 0.388993 -0.470535
v -8.066736 0.363142 -0.497083
v -8.074481 0.330569 -0.514128
v -8.083066 0.294461 -0.520001
v -8.099679 0.299155 0.519999
v -8.088456 0.334518 0.514126
v -8.078332 0.366419 0.497081
v -8.070296 0.391736 0.470533
v -8.065138 0.407990 0.437081
v -8.063360 0.413591 0.399999
v -8.063360 0.413591 -0.400001
v -8.065138 0.407990 -0.437083
v -8.070296 0.391736 -0.470535
v -8.078332 0.366419 -0.497083
v -8.088456 0.334518 -0.514128
v -8.099679 0.299155 -0.520001
v -8.118038 0.305633 0.519999
v -8.104813 0.340289 0.514126
v -8.092881 0.371553 0.497081
v -8.083412 0.396364 0.470533
v -8.077332 0.412293 0.437081
v -8.075238 0.417782 0.399999
v -8.075238 0.417782 -0.400001
v -8.077332 0.412294 -0.437083
v -8.083412 0.396364 -0.470535
v -8.092881 0.371553 -0.497083
v -8.104813 0.340289 -0.514128
v -8.118038 0.305634 -0.520001
v -8.138012 0.313842 0.519999
v -8.123200 0.347846 0.514126
v -8.109838 0.378522 0.497081
v -8.099234 0.402866 0.470533
v -8.092425 0.418496 0.437081
v -8.090079 0.423882 0.399999
v -8.090079 0.423882 -0.400001
v -8.092425 0.418496 -0.437083
v -8.099234 0.402866 -0.470535
v -8.109838 0.378522 -0.497083
v -8.123200 0.347846 -0.514128
v -8.138012 0.313842 -0.520001
v -8.159469 0.323726 0.519999
v -8.143355 0.357131 0.514126
v -8.128819 0.387266 0.497081
v -8.117283 0.411181 0.470533
v -8.109876 0.426535 0.437081
v -8.107324 0.431826 0.399999
v -8.107324 0.431826 -0.400001
v -8.109876 0.426535 -0.437083
v -8.117283 0.411181 -0.470535
v -8.128819 0.387266 -0.497083
v -8.143355 0.357131 -0.514128
v -8.159469 0.323726 -0.520001
v -8.182278 0.335233 0.519999
v -8.165061 0.368081 0.514126
v -8.149530 0.397714 0.497081
v -8.137204 0.421230 0.470533
v -8.129291 0.436329 0.437081
v -8.126564 0.441532 0.399999
v -8.126564 0.441532 -0.400001
v -8.129291 0.436329 -0.437083
v -8.137204 0.421230 -0.470535
v -8.149530 0.397714 -0.497083
v -8.165061 0.368081 -0.514128
v -8.182278 0.335233 -0.520001
v -8.206306 0.348307 0.519999
v -8.188129 0.380632 0.514126
v -8.171732 0.409794 0.497081
v -8.158719 0.432936 0.470533
v -8.150364 0.447795 0.437081
v -8.147485 0.452915 0.399999
v -8.147485 0.452915 -0.400001
v -8.150364 0.447795 -0.437083
v -8.158719 0.432936 -0.470535
v -8.171732 0.409794 -0.497083
v -8.188129 0.380632 -0.514128
v -8.206306 0.348307 -0.520001
v -8.231423 0.362895 0.519999
v -8.212390 0.394723 0.514126
v -8.195220 0.423436 0.497081
v -8.181594 0.446222 0.470533
v -8.172846 0.460852 0.437081
v -8.169831 0.465893 0.399999
v -8.169831 0.465893 -0.400001
v -8.172846 0.460852 -0.437083
v -8.181594 0.446222 -0.470535
v -8.195220 0.423436 -0.497083
v -8.212390 0.394723 -0.514128
v -8.231423 0.362895 -0.520001
v -8.257498 0.378942 0.519999
v -8.237685 0.410291 0.514126
v -8.219811 0.438571 0.497081
v -8.205627 0.461014 0.470533
v -8.196521 0.475423 0.437081
v -8.193382 0.480388 0.399999
v -8.193382 0.480388 -0.400001
v -8.196521 0.475423 -0.437083
v -8.205627 0.461014 -0.470535
v -8.219811 0.438571 -0.497083
v -8.237685 0.410291 -0.514128
v -8.257498 0.378942 -0.520001
v -8.284397 0.396395 0.519999
v -8.263862 0.427275 0.514126
v -8.245336 0.455131 0.497081
v -8.230634 0.477238 0.470533
v -8.221194 0.491432 0.437081
v -8.217941 0.496323 0.399999
v -8.217941 0.496323 -0.400001
v -8.221194 0.491432 -0.437083
v -8.230634 0.477238 -0.470535
v -8.245336 0.455131 -0.497083
v -8.263862 0.427275 -0.514128
v -8.284397 0.396395 -0.520001
v -8.311991 0.415200 0.519999
v -8.356799 0.490611 0.514126
v -8.397221 0.558639 0.497081
v -8.429300 0.612627 0.470533
v -8.449896 0.647290 0.437081
v -8.456993 0.659234 0.399999
v -8.456993 0.659234 -0.400001
v -8.449896 0.647290 -0.437083
v -8.429300 0.612628 -0.470535
v -8.397221 0.558640 -0.497083
v -8.356799 0.490611 -0.514128
v -8.311991 0.415200 -0.520001
v -8.283964 0.134940 0.519999
v -8.319028 0.112912 0.514126
v -8.350660 0.093039 0.497081
v -8.375763 0.077269 0.470533
v -8.391880 0.067143 0.437081
v -8.397434 0.063654 0.399999
v -8.397434 0.063654 -0.400001
v -8.391880 0.067143 -0.437083
v -8.375763 0.077269 -0.470535
v -8.350660 0.093039 -0.497083
v -8.319028 0.112912 -0.514128
v -8.283964 0.134940 -0.520001
v -7.490876 1.118364 0.519999
v -7.502923 1.083292 0.514126
v -7.513792 1.051654 0.497081
v -7.522417 1.026546 0.470533
v -7.527955 1.010425 0.437081
v -7.529863 1.004870 0.399999
v -7.529863 1.004870 -0.400001
v -7.527955 1.010425 -0.437083
v -7.522417 1.026546 -0.470535
v -7.513792 1.051654 -0.497083
v -7.502923 1.083292 -0.514128
v -7.490876 1.118364 -0.520001
v -7.393257 1.084061 0.519999
v -7.405948 1.049216 0.514126
v -7.417397 1.017781 0.497081
v -7.426483 0.992835 0.470533
v -7.432316 0.976818 0.437081
v -7.434326 0.971300 0.399999
v -7.434326 0.971300 -0.400001
v -7.432316 0.976819 -0.437083
v -7.426483 0.992835 -0.470535
v -7.417397 1.017781 -0.497083
v -7.405948 1.049216 -0.514128
v -7.393257 1.084061 -0.520001
v -7.299722 1.048785 0.519999
v -7.313377 1.014304 0.514126
v -7.325696 0.983197 0.497081
v -7.335471 0.958511 0.470533
v -7.341748 0.942662 0.437081
v -7.343911 0.937200 0.399999
v -7.343911 0.937200 -0.400001
v -7.341748 0.942662 -0.437083
v -7.335471 0.958511 -0.470535
v -7.325696 0.983197 -0.497083
v -7.313377 1.014304 -0.514128
v -7.299722 1.048785 -0.520001
v -7.211230 1.012050 0.519999
v -7.226219 0.978122 0.514126
v -7.239740 0.947515 0.497081
v -7.250471 0.923225 0.470533
v -7.257360 0.907630 0.437081
v -7.259734 0.902256 0.399999
v -7.259734 0.902256 -0.400001
v -7.257360 0.907630 -0.437083
v -7.250471 0.923225 -0.470535
v -7.239740 0.947515 -0.497083
v -7.226219 0.978122 -0.514128
v -7.211230 1.012050 -0.520001
v -7.128743 0.973368 0.519999
v -7.145495 0.940267 0.514126
v -7.160608 0.910406 0.497081
v -7.172602 0.886709 0.470533
v -7.180302 0.871494 0.437081
v -7.182955 0.866251 0.399999
v -7.182955 0.866251 -0.400001
v -7.180302 0.871494 -0.437083
v -7.172602 0.886709 -0.470535
v -7.160608 0.910407 -0.497083
v -7.145495 0.940267 -0.514128
v -7.128743 0.973368 -0.520001
v -7.053221 0.932254 0.519999
v -7.072236 0.900384 0.514126
v -7.089390 0.871635 0.497081
v -7.103003 0.848819 0.470533
v -7.111743 0.834170 0.437081
v -7.114755 0.829123 0.399999
v -7.114755 0.829123 -0.400001
v -7.111743 0.834170 -0.437083
v -7.103003 0.848819 -0.470535
v -7.089390 0.871635 -0.497083
v -7.072236 0.900385 -0.514128
v -7.053221 0.932254 -0.520001
v -6.985625 0.888220 0.519999
v -7.007455 0.858184 0.514126
v -7.027148 0.831089 0.497081
v -7.042777 0.809586 0.470533
v -7.052811 0.795780 0.437081
v -7.056269 0.791023 0.399999
v -7.056269 0.791023 -0.400001
v -7.052811 0.795781 -0.437083
v -7.042777 0.809586 -0.470535
v -7.027148 0.831089 -0.497083
v -7.007455 0.858185 -0.514128
v -6.985625 0.888220 -0.520001
v -6.926914 0.840780 0.519999
v -6.952104 0.813459 0.514126
v -6.974827 0.788812 0.497081
v -6.992861 0.769253 0.470533
v -7.004439 0.756694 0.437081
v -7.008429 0.752367 0.399999
v -7.008429 0.752367 -0.400001
v -7.004439 0.756695 -0.437083
v -6.992861 0.769253 -0.470535
v -6.974827 0.788812 -0.497083
v -6.952104 0.813459 -0.514128
v -6.926914 0.840780 -0.520001
v -6.878050 0.789448 0.519999
v -6.906978 0.766054 0.514126
v -6.933074 0.744950 0.497081
v -6.953784 0.728201 0.470533
v -6.967080 0.717448 0.437081
v -6.971662 0.713743 0.399999
v -6.971662 0.713743 -0.400001
v -6.967080 0.717448 -0.437083
v -6.953784 0.728201 -0.470535
v -6.933074 0.744950 -0.497083
v -6.906978 0.766054 -0.514128
v -6.878050 0.789448 -0.520001
v -6.839993 0.733736 0.519999
v -6.872605 0.715735 0.514126
v -6.902024 0.699496 0.497081
v -6.925371 0.686608 0.470533
v -6.940361 0.678334 0.437081
v -6.945526 0.675483 0.399999
v -6.945526 0.675483 -0.400001
v -6.940361 0.678334 -0.437083
v -6.925371 0.686608 -0.470535
v -6.902024 0.699496 -0.497083
v -6.872605 0.715735 -0.514128
v -6.839993 0.733736 -0.520001
v -6.813704 0.673159 0.519999
v -6.849252 0.661923 0.514126
v -6.881319 0.651787 0.497081
v -6.906768 0.643742 0.470533
v -6.923107 0.638578 0.437081
v -6.928738 0.636798 0.399999
v -6.928738 0.636798 -0.400001
v -6.923107 0.638578 -0.437083
v -6.906768 0.643742 -0.470535
v -6.881319 0.651787 -0.497083
v -6.849252 0.661923 -0.514128
v -6.813704 0.673159 -0.520001
v -6.800143 0.607230 0.519999
v -6.837080 0.602747 0.514126
v -6.870400 0.598704 0.497081
v -6.896844 0.595495 0.470533
v -6.913822 0.593434 0.437081
v -6.919672 0.592724 0.399999
v -6.919672 0.592724 -0.400001
v -6.913822 0.593434 -0.437083
v -6.896844 0.595495 -0.470535
v -6.870400 0.598704 -0.497083
v -6.837080 0.602748 -0.514128
v -6.800143 0.607230 -0.520001
v -6.798334 0.560457 0.519999
v -6.835480 0.561413 0.514126
v -6.868991 0.562276 0.497081
v -6.895585 0.562960 0.470533
v -6.912660 0.563400 0.437081
v -6.918543 0.563551 0.399999
v -6.918543 0.563552 -0.400001
v -6.912660 0.563400 -0.437083
v -6.895585 0.562961 -0.470535
v -6.868991 0.562276 -0.497083
v -6.835480 0.561413 -0.514128
v -6.798334 0.560457 -0.520001
v -6.802322 0.516333 0.519999
v -6.839025 0.522197 0.514126
v -6.872136 0.527488 0.497081
v -6.898412 0.531686 0.470533
v -6.915283 0.534382 0.437081
v -6.921096 0.535311 0.399999
v -6.921096 0.535311 -0.400001
v -6.915283 0.534382 -0.437083
v -6.898412 0.531686 -0.470535
v -6.872136 0.527488 -0.497083
v -6.839025 0.522198 -0.514128
v -6.802322 0.516333 -0.520001
v -6.811828 0.475128 0.519999
v -6.847363 0.486057 0.514126
v -6.879419 0.495917 0.497081
v -6.904859 0.503741 0.470533
v -6.921193 0.508764 0.437081
v -6.926821 0.510495 0.399999
v -6.926821 0.510496 -0.400001
v -6.921193 0.508765 -0.437083
v -6.904859 0.503741 -0.470535
v -6.879419 0.495917 -0.497083
v -6.847363 0.486057 -0.514128
v -6.811828 0.475128 -0.520001
v -6.826573 0.437113 0.519999
v -6.860150 0.453090 0.514126
v -6.890440 0.467503 0.497081
v -6.914478 0.478942 0.470533
v -6.929912 0.486285 0.437081
v -6.935230 0.488816 0.399999
v -6.935230 0.488816 -0.400001
v -6.929912 0.486285 -0.437083
v -6.914478 0.478942 -0.470535
v -6.890440 0.467503 -0.497083
v -6.860150 0.453090 -0.514128
v -6.826573 0.437113 -0.520001
v -6.846278 0.402558 0.519999
v -6.877101 0.423364 0.514126
v -6.904907 0.442134 0.497081
v -6.926973 0.457029 0.470533
v -6.941141 0.466593 0.437081
v -6.946023 0.469888 0.399999
v -6.946023 0.469888 -0.400001
v -6.941141 0.466593 -0.437083
v -6.926973 0.457029 -0.470535
v -6.904907 0.442134 -0.497083
v -6.877101 0.423364 -0.514128
v -6.846278 0.402559 -0.520001
v -6.870662 0.371734 0.519999
v -6.898000 0.396946 0.514126
v -6.922662 0.419689 0.497081
v -6.942234 0.437739 0.470533
v -6.954799 0.449328 0.437081
v -6.959129 0.453321 0.399999
v -6.959129 0.453321 -0.400001
v -6.954799 0.449328 -0.437083
v -6.942234 0.437739 -0.470535
v -6.922662 0.419689 -0.497083
v -6.898000 0.396946 -0.514128
v -6.870662 0.371734 -0.520001
v -6.899447 0.344910 0.519999
v -6.922699 0.373929 0.514126
v -6.943674 0.400108 0.497081
v -6.960320 0.420884 0.470533
v -6.971008 0.434223 0.437081
v -6.974691 0.438819 0.399999
v -6.974691 0.438819 -0.400001
v -6.971008 0.434223 -0.437083
v -6.960320 0.420884 -0.470535
v -6.943674 0.400109 -0.497083
v -6.922699 0.373930 -0.514128
v -6.899447 0.344910 -0.520001
v -6.932354 0.322357 0.519999
v -6.951095 0.354468 0.514126
v -6.968000 0.383436 0.497081
v -6.981417 0.406425 0.470533
v -6.990031 0.421185 0.437081
v -6.993000 0.426271 0.399999
v -6.993000 0.426271 -0.400001
v -6.990031 0.421185 -0.437083
v -6.981417 0.406425 -0.470535
v -6.968000 0.383436 -0.497083
v -6.951095 0.354468 -0.514128
v -6.932354 0.322357 -0.520001
v -6.969102 0.304345 0.519999
v -6.983100 0.338781 0.514126
v -6.995728 0.369846 0.497081
v -7.005749 0.394499 0.470533
v -7.012184 0.410327 0.437081
v -7.014400 0.415782 0.399999
v -7.014400 0.415782 -0.400001
v -7.012184 0.410328 -0.437083
v -7.005749 0.394499 -0.470535
v -6.995728 0.369846 -0.497083
v -6.983100 0.338781 -0.514128
v -6.969102 0.304345 -0.520001
v -7.009414 0.291145 0.519999
v -7.018618 0.327150 0.514126
v -7.026922 0.359631 0.497081
v -7.033512 0.385408 0.470533
v -7.037743 0.401958 0.437081
v -7.039200 0.407661 0.399999
v -7.039200 0.407661 -0.400001
v -7.037743 0.401958 -0.437083
v -7.033512 0.385408 -0.470535
v -7.026922 0.359631 -0.497083
v -7.018618 0.327150 -0.514128
v -7.009414 0.291145 -0.520001
v -7.053008 0.283026 0.519999
v -7.057519 0.319906 0.514126
v -7.061588 0.353175 0.497081
v -7.064817 0.379578 0.470533
v -7.066891 0.396530 0.437081
v -7.067605 0.402371 0.399999
v -7.067605 0.402371 -0.400001
v -7.066891 0.396530 -0.437083
v -7.064817 0.379578 -0.470535
v -7.061588 0.353175 -0.497083
v -7.057519 0.319906 -0.514128
v -7.053008 0.283026 -0.520001
v -7.099607 0.280260 0.519999
v -7.099940 0.317388 0.514126
v -7.100242 0.350881 0.497081
v -7.100481 0.377461 0.470533
v -7.100634 0.394527 0.437081
v -7.100687 0.400407 0.399999
v -7.100687 0.400407 -0.400001
v -7.100634 0.394527 -0.437083
v -7.100481 0.377461 -0.470535
v -7.100242 0.350881 -0.497083
v -7.099940 0.317388 -0.514128
v -7.099607 0.280260 -0.520001
v -7.135870 0.281759 0.519999
v -7.132840 0.318747 0.514126
v -7.130106 0.352115 0.497081
v -7.127937 0.378596 0.470533
v -7.126544 0.395598 0.437081
v -7.126064 0.401456 0.399999
v -7.126064 0.401456 -0.400001
v -7.126544 0.395598 -0.437083
v -7.127937 0.378596 -0.470535
v -7.130106 0.352115 -0.497083
v -7.132840 0.318747 -0.514128
v -7.135870 0.281759 -0.520001
v -7.171995 0.286195 0.519999
v -7.166048 0.322825 0.514126
v -7.160682 0.355870 0.497081
v -7.156424 0.382094 0.470533
v -7.153690 0.398931 0.437081
v -7.152748 0.404733 0.399999
v -7.152748 0.404733 -0.400001
v -7.153690 0.398931 -0.437083
v -7.156424 0.382094 -0.470535
v -7.160682 0.355870 -0.497083
v -7.166048 0.322825 -0.514128
v -7.171995 0.286195 -0.520001
v -7.207972 0.293478 0.519999
v -7.199277 0.329552 0.514126
v -7.191433 0.362095 0.497081
v -7.185208 0.387921 0.470533
v -7.181212 0.404503 0.437081
v -7.179835 0.410216 0.399999
v -7.179835 0.410216 -0.400001
v -7.181212 0.404503 -0.437083
v -7.185208 0.387921 -0.470535
v -7.191433 0.362095 -0.497083
v -7.199277 0.329552 -0.514128
v -7.207972 0.293478 -0.520001
v -7.243793 0.303519 0.519999
v -7.232550 0.338879 0.514126
v -7.222408 0.370778 0.497081
v -7.214360 0.396093 0.470533
v -7.209192 0.412346 0.437081
v -7.207412 0.417946 0.399999
v -7.207412 0.417946 -0.400001
v -7.209192 0.412346 -0.437083
v -7.214360 0.396093 -0.470535
v -7.222408 0.370778 -0.497083
v -7.232550 0.338879 -0.514128
v -7.243793 0.303519 -0.520001
v -7.279447 0.316227 0.519999
v -7.265872 0.350755 0.514126
v -7.253627 0.381904 0.497081
v -7.243908 0.406624 0.470533
v -7.237669 0.422495 0.437081
v -7.235519 0.427964 0.399999
v -7.235519 0.427964 -0.400001
v -7.237669 0.422495 -0.437083
v -7.243908 0.406624 -0.470535
v -7.253627 0.381904 -0.497083
v -7.265872 0.350756 -0.514128
v -7.279447 0.316227 -0.520001
v -7.314927 0.331511 0.519999
v -7.299239 0.365130 0.514126
v -7.285087 0.395457 0.497081
v -7.273855 0.419525 0.470533
v -7.266644 0.434978 0.437081
v -7.264160 0.440303 0.399999
v -7.264160 0.440303 -0.400001
v -7.266644 0.434978 -0.437083
v -7.273855 0.419525 -0.470535
v -7.285087 0.395457 -0.497083
v -7.299239 0.365130 -0.514128
v -7.314927 0.331511 -0.520001
v -7.350223 0.349283 0.519999
v -7.332634 0.381944 0.514126
v -7.316768 0.411409 0.497081
v -7.304176 0.434792 0.470533
v -7.296092 0.449805 0.437081
v -7.293306 0.454978 0.399999
v -7.293306 0.454978 -0.400001
v -7.296092 0.449805 -0.437083
v -7.304176 0.434792 -0.470535
v -7.316768 0.411409 -0.497083
v -7.332634 0.381944 -0.514128
v -7.350223 0.349283 -0.520001
v -7.385325 0.369451 0.519999
v -7.366038 0.401136 0.514126
v -7.348639 0.429720 0.497081
v -7.334830 0.452404 0.470533
v -7.325965 0.466968 0.437081
v -7.322910 0.471987 0.399999
v -7.322910 0.471987 -0.400001
v -7.325965 0.466968 -0.437083
v -7.334830 0.452404 -0.470535
v -7.348639 0.429720 -0.497083
v -7.366038 0.401136 -0.514128
v -7.385325 0.369451 -0.520001
v -7.420227 0.391926 0.519999
v -7.399426 0.422637 0.514126
v -7.380661 0.450341 0.497081
v -7.365768 0.472327 0.470533
v -7.356207 0.486443 0.437081
v -7.352912 0.491307 0.399999
v -7.352912 0.491307 -0.400001
v -7.356207 0.486443 -0.437083
v -7.365768 0.472327 -0.470535
v -7.380661 0.450341 -0.497083
v -7.399426 0.422637 -0.514128
v -7.420227 0.391926 -0.520001
v -7.454917 0.416618 0.519999
v -7.432770 0.446370 0.514126
v -7.412791 0.473211 0.497081
v -7.396936 0.494511 0.470533
v -7.386756 0.508187 0.437081
v -7.383249 0.512900 0.399999
v -7.383249 0.512900 -0.400001
v -7.386756 0.508187 -0.437083
v -7.396936 0.494511 -0.470535
v -7.412791 0.473211 -0.497083
v -7.432770 0.446370 -0.514128
v -7.454917 0.416618 -0.520001
v -7.489388 0.443436 0.519999
v -7.466046 0.472259 0.514126
v -7.444989 0.498261 0.497081
v -7.428278 0.518896 0.470533
v -7.417550 0.532144 0.437081
v -7.413853 0.536709 0.399999
v -7.413853 0.536709 -0.400001
v -7.417550 0.532144 -0.437083
v -7.428278 0.518896 -0.470535
v -7.444989 0.498261 -0.497083
v -7.466046 0.472259 -0.514128
v -7.489388 0.443436 -0.520001
v -7.523629 0.472290 0.519999
v -7.488228 0.490951 0.514126
v -7.456293 0.507786 0.497081
v -7.430949 0.521146 0.470533
v -7.414677 0.529723 0.437081
v -7.409070 0.532679 0.399999
v -7.409070 0.532679 -0.400001
v -7.414677 0.529723 -0.437083
v -7.430949 0.521146 -0.470535
v -7.456293 0.507786 -0.497083
v -7.488228 0.490951 -0.514128
v -7.523629 0.472290 -0.520001
v -7.591619 1.152180 0.519999
v -7.549010 1.098762 0.514126
v -7.510572 1.050573 0.497081
v -7.480067 1.012330 0.470533
v -7.460482 0.987776 0.437081
v -7.453733 0.979316 0.399999
v -7.453733 0.979316 -0.400001
v -7.460482 0.987777 -0.437083
v -7.480067 1.012330 -0.470535
v -7.510572 1.050573 -0.497083
v -7.549010 1.098762 -0.514128
v -7.591619 1.152180 -0.520001
v -9.344800 2.024100 0.519999
v -9.328890 2.061182 0.514126
v -9.314537 2.094634 0.497081
v -9.303147 2.121182 0.470533
v -9.295835 2.138227 0.437081
v -9.293314 2.144100 0.399999
v -9.293314 2.144100 -0.400001
v -9.295835 2.138227 -0.437083
v -9.303147 2.121182 -0.470535
v -9.314537 2.094634 -0.497083
v -9.328890 2.061182 -0.514128
v -9.344800 2.024100 -0.520001
v -9.395980 2.077925 0.519999
v -9.369939 2.104353 0.514126
v -9.346447 2.128193 0.497081
v -9.327804 2.147113 0.470533
v -9.315834 2.159260 0.437081
v -9.311709 2.163445 0.399999
v -9.311709 2.163445 -0.400001
v -9.315834 2.159260 -0.437083
v -9.327804 2.147113 -0.470535
v -9.346447 2.128193 -0.497083
v -9.369939 2.104353 -0.514128
v -9.395980 2.077925 -0.520001
v -9.449929 2.127732 0.519999
v -9.425662 2.155797 0.514126
v -9.403770 2.181115 0.497081
v -9.386397 2.201207 0.470533
v -9.375243 2.214107 0.437081
v -9.371400 2.218552 0.399999
v -9.371400 2.218552 -0.400001
v -9.375243 2.214107 -0.437083
v -9.386397 2.201207 -0.470535
v -9.403770 2.181115 -0.497083
v -9.425662 2.155797 -0.514128
v -9.449929 2.127732 -0.520001
v -9.506348 2.173394 0.519999
v -9.483961 2.202981 0.514126
v -9.463765 2.229671 0.497081
v -9.447739 2.250853 0.470533
v -9.437449 2.264452 0.437081
v -9.433903 2.269139 0.399999
v -9.433903 2.269139 -0.400001
v -9.437449 2.264452 -0.437083
v -9.447739 2.250853 -0.470535
v -9.463765 2.229671 -0.497083
v -9.483961 2.202981 -0.514128
v -9.506348 2.173394 -0.520001
v -9.564934 2.214785 0.519999
v -9.544536 2.245776 0.514126
v -9.526134 2.273734 0.497081
v -9.511530 2.295922 0.470533
v -9.502154 2.310167 0.437081
v -9.498923 2.315075 0.399999
v -9.498923 2.315075 -0.400001
v -9.502154 2.310167 -0.437083
v -9.511530 2.295922 -0.470535
v -9.526134 2.273734 -0.497083
v -9.544536 2.245776 -0.514128
v -9.564934 2.214785 -0.520001
v -9.625387 2.251778 0.519999
v -9.607089 2.284055 0.514126
v -9.590582 2.313173 0.497081
v -9.577482 2.336280 0.470533
v -9.569072 2.351116 0.437081
v -9.566174 2.356229 0.399999
v -9.566174 2.356229 -0.400001
v -9.569072 2.351116 -0.437083
v -9.577482 2.336280 -0.470535
v -9.590582 2.313173 -0.497083
v -9.607089 2.284055 -0.514128
v -9.625387 2.251778 -0.520001
v -9.687407 2.284249 0.519999
v -9.671327 2.317687 0.514125
v -9.656820 2.347852 0.497081
v -9.645308 2.371790 0.470533
v -9.637917 2.387160 0.437081
v -9.635369 2.392456 0.399999
v -9.635369 2.392456 -0.400001
v -9.637917 2.387160 -0.437083
v -9.645308 2.371790 -0.470535
v -9.656820 2.347852 -0.497083
v -9.671327 2.317687 -0.514128
v -9.687407 2.284249 -0.520001
v -9.750690 2.312070 0.519999
v -9.736952 2.346537 0.514125
v -9.724558 2.377631 0.497081
v -9.714723 2.402307 0.470533
v -9.708407 2.418150 0.437081
v -9.706231 2.423609 0.399999
v -9.706231 2.423609 -0.400001
v -9.708407 2.418150 -0.437083
v -9.714723 2.402307 -0.470535
v -9.724558 2.377631 -0.497083
v -9.736952 2.346537 -0.514128
v -9.750690 2.312070 -0.520001
v -9.814939 2.335115 0.519999
v -9.803673 2.370470 0.514125
v -9.793509 2.402364 0.497081
v -9.785444 2.427675 0.470533
v -9.780266 2.443925 0.437081
v -9.778481 2.449525 0.399999
v -9.778481 2.449525 -0.400001
v -9.780266 2.443925 -0.437083
v -9.785444 2.427675 -0.470535
v -9.793509 2.402364 -0.497083
v -9.803673 2.370470 -0.514128
v -9.814939 2.335115 -0.520001
v -9.879849 2.353259 0.519999
v -9.871194 2.389343 0.514125
v -9.863385 2.421895 0.497081
v -9.857188 2.447728 0.470533
v -9.853209 2.464314 0.437081
v -9.851838 2.470029 0.399999
v -9.851838 2.470029 -0.400001
v -9.853209 2.464314 -0.437083
v -9.857188 2.447728 -0.470536
v -9.863385 2.421895 -0.497083
v -9.871194 2.389343 -0.514128
v -9.879849 2.353259 -0.520001
v -9.945123 2.366375 0.519999
v -9.939219 2.403012 0.514125
v -9.933892 2.436063 0.497081
v -9.929665 2.462292 0.470533
v -9.926950 2.479132 0.437081
v -9.926016 2.484935 0.399999
v -9.926016 2.484935 -0.400001
v -9.926950 2.479132 -0.437083
v -9.929665 2.462292 -0.470536
v -9.933892 2.436063 -0.497083
v -9.939219 2.403012 -0.514128
v -9.945123 2.366375 -0.520001
v -10.010457 2.374338 0.519999
v -10.007446 2.411327 0.514125
v -10.004729 2.444696 0.497081
v -10.002574 2.471177 0.470533
v -10.001190 2.488179 0.437081
v -10.000712 2.494038 0.399999
v -10.000712 2.494038 -0.400001
v -10.001190 2.488179 -0.437083
v -10.002574 2.471177 -0.470536
v -10.004729 2.444696 -0.497083
v -10.007446 2.411327 -0.514128
v -10.010457 2.374338 -0.520001
v -10.075552 2.377020 0.519999
v -10.075871 2.414146 0.514125
v -10.076159 2.447639 0.497081
v -10.076387 2.474219 0.470533
v -10.076534 2.491284 0.437081
v -10.076585 2.497164 0.399999
v -10.076585 2.497164 -0.400001
v -10.076534 2.491284 -0.437083
v -10.076387 2.474219 -0.470536
v -10.076159 2.447639 -0.497083
v -10.075871 2.414146 -0.514128
v -10.075552 2.377020 -0.520001
v -10.183220 2.370728 0.519999
v -10.187715 2.407610 0.514125
v -10.191769 2.440882 0.497081
v -10.194986 2.467288 0.470533
v -10.197052 2.484241 0.437081
v -10.197763 2.490082 0.399999
v -10.197763 2.490082 -0.400001
v -10.197052 2.484241 -0.437083
v -10.194986 2.467288 -0.470536
v -10.191769 2.440882 -0.497083
v -10.187715 2.407610 -0.514128
v -10.183220 2.370728 -0.520001
v -10.285025 2.351767 0.519999
v -10.294341 2.387751 0.514125
v -10.302746 2.420213 0.497081
v -10.309417 2.445975 0.470533
v -10.313699 2.462515 0.437081
v -10.315174 2.468215 0.399999
v -10.315174 2.468215 -0.400001
v -10.313699 2.462515 -0.437083
v -10.309417 2.445975 -0.470536
v -10.302746 2.420213 -0.497083
v -10.294341 2.387751 -0.514128
v -10.285025 2.351767 -0.520001
v -10.380035 2.320011 0.519999
v -10.394443 2.354294 0.514125
v -10.407438 2.385221 0.497081
v -10.417752 2.409766 0.470533
v -10.424375 2.425524 0.437081
v -10.426657 2.430954 0.399999
v -10.426657 2.430954 -0.400001
v -10.424375 2.425524 -0.437083
v -10.417752 2.409766 -0.470536
v -10.407438 2.385221 -0.497083
v -10.394443 2.354294 -0.514128
v -10.380035 2.320011 -0.520001
v -10.467320 2.275334 0.519999
v -10.486866 2.306988 0.514125
v -10.504498 2.335542 0.497081
v -10.518491 2.358203 0.470533
v -10.527474 2.372753 0.437081
v -10.530570 2.377766 0.399999
v -10.530570 2.377766 -0.400001
v -10.527474 2.372753 -0.437083
v -10.518491 2.358203 -0.470536
v -10.504498 2.335542 -0.497083
v -10.486866 2.306988 -0.514128
v -10.467320 2.275334 -0.520001
v -10.545949 2.217611 0.519999
v -10.570372 2.245683 0.514125
v -10.592402 2.271008 0.497081
v -10.609887 2.291106 0.470533
v -10.621113 2.304010 0.437081
v -10.624981 2.308456 0.399999
v -10.624981 2.308456 -0.400001
v -10.621113 2.304010 -0.437083
v -10.609887 2.291106 -0.470536
v -10.592402 2.271008 -0.497083
v -10.570372 2.245683 -0.514128
v -10.545949 2.217611 -0.520001
v -10.614988 2.146714 0.519999
v -10.643691 2.170391 0.514125
v -10.669584 2.191751 0.497081
v -10.690132 2.208702 0.470533
v -10.703325 2.219585 0.437081
v -10.707871 2.223335 0.399999
v -10.707871 2.223335 -0.400001
v -10.703325 2.219585 -0.437083
v -10.690132 2.208702 -0.470536
v -10.669584 2.191751 -0.497083
v -10.643691 2.170391 -0.514128
v -10.614988 2.146714 -0.520001
v -10.673507 2.062517 0.519999
v -10.705633 2.081268 0.514125
v -10.734615 2.098184 0.497081
v -10.757615 2.111608 0.470533
v -10.772382 2.120227 0.437081
v -10.777471 2.123196 0.399999
v -10.777471 2.123196 -0.400001
v -10.772382 2.120227 -0.437083
v -10.757615 2.111608 -0.470536
v -10.734615 2.098184 -0.497083
v -10.705633 2.081268 -0.514128
v -10.673507 2.062517 -0.520001
v -10.720573 1.964895 0.519998
v -10.755160 1.978543 0.514125
v -10.786362 1.990854 0.497081
v -10.811124 2.000625 0.470533
v -10.827022 2.006898 0.437081
v -10.832500 2.009059 0.399998
v -10.832500 2.009059 -0.400001
v -10.827022 2.006898 -0.437084
v -10.811124 2.000625 -0.470536
v -10.786362 1.990854 -0.497083
v -10.755160 1.978543 -0.514128
v -10.720573 1.964895 -0.520001
v -10.755256 1.853722 0.519998
v -10.791390 1.862410 0.514125
v -10.823987 1.870247 0.497081
v -10.849856 1.876467 0.470533
v -10.866466 1.880460 0.437081
v -10.872189 1.881836 0.399998
v -10.872189 1.881836 -0.400001
v -10.866466 1.880460 -0.437084
v -10.849856 1.876467 -0.470536
v -10.823987 1.870247 -0.497083
v -10.791390 1.862410 -0.514128
v -10.755256 1.853722 -0.520001
v -10.776623 1.728871 0.519998
v -10.813543 1.732963 0.514125
v -10.846850 1.736656 0.497080
v -10.873282 1.739586 0.470533
v -10.890253 1.741467 0.437081
v -10.896101 1.742115 0.399998
v -10.896101 1.742115 -0.400001
v -10.890253 1.741467 -0.437084
v -10.873282 1.739586 -0.470536
v -10.846850 1.736656 -0.497084
v -10.813543 1.732963 -0.514128
v -10.776623 1.728871 -0.520001
v -10.783743 1.590215 0.519998
v -10.820875 1.590188 0.514125
v -10.854373 1.590164 0.497080
v -10.880957 1.590144 0.470533
v -10.898025 1.590132 0.437081
v -10.903906 1.590127 0.399998
v -10.903906 1.590127 -0.400001
v -10.898025 1.590132 -0.437084
v -10.880957 1.590144 -0.470536
v -10.854373 1.590164 -0.497084
v -10.820875 1.590188 -0.514128
v -10.783743 1.590215 -0.520001
v -10.775683 1.437630 0.519998
v -10.812668 1.434806 0.514125
v -10.846032 1.432258 0.497080
v -10.872510 1.430236 0.470533
v -10.889510 1.428937 0.437080
v -10.895368 1.428490 0.399998
v -10.895368 1.428490 -0.400002
v -10.889510 1.428937 -0.437084
v -10.872510 1.430236 -0.470536
v -10.846032 1.432258 -0.497084
v -10.812668 1.434806 -0.514128
v -10.775683 1.437630 -0.520001
v -10.631920 0.000000 0.519998
v -10.665479 -0.037082 0.514125
v -10.695752 -0.070534 0.497080
v -10.719778 -0.097082 0.470533
v -10.735203 -0.114127 0.437080
v -10.740519 -0.120000 0.399998
v -10.740519 -0.120000 -0.400002
v -10.735203 -0.114127 -0.437084
v -10.719778 -0.097082 -0.470536
v -10.695752 -0.070534 -0.497084
v -10.665479 -0.037082 -0.514128
v -10.631920 0.000000 -0.520002
v -10.170011 0.000000 0.519998
v -10.129035 -0.037082 0.514125
v -10.092072 -0.070534 0.497080
v -10.062737 -0.097082 0.470533
v -10.043902 -0.114127 0.437081
v -10.037412 -0.120000 0.399998
v -10.037412 -0.120000 -0.400001
v -10.043902 -0.114127 -0.437084
v -10.062737 -0.097082 -0.470536
v -10.092072 -0.070534 -0.497084
v -10.129035 -0.037082 -0.514128
v -10.170011 0.000000 -0.520002
v -10.314292 1.442820 0.519999
v -10.277314 1.445708 0.514125
v -10.243956 1.448313 0.497081
v -10.217482 1.450380 0.470533
v -10.200485 1.451708 0.437081
v -10.194628 1.452165 0.399999
v -10.194628 1.452165 -0.400001
v -10.200485 1.451708 -0.437083
v -10.217482 1.450380 -0.470536
v -10.243956 1.448313 -0.497083
v -10.277314 1.445708 -0.514128
v -10.314292 1.442820 -0.520001
v -10.318967 1.525908 0.519999
v -10.281845 1.526245 0.514125
v -10.248357 1.526549 0.497081
v -10.221781 1.526791 0.470533
v -10.204718 1.526946 0.437081
v -10.198838 1.526999 0.399999
v -10.198838 1.526999 -0.400001
v -10.204718 1.526946 -0.437083
v -10.221781 1.526791 -0.470536
v -10.248357 1.526549 -0.497083
v -10.281845 1.526245 -0.514128
v -10.318967 1.525908 -0.520001
v -10.316008 1.603662 0.519999
v -10.279026 1.600305 0.514125
v -10.245666 1.597277 0.497081
v -10.219190 1.594873 0.470533
v -10.202191 1.593330 0.437081
v -10.196334 1.592799 0.399999
v -10.196334 1.592799 -0.400001
v -10.202191 1.593330 -0.437083
v -10.219190 1.594873 -0.470536
v -10.245666 1.597277 -0.497083
v -10.279026 1.600305 -0.514128
v -10.316008 1.603662 -0.520001
v -10.305632 1.675721 0.519999
v -10.269238 1.668282 0.514125
v -10.236407 1.661571 0.497081
v -10.210353 1.656245 0.470533
v -10.193624 1.652825 0.437081
v -10.187860 1.651647 0.399999
v -10.187860 1.651647 -0.400001
v -10.193624 1.652825 -0.437083
v -10.210353 1.656245 -0.470536
v -10.236407 1.661571 -0.497083
v -10.269238 1.668282 -0.514128
v -10.305632 1.675721 -0.520001
v -10.288054 1.741725 0.519999
v -10.252846 1.729838 0.514125
v -10.221084 1.719114 0.497081
v -10.195877 1.710603 0.470533
v -10.179693 1.705139 0.437081
v -10.174117 1.703256 0.399999
v -10.174117 1.703256 -0.400001
v -10.179693 1.705139 -0.437083
v -10.195877 1.710603 -0.470536
v -10.221084 1.719114 -0.497083
v -10.252846 1.729838 -0.514128
v -10.288054 1.741725 -0.520001
v -10.263493 1.801314 0.519999
v -10.230231 1.784702 0.514125
v -10.200226 1.769716 0.497081
v -10.176414 1.757823 0.470533
v -10.161125 1.750187 0.437081
v -10.155857 1.747556 0.399999
v -10.155857 1.747556 -0.400001
v -10.161125 1.750187 -0.437083
v -10.176414 1.757823 -0.470536
v -10.200226 1.769716 -0.497083
v -10.230231 1.784702 -0.514128
v -10.263493 1.801314 -0.520001
v -10.232162 1.854127 0.519999
v -10.201757 1.832699 0.514125
v -10.174329 1.813369 0.497081
v -10.152562 1.798028 0.470533
v -10.138587 1.788179 0.437081
v -10.133771 1.784785 0.399999
v -10.133771 1.784785 -0.400001
v -10.138587 1.788179 -0.437083
v -10.152562 1.798028 -0.470536
v -10.174329 1.813369 -0.497083
v -10.201757 1.832699 -0.514128
v -10.232162 1.854127 -0.520001
v -10.194278 1.899804 0.519999
v -10.167706 1.873755 0.514125
v -10.143736 1.850255 0.497081
v -10.124713 1.831606 0.470533
v -10.112499 1.819632 0.437081
v -10.108291 1.815506 0.399999
v -10.108291 1.815506 -0.400001
v -10.112499 1.819632 -0.437083
v -10.124713 1.831606 -0.470536
v -10.143736 1.850255 -0.497083
v -10.167706 1.873755 -0.514128
v -10.194278 1.899804 -0.520001
v -10.150059 1.937984 0.519999
v -10.128217 1.907851 0.514125
v -10.108514 1.880667 0.497081
v -10.092876 1.859094 0.470533
v -10.082837 1.845244 0.437081
v -10.079378 1.840471 0.399999
v -10.079378 1.840471 -0.400001
v -10.082837 1.845244 -0.437083
v -10.092876 1.859094 -0.470536
v -10.108514 1.880667 -0.497083
v -10.128217 1.907851 -0.514128
v -10.150059 1.937984 -0.520001
v -10.099719 1.968307 0.519999
v -10.083255 1.934935 0.514125
v -10.068401 1.904830 0.497081
v -10.056614 1.880938 0.470533
v -10.049047 1.865598 0.437081
v -10.046438 1.860313 0.399999
v -10.046438 1.860313 -0.400001
v -10.049047 1.865598 -0.437083
v -10.056614 1.880938 -0.470536
v -10.068401 1.904830 -0.497083
v -10.083255 1.934935 -0.514128
v -10.099719 1.968307 -0.520001
v -10.043476 1.990413 0.519999
v -10.032669 1.954817 0.514125
v -10.022919 1.922706 0.497081
v -10.015182 1.897222 0.470533
v -10.010214 1.880861 0.437081
v -10.008502 1.875223 0.399999
v -10.008502 1.875223 -0.400001
v -10.010214 1.880861 -0.437083
v -10.015182 1.897222 -0.470536
v -10.022919 1.922706 -0.497083
v -10.032669 1.954817 -0.514128
v -10.043476 1.990413 -0.520001
v -9.981545 2.003941 0.519999
v -9.976301 1.967130 0.514125
v -9.971570 1.933922 0.497081
v -9.967815 1.907569 0.470533
v -9.965405 1.890649 0.437081
v -9.964574 1.884818 0.399999
v -9.964574 1.884818 -0.400001
v -9.965405 1.890649 -0.437083
v -9.967815 1.907569 -0.470536
v -9.971570 1.933922 -0.497083
v -9.976301 1.967130 -0.514128
v -9.981545 2.003941 -0.520001
v -9.914144 2.008530 0.519999
v -9.913616 1.971398 0.514125
v -9.913140 1.937901 0.497081
v -9.912763 1.911317 0.470533
v -9.912519 1.894249 0.437081
v -9.912436 1.888368 0.399999
v -9.912436 1.888368 -0.400001
v -9.912519 1.894249 -0.437083
v -9.912763 1.911317 -0.470536
v -9.913140 1.937901 -0.497083
v -9.913616 1.971398 -0.514128
v -9.914144 2.008530 -0.520001
v -9.864153 2.006551 0.519999
v -9.867170 1.969559 0.514125
v -9.869892 1.936189 0.497081
v -9.872053 1.909706 0.470533
v -9.873440 1.892702 0.437081
v -9.873918 1.886843 0.399999
v -9.873918 1.886843 -0.400001
v -9.873440 1.892702 -0.437083
v -9.872053 1.909706 -0.470536
v -9.869892 1.936189 -0.497083
v -9.867170 1.969559 -0.514128
v -9.864153 2.006551 -0.520001
v -9.815139 2.000481 0.519999
v -9.821310 1.963880 0.514125
v -9.826877 1.930861 0.497081
v -9.831295 1.904658 0.470533
v -9.834131 1.887834 0.437081
v -9.835109 1.882037 0.399999
v -9.835109 1.882037 -0.400001
v -9.834131 1.887834 -0.437083
v -9.831295 1.904658 -0.470536
v -9.826877 1.930861 -0.497083
v -9.821310 1.963880 -0.514128
v -9.815139 2.000481 -0.520001
v -9.766741 1.990122 0.519999
v -9.776103 1.954204 0.514125
v -9.784550 1.921802 0.497081
v -9.791252 1.896087 0.470533
v -9.795556 1.879578 0.437081
v -9.797038 1.873889 0.399999
v -9.797038 1.873889 -0.400001
v -9.795556 1.879578 -0.437083
v -9.791252 1.896087 -0.470536
v -9.784550 1.921802 -0.497083
v -9.776103 1.954204 -0.514128
v -9.766741 1.990122 -0.520001
v -9.718597 1.975276 0.519999
v -9.731041 1.940308 0.514125
v -9.742266 1.908763 0.497081
v -9.751174 1.883728 0.470533
v -9.756893 1.867655 0.437081
v -9.758864 1.862117 0.399999
v -9.758864 1.862117 -0.400001
v -9.756893 1.867655 -0.437083
v -9.751174 1.883728 -0.470536
v -9.742266 1.908763 -0.497083
v -9.731041 1.940308 -0.514128
v -9.718597 1.975276 -0.520001
v -9.670345 1.955744 0.519999
v -9.685633 1.921927 0.514125
v -9.699424 1.891421 0.497081
v -9.710369 1.867211 0.470533
v -9.717396 1.851667 0.437081
v -9.719817 1.846311 0.399999
v -9.719817 1.846311 -0.400001
v -9.717396 1.851667 -0.437083
v -9.710369 1.867211 -0.470536
v -9.699424 1.891421 -0.497083
v -9.685633 1.921927 -0.514128
v -9.670345 1.955744 -0.520001
v -9.621623 1.931329 0.519999
v -9.639437 1.898778 0.514125
v -9.655506 1.869413 0.497081
v -9.668259 1.846109 0.470533
v -9.676447 1.831147 0.437081
v -9.679268 1.825992 0.399999
v -9.679268 1.825992 -0.400001
v -9.676447 1.831147 -0.437083
v -9.668259 1.846109 -0.470536
v -9.655506 1.869413 -0.497083
v -9.639437 1.898778 -0.514128
v -9.621623 1.931329 -0.520001
v -9.572068 1.901832 0.519999
v -9.592052 1.870573 0.514125
v -9.610082 1.842374 0.497081
v -9.624389 1.819996 0.470533
v -9.633574 1.805628 0.437081
v -9.636740 1.800677 0.399999
v -9.636740 1.800677 -0.400001
v -9.633574 1.805628 -0.437083
v -9.624389 1.819996 -0.470536
v -9.610082 1.842374 -0.497083
v -9.592052 1.870573 -0.514128
v -9.572068 1.901832 -0.520001
v -9.521318 1.867054 0.519999
v -9.543124 1.837044 0.514125
v -9.562795 1.809971 0.497081
v -9.578406 1.788486 0.470533
v -9.588429 1.774691 0.437081
v -9.591883 1.769938 0.399999
v -9.591883 1.769938 -0.400001
v -9.588429 1.774691 -0.437083
v -9.578406 1.788486 -0.470536
v -9.562795 1.809971 -0.497083
v -9.543124 1.837044 -0.514128
v -9.521318 1.867054 -0.520001
v -9.469012 1.826799 0.519999
v -9.492317 1.797942 0.514125
v -9.513341 1.771910 0.497081
v -9.530025 1.751251 0.470533
v -9.540737 1.737987 0.437081
v -9.544428 1.733416 0.399999
v -9.544428 1.733416 -0.400001
v -9.540737 1.737987 -0.437083
v -9.530025 1.751251 -0.470536
v -9.513341 1.771910 -0.497083
v -9.492317 1.797942 -0.514128
v -9.469012 1.826799 -0.520001
v -9.414786 1.780867 0.519999
v -9.439309 1.753042 0.514125
v -9.461432 1.727941 0.497081
v -9.478989 1.708020 0.470533
v -9.490260 1.695230 0.437081
v -9.494144 1.690823 0.399999
v -9.494144 1.690823 -0.400001
v -9.490260 1.695230 -0.437083
v -9.478989 1.708020 -0.470536
v -9.461432 1.727941 -0.497083
v -9.439309 1.753042 -0.514128
v -9.414786 1.780867 -0.520001
v -9.358279 1.729060 0.519999
v -9.383783 1.702134 0.514125
v -9.406791 1.677844 0.497081
v -9.425049 1.658568 0.470533
v -9.436772 1.646191 0.437081
v -9.440811 1.641927 0.399999
v -9.440811 1.641927 -0.400001
v -9.436772 1.646191 -0.437083
v -9.425049 1.658568 -0.470536
v -9.406791 1.677844 -0.497083
v -9.383783 1.702134 -0.514128
v -9.358279 1.729060 -0.520001
v -9.299129 1.671180 0.519999
v -9.334687 1.654093 0.514125
v -9.366764 1.638678 0.497081
v -9.392221 1.626445 0.470533
v -9.408566 1.618591 0.437081
v -9.414198 1.615884 0.399999
v -9.414198 1.615884 -0.400001
v -9.408566 1.618591 -0.437083
v -9.392221 1.626445 -0.470535
v -9.366764 1.638678 -0.497083
v -9.334687 1.654093 -0.514128
v -9.299129 1.671180 -0.520001
v -9.132010 0.000000 0.519999
v -9.165569 -0.037082 0.514125
v -9.195843 -0.070534 0.497081
v -9.219869 -0.097082 0.470533
v -9.235293 -0.114127 0.437081
v -9.240609 -0.120000 0.399999
v -9.240609 -0.120000 -0.400001
v -9.235293 -0.114127 -0.437083
v -9.219869 -0.097082 -0.470536
v -9.195843 -0.070534 -0.497083
v -9.165569 -0.037082 -0.514128
v -9.132010 0.000000 -0.520001
v -8.670100 0.000000 0.519999
v -8.629125 -0.037082 0.514125
v -8.592161 -0.070534 0.497081
v -8.562826 -0.097082 0.470533
v -8.543991 -0.114127 0.437081
v -8.537501 -0.120000 0.399999
v -8.537501 -0.120000 -0.400001
v -8.543991 -0.114127 -0.437083
v -8.562826 -0.097082 -0.470536
v -8.592161 -0.070534 -0.497083
v -8.629125 -0.037082 -0.514128
v -8.670100 0.000000 -0.520001
v -8.903131 2.330310 0.519999
v -8.869573 2.367392 0.514126
v -8.839299 2.400844 0.497081
v -8.815273 2.427392 0.470533
v -8.799849 2.444437 0.437081
v -8.794533 2.450310 0.399999
v -8.794533 2.450310 -0.400001
v -8.799849 2.444437 -0.437083
v -8.815273 2.427392 -0.470535
v -8.839299 2.400844 -0.497083
v -8.869573 2.367392 -0.514128
v -8.903131 2.330310 -0.520001
v -9.365042 2.330310 0.519999
v -9.406017 2.367392 0.514126
v -9.442982 2.400844 0.497081
v -9.472317 2.427392 0.470533
v -9.491151 2.444437 0.437081
v -9.497641 2.450310 0.399999
v -9.497641 2.450310 -0.400001
v -9.491151 2.444437 -0.437083
v -9.472317 2.427392 -0.470535
v -9.442982 2.400844 -0.497083
v -9.406017 2.367392 -0.514128
v -9.365042 2.330310 -0.520001
v -9.334420 2.024100 0.519999
v -9.375396 2.061182 0.514126
v -9.412360 2.094634 0.497081
v -9.441695 2.121182 0.470533
v -9.460529 2.138227 0.437081
v -9.467019 2.144100 0.399999
v -9.467019 2.144100 -0.400001
v -9.460529 2.138227 -0.437083
v -9.441695 2.121182 -0.470535
v -9.412360 2.094634 -0.497083
v -9.375396 2.061182 -0.514128
v -9.334420 2.024100 -0.520001
vn -0.0000 -0.0000 -1.0000
vn -0.0000 -0.0000 1.0000
vn -0.1680 0.0756 0.9829
vn -0.2458 -0.1075 0.9633
vn -0.1365 -0.0597 0.9888
vn -0.0592 0.0266 0.9979
vn -0.3187 0.1434 0.9370
vn -0.5023 -0.2197 0.8363
vn -0.5219 0.2349 0.8200
vn -0.7178 -0.3139 0.6214
vn -0.7761 0.3493 0.5250
vn -0.8641 -0.3779 0.3326
vn -0.8992 0.4047 0.1664
vn -0.9130 -0.3993 0.0837
vn -0.8992 0.4047 -0.1664
vn -0.9130 -0.3993 -0.0837
vn -0.7761 0.3493 -0.5250
vn -0.8641 -0.3779 -0.3326
vn -0.5219 0.2349 -0.8200
vn -0.7178 -0.3139 -0.6214
vn -0.3187 0.1434 -0.9370
vn -0.5023 -0.2197 -0.8363
vn -0.1680 0.0756 -0.9829
vn -0.2458 -0.1075 -0.9633
vn -0.0592 0.0266 -0.9979
vn -0.1365 -0.0597 -0.9888
vn -0.1937 -0.2140 0.9574
vn -0.0783 -0.0865 0.9932
vn -0.3520 -0.3890 0.8513
vn -0.5042 -0.5572 0.6598
vn -0.6240 -0.6895 0.3676
vn -0.6676 -0.7377 0.1006
vn -0.6676 -0.7377 -0.1006
vn -0.6240 -0.6895 -0.3676
vn -0.5042 -0.5572 -0.6598
vn -0.3520 -0.3890 -0.8513
vn -0.1937 -0.2140 -0.9574
vn -0.0783 -0.0865 -0.9932
vn 0.2004 -0.1814 0.9628
vn 0.0784 -0.0709 0.9944
vn 0.3668 -0.3320 0.8690
vn 0.5374 -0.4864 0.6889
vn 0.6820 -0.6172 0.3924
vn 0.7370 -0.6669 0.1098
vn 0.7370 -0.6669 -0.1098
vn 0.6820 -0.6172 -0.3924
vn 0.5374 -0.4864 -0.6889
vn 0.3668 -0.3320 -0.8690
vn 0.2004 -0.1814 -0.9628
vn 0.0784 -0.0709 -0.9944
vn 0.2534 -0.0651 0.9652
vn 0.1425 -0.0366 0.9891
vn 0.5236 -0.1346 0.8413
vn 0.7535 -0.1936 0.6283
vn 0.9116 -0.2343 0.3377
vn 0.9650 -0.2480 0.0850
vn 0.9650 -0.2480 -0.0850
vn 0.9116 -0.2343 -0.3377
vn 0.7535 -0.1936 -0.6283
vn 0.5236 -0.1346 -0.8413
vn 0.2534 -0.0651 -0.9652
vn 0.1425 -0.0366 -0.9891
vn 0.1811 0.0952 0.9789
vn 0.0651 0.0342 0.9973
vn 0.3407 0.1791 0.9230
vn 0.5432 0.2856 0.7896
vn 0.7716 0.4056 0.4900
vn 0.8751 0.4601 0.1502
vn 0.8751 0.4601 -0.1502
vn 0.7716 0.4056 -0.4900
vn 0.5432 0.2856 -0.7896
vn 0.3407 0.1791 -0.9230
vn 0.1811 0.0952 -0.9789
vn 0.0651 0.0342 -0.9973
vn -0.1483 0.2799 0.9485
vn -0.0649 0.1225 0.9903
vn -0.2684 0.5065 0.8194
vn -0.3711 0.7003 0.6098
vn -0.4424 0.8349 0.3276
vn -0.4664 0.8803 0.0863
vn -0.4664 0.8803 -0.0863
vn -0.4424 0.8349 -0.3276
vn -0.3711 0.7003 -0.6098
vn -0.2684 0.5065 -0.8194
vn -0.1483 0.2799 -0.9485
vn -0.0649 0.1225 -0.9903
vn -0.0091 0.1402 0.9901
vn -0.0063 0.0966 0.9953
vn -0.0228 0.3523 0.9356
vn -0.0387 0.5971 0.8013
vn -0.0557 0.8596 0.5079
vn -0.0641 0.9888 0.1346
vn -0.0641 0.9888 -0.1346
vn -0.0557 0.8596 -0.5079
vn -0.0387 0.5971 -0.8013
vn -0.0228 0.3523 -0.9356
vn -0.0091 0.1402 -0.9901
vn -0.0063 0.0966 -0.9953
vn 0.1313 0.2920 0.9473
vn 0.0586 0.1304 0.9897
vn 0.2382 0.5297 0.8140
vn 0.3276 0.7286 0.6015
vn 0.3884 0.8638 0.3211
vn 0.4086 0.9088 0.0840
vn 0.4086 0.9088 -0.0840
vn 0.3884 0.8638 -0.3211
vn 0.3276 0.7286 -0.6015
vn 0.2382 0.5297 -0.8140
vn 0.1313 0.2920 -0.9473
vn 0.0586 0.1304 -0.9897
vn -0.3065 -0.0676 0.9495
vn -0.2962 -0.1042 0.9494
vn -0.1473 -0.0518 0.9877
vn -0.1525 -0.0336 0.9877
vn -0.5771 -0.1273 0.8067
vn -0.5576 -0.1961 0.8066
vn -0.7915 -0.1747 0.5856
vn -0.7647 -0.2689 0.5856
vn -0.9291 -0.2050 0.3078
vn -0.8976 -0.3157 0.3077
vn -0.9735 -0.2148 0.0784
vn -0.9405 -0.3307 0.0784
vn -0.9735 -0.2148 -0.0784
vn -0.9405 -0.3307 -0.0784
vn -0.9291 -0.2050 -0.3078
vn -0.8976 -0.3157 -0.3077
vn -0.7915 -0.1747 -0.5856
vn -0.7647 -0.2689 -0.5856
vn -0.5771 -0.1273 -0.8067
vn -0.5576 -0.1961 -0.8066
vn -0.3065 -0.0676 -0.9495
vn -0.2962 -0.1042 -0.9494
vn -0.1525 -0.0336 -0.9877
vn -0.1473 -0.0518 -0.9877
vn -0.2811 -0.1401 0.9494
vn -0.1398 -0.0696 0.9877
vn -0.5291 -0.2636 0.8066
vn -0.7256 -0.3615 0.5856
vn -0.8516 -0.4243 0.3077
vn -0.8923 -0.4446 0.0784
vn -0.8923 -0.4446 -0.0784
vn -0.8516 -0.4243 -0.3077
vn -0.7256 -0.3615 -0.5856
vn -0.5291 -0.2636 -0.8066
vn -0.2811 -0.1401 -0.9494
vn -0.1398 -0.0696 -0.9877
vn -0.2613 -0.1744 0.9494
vn -0.1299 -0.0867 0.9877
vn -0.4917 -0.3281 0.8066
vn -0.6743 -0.4500 0.5855
vn -0.7914 -0.5281 0.3077
vn -0.8292 -0.5534 0.0784
vn -0.8292 -0.5534 -0.0784
vn -0.7914 -0.5281 -0.3077
vn -0.6743 -0.4500 -0.5855
vn -0.4917 -0.3281 -0.8066
vn -0.2613 -0.1744 -0.9494
vn -0.1299 -0.0867 -0.9877
vn -0.2371 -0.2062 0.9494
vn -0.1178 -0.1025 0.9877
vn -0.4460 -0.3880 0.8065
vn -0.6116 -0.5320 0.5855
vn -0.7179 -0.6244 0.3077
vn -0.7522 -0.6543 0.0784
vn -0.7522 -0.6543 -0.0784
vn -0.7179 -0.6244 -0.3077
vn -0.6116 -0.5320 -0.5855
vn -0.4460 -0.3880 -0.8065
vn -0.2371 -0.2062 -0.9494
vn -0.1178 -0.1025 -0.9877
vn -0.2089 -0.2347 0.9494
vn -0.1038 -0.1166 0.9877
vn -0.3930 -0.4416 0.8065
vn -0.5389 -0.6056 0.5855
vn -0.6325 -0.7108 0.3077
vn -0.6627 -0.7447 0.0784
vn -0.6627 -0.7447 -0.0784
vn -0.6325 -0.7108 -0.3077
vn -0.5389 -0.6056 -0.5855
vn -0.3930 -0.4416 -0.8065
vn -0.2089 -0.2347 -0.9494
vn -0.1038 -0.1166 -0.9877
vn -0.1774 -0.2593 0.9494
vn -0.0882 -0.1288 0.9877
vn -0.3338 -0.4879 0.8066
vn -0.4578 -0.6690 0.5855
vn -0.5373 -0.7852 0.3077
vn -0.5630 -0.8227 0.0784
vn -0.5630 -0.8227 -0.0784
vn -0.5373 -0.7852 -0.3077
vn -0.4578 -0.6690 -0.5855
vn -0.3338 -0.4879 -0.8066
vn -0.1774 -0.2593 -0.9494
vn -0.0882 -0.1288 -0.9877
vn -0.1435 -0.2794 0.9494
vn -0.0713 -0.1389 0.9877
vn -0.2701 -0.5258 0.8066
vn -0.3704 -0.7211 0.5856
vn -0.4347 -0.8464 0.3077
vn -0.4555 -0.8868 0.0784
vn -0.4555 -0.8868 -0.0784
vn -0.4347 -0.8464 -0.3077
vn -0.3704 -0.7211 -0.5856
vn -0.2701 -0.5258 -0.8066
vn -0.1435 -0.2794 -0.9494
vn -0.0713 -0.1389 -0.9877
vn -0.1080 -0.2948 0.9494
vn -0.0537 -0.1466 0.9877
vn -0.2033 -0.5550 0.8066
vn -0.2788 -0.7612 0.5856
vn -0.3272 -0.8934 0.3077
vn -0.3429 -0.9361 0.0784
vn -0.3429 -0.9361 -0.0784
vn -0.3272 -0.8934 -0.3077
vn -0.2788 -0.7612 -0.5856
vn -0.2033 -0.5550 -0.8066
vn -0.1080 -0.2948 -0.9494
vn -0.0537 -0.1466 -0.9877
vn -0.0717 -0.3056 0.9495
vn -0.0357 -0.1520 0.9877
vn -0.1351 -0.5753 0.8067
vn -0.1853 -0.7891 0.5856
vn -0.2174 -0.9263 0.3078
vn -0.2278 -0.9705 0.0784
vn -0.2278 -0.9705 -0.0784
vn -0.2174 -0.9263 -0.3078
vn -0.1853 -0.7891 -0.5856
vn -0.1351 -0.5753 -0.8067
vn -0.0717 -0.3056 -0.9495
vn -0.0357 -0.1520 -0.9877
vn -0.0355 -0.3117 0.9495
vn -0.0177 -0.1552 0.9877
vn -0.0669 -0.5871 0.8067
vn -0.0918 -0.8053 0.5857
vn -0.1078 -0.9453 0.3078
vn -0.1129 -0.9905 0.0784
vn -0.1129 -0.9905 -0.0784
vn -0.1078 -0.9453 -0.3078
vn -0.0918 -0.8053 -0.5857
vn -0.0669 -0.5871 -0.8067
vn -0.0355 -0.3117 -0.9495
vn -0.0177 -0.1552 -0.9877
vn 0.0008 -0.3138 0.9495
vn 0.0004 -0.1562 0.9877
vn 0.0015 -0.5909 0.8067
vn 0.0021 -0.8106 0.5857
vn 0.0025 -0.9515 0.3078
vn 0.0026 -0.9969 0.0784
vn 0.0026 -0.9969 -0.0784
vn 0.0025 -0.9515 -0.3078
vn 0.0021 -0.8106 -0.5857
vn 0.0015 -0.5909 -0.8067
vn 0.0008 -0.3138 -0.9495
vn 0.0004 -0.1562 -0.9877
vn 0.0393 -0.3118 0.9493
vn 0.0195 -0.1549 0.9877
vn 0.0740 -0.5865 0.8065
vn 0.1015 -0.8043 0.5855
vn 0.1191 -0.9440 0.3077
vn 0.1248 -0.9891 0.0784
vn 0.1248 -0.9891 -0.0784
vn 0.1191 -0.9440 -0.3077
vn 0.1015 -0.8043 -0.5855
vn 0.0740 -0.5865 -0.8065
vn 0.0393 -0.3118 -0.9493
vn 0.0195 -0.1549 -0.9877
vn 0.0802 -0.3041 0.9493
vn 0.0398 -0.1509 0.9877
vn 0.1508 -0.5718 0.8064
vn 0.2068 -0.7839 0.5854
vn 0.2427 -0.9200 0.3077
vn 0.2542 -0.9640 0.0784
vn 0.2542 -0.9640 -0.0784
vn 0.2427 -0.9200 -0.3077
vn 0.2068 -0.7839 -0.5854
vn 0.1508 -0.5718 -0.8064
vn 0.0802 -0.3041 -0.9493
vn 0.0398 -0.1509 -0.9877
vn 0.1217 -0.2902 0.9492
vn 0.0604 -0.1439 0.9877
vn 0.2288 -0.5454 0.8063
vn 0.3136 -0.7477 0.5854
vn 0.3680 -0.8775 0.3076
vn 0.3856 -0.9193 0.0784
vn 0.3856 -0.9193 -0.0784
vn 0.3680 -0.8775 -0.3076
vn 0.3136 -0.7477 -0.5854
vn 0.2288 -0.5454 -0.8063
vn 0.1217 -0.2902 -0.9492
vn 0.0604 -0.1439 -0.9877
vn 0.1624 -0.2698 0.9491
vn 0.0805 -0.1337 0.9878
vn 0.3052 -0.5068 0.8063
vn 0.4183 -0.6946 0.5853
vn 0.4908 -0.8151 0.3076
vn 0.5143 -0.8540 0.0784
vn 0.5143 -0.8540 -0.0784
vn 0.4908 -0.8151 -0.3076
vn 0.4183 -0.6946 -0.5853
vn 0.3052 -0.5068 -0.8063
vn 0.1624 -0.2698 -0.9491
vn 0.0805 -0.1337 -0.9878
vn 0.2007 -0.2428 0.9491
vn 0.0994 -0.1202 0.9878
vn 0.3769 -0.4560 0.8062
vn 0.5166 -0.6250 0.5853
vn 0.6062 -0.7334 0.3076
vn 0.6351 -0.7684 0.0784
vn 0.6351 -0.7684 -0.0784
vn 0.6062 -0.7334 -0.3076
vn 0.5166 -0.6250 -0.5853
vn 0.3769 -0.4560 -0.8062
vn 0.2007 -0.2428 -0.9491
vn 0.0994 -0.1202 -0.9878
vn 0.2348 -0.2100 0.9491
vn 0.1163 -0.1040 0.9878
vn 0.4410 -0.3944 0.8062
vn 0.6044 -0.5405 0.5853
vn 0.7093 -0.6343 0.3076
vn 0.7431 -0.6645 0.0784
vn 0.7431 -0.6645 -0.0784
vn 0.7093 -0.6343 -0.3076
vn 0.6044 -0.5405 -0.5853
vn 0.4410 -0.3944 -0.8062
vn 0.2348 -0.2100 -0.9491
vn 0.1163 -0.1040 -0.9878
vn 0.2635 -0.1725 0.9491
vn 0.1305 -0.0855 0.9878
vn 0.4950 -0.3240 0.8062
vn 0.6784 -0.4441 0.5853
vn 0.7961 -0.5212 0.3076
vn 0.8341 -0.5460 0.0784
vn 0.8341 -0.5460 -0.0784
vn 0.7961 -0.5212 -0.3076
vn 0.6784 -0.4441 -0.5853
vn 0.4950 -0.3240 -0.8062
vn 0.2635 -0.1725 -0.9491
vn 0.1305 -0.0855 -0.9878
vn 0.2858 -0.1319 0.9492
vn 0.1417 -0.0654 0.9878
vn 0.5371 -0.2479 0.8063
vn 0.7362 -0.3397 0.5853
vn 0.8639 -0.3987 0.3076
vn 0.9052 -0.4177 0.0784
vn 0.9052 -0.4177 -0.0784
vn 0.8639 -0.3987 -0.3076
vn 0.7362 -0.3397 -0.5853
vn 0.5371 -0.2479 -0.8063
vn 0.2858 -0.1319 -0.9492
vn 0.1417 -0.0654 -0.9878
vn 0.3015 -0.0899 0.9492
vn 0.1496 -0.0446 0.9877
vn 0.5668 -0.1689 0.8064
vn 0.7770 -0.2316 0.5854
vn 0.9119 -0.2718 0.3076
vn 0.9554 -0.2848 0.0784
vn 0.9554 -0.2848 -0.0784
vn 0.9119 -0.2718 -0.3076
vn 0.7770 -0.2316 -0.5854
vn 0.5668 -0.1689 -0.8064
vn 0.3015 -0.0899 -0.9492
vn 0.1496 -0.0446 -0.9877
vn 0.3107 -0.0479 0.9493
vn 0.1543 -0.0238 0.9877
vn 0.5844 -0.0901 0.8065
vn 0.8012 -0.1235 0.5855
vn 0.9404 -0.1450 0.3077
vn 0.9853 -0.1519 0.0784
vn 0.9853 -0.1519 -0.0784
vn 0.9404 -0.1450 -0.3077
vn 0.8012 -0.1235 -0.5855
vn 0.5844 -0.0901 -0.8065
vn 0.3107 -0.0479 -0.9493
vn 0.1543 -0.0238 -0.9877
vn 0.3140 -0.0073 0.9494
vn 0.1561 -0.0036 0.9877
vn 0.5910 -0.0137 0.8066
vn 0.8104 -0.0189 0.5855
vn 0.9512 -0.0221 0.3077
vn 0.9967 -0.0232 0.0784
vn 0.9967 -0.0232 -0.0784
vn 0.9512 -0.0221 -0.3077
vn 0.8104 -0.0189 -0.5855
vn 0.5910 -0.0137 -0.8066
vn 0.3140 -0.0073 -0.9494
vn 0.1561 -0.0036 -0.9877
vn 0.3125 0.0321 0.9494
vn 0.1553 0.0160 0.9877
vn 0.5880 0.0604 0.8066
vn 0.8064 0.0829 0.5856
vn 0.9465 0.0973 0.3077
vn 0.9917 0.1019 0.0784
vn 0.9917 0.1019 -0.0784
vn 0.9465 0.0973 -0.3077
vn 0.8064 0.0829 -0.5856
vn 0.5880 0.0604 -0.8066
vn 0.3125 0.0321 -0.9494
vn 0.1553 0.0160 -0.9877
vn 0.3060 0.0717 0.9493
vn 0.1520 0.0356 0.9877
vn 0.5756 0.1348 0.8065
vn 0.7893 0.1848 0.5855
vn 0.9264 0.2169 0.3077
vn 0.9707 0.2273 0.0784
vn 0.9707 0.2273 -0.0784
vn 0.9264 0.2169 -0.3077
vn 0.7893 0.1848 -0.5855
vn 0.5756 0.1348 -0.8065
vn 0.3060 0.0717 -0.9493
vn 0.1520 0.0356 -0.9877
vn 0.2942 0.1103 0.9494
vn 0.1462 0.0548 0.9877
vn 0.5536 0.2075 0.8066
vn 0.7591 0.2845 0.5855
vn 0.8909 0.3340 0.3077
vn 0.9335 0.3499 0.0784
vn 0.9335 0.3499 -0.0784
vn 0.8909 0.3340 -0.3077
vn 0.7591 0.2845 -0.5855
vn 0.5536 0.2075 -0.8066
vn 0.2942 0.1103 -0.9494
vn 0.1462 0.0548 -0.9877
vn 0.2779 0.1463 0.9494
vn 0.1382 0.0727 0.9877
vn 0.5231 0.2753 0.8066
vn 0.7173 0.3776 0.5856
vn 0.8420 0.4432 0.3077
vn 0.8822 0.4643 0.0784
vn 0.8822 0.4643 -0.0784
vn 0.8420 0.4432 -0.3077
vn 0.7173 0.3776 -0.5856
vn 0.5231 0.2753 -0.8066
vn 0.2779 0.1463 -0.9494
vn 0.1382 0.0727 -0.9877
vn 0.2578 0.1793 0.9494
vn 0.1282 0.0892 0.9877
vn 0.4852 0.3375 0.8066
vn 0.6655 0.4628 0.5856
vn 0.7811 0.5433 0.3077
vn 0.8185 0.5692 0.0784
vn 0.8185 0.5692 -0.0784
vn 0.7811 0.5433 -0.3077
vn 0.6655 0.4628 -0.5856
vn 0.4852 0.3375 -0.8066
vn 0.2578 0.1793 -0.9494
vn 0.1282 0.0892 -0.9877
vn 0.2342 0.2090 0.9495
vn 0.1165 0.1040 0.9877
vn 0.4410 0.3935 0.8067
vn 0.6048 0.5397 0.5856
vn 0.7099 0.6335 0.3078
vn 0.7439 0.6637 0.0784
vn 0.7439 0.6637 -0.0784
vn 0.7099 0.6335 -0.3078
vn 0.6048 0.5397 -0.5856
vn 0.4410 0.3935 -0.8067
vn 0.2342 0.2090 -0.9495
vn 0.1165 0.1040 -0.9877
vn 0.2077 0.2353 0.9495
vn 0.1033 0.1171 0.9877
vn 0.3910 0.4431 0.8067
vn 0.5363 0.6078 0.5856
vn 0.6295 0.7134 0.3078
vn 0.6596 0.7475 0.0784
vn 0.6596 0.7475 -0.0784
vn 0.6295 0.7134 -0.3078
vn 0.5363 0.6078 -0.5856
vn 0.3910 0.4431 -0.8067
vn 0.2077 0.2353 -0.9495
vn 0.1033 0.1171 -0.9877
vn 0.1784 0.2582 0.9495
vn 0.0888 0.1285 0.9877
vn 0.3359 0.4862 0.8067
vn 0.4607 0.6669 0.5856
vn 0.5408 0.7828 0.3078
vn 0.5666 0.8202 0.0784
vn 0.5666 0.8202 -0.0784
vn 0.5408 0.7828 -0.3078
vn 0.4607 0.6669 -0.5856
vn 0.3359 0.4862 -0.8067
vn 0.1784 0.2582 -0.9495
vn 0.0888 0.1285 -0.9877
vn 0.1466 0.2775 0.9495
vn 0.0729 0.1381 0.9877
vn 0.2760 0.5226 0.8067
vn 0.3786 0.7167 0.5856
vn 0.4444 0.8413 0.3078
vn 0.4656 0.8815 0.0784
vn 0.4656 0.8815 -0.0784
vn 0.4444 0.8413 -0.3078
vn 0.3786 0.7167 -0.5856
vn 0.2760 0.5226 -0.8067
vn 0.1466 0.2775 -0.9495
vn 0.0729 0.1381 -0.9877
vn 0.1125 0.2931 0.9495
vn 0.0560 0.1458 0.9877
vn 0.2118 0.5517 0.8067
vn 0.2905 0.7567 0.5856
vn 0.3410 0.8883 0.3078
vn 0.3573 0.9307 0.0784
vn 0.3573 0.9307 -0.0784
vn 0.3410 0.8883 -0.3078
vn 0.2905 0.7567 -0.5856
vn 0.2118 0.5517 -0.8067
vn 0.1125 0.2931 -0.9495
vn 0.0560 0.1458 -0.9877
vn 0.0764 0.3045 0.9494
vn 0.0380 0.1515 0.9877
vn 0.1438 0.5733 0.8066
vn 0.1972 0.7862 0.5856
vn 0.2315 0.9229 0.3077
vn 0.2425 0.9670 0.0784
vn 0.2425 0.9670 -0.0784
vn 0.2315 0.9229 -0.3077
vn 0.1972 0.7862 -0.5856
vn 0.1438 0.5733 -0.8066
vn 0.0764 0.3045 -0.9494
vn 0.0380 0.1515 -0.9877
vn 0.0386 0.3116 0.9494
vn 0.0192 0.1550 0.9877
vn 0.0727 0.5866 0.8066
vn 0.0998 0.8045 0.5856
vn 0.1171 0.9442 0.3077
vn 0.1227 0.9893 0.0784
vn 0.1227 0.9893 -0.0784
vn 0.1171 0.9442 -0.3077
vn 0.0998 0.8045 -0.5856
vn 0.0727 0.5866 -0.8066
vn 0.0386 0.3116 -0.9494
vn 0.0192 0.1550 -0.9877
vn 0.0007 0.3139 0.9495
vn 0.0003 0.1562 0.9877
vn 0.0013 0.5910 0.8067
vn 0.0018 0.8106 0.5856
vn 0.0021 0.9515 0.3078
vn 0.0022 0.9969 0.0784
vn 0.0022 0.9969 -0.0784
vn 0.0021 0.9515 -0.3078
vn 0.0018 0.8106 -0.5856
vn 0.0013 0.5910 -0.8067
vn 0.0007 0.3139 -0.9495
vn 0.0003 0.1562 -0.9877
vn -0.0369 0.3118 0.9494
vn -0.0184 0.1551 0.9877
vn -0.0695 0.5869 0.8067
vn -0.0953 0.8050 0.5856
vn -0.1118 0.9449 0.3077
vn -0.1172 0.9900 0.0784
vn -0.1172 0.9900 -0.0784
vn -0.1118 0.9449 -0.3077
vn -0.0953 0.8050 -0.5856
vn -0.0695 0.5869 -0.8067
vn -0.0369 0.3118 -0.9494
vn -0.0184 0.1551 -0.9877
vn -0.0754 0.3050 0.9494
vn -0.0375 0.1516 0.9877
vn -0.1418 0.5739 0.8065
vn -0.1945 0.7870 0.5855
vn -0.2283 0.9237 0.3077
vn -0.2392 0.9678 0.0784
vn -0.2392 0.9678 -0.0784
vn -0.2283 0.9237 -0.3077
vn -0.1945 0.7870 -0.5855
vn -0.1418 0.5739 -0.8065
vn -0.0754 0.3050 -0.9494
vn -0.0375 0.1516 -0.9877
vn -0.1149 0.2927 0.9493
vn -0.0570 0.1453 0.9877
vn -0.2160 0.5504 0.8064
vn -0.2962 0.7547 0.5854
vn -0.3476 0.8857 0.3077
vn -0.3642 0.9280 0.0784
vn -0.3642 0.9280 -0.0784
vn -0.3476 0.8857 -0.3077
vn -0.2962 0.7547 -0.5854
vn -0.2160 0.5504 -0.8064
vn -0.1149 0.2927 -0.9493
vn -0.0570 0.1453 -0.9877
vn -0.1543 0.2743 0.9492
vn -0.0765 0.1360 0.9877
vn -0.2900 0.5155 0.8063
vn -0.3975 0.7066 0.5854
vn -0.4665 0.8293 0.3076
vn -0.4888 0.8689 0.0784
vn -0.4888 0.8689 -0.0784
vn -0.4665 0.8293 -0.3076
vn -0.3975 0.7066 -0.5854
vn -0.2900 0.5155 -0.8063
vn -0.1543 0.2743 -0.9492
vn -0.0765 0.1360 -0.9877
vn -0.1922 0.2494 0.9491
vn -0.0953 0.1236 0.9878
vn -0.3611 0.4685 0.8063
vn -0.4950 0.6422 0.5853
vn -0.5809 0.7536 0.3076
vn -0.6086 0.7896 0.0784
vn -0.6086 0.7896 -0.0784
vn -0.5809 0.7536 -0.3076
vn -0.4950 0.6422 -0.5853
vn -0.3611 0.4685 -0.8063
vn -0.1922 0.2494 -0.9491
vn -0.0953 0.1236 -0.9878
vn -0.2271 0.2183 0.9491
vn -0.1125 0.1081 0.9878
vn -0.4266 0.4099 0.8062
vn -0.5846 0.5618 0.5853
vn -0.6861 0.6593 0.3076
vn -0.7188 0.6908 0.0784
vn -0.7188 0.6908 -0.0784
vn -0.6861 0.6593 -0.3076
vn -0.5846 0.5618 -0.5853
vn -0.4266 0.4099 -0.8062
vn -0.2271 0.2183 -0.9491
vn -0.1125 0.1081 -0.9878
vn -0.2574 0.1816 0.9491
vn -0.1275 0.0899 0.9878
vn -0.4834 0.3411 0.8062
vn -0.6625 0.4675 0.5853
vn -0.7775 0.5486 0.3076
vn -0.8146 0.5747 0.0784
vn -0.8146 0.5747 -0.0784
vn -0.7775 0.5486 -0.3076
vn -0.6625 0.4675 -0.5853
vn -0.4834 0.3411 -0.8062
vn -0.2574 0.1816 -0.9491
vn -0.1275 0.0899 -0.9878
vn -0.2818 0.1408 0.9491
vn -0.1396 0.0697 0.9878
vn -0.5293 0.2644 0.8062
vn -0.7254 0.3623 0.5853
vn -0.8512 0.4252 0.3076
vn -0.8918 0.4455 0.0784
vn -0.8918 0.4455 -0.0784
vn -0.8512 0.4252 -0.3076
vn -0.7254 0.3623 -0.5853
vn -0.5293 0.2644 -0.8062
vn -0.2818 0.1408 -0.9491
vn -0.1396 0.0697 -0.9878
vn -0.2995 0.0974 0.9491
vn -0.1484 0.0482 0.9878
vn -0.5626 0.1829 0.8063
vn -0.7711 0.2507 0.5853
vn -0.9049 0.2942 0.3076
vn -0.9481 0.3082 0.0784
vn -0.9481 0.3082 -0.0784
vn -0.9049 0.2942 -0.3076
vn -0.7711 0.2507 -0.5853
vn -0.5626 0.1829 -0.8063
vn -0.2995 0.0974 -0.9491
vn -0.1484 0.0482 -0.9878
vn -0.3102 0.0532 0.9492
vn -0.1538 0.0264 0.9877
vn -0.5829 0.1000 0.8063
vn -0.7991 0.1371 0.5854
vn -0.9378 0.1609 0.3076
vn -0.9826 0.1685 0.0784
vn -0.9826 0.1685 -0.0784
vn -0.9378 0.1609 -0.3076
vn -0.7991 0.1371 -0.5854
vn -0.5829 0.1000 -0.8063
vn -0.3102 0.0532 -0.9492
vn -0.1538 0.0264 -0.9877
vn -0.3143 0.0100 0.9493
vn -0.1560 0.0049 0.9877
vn -0.5910 0.0187 0.8064
vn -0.8103 0.0257 0.5854
vn -0.9510 0.0302 0.3077
vn -0.9964 0.0316 0.0784
vn -0.9964 0.0316 -0.0784
vn -0.9510 0.0302 -0.3077
vn -0.8103 0.0257 -0.5854
vn -0.5910 0.0187 -0.8064
vn -0.3143 0.0100 -0.9493
vn -0.1560 0.0049 -0.9877
vn -0.3125 -0.0303 0.9494
vn -0.1554 -0.0151 0.9877
vn -0.5883 -0.0570 0.8066
vn -0.8068 -0.0782 0.5856
vn -0.9470 -0.0917 0.3077
vn -0.9923 -0.0961 0.0784
vn -0.9923 -0.0961 -0.0784
vn -0.9470 -0.0917 -0.3077
vn -0.8068 -0.0782 -0.5856
vn -0.5883 -0.0570 -0.8066
vn -0.3125 -0.0303 -0.9494
vn -0.1554 -0.0151 -0.9877
vn -0.3035 0.0026 0.9528
vn -0.3006 0.0379 0.9530
vn -0.1549 0.0195 0.9877
vn -0.1562 0.0013 0.9877
vn -0.5835 0.0050 0.8121
vn -0.5785 0.0729 0.8124
vn -0.8066 0.0068 0.5910
vn -0.8001 0.1009 0.5914
vn -0.9503 0.0081 0.3111
vn -0.9428 0.1189 0.3113
vn -0.9969 0.0085 0.0788
vn -0.9891 0.1247 0.0788
vn -0.9969 0.0085 -0.0788
vn -0.9891 0.1247 -0.0788
vn -0.9503 0.0081 -0.3111
vn -0.9428 0.1189 -0.3113
vn -0.8066 0.0068 -0.5910
vn -0.8001 0.1009 -0.5914
vn -0.5835 0.0050 -0.8121
vn -0.5785 0.0729 -0.8124
vn -0.3035 0.0026 -0.9528
vn -0.3006 0.0379 -0.9530
vn -0.1562 0.0013 -0.9877
vn -0.1549 0.0195 -0.9877
vn -0.2929 0.0756 0.9532
vn -0.1511 0.0390 0.9877
vn -0.5642 0.1456 0.8127
vn -0.7806 0.2014 0.5917
vn -0.9201 0.2374 0.3116
vn -0.9653 0.2491 0.0789
vn -0.9653 0.2491 -0.0789
vn -0.9201 0.2374 -0.3116
vn -0.7806 0.2014 -0.5917
vn -0.5642 0.1456 -0.8127
vn -0.2929 0.0756 -0.9532
vn -0.1511 0.0390 -0.9877
vn -0.2793 0.1147 0.9533
vn -0.1443 0.0593 0.9877
vn -0.5385 0.2212 0.8130
vn -0.7454 0.3062 0.5921
vn -0.8789 0.3610 0.3118
vn -0.9221 0.3787 0.0789
vn -0.9221 0.3787 -0.0789
vn -0.8789 0.3610 -0.3118
vn -0.7454 0.3062 -0.5921
vn -0.5385 0.2212 -0.8130
vn -0.2793 0.1147 -0.9533
vn -0.1443 0.0593 -0.9877
vn -0.2592 0.1539 0.9535
vn -0.1341 0.0797 0.9878
vn -0.5002 0.2971 0.8133
vn -0.6927 0.4114 0.5924
vn -0.8169 0.4851 0.3120
vn -0.8571 0.5090 0.0790
vn -0.8571 0.5090 -0.0790
vn -0.8169 0.4851 -0.3120
vn -0.6927 0.4114 -0.5924
vn -0.5002 0.2971 -0.8133
vn -0.2592 0.1539 -0.9535
vn -0.1341 0.0797 -0.9878
vn -0.2324 0.1915 0.9536
vn -0.1204 0.0992 0.9878
vn -0.4488 0.3698 0.8135
vn -0.6217 0.5122 0.5926
vn -0.7332 0.6041 0.3121
vn -0.7694 0.6339 0.0790
vn -0.7694 0.6339 -0.0790
vn -0.7332 0.6041 -0.3121
vn -0.6217 0.5122 -0.5926
vn -0.4488 0.3698 -0.8135
vn -0.2324 0.1915 -0.9536
vn -0.1204 0.0992 -0.9878
vn -0.1995 0.2254 0.9536
vn -0.1034 0.1168 0.9878
vn -0.3853 0.4354 0.8136
vn -0.5338 0.6031 0.5927
vn -0.6296 0.7114 0.3122
vn -0.6607 0.7465 0.0790
vn -0.6607 0.7465 -0.0790
vn -0.6296 0.7114 -0.3122
vn -0.5338 0.6031 -0.5927
vn -0.3853 0.4354 -0.8136
vn -0.1995 0.2254 -0.9536
vn -0.1034 0.1168 -0.9878
vn -0.1618 0.2540 0.9536
vn -0.0838 0.1316 0.9878
vn -0.3124 0.4905 0.8135
vn -0.4327 0.6794 0.5926
vn -0.5103 0.8013 0.3122
vn -0.5355 0.8408 0.0790
vn -0.5355 0.8408 -0.0790
vn -0.5103 0.8013 -0.3122
vn -0.4327 0.6794 -0.5926
vn -0.3124 0.4905 -0.8135
vn -0.1618 0.2540 -0.9536
vn -0.0838 0.1316 -0.9878
vn -0.1211 0.2761 0.9535
vn -0.0627 0.1429 0.9878
vn -0.2337 0.5328 0.8134
vn -0.3236 0.7378 0.5924
vn -0.3816 0.8701 0.3120
vn -0.4004 0.9129 0.0790
vn -0.4004 0.9129 -0.0790
vn -0.3816 0.8701 -0.3120
vn -0.3236 0.7378 -0.5924
vn -0.2337 0.5328 -0.8134
vn -0.1211 0.2761 -0.9535
vn -0.0627 0.1429 -0.9878
vn -0.0795 0.2912 0.9533
vn -0.0411 0.1505 0.9877
vn -0.1532 0.5616 0.8131
vn -0.2121 0.7774 0.5921
vn -0.2501 0.9166 0.3118
vn -0.2624 0.9617 0.0789
vn -0.2624 0.9617 -0.0789
vn -0.2501 0.9166 -0.3118
vn -0.2121 0.7774 -0.5921
vn -0.1532 0.5616 -0.8131
vn -0.0795 0.2912 -0.9533
vn -0.0411 0.1505 -0.9877
vn -0.0388 0.2999 0.9532
vn -0.0200 0.1548 0.9877
vn -0.0747 0.5778 0.8127
vn -0.1034 0.7995 0.5918
vn -0.1218 0.9424 0.3116
vn -0.1278 0.9887 0.0789
vn -0.1278 0.9887 -0.0789
vn -0.1218 0.9424 -0.3116
vn -0.1034 0.7995 -0.5918
vn -0.0747 0.5778 -0.8127
vn -0.0388 0.2999 -0.9532
vn -0.0200 0.1548 -0.9877
vn -0.0012 0.3033 0.9529
vn -0.0006 0.1562 0.9877
vn -0.0024 0.5834 0.8122
vn -0.0033 0.8065 0.5912
vn -0.0039 0.9503 0.3112
vn -0.0041 0.9969 0.0788
vn -0.0041 0.9969 -0.0788
vn -0.0039 0.9503 -0.3112
vn -0.0033 0.8065 -0.5912
vn -0.0024 0.5834 -0.8122
vn -0.0012 0.3033 -0.9529
vn -0.0006 0.1562 -0.9877
vn 0.0336 0.3016 0.9528
vn 0.0173 0.1552 0.9877
vn 0.0646 0.5799 0.8121
vn 0.0893 0.8016 0.5911
vn 0.1052 0.9445 0.3111
vn 0.1104 0.9908 0.0788
vn 0.1104 0.9908 -0.0788
vn 0.1052 0.9445 -0.3111
vn 0.0893 0.8016 -0.5911
vn 0.0646 0.5799 -0.8121
vn 0.0336 0.3016 -0.9528
vn 0.0173 0.1552 -0.9877
vn 0.0686 0.2952 0.9530
vn 0.0353 0.1521 0.9877
vn 0.1320 0.5680 0.8124
vn 0.1825 0.7855 0.5913
vn 0.2151 0.9257 0.3113
vn 0.2256 0.9710 0.0788
vn 0.2256 0.9710 -0.0788
vn 0.2151 0.9257 -0.3113
vn 0.1825 0.7855 -0.5913
vn 0.1320 0.5680 -0.8124
vn 0.0686 0.2952 -0.9530
vn 0.0353 0.1521 -0.9877
vn 0.1044 0.2842 0.9531
vn 0.0539 0.1465 0.9877
vn 0.2011 0.5471 0.8126
vn 0.2781 0.7568 0.5915
vn 0.3278 0.8919 0.3114
vn 0.3439 0.9357 0.0789
vn 0.3439 0.9357 -0.0789
vn 0.3278 0.8919 -0.3114
vn 0.2781 0.7568 -0.5915
vn 0.2011 0.5471 -0.8126
vn 0.1044 0.2842 -0.9531
vn 0.0539 0.1465 -0.9877
vn 0.1401 0.2681 0.9531
vn 0.0723 0.1384 0.9877
vn 0.2698 0.5165 0.8127
vn 0.3733 0.7145 0.5917
vn 0.4400 0.8422 0.3115
vn 0.4616 0.8836 0.0789
vn 0.4616 0.8836 -0.0789
vn 0.4400 0.8422 -0.3115
vn 0.3733 0.7145 -0.5917
vn 0.2698 0.5165 -0.8127
vn 0.1401 0.2681 -0.9531
vn 0.0723 0.1384 -0.9877
vn 0.1742 0.2471 0.9532
vn 0.0900 0.1276 0.9877
vn 0.3357 0.4761 0.8128
vn 0.4645 0.6588 0.5918
vn 0.5476 0.7766 0.3116
vn 0.5745 0.8147 0.0789
vn 0.5745 0.8147 -0.0789
vn 0.5476 0.7766 -0.3116
vn 0.4645 0.6588 -0.5918
vn 0.3357 0.4761 -0.8128
vn 0.1742 0.2471 -0.9532
vn 0.0900 0.1276 -0.9877
vn 0.2057 0.2216 0.9532
vn 0.1062 0.1144 0.9877
vn 0.3963 0.4269 0.8128
vn 0.5484 0.5908 0.5918
vn 0.6465 0.6964 0.3116
vn 0.6782 0.7306 0.0789
vn 0.6782 0.7306 -0.0789
vn 0.6465 0.6964 -0.3116
vn 0.5484 0.5908 -0.5918
vn 0.3963 0.4269 -0.8128
vn 0.2057 0.2216 -0.9532
vn 0.1062 0.1144 -0.9877
vn 0.2334 0.1924 0.9532
vn 0.1204 0.0993 0.9877
vn 0.4496 0.3706 0.8127
vn 0.6220 0.5128 0.5917
vn 0.7332 0.6044 0.3116
vn 0.7692 0.6341 0.0789
vn 0.7692 0.6341 -0.0789
vn 0.7332 0.6044 -0.3115
vn 0.6220 0.5128 -0.5917
vn 0.4496 0.3706 -0.8127
vn 0.2334 0.1924 -0.9532
vn 0.1204 0.0993 -0.9877
vn 0.2565 0.1607 0.9531
vn 0.1323 0.0829 0.9877
vn 0.4940 0.3094 0.8126
vn 0.6833 0.4279 0.5916
vn 0.8054 0.5044 0.3114
vn 0.8449 0.5291 0.0789
vn 0.8449 0.5291 -0.0789
vn 0.8054 0.5044 -0.3114
vn 0.6833 0.4279 -0.5916
vn 0.4940 0.3094 -0.8126
vn 0.2565 0.1607 -0.9531
vn 0.1323 0.0829 -0.9877
vn 0.2748 0.1276 0.9530
vn 0.1416 0.0657 0.9877
vn 0.5289 0.2455 0.8124
vn 0.7314 0.3395 0.5914
vn 0.8620 0.4001 0.3113
vn 0.9042 0.4197 0.0788
vn 0.9042 0.4197 -0.0788
vn 0.8620 0.4001 -0.3113
vn 0.7314 0.3395 -0.5914
vn 0.5289 0.2455 -0.8124
vn 0.2748 0.1276 -0.9530
vn 0.1416 0.0657 -0.9877
vn 0.2884 0.0943 0.9529
vn 0.1484 0.0485 0.9877
vn 0.5545 0.1813 0.8122
vn 0.7666 0.2507 0.5911
vn 0.9033 0.2954 0.3112
vn 0.9475 0.3098 0.0788
vn 0.9475 0.3098 -0.0788
vn 0.9033 0.2954 -0.3112
vn 0.7666 0.2507 -0.5911
vn 0.5545 0.1813 -0.8122
vn 0.2884 0.0943 -0.9529
vn 0.1484 0.0485 -0.9877
vn 0.2974 0.0617 0.9527
vn 0.1530 0.0317 0.9877
vn 0.5716 0.1186 0.8120
vn 0.7899 0.1639 0.5909
vn 0.9306 0.1930 0.3110
vn 0.9761 0.2025 0.0788
vn 0.9761 0.2025 -0.0788
vn 0.9306 0.1930 -0.3110
vn 0.7899 0.1639 -0.5909
vn 0.5716 0.1186 -0.8120
vn 0.2974 0.0617 -0.9527
vn 0.1530 0.0317 -0.9877
vn 0.3022 0.0286 0.9528
vn 0.1555 0.0147 0.9877
vn 0.5809 0.0550 0.8121
vn 0.8030 0.0761 0.5910
vn 0.9461 0.0896 0.3111
vn 0.9924 0.0940 0.0788
vn 0.9924 0.0940 -0.0788
vn 0.9461 0.0896 -0.3111
vn 0.8030 0.0761 -0.5910
vn 0.5809 0.0550 -0.8121
vn 0.3022 0.0286 -0.9528
vn 0.1555 0.0147 -0.9877
vn 0.3025 -0.0080 0.9531
vn 0.1561 -0.0041 0.9877
vn 0.5826 -0.0154 0.8126
vn 0.8059 -0.0213 0.5916
vn 0.9499 -0.0251 0.3115
vn 0.9965 -0.0263 0.0789
vn 0.9965 -0.0263 -0.0789
vn 0.9499 -0.0251 -0.3115
vn 0.8059 -0.0213 -0.5916
vn 0.5826 -0.0154 -0.8126
vn 0.3025 -0.0080 -0.9531
vn 0.1561 -0.0041 -0.9877
vn 0.2984 -0.0479 0.9532
vn 0.1541 -0.0247 0.9877
vn 0.5751 -0.0923 0.8129
vn 0.7958 -0.1278 0.5919
vn 0.9382 -0.1506 0.3117
vn 0.9843 -0.1580 0.0789
vn 0.9843 -0.1580 -0.0789
vn 0.9382 -0.1506 -0.3117
vn 0.7958 -0.1278 -0.5919
vn 0.5751 -0.0923 -0.8129
vn 0.2984 -0.0479 -0.9532
vn 0.1541 -0.0247 -0.9877
vn 0.2885 -0.0889 0.9533
vn 0.1491 -0.0459 0.9877
vn 0.5564 -0.1714 0.8131
vn 0.7702 -0.2372 0.5921
vn 0.9081 -0.2797 0.3118
vn 0.9527 -0.2934 0.0789
vn 0.9527 -0.2934 -0.0789
vn 0.9081 -0.2797 -0.3118
vn 0.7702 -0.2372 -0.5921
vn 0.5564 -0.1714 -0.8131
vn 0.2885 -0.0889 -0.9533
vn 0.1491 -0.0459 -0.9877
vn 0.2724 -0.1295 0.9534
vn 0.1409 -0.0670 0.9878
vn 0.5256 -0.2499 0.8132
vn 0.7277 -0.3460 0.5923
vn 0.8581 -0.4080 0.3119
vn 0.9003 -0.4280 0.0790
vn 0.9003 -0.4280 -0.0790
vn 0.8581 -0.4080 -0.3119
vn 0.7277 -0.3460 -0.5923
vn 0.5256 -0.2499 -0.8132
vn 0.2724 -0.1295 -0.9534
vn 0.1409 -0.0670 -0.9878
vn 0.2501 -0.1684 0.9535
vn 0.1294 -0.0871 0.9878
vn 0.4826 -0.3250 0.8133
vn 0.6683 -0.4500 0.5924
vn 0.7881 -0.5306 0.3120
vn 0.8269 -0.5568 0.0790
vn 0.8269 -0.5568 -0.0790
vn 0.7881 -0.5306 -0.3120
vn 0.6683 -0.4500 -0.5924
vn 0.4826 -0.3250 -0.8133
vn 0.2501 -0.1684 -0.9535
vn 0.1294 -0.0871 -0.9878
vn 0.2220 -0.2039 0.9535
vn 0.1149 -0.1055 0.9878
vn 0.4284 -0.3936 0.8133
vn 0.5933 -0.5450 0.5924
vn 0.6997 -0.6427 0.3120
vn 0.7341 -0.6744 0.0790
vn 0.7341 -0.6744 -0.0790
vn 0.6997 -0.6427 -0.3120
vn 0.5933 -0.5450 -0.5924
vn 0.4284 -0.3936 -0.8133
vn 0.2220 -0.2039 -0.9535
vn 0.1149 -0.1055 -0.9878
vn 0.1891 -0.2349 0.9534
vn 0.0978 -0.1215 0.9878
vn 0.3649 -0.4532 0.8133
vn 0.5053 -0.6275 0.5924
vn 0.5959 -0.7400 0.3120
vn 0.6252 -0.7764 0.0790
vn 0.6252 -0.7764 -0.0790
vn 0.5959 -0.7400 -0.3120
vn 0.5053 -0.6275 -0.5924
vn 0.3649 -0.4532 -0.8133
vn 0.1891 -0.2349 -0.9534
vn 0.0978 -0.1215 -0.9878
vn 0.1528 -0.2602 0.9534
vn 0.0790 -0.1346 0.9878
vn 0.2947 -0.5020 0.8132
vn 0.4079 -0.6949 0.5922
vn 0.4810 -0.8194 0.3119
vn 0.5047 -0.8597 0.0790
vn 0.5047 -0.8597 -0.0790
vn 0.4810 -0.8194 -0.3119
vn 0.4079 -0.6949 -0.5922
vn 0.2947 -0.5020 -0.8132
vn 0.1528 -0.2602 -0.9534
vn 0.0790 -0.1346 -0.9878
vn 0.1144 -0.2796 0.9533
vn 0.0591 -0.1444 0.9877
vn 0.2205 -0.5389 0.8130
vn 0.3052 -0.7459 0.5920
vn 0.3598 -0.8794 0.3117
vn 0.3775 -0.9226 0.0789
vn 0.3775 -0.9226 -0.0789
vn 0.3598 -0.8794 -0.3117
vn 0.3052 -0.7459 -0.5920
vn 0.2205 -0.5389 -0.8130
vn 0.1144 -0.2796 -0.9533
vn 0.0591 -0.1444 -0.9877
vn 0.0754 -0.2929 0.9532
vn 0.0389 -0.1512 0.9877
vn 0.1452 -0.5642 0.8128
vn 0.2009 -0.7807 0.5918
vn 0.2369 -0.9202 0.3116
vn 0.2485 -0.9654 0.0789
vn 0.2485 -0.9654 -0.0789
vn 0.2369 -0.9202 -0.3116
vn 0.2009 -0.7807 -0.5918
vn 0.1452 -0.5642 -0.8128
vn 0.0754 -0.2929 -0.9532
vn 0.0389 -0.1512 -0.9877
vn 0.0370 -0.3005 0.9530
vn 0.0191 -0.1550 0.9877
vn 0.0713 -0.5786 0.8125
vn 0.0986 -0.8003 0.5915
vn 0.1162 -0.9432 0.3114
vn 0.1219 -0.9894 0.0789
vn 0.1219 -0.9894 -0.0789
vn 0.1162 -0.9432 -0.3114
vn 0.0986 -0.8003 -0.5915
vn 0.0713 -0.5786 -0.8125
vn 0.0370 -0.3005 -0.9530
vn 0.0191 -0.1550 -0.9877
vn -0.0004 -0.3030 0.9530
vn -0.0002 -0.1561 0.9877
vn -0.0008 -0.5831 0.8124
vn -0.0011 -0.8064 0.5914
vn -0.0013 -0.9503 0.3113
vn -0.0014 -0.9969 0.0788
vn -0.0014 -0.9969 -0.0788
vn -0.0013 -0.9503 -0.3113
vn -0.0011 -0.8064 -0.5914
vn -0.0008 -0.5831 -0.8124
vn -0.0004 -0.3030 -0.9530
vn -0.0002 -0.1561 -0.9877
vn -0.0379 -0.3004 0.9531
vn -0.0195 -0.1549 0.9877
vn -0.0730 -0.5783 0.8125
vn -0.1009 -0.8000 0.5915
vn -0.1189 -0.9428 0.3114
vn -0.1248 -0.9890 0.0789
vn -0.1248 -0.9890 -0.0789
vn -0.1189 -0.9428 -0.3114
vn -0.1009 -0.8000 -0.5915
vn -0.0730 -0.5783 -0.8125
vn -0.0379 -0.3004 -0.9531
vn -0.0195 -0.1549 -0.9877
vn -0.0754 -0.2932 0.9531
vn -0.0389 -0.1512 0.9877
vn -0.1452 -0.5645 0.8125
vn -0.2008 -0.7809 0.5915
vn -0.2367 -0.9203 0.3114
vn -0.2483 -0.9655 0.0789
vn -0.2483 -0.9655 -0.0789
vn -0.2367 -0.9203 -0.3114
vn -0.2008 -0.7809 -0.5915
vn -0.1452 -0.5645 -0.8125
vn -0.0754 -0.2932 -0.9531
vn -0.0389 -0.1512 -0.9877
vn -0.1117 -0.2815 0.9530
vn -0.0576 -0.1451 0.9877
vn -0.2150 -0.5418 0.8125
vn -0.2974 -0.7494 0.5915
vn -0.3505 -0.8833 0.3114
vn -0.3677 -0.9266 0.0789
vn -0.3677 -0.9266 -0.0789
vn -0.3505 -0.8833 -0.3114
vn -0.2974 -0.7494 -0.5915
vn -0.2150 -0.5418 -0.8125
vn -0.1117 -0.2815 -0.9530
vn -0.0576 -0.1451 -0.9877
vn -0.1460 -0.2653 0.9530
vn -0.0753 -0.1368 0.9877
vn -0.2811 -0.5107 0.8125
vn -0.3888 -0.7064 0.5915
vn -0.4582 -0.8325 0.3114
vn -0.4807 -0.8734 0.0789
vn -0.4807 -0.8734 -0.0789
vn -0.4582 -0.8325 -0.3114
vn -0.3888 -0.7064 -0.5915
vn -0.2811 -0.5107 -0.8125
vn -0.1460 -0.2653 -0.9530
vn -0.0753 -0.1368 -0.9877
vn -0.1778 -0.2452 0.9530
vn -0.0917 -0.1264 0.9877
vn -0.3423 -0.4720 0.8125
vn -0.4734 -0.6528 0.5914
vn -0.5579 -0.7693 0.3114
vn -0.5852 -0.8070 0.0788
vn -0.5852 -0.8070 -0.0789
vn -0.5579 -0.7693 -0.3114
vn -0.4734 -0.6528 -0.5914
vn -0.3423 -0.4720 -0.8125
vn -0.1778 -0.2452 -0.9530
vn -0.0917 -0.1264 -0.9877
vn -0.2067 -0.2216 0.9530
vn -0.1065 -0.1142 0.9877
vn -0.3977 -0.4264 0.8124
vn -0.5501 -0.5897 0.5914
vn -0.6482 -0.6949 0.3113
vn -0.6800 -0.7290 0.0788
vn -0.6800 -0.7290 -0.0788
vn -0.6482 -0.6949 -0.3113
vn -0.5501 -0.5897 -0.5914
vn -0.3977 -0.4264 -0.8124
vn -0.2067 -0.2216 -0.9530
vn -0.1065 -0.1142 -0.9877
vn -0.2322 -0.1947 0.9530
vn -0.1196 -0.1003 0.9877
vn -0.4468 -0.3747 0.8124
vn -0.6179 -0.5182 0.5914
vn -0.7281 -0.6107 0.3113
vn -0.7638 -0.6406 0.0788
vn -0.7638 -0.6406 -0.0788
vn -0.7281 -0.6107 -0.3113
vn -0.6179 -0.5182 -0.5914
vn -0.4468 -0.3747 -0.8124
vn -0.2322 -0.1947 -0.9530
vn -0.1196 -0.1003 -0.9877
vn -0.2541 -0.1652 0.9530
vn -0.1309 -0.0851 0.9877
vn -0.4889 -0.3179 0.8124
vn -0.6760 -0.4397 0.5913
vn -0.7967 -0.5181 0.3113
vn -0.8357 -0.5435 0.0788
vn -0.8357 -0.5435 -0.0788
vn -0.7967 -0.5181 -0.3113
vn -0.6760 -0.4396 -0.5913
vn -0.4889 -0.3179 -0.8124
vn -0.2541 -0.1652 -0.9530
vn -0.1309 -0.0851 -0.9877
vn -0.2721 -0.1335 0.9530
vn -0.1402 -0.0688 0.9877
vn -0.5236 -0.2568 0.8123
vn -0.7240 -0.3552 0.5913
vn -0.8532 -0.4185 0.3113
vn -0.8950 -0.4390 0.0788
vn -0.8950 -0.4390 -0.0788
vn -0.8532 -0.4185 -0.3113
vn -0.7240 -0.3552 -0.5913
vn -0.5236 -0.2568 -0.8123
vn -0.2721 -0.1335 -0.9530
vn -0.1402 -0.0688 -0.9877
vn -0.2862 -0.1000 0.9529
vn -0.1474 -0.0515 0.9877
vn -0.5506 -0.1924 0.8123
vn -0.7613 -0.2661 0.5913
vn -0.8971 -0.3136 0.3113
vn -0.9411 -0.3289 0.0788
vn -0.9411 -0.3289 -0.0788
vn -0.8971 -0.3136 -0.3113
vn -0.7613 -0.2661 -0.5913
vn -0.5506 -0.1924 -0.8123
vn -0.2862 -0.1000 -0.9529
vn -0.1474 -0.0515 -0.9877
vn -0.2961 -0.0654 0.9529
vn -0.1525 -0.0337 0.9877
vn -0.5695 -0.1258 0.8123
vn -0.7875 -0.1739 0.5912
vn -0.9280 -0.2049 0.3112
vn -0.9734 -0.2150 0.0788
vn -0.9734 -0.2150 -0.0788
vn -0.9280 -0.2049 -0.3112
vn -0.7875 -0.1739 -0.5912
vn -0.5695 -0.1258 -0.8123
vn -0.2961 -0.0654 -0.9529
vn -0.1525 -0.0337 -0.9877
vn -0.3020 -0.0312 0.9528
vn -0.1554 -0.0160 0.9877
vn -0.5805 -0.0599 0.8120
vn -0.8024 -0.0828 0.5910
vn -0.9454 -0.0975 0.3111
vn -0.9916 -0.1023 0.0788
vn -0.9916 -0.1023 -0.0788
vn -0.9454 -0.0975 -0.3111
vn -0.8024 -0.0828 -0.5910
vn -0.5805 -0.0599 -0.8120
vn -0.3020 -0.0312 -0.9528
vn -0.1554 -0.0160 -0.9877
vn 0.1612 0.2678 0.9499
vn -0.1903 0.1143 0.9751
vn -0.0697 0.0418 0.9967
vn 0.0693 0.1152 0.9909
vn 0.2915 0.4844 0.8248
vn -0.3554 0.2134 0.9100
vn 0.4052 0.6735 0.6183
vn -0.5539 0.3326 0.7633
vn 0.4859 0.8076 0.3342
vn -0.7602 0.4565 0.4623
vn 0.5135 0.8535 0.0887
vn -0.8491 0.5099 0.1380
vn 0.5135 0.8535 -0.0887
vn -0.8491 0.5099 -0.1380
vn 0.4859 0.8076 -0.3342
vn -0.7602 0.4565 -0.4623
vn 0.4052 0.6735 -0.6183
vn -0.5539 0.3326 -0.7633
vn 0.2915 0.4844 -0.8248
vn -0.3554 0.2134 -0.9100
vn 0.1612 0.2678 -0.9499
vn -0.1903 0.1143 -0.9751
vn 0.0693 0.1152 -0.9909
vn -0.0697 0.0418 -0.9967
vn -0.1610 -0.2680 0.9499
vn -0.0693 -0.1153 0.9909
vn -0.2911 -0.4848 0.8247
vn -0.4047 -0.6739 0.6181
vn -0.4853 -0.8080 0.3340
vn -0.5128 -0.8539 0.0886
vn -0.5128 -0.8539 -0.0886
vn -0.4853 -0.8080 -0.3340
vn -0.4047 -0.6739 -0.6181
vn -0.2911 -0.4848 -0.8247
vn -0.1610 -0.2680 -0.9499
vn -0.0693 -0.1153 -0.9909
vn 0.1786 -0.2456 0.9528
vn 0.0747 -0.1027 0.9919
vn 0.3233 -0.4444 0.8354
vn 0.4546 -0.6249 0.6346
vn 0.5517 -0.7584 0.3471
vn 0.5857 -0.8051 0.0933
vn 0.5857 -0.8051 -0.0933
vn 0.5517 -0.7584 -0.3471
vn 0.4546 -0.6249 -0.6346
vn 0.3233 -0.4444 -0.8354
vn 0.1786 -0.2456 -0.9528
vn 0.0747 -0.1027 -0.9919
vn 0.0065 -0.0778 0.9970
vn 0.0051 -0.0608 0.9981
vn 0.0181 -0.2163 0.9761
vn 0.0338 -0.4041 0.9141
vn 0.0591 -0.7072 0.7046
vn 0.0813 -0.9723 0.2194
vn 0.0813 -0.9723 -0.2194
vn 0.0591 -0.7072 -0.7046
vn 0.0338 -0.4041 -0.9141
vn 0.0181 -0.2163 -0.9761
vn 0.0065 -0.0778 -0.9970
vn 0.0051 -0.0608 -0.9981
vn -0.1620 -0.2669 0.9500
vn -0.0696 -0.1147 0.9910
vn -0.2930 -0.4828 0.8253
vn -0.4075 -0.6715 0.6189
vn -0.4889 -0.8056 0.3347
vn -0.5168 -0.8515 0.0888
vn -0.5168 -0.8515 -0.0888
vn -0.4889 -0.8056 -0.3347
vn -0.4075 -0.6715 -0.6189
vn -0.2930 -0.4828 -0.8253
vn -0.1620 -0.2669 -0.9500
vn -0.0696 -0.1147 -0.9910
vn 0.1776 -0.2472 0.9526
vn 0.0744 -0.1036 0.9918
vn 0.3214 -0.4473 0.8346
vn 0.4515 -0.6284 0.6334
vn 0.5474 -0.7619 0.3462
vn 0.5810 -0.8086 0.0929
vn 0.5810 -0.8086 -0.0929
vn 0.5474 -0.7619 -0.3462
vn 0.4515 -0.6284 -0.6334
vn 0.3214 -0.4473 -0.8346
vn 0.1776 -0.2472 -0.9526
vn 0.0744 -0.1036 -0.9918
vn 0.1985 0.1426 0.9697
vn 0.0747 0.0537 0.9958
vn 0.3673 0.2639 0.8919
vn 0.5560 0.3995 0.7289
vn 0.7337 0.5272 0.4286
vn 0.8059 0.5790 0.1240
vn 0.8059 0.5790 -0.1240
vn 0.7337 0.5272 -0.4286
vn 0.5560 0.3995 -0.7289
vn 0.3673 0.2639 -0.8919
vn 0.1985 0.1426 -0.9697
vn 0.0747 0.0537 -0.9958
vn -0.1778 0.2468 0.9526
vn -0.0745 0.1034 0.9918
vn -0.3218 0.4467 0.8348
vn -0.4522 0.6277 0.6337
vn -0.5483 0.7611 0.3464
vn -0.5820 0.8079 0.0930
vn -0.5820 0.8079 -0.0930
vn -0.5483 0.7611 -0.3464
vn -0.4522 0.6277 -0.6337
vn -0.3218 0.4467 -0.8348
vn -0.1778 0.2468 -0.9526
vn -0.0745 0.1034 -0.9918
vn -0.0062 0.0787 0.9969
vn -0.0048 0.0614 0.9981
vn -0.0172 0.2187 0.9756
vn -0.0320 0.4080 0.9124
vn -0.0558 0.7113 0.7007
vn -0.0764 0.9731 0.2171
vn -0.0764 0.9731 -0.2171
vn -0.0558 0.7113 -0.7007
vn -0.0320 0.4080 -0.9124
vn -0.0172 0.2187 -0.9756
vn -0.0062 0.0787 -0.9969
vn -0.0048 0.0614 -0.9981
vn 0.1621 0.2668 0.9500
vn 0.0697 0.1146 0.9910
vn 0.2932 0.4826 0.8253
vn 0.4078 0.6712 0.6190
vn 0.4893 0.8053 0.3347
vn 0.5172 0.8512 0.0889
vn 0.5172 0.8512 -0.0889
vn 0.4893 0.8053 -0.3347
vn 0.4078 0.6712 -0.6190
vn 0.2932 0.4826 -0.8253
vn 0.1621 0.2668 -0.9500
vn 0.0697 0.1146 -0.9910
vn -0.1790 0.2450 0.9529
vn -0.0748 0.1024 0.9919
vn -0.3240 0.4435 0.8357
vn -0.4557 0.6237 0.6351
vn -0.5532 0.7572 0.3475
vn -0.5873 0.8039 0.0934
vn -0.5873 0.8039 -0.0934
vn -0.5532 0.7572 -0.3475
vn -0.4557 0.6237 -0.6351
vn -0.3240 0.4435 -0.8357
vn -0.1790 0.2450 -0.9529
vn -0.0748 0.1024 -0.9919
vn -0.0070 0.0781 0.9969
vn -0.0055 0.0611 0.9981
vn -0.0194 0.2172 0.9759
vn -0.0363 0.4056 0.9133
vn -0.0634 0.7085 0.7029
vn -0.0870 0.9720 0.2184
vn -0.0870 0.9720 -0.2184
vn -0.0634 0.7085 -0.7029
vn -0.0363 0.4056 -0.9133
vn -0.0194 0.2172 -0.9759
vn -0.0070 0.0781 -0.9969
vn -0.0055 0.0611 -0.9981
vn -0.1597 -0.2652 0.9509
vn -0.1555 -0.2680 0.9508
vn -0.0785 -0.1353 0.9877
vn -0.0807 -0.1340 0.9877
vn -0.3034 -0.5039 0.8087
vn -0.2953 -0.5090 0.8086
vn -0.4175 -0.6933 0.5875
vn -0.4061 -0.7001 0.5873
vn -0.4906 -0.8148 0.3088
vn -0.4773 -0.8227 0.3087
vn -0.5143 -0.8540 0.0784
vn -0.5003 -0.8623 0.0784
vn -0.5143 -0.8540 -0.0784
vn -0.5003 -0.8623 -0.0784
vn -0.4906 -0.8148 -0.3088
vn -0.4773 -0.8227 -0.3087
vn -0.4175 -0.6933 -0.5875
vn -0.4061 -0.7001 -0.5873
vn -0.3034 -0.5039 -0.8087
vn -0.2953 -0.5090 -0.8086
vn -0.1597 -0.2652 -0.9509
vn -0.1555 -0.2680 -0.9508
vn -0.0807 -0.1340 -0.9877
vn -0.0785 -0.1353 -0.9877
vn -0.1494 -0.2719 0.9507
vn -0.0753 -0.1371 0.9877
vn -0.2835 -0.5159 0.8084
vn -0.3898 -0.7094 0.5872
vn -0.4581 -0.8336 0.3086
vn -0.4801 -0.8737 0.0784
vn -0.4801 -0.8737 -0.0784
vn -0.4581 -0.8336 -0.3086
vn -0.3898 -0.7094 -0.5872
vn -0.2835 -0.5159 -0.8084
vn -0.1494 -0.2719 -0.9507
vn -0.0753 -0.1371 -0.9877
vn -0.1410 -0.2768 0.9505
vn -0.0710 -0.1394 0.9877
vn -0.2673 -0.5247 0.8082
vn -0.3674 -0.7214 0.5870
vn -0.4317 -0.8476 0.3085
vn -0.4525 -0.8883 0.0784
vn -0.4525 -0.8883 -0.0784
vn -0.4317 -0.8476 -0.3085
vn -0.3674 -0.7214 -0.5870
vn -0.2673 -0.5247 -0.8082
vn -0.1410 -0.2768 -0.9505
vn -0.0710 -0.1394 -0.9877
vn -0.1298 -0.2826 0.9504
vn -0.0652 -0.1421 0.9877
vn -0.2458 -0.5354 0.8080
vn -0.3378 -0.7359 0.5868
vn -0.3969 -0.8645 0.3084
vn -0.4159 -0.9060 0.0784
vn -0.4159 -0.9060 -0.0784
vn -0.3969 -0.8645 -0.3084
vn -0.3378 -0.7359 -0.5868
vn -0.2458 -0.5354 -0.8080
vn -0.1297 -0.2826 -0.9504
vn -0.0652 -0.1421 -0.9877
vn -0.1155 -0.2892 0.9503
vn -0.0580 -0.1452 0.9877
vn -0.2186 -0.5474 0.8078
vn -0.3003 -0.7521 0.5866
vn -0.3528 -0.8835 0.3083
vn -0.3697 -0.9258 0.0784
vn -0.3697 -0.9258 -0.0784
vn -0.3528 -0.8835 -0.3083
vn -0.3003 -0.7521 -0.5866
vn -0.2186 -0.5474 -0.8078
vn -0.1155 -0.2892 -0.9503
vn -0.0580 -0.1452 -0.9877
vn -0.0982 -0.2959 0.9502
vn -0.0492 -0.1484 0.9877
vn -0.1857 -0.5597 0.8076
vn -0.2551 -0.7688 0.5865
vn -0.2996 -0.9029 0.3082
vn -0.3140 -0.9462 0.0784
vn -0.3140 -0.9462 -0.0784
vn -0.2996 -0.9029 -0.3082
vn -0.2551 -0.7688 -0.5865
vn -0.1857 -0.5597 -0.8076
vn -0.0982 -0.2959 -0.9502
vn -0.0492 -0.1484 -0.9877
vn -0.0784 -0.3019 0.9501
vn -0.0393 -0.1513 0.9877
vn -0.1482 -0.5709 0.8075
vn -0.2036 -0.7840 0.5864
vn -0.2391 -0.9208 0.3082
vn -0.2505 -0.9649 0.0784
vn -0.2505 -0.9649 -0.0784
vn -0.2391 -0.9208 -0.3082
vn -0.2036 -0.7840 -0.5864
vn -0.1482 -0.5709 -0.8075
vn -0.0784 -0.3019 -0.9501
vn -0.0393 -0.1513 -0.9877
vn -0.0572 -0.3067 0.9501
vn -0.0287 -0.1537 0.9877
vn -0.1082 -0.5798 0.8075
vn -0.1486 -0.7963 0.5864
vn -0.1745 -0.9352 0.3082
vn -0.1829 -0.9800 0.0784
vn -0.1829 -0.9800 -0.0784
vn -0.1745 -0.9352 -0.3082
vn -0.1486 -0.7963 -0.5864
vn -0.1082 -0.5798 -0.8075
vn -0.0572 -0.3067 -0.9501
vn -0.0287 -0.1537 -0.9877
vn -0.0362 -0.3097 0.9501
vn -0.0182 -0.1553 0.9877
vn -0.0685 -0.5857 0.8076
vn -0.0942 -0.8045 0.5864
vn -0.1106 -0.9449 0.3082
vn -0.1159 -0.9902 0.0784
vn -0.1159 -0.9902 -0.0784
vn -0.1106 -0.9449 -0.3082
vn -0.0942 -0.8045 -0.5864
vn -0.0685 -0.5857 -0.8076
vn -0.0362 -0.3097 -0.9501
vn -0.0182 -0.1553 -0.9877
vn -0.0170 -0.3111 0.9502
vn -0.0085 -0.1561 0.9877
vn -0.0321 -0.5886 0.8078
vn -0.0441 -0.8087 0.5866
vn -0.0518 -0.9499 0.3083
vn -0.0542 -0.9954 0.0784
vn -0.0542 -0.9954 -0.0784
vn -0.0518 -0.9499 -0.3083
vn -0.0441 -0.8087 -0.5866
vn -0.0321 -0.5886 -0.8078
vn -0.0170 -0.3111 -0.9502
vn -0.0085 -0.1561 -0.9877
vn 0.0009 -0.3115 0.9503
vn 0.0005 -0.1564 0.9877
vn 0.0018 -0.5895 0.8078
vn 0.0024 -0.8099 0.5866
vn 0.0029 -0.9513 0.3083
vn 0.0030 -0.9969 0.0784
vn 0.0030 -0.9969 -0.0784
vn 0.0029 -0.9513 -0.3083
vn 0.0024 -0.8099 -0.5866
vn 0.0018 -0.5895 -0.8078
vn 0.0009 -0.3115 -0.9503
vn 0.0005 -0.1564 -0.9877
vn 0.0211 -0.3114 0.9501
vn 0.0106 -0.1560 0.9877
vn 0.0399 -0.5885 0.8075
vn 0.0547 -0.8082 0.5863
vn 0.0643 -0.9492 0.3081
vn 0.0674 -0.9946 0.0784
vn 0.0674 -0.9946 -0.0784
vn 0.0643 -0.9492 -0.3081
vn 0.0547 -0.8082 -0.5863
vn 0.0399 -0.5885 -0.8075
vn 0.0211 -0.3114 -0.9501
vn 0.0106 -0.1560 -0.9877
vn 0.0459 -0.3093 0.9499
vn 0.0229 -0.1546 0.9877
vn 0.0866 -0.5839 0.8072
vn 0.1189 -0.8015 0.5861
vn 0.1396 -0.9411 0.3080
vn 0.1463 -0.9861 0.0784
vn 0.1463 -0.9861 -0.0784
vn 0.1396 -0.9411 -0.3080
vn 0.1189 -0.8015 -0.5861
vn 0.0866 -0.5839 -0.8072
vn 0.0459 -0.3093 -0.9499
vn 0.0229 -0.1546 -0.9877
vn 0.0752 -0.3041 0.9497
vn 0.0375 -0.1517 0.9877
vn 0.1418 -0.5734 0.8069
vn 0.1946 -0.7867 0.5858
vn 0.2285 -0.9236 0.3079
vn 0.2394 -0.9678 0.0784
vn 0.2394 -0.9678 -0.0784
vn 0.2285 -0.9236 -0.3079
vn 0.1946 -0.7867 -0.5858
vn 0.1418 -0.5734 -0.8069
vn 0.0752 -0.3041 -0.9497
vn 0.0375 -0.1517 -0.9877
vn 0.1090 -0.2944 0.9494
vn 0.0542 -0.1464 0.9877
vn 0.2053 -0.5542 0.8067
vn 0.2816 -0.7601 0.5856
vn 0.3305 -0.8922 0.3077
vn 0.3463 -0.9349 0.0784
vn 0.3463 -0.9349 -0.0784
vn 0.3305 -0.8922 -0.3077
vn 0.2816 -0.7601 -0.5856
vn 0.2053 -0.5542 -0.8067
vn 0.1090 -0.2944 -0.9494
vn 0.0542 -0.1464 -0.9877
vn 0.1463 -0.2784 0.9492
vn 0.0726 -0.1382 0.9877
vn 0.2751 -0.5235 0.8064
vn 0.3771 -0.7177 0.5854
vn 0.4426 -0.8423 0.3077
vn 0.4637 -0.8825 0.0784
vn 0.4637 -0.8825 -0.0784
vn 0.4426 -0.8423 -0.3077
vn 0.3771 -0.7177 -0.5854
vn 0.2751 -0.5235 -0.8064
vn 0.1463 -0.2784 -0.9492
vn 0.0726 -0.1382 -0.9877
vn 0.1848 -0.2550 0.9491
vn 0.0915 -0.1263 0.9878
vn 0.3471 -0.4790 0.8062
vn 0.4758 -0.6566 0.5853
vn 0.5583 -0.7705 0.3076
vn 0.5850 -0.8073 0.0784
vn 0.5850 -0.8073 -0.0784
vn 0.5583 -0.7705 -0.3076
vn 0.4758 -0.6566 -0.5853
vn 0.3471 -0.4790 -0.8062
vn 0.1848 -0.2550 -0.9491
vn 0.0915 -0.1263 -0.9878
vn 0.2214 -0.2243 0.9491
vn 0.1096 -0.1110 0.9878
vn 0.4156 -0.4211 0.8062
vn 0.5696 -0.5771 0.5852
vn 0.6684 -0.6773 0.3076
vn 0.7003 -0.7096 0.0784
vn 0.7003 -0.7096 -0.0784
vn 0.6684 -0.6773 -0.3076
vn 0.5696 -0.5771 -0.5852
vn 0.4156 -0.4211 -0.8062
vn 0.2214 -0.2243 -0.9491
vn 0.1096 -0.1110 -0.9878
vn 0.2527 -0.1880 0.9491
vn 0.1252 -0.0931 0.9878
vn 0.4747 -0.3531 0.8062
vn 0.6505 -0.4840 0.5853
vn 0.7634 -0.5680 0.3076
vn 0.7999 -0.5951 0.0784
vn 0.7999 -0.5951 -0.0784
vn 0.7634 -0.5680 -0.3076
vn 0.6505 -0.4840 -0.5853
vn 0.4747 -0.3531 -0.8062
vn 0.2527 -0.1880 -0.9491
vn 0.1252 -0.0931 -0.9878
vn 0.2769 -0.1494 0.9492
vn 0.1374 -0.0741 0.9877
vn 0.5205 -0.2808 0.8064
vn 0.7135 -0.3849 0.5854
vn 0.8374 -0.4517 0.3076
vn 0.8774 -0.4733 0.0784
vn 0.8774 -0.4733 -0.0784
vn 0.8374 -0.4517 -0.3076
vn 0.7135 -0.3849 -0.5854
vn 0.5205 -0.2808 -0.8064
vn 0.2769 -0.1494 -0.9492
vn 0.1374 -0.0741 -0.9877
vn 0.2935 -0.1116 0.9494
vn 0.1460 -0.0555 0.9877
vn 0.5525 -0.2101 0.8066
vn 0.7577 -0.2881 0.5856
vn 0.8894 -0.3381 0.3077
vn 0.9319 -0.3543 0.0784
vn 0.9319 -0.3543 -0.0784
vn 0.8894 -0.3381 -0.3077
vn 0.7577 -0.2881 -0.5856
vn 0.5525 -0.2101 -0.8066
vn 0.2935 -0.1116 -0.9494
vn 0.1460 -0.0555 -0.9877
vn 0.1543 -0.0630 0.9860
vn 0.1514 -0.0384 0.9877
vn -0.1926 -0.9684 -0.1588
vn -0.2807 -0.9527 -0.1162
vn -0.3263 -0.9433 -0.0612
vn -0.2936 -0.9559 -0.0078
vn -0.2936 -0.9559 0.0078
vn -0.3263 -0.9433 0.0612
vn -0.2807 -0.9527 0.1162
vn -0.1926 -0.9684 0.1588
vn 0.1543 -0.0630 -0.9860
vn 0.1514 -0.0384 -0.9877
vn -0.9591 0.0968 0.2661
vn 0.0320 -0.0798 0.9963
vn -0.1604 0.4007 -0.9020
vn -0.2467 0.6163 -0.7479
vn -0.3325 0.8305 -0.4469
vn -0.3685 0.9203 -0.1314
vn -0.3685 0.9203 0.1314
vn -0.3325 0.8305 0.4469
vn -0.2467 0.6163 0.7479
vn -0.1604 0.4007 0.9020
vn -0.9591 0.0968 -0.2661
vn 0.0320 -0.0798 -0.9963
vn -0.0788 -0.1355 0.9876
vn -0.0872 -0.1298 0.9877
vn 0.7896 -0.5927 -0.1587
vn 0.8448 -0.5223 -0.1161
vn 0.8724 -0.4849 -0.0612
vn 0.8565 -0.5161 -0.0078
vn 0.8565 -0.5161 0.0078
vn 0.8724 -0.4849 0.0612
vn 0.8448 -0.5223 0.1161
vn 0.7896 -0.5927 0.1587
vn -0.0788 -0.1355 -0.9876
vn -0.0872 -0.1298 -0.9877
vn -0.1617 -0.2656 0.9504
vn -0.0813 -0.1336 0.9877
vn -0.3064 -0.5032 0.8080
vn -0.4211 -0.6916 0.5868
vn -0.4947 -0.8125 0.3084
vn -0.5184 -0.8515 0.0784
vn -0.5184 -0.8515 -0.0784
vn -0.4947 -0.8125 -0.3084
vn -0.4211 -0.6916 -0.5868
vn -0.3064 -0.5032 -0.8080
vn -0.1617 -0.2656 -0.9504
vn -0.0813 -0.1336 -0.9877
vn -0.1492 -0.2730 0.9504
vn -0.0750 -0.1372 0.9877
vn -0.2826 -0.5171 0.8080
vn -0.3883 -0.7106 0.5868
vn -0.4562 -0.8348 0.3084
vn -0.4780 -0.8748 0.0784
vn -0.4780 -0.8748 -0.0784
vn -0.4562 -0.8348 -0.3084
vn -0.3883 -0.7106 -0.5868
vn -0.2826 -0.5171 -0.8080
vn -0.1492 -0.2730 -0.9504
vn -0.0750 -0.1372 -0.9877
vn -0.1357 -0.2800 0.9504
vn -0.0682 -0.1407 0.9877
vn -0.2570 -0.5303 0.8079
vn -0.3532 -0.7287 0.5867
vn -0.4149 -0.8560 0.3084
vn -0.4348 -0.8971 0.0784
vn -0.4348 -0.8971 -0.0784
vn -0.4149 -0.8560 -0.3084
vn -0.3532 -0.7287 -0.5867
vn -0.2570 -0.5303 -0.8079
vn -0.1357 -0.2800 -0.9504
vn -0.0682 -0.1407 -0.9877
vn -0.1214 -0.2866 0.9503
vn -0.0610 -0.1440 0.9877
vn -0.2298 -0.5427 0.8079
vn -0.3158 -0.7457 0.5867
vn -0.3709 -0.8760 0.3084
vn -0.3887 -0.9180 0.0784
vn -0.3887 -0.9180 -0.0784
vn -0.3709 -0.8760 -0.3084
vn -0.3158 -0.7457 -0.5867
vn -0.2298 -0.5427 -0.8079
vn -0.1214 -0.2866 -0.9503
vn -0.0610 -0.1440 -0.9877
vn -0.1061 -0.2927 0.9503
vn -0.0533 -0.1470 0.9877
vn -0.2009 -0.5541 0.8078
vn -0.2761 -0.7613 0.5867
vn -0.3243 -0.8943 0.3083
vn -0.3399 -0.9372 0.0784
vn -0.3399 -0.9372 -0.0784
vn -0.3243 -0.8943 -0.3083
vn -0.2761 -0.7613 -0.5867
vn -0.2009 -0.5541 -0.8078
vn -0.1061 -0.2927 -0.9503
vn -0.0533 -0.1470 -0.9877
vn -0.0901 -0.2981 0.9503
vn -0.0452 -0.1497 0.9877
vn -0.1705 -0.5643 0.8078
vn -0.2342 -0.7753 0.5866
vn -0.2751 -0.9106 0.3083
vn -0.2883 -0.9543 0.0784
vn -0.2883 -0.9543 -0.0784
vn -0.2751 -0.9106 -0.3083
vn -0.2342 -0.7753 -0.5866
vn -0.1705 -0.5643 -0.8078
vn -0.0901 -0.2981 -0.9503
vn -0.0452 -0.1497 -0.9877
vn -0.0732 -0.3027 0.9503
vn -0.0367 -0.1520 0.9877
vn -0.1385 -0.5730 0.8078
vn -0.1903 -0.7872 0.5866
vn -0.2236 -0.9246 0.3083
vn -0.2343 -0.9690 0.0784
vn -0.2343 -0.9690 -0.0784
vn -0.2236 -0.9246 -0.3083
vn -0.1903 -0.7872 -0.5866
vn -0.1385 -0.5730 -0.8078
vn -0.0732 -0.3027 -0.9503
vn -0.0367 -0.1520 -0.9877
vn -0.0556 -0.3065 0.9502
vn -0.0279 -0.1539 0.9877
vn -0.1053 -0.5800 0.8078
vn -0.1446 -0.7969 0.5866
vn -0.1699 -0.9360 0.3083
vn -0.1780 -0.9809 0.0784
vn -0.1780 -0.9809 -0.0784
vn -0.1699 -0.9360 -0.3083
vn -0.1446 -0.7969 -0.5866
vn -0.1053 -0.5800 -0.8078
vn -0.0556 -0.3065 -0.9502
vn -0.0279 -0.1539 -0.9877
vn -0.0375 -0.3093 0.9502
vn -0.0188 -0.1552 0.9877
vn -0.0709 -0.5853 0.8077
vn -0.0974 -0.8040 0.5865
vn -0.1145 -0.9444 0.3083
vn -0.1199 -0.9897 0.0784
vn -0.1199 -0.9897 -0.0784
vn -0.1145 -0.9444 -0.3083
vn -0.0974 -0.8040 -0.5865
vn -0.0709 -0.5853 -0.8077
vn -0.0375 -0.3093 -0.9502
vn -0.0188 -0.1552 -0.9877
vn -0.0189 -0.3110 0.9502
vn -0.0095 -0.1561 0.9877
vn -0.0357 -0.5885 0.8077
vn -0.0491 -0.8084 0.5865
vn -0.0577 -0.9496 0.3083
vn -0.0604 -0.9951 0.0784
vn -0.0604 -0.9951 -0.0784
vn -0.0577 -0.9496 -0.3083
vn -0.0491 -0.8084 -0.5865
vn -0.0357 -0.5885 -0.8077
vn -0.0189 -0.3110 -0.9502
vn -0.0095 -0.1561 -0.9877
vn 0.0056 -0.3130 0.9497
vn 0.0028 -0.1562 0.9877
vn 0.0106 -0.5904 0.8070
vn 0.0145 -0.8102 0.5859
vn 0.0170 -0.9513 0.3079
vn 0.0179 -0.9968 0.0784
vn 0.0179 -0.9968 -0.0784
vn 0.0170 -0.9513 -0.3079
vn 0.0145 -0.8102 -0.5859
vn 0.0106 -0.5904 -0.8070
vn 0.0056 -0.3130 -0.9497
vn 0.0028 -0.1562 -0.9877
vn 0.0425 -0.3117 0.9492
vn 0.0211 -0.1546 0.9877
vn 0.0800 -0.5860 0.8064
vn 0.1097 -0.8033 0.5854
vn 0.1287 -0.9428 0.3076
vn 0.1348 -0.9878 0.0784
vn 0.1348 -0.9878 -0.0784
vn 0.1287 -0.9428 -0.3076
vn 0.1097 -0.8033 -0.5854
vn 0.0800 -0.5860 -0.8064
vn 0.0425 -0.3117 -0.9492
vn 0.0211 -0.1546 -0.9877
vn 0.0862 -0.3028 0.9492
vn 0.0427 -0.1501 0.9878
vn 0.1619 -0.5689 0.8063
vn 0.2219 -0.7798 0.5853
vn 0.2605 -0.9152 0.3076
vn 0.2729 -0.9588 0.0784
vn 0.2729 -0.9588 -0.0784
vn 0.2605 -0.9152 -0.3076
vn 0.2219 -0.7798 -0.5853
vn 0.1619 -0.5689 -0.8063
vn 0.0862 -0.3028 -0.9492
vn 0.0427 -0.1501 -0.9878
vn 0.1294 -0.2871 0.9491
vn 0.0641 -0.1422 0.9878
vn 0.2430 -0.5393 0.8063
vn 0.3331 -0.7392 0.5853
vn 0.3909 -0.8675 0.3076
vn 0.4095 -0.9089 0.0784
vn 0.4095 -0.9089 -0.0784
vn 0.3909 -0.8675 -0.3076
vn 0.3331 -0.7392 -0.5853
vn 0.2430 -0.5393 -0.8063
vn 0.1294 -0.2871 -0.9491
vn 0.0641 -0.1422 -0.9878
vn 0.1703 -0.2649 0.9491
vn 0.0844 -0.1312 0.9878
vn 0.3199 -0.4976 0.8062
vn 0.4385 -0.6820 0.5853
vn 0.5146 -0.8004 0.3076
vn 0.5392 -0.8386 0.0784
vn 0.5392 -0.8386 -0.0784
vn 0.5146 -0.8004 -0.3076
vn 0.4385 -0.6820 -0.5853
vn 0.3199 -0.4976 -0.8063
vn 0.1703 -0.2649 -0.9491
vn 0.0844 -0.1312 -0.9878
vn 0.2075 -0.2369 0.9491
vn 0.1028 -0.1174 0.9878
vn 0.3898 -0.4450 0.8063
vn 0.5342 -0.6099 0.5853
vn 0.6270 -0.7158 0.3076
vn 0.6569 -0.7499 0.0784
vn 0.6569 -0.7499 -0.0784
vn 0.6270 -0.7158 -0.3076
vn 0.5342 -0.6099 -0.5853
vn 0.3898 -0.4450 -0.8063
vn 0.2075 -0.2369 -0.9491
vn 0.1028 -0.1174 -0.9878
vn 0.2397 -0.2041 0.9492
vn 0.1188 -0.1012 0.9878
vn 0.4503 -0.3835 0.8063
vn 0.6173 -0.5257 0.5853
vn 0.7244 -0.6169 0.3076
vn 0.7590 -0.6464 0.0784
vn 0.7590 -0.6464 -0.0784
vn 0.7244 -0.6169 -0.3076
vn 0.6173 -0.5257 -0.5853
vn 0.4503 -0.3835 -0.8063
vn 0.2397 -0.2041 -0.9492
vn 0.1188 -0.1012 -0.9878
vn 0.2662 -0.1678 0.9492
vn 0.1320 -0.0832 0.9877
vn 0.5003 -0.3154 0.8064
vn 0.6858 -0.4324 0.5854
vn 0.8049 -0.5075 0.3076
vn 0.8433 -0.5317 0.0784
vn 0.8433 -0.5317 -0.0784
vn 0.8049 -0.5075 -0.3076
vn 0.6858 -0.4324 -0.5854
vn 0.5003 -0.3154 -0.8064
vn 0.2662 -0.1678 -0.9492
vn 0.1320 -0.0832 -0.9877
vn 0.2868 -0.1292 0.9492
vn 0.1423 -0.0641 0.9877
vn 0.5392 -0.2429 0.8064
vn 0.7392 -0.3331 0.5854
vn 0.8675 -0.3909 0.3077
vn 0.9089 -0.4096 0.0784
vn 0.9089 -0.4096 -0.0784
vn 0.8675 -0.3909 -0.3076
vn 0.7392 -0.3331 -0.5854
vn 0.5392 -0.2429 -0.8064
vn 0.2868 -0.1292 -0.9492
vn 0.1423 -0.0641 -0.9877
vn 0.3015 -0.0893 0.9493
vn 0.1497 -0.0443 0.9877
vn 0.5670 -0.1679 0.8065
vn 0.7773 -0.2302 0.5855
vn 0.9123 -0.2702 0.3077
vn 0.9559 -0.2831 0.0784
vn 0.9559 -0.2831 -0.0784
vn 0.9123 -0.2702 -0.3077
vn 0.7773 -0.2302 -0.5855
vn 0.5670 -0.1679 -0.8065
vn 0.3015 -0.0893 -0.9493
vn 0.1497 -0.0443 -0.9877
vn 0.3105 -0.0488 0.9493
vn 0.1542 -0.0242 0.9877
vn 0.5841 -0.0918 0.8065
vn 0.8008 -0.1258 0.5855
vn 0.9400 -0.1477 0.3077
vn 0.9848 -0.1547 0.0784
vn 0.9848 -0.1547 -0.0784
vn 0.9400 -0.1477 -0.3077
vn 0.8008 -0.1258 -0.5855
vn 0.5841 -0.0918 -0.8065
vn 0.3105 -0.0488 -0.9493
vn 0.1542 -0.0242 -0.9877
vn 0.3141 -0.0084 0.9494
vn 0.1561 -0.0042 0.9877
vn 0.5910 -0.0159 0.8065
vn 0.8104 -0.0217 0.5855
vn 0.9511 -0.0255 0.3077
vn 0.9966 -0.0267 0.0784
vn 0.9966 -0.0267 -0.0784
vn 0.9511 -0.0255 -0.3077
vn 0.8104 -0.0217 -0.5855
vn 0.5910 -0.0159 -0.8065
vn 0.3141 -0.0084 -0.9494
vn 0.1561 -0.0042 -0.9877
vn 0.3128 0.0334 0.9492
vn 0.1552 0.0166 0.9877
vn 0.5880 0.0629 0.8064
vn 0.8061 0.0862 0.5854
vn 0.9461 0.1012 0.3076
vn 0.9913 0.1060 0.0784
vn 0.9913 0.1060 -0.0784
vn 0.9461 0.1012 -0.3076
vn 0.8061 0.0862 -0.5854
vn 0.5880 0.0629 -0.8064
vn 0.3128 0.0334 -0.9492
vn 0.1552 0.0166 -0.9877
vn 0.3050 0.0803 0.9490
vn 0.1508 0.0397 0.9878
vn 0.5723 0.1506 0.8061
vn 0.7842 0.2064 0.5852
vn 0.9202 0.2422 0.3075
vn 0.9641 0.2538 0.0784
vn 0.9641 0.2538 -0.0784
vn 0.9202 0.2422 -0.3075
vn 0.7842 0.2064 -0.5852
vn 0.5723 0.1506 -0.8061
vn 0.3050 0.0803 -0.9490
vn 0.1508 0.0397 -0.9878
vn 0.2879 0.1291 0.9489
vn 0.1423 0.0638 0.9878
vn 0.5400 0.2423 0.8060
vn 0.7399 0.3319 0.5851
vn 0.8682 0.3895 0.3075
vn 0.9096 0.4081 0.0784
vn 0.9096 0.4081 -0.0784
vn 0.8682 0.3895 -0.3075
vn 0.7399 0.3319 -0.5851
vn 0.5400 0.2423 -0.8060
vn 0.2879 0.1291 -0.9489
vn 0.1423 0.0638 -0.9878
vn 0.2630 0.1738 0.9490
vn 0.1301 0.0860 0.9878
vn 0.4937 0.3262 0.8061
vn 0.6765 0.4470 0.5852
vn 0.7939 0.5246 0.3076
vn 0.8318 0.5496 0.0784
vn 0.8318 0.5496 -0.0784
vn 0.7939 0.5246 -0.3076
vn 0.6765 0.4470 -0.5852
vn 0.4937 0.3262 -0.8061
vn 0.2630 0.1738 -0.9490
vn 0.1301 0.0860 -0.9878
vn 0.2337 0.2108 0.9492
vn 0.1159 0.1045 0.9877
vn 0.4391 0.3962 0.8063
vn 0.6020 0.5431 0.5854
vn 0.7065 0.6374 0.3076
vn 0.7402 0.6678 0.0784
vn 0.7402 0.6678 -0.0784
vn 0.7065 0.6374 -0.3076
vn 0.6020 0.5431 -0.5854
vn 0.4391 0.3962 -0.8063
vn 0.2337 0.2108 -0.9492
vn 0.1159 0.1045 -0.9877
vn 0.2036 0.2390 0.9494
vn 0.1013 0.1189 0.9877
vn 0.3833 0.4499 0.8067
vn 0.5257 0.6170 0.5856
vn 0.6170 0.7243 0.3077
vn 0.6465 0.7589 0.0784
vn 0.6465 0.7589 -0.0784
vn 0.6170 0.7243 -0.3077
vn 0.5257 0.6170 -0.5856
vn 0.3833 0.4499 -0.8067
vn 0.2036 0.2390 -0.9494
vn 0.1013 0.1189 -0.9877
vn 0.1758 0.2591 0.9497
vn 0.0877 0.1293 0.9877
vn 0.3316 0.4886 0.8070
vn 0.4551 0.6705 0.5859
vn 0.5343 0.7872 0.3079
vn 0.5598 0.8249 0.0784
vn 0.5598 0.8249 -0.0784
vn 0.5343 0.7872 -0.3079
vn 0.4551 0.6705 -0.5859
vn 0.3316 0.4886 -0.8070
vn 0.1758 0.2591 -0.9497
vn 0.0877 0.1293 -0.9877
vn 0.1521 0.2727 0.9500
vn 0.0761 0.1365 0.9877
vn 0.2874 0.5153 0.8074
vn 0.3946 0.7075 0.5862
vn 0.4634 0.8309 0.3081
vn 0.4856 0.8707 0.0784
vn 0.4856 0.8707 -0.0784
vn 0.4634 0.8309 -0.3081
vn 0.3946 0.7075 -0.5862
vn 0.2874 0.5153 -0.8074
vn 0.1521 0.2727 -0.9500
vn 0.0761 0.1365 -0.9877
vn 0.1330 0.2817 0.9502
vn 0.0668 0.1414 0.9877
vn 0.2518 0.5330 0.8078
vn 0.3459 0.7323 0.5866
vn 0.4063 0.8602 0.3083
vn 0.4258 0.9014 0.0784
vn 0.4258 0.9014 -0.0784
vn 0.4063 0.8602 -0.3083
vn 0.3459 0.7323 -0.5866
vn 0.2518 0.5330 -0.8078
vn 0.1330 0.2817 -0.9502
vn 0.0668 0.1414 -0.9877
vn 0.1187 0.2872 0.9505
vn 0.0597 0.1445 0.9877
vn 0.2250 0.5444 0.8081
vn 0.3092 0.7483 0.5869
vn 0.3633 0.8791 0.3085
vn 0.3808 0.9213 0.0784
vn 0.3808 0.9213 -0.0784
vn 0.3633 0.8791 -0.3085
vn 0.3092 0.7483 -0.5869
vn 0.2250 0.5444 -0.8081
vn 0.1187 0.2872 -0.9505
vn 0.0597 0.1445 -0.9877
vn 0.1089 0.2904 0.9507
vn 0.0549 0.1465 0.9877
vn 0.2067 0.5511 0.8084
vn 0.2842 0.7579 0.5872
vn 0.3340 0.8906 0.3087
vn 0.3501 0.9334 0.0784
vn 0.3501 0.9334 -0.0784
vn 0.3340 0.8906 -0.3087
vn 0.2842 0.7579 -0.5872
vn 0.2067 0.5511 -0.8084
vn 0.1089 0.2904 -0.9507
vn 0.0549 0.1465 -0.9877
vn 0.1035 0.2917 0.9509
vn 0.0523 0.1474 0.9877
vn 0.1966 0.5543 0.8088
vn 0.2706 0.7626 0.5875
vn 0.3180 0.8964 0.3089
vn 0.3333 0.9395 0.0784
vn 0.3333 0.9395 -0.0784
vn 0.3180 0.8964 -0.3089
vn 0.2706 0.7626 -0.5875
vn 0.1966 0.5543 -0.8088
vn 0.1035 0.2917 -0.9509
vn 0.0523 0.1474 -0.9877
vn 0.1010 0.2923 0.9510
vn 0.0511 0.1479 0.9877
vn 0.1921 0.5557 0.8089
vn 0.2643 0.7647 0.5876
vn 0.3107 0.8989 0.3089
vn 0.3256 0.9422 0.0784
vn 0.3256 0.9422 -0.0784
vn 0.3107 0.8989 -0.3089
vn 0.2643 0.7647 -0.5876
vn 0.1921 0.5557 -0.8089
vn 0.1010 0.2923 -0.9510
vn 0.0511 0.1479 -0.9877
vn 0.1714 0.1359 0.9758
vn 0.1035 0.0821 0.9912
vn 0.3796 0.3010 0.8748
vn 0.5747 0.4556 0.6799
vn 0.7250 0.5748 0.3796
vn 0.7800 0.6184 0.0960
vn 0.7800 0.6184 -0.0960
vn 0.7250 0.5748 -0.3796
vn 0.5747 0.4556 -0.6799
vn 0.3796 0.3010 -0.8748
vn 0.1714 0.1359 -0.9758
vn 0.1035 0.0821 -0.9912
vn 0.3061 0.0241 0.9517
vn 0.1559 0.0123 0.9877
vn 0.5845 0.0461 0.8101
vn 0.8057 0.0635 0.5889
vn 0.9479 0.0747 0.3097
vn 0.9938 0.0784 0.0786
vn 0.9938 0.0784 -0.0786
vn 0.9479 0.0747 -0.3097
vn 0.8057 0.0635 -0.5889
vn 0.5845 0.0461 -0.8101
vn 0.3061 0.0241 -0.9517
vn 0.1559 0.0123 -0.9877
vn 0.3042 0.0026 0.9526
vn 0.1562 0.0013 0.9877
vn 0.5841 0.0049 0.8117
vn 0.8070 0.0068 0.5906
vn 0.9504 0.0080 0.3108
vn 0.9969 0.0084 0.0787
vn 0.9969 0.0084 -0.0787
vn 0.9504 0.0080 -0.3108
vn 0.8070 0.0068 -0.5906
vn 0.5841 0.0049 -0.8117
vn 0.3042 0.0026 -0.9526
vn 0.1562 0.0013 -0.9877
vn 0.3015 -0.0307 0.9530
vn 0.1554 -0.0158 0.9877
vn 0.5801 -0.0591 0.8124
vn 0.8023 -0.0817 0.5913
vn 0.9454 -0.0963 0.3113
vn 0.9918 -0.1010 0.0788
vn 0.9918 -0.1010 -0.0788
vn 0.9454 -0.0963 -0.3113
vn 0.8023 -0.0817 -0.5913
vn 0.5801 -0.0591 -0.8124
vn 0.3015 -0.0307 -0.9530
vn 0.1554 -0.0158 -0.9877
vn 0.2934 -0.0704 0.9534
vn 0.1517 -0.0364 0.9878
vn 0.5659 -0.1357 0.8132
vn 0.7835 -0.1879 0.5923
vn 0.9239 -0.2216 0.3119
vn 0.9694 -0.2325 0.0790
vn 0.9694 -0.2325 -0.0790
vn 0.9239 -0.2216 -0.3119
vn 0.7835 -0.1879 -0.5923
vn 0.5659 -0.1357 -0.8132
vn 0.2934 -0.0704 -0.9534
vn 0.1517 -0.0364 -0.9878
vn 0.2773 -0.1153 0.9538
vn 0.1439 -0.0598 0.9878
vn 0.5363 -0.2230 0.8140
vn 0.7433 -0.3091 0.5932
vn 0.8771 -0.3647 0.3125
vn 0.9205 -0.3827 0.0791
vn 0.9205 -0.3827 -0.0791
vn 0.8771 -0.3647 -0.3125
vn 0.7433 -0.3091 -0.5932
vn 0.5363 -0.2230 -0.8140
vn 0.2773 -0.1153 -0.9538
vn 0.1439 -0.0598 -0.9878
vn 0.2514 -0.1624 0.9541
vn 0.1308 -0.0845 0.9878
vn 0.4871 -0.3147 0.8146
vn 0.6758 -0.4366 0.5939
vn 0.7978 -0.5154 0.3130
vn 0.8373 -0.5410 0.0792
vn 0.8373 -0.5410 -0.0792
vn 0.7978 -0.5154 -0.3130
vn 0.6758 -0.4366 -0.5939
vn 0.4871 -0.3147 -0.8146
vn 0.2514 -0.1624 -0.9541
vn 0.1308 -0.0845 -0.9878
vn 0.2160 -0.2069 0.9542
vn 0.1125 -0.1077 0.9878
vn 0.4187 -0.4010 0.8148
vn 0.5810 -0.5564 0.5941
vn 0.6859 -0.6569 0.3131
vn 0.7200 -0.6895 0.0792
vn 0.7200 -0.6895 -0.0792
vn 0.6859 -0.6569 -0.3131
vn 0.5810 -0.5564 -0.5941
vn 0.4187 -0.4010 -0.8148
vn 0.2160 -0.2069 -0.9542
vn 0.1125 -0.1077 -0.9878
vn 0.1742 -0.2439 0.9540
vn 0.0906 -0.1268 0.9878
vn 0.3373 -0.4722 0.8144
vn 0.4677 -0.6549 0.5936
vn 0.5520 -0.7729 0.3128
vn 0.5794 -0.8112 0.0791
vn 0.5794 -0.8112 -0.0791
vn 0.5520 -0.7729 -0.3128
vn 0.4677 -0.6549 -0.5936
vn 0.3373 -0.4722 -0.8144
vn 0.1742 -0.2439 -0.9540
vn 0.0906 -0.1268 -0.9878
vn 0.1308 -0.2710 0.9536
vn 0.0678 -0.1404 0.9878
vn 0.2527 -0.5236 0.8136
vn 0.3501 -0.7253 0.5928
vn 0.4129 -0.8556 0.3122
vn 0.4333 -0.8978 0.0790
vn 0.4333 -0.8978 -0.0790
vn 0.4129 -0.8556 -0.3122
vn 0.3501 -0.7253 -0.5928
vn 0.2527 -0.5236 -0.8136
vn 0.1308 -0.2710 -0.9536
vn 0.0678 -0.1404 -0.9878
vn 0.0901 -0.2886 0.9532
vn 0.0465 -0.1490 0.9877
vn 0.1737 -0.5561 0.8128
vn 0.2403 -0.7694 0.5918
vn 0.2833 -0.9070 0.3116
vn 0.2972 -0.9516 0.0789
vn 0.2972 -0.9516 -0.0789
vn 0.2833 -0.9070 -0.3116
vn 0.2403 -0.7694 -0.5918
vn 0.1737 -0.5561 -0.8128
vn 0.0901 -0.2886 -0.9532
vn 0.0465 -0.1490 -0.9877
vn 0.0546 -0.2987 0.9528
vn 0.0281 -0.1537 0.9877
vn 0.1050 -0.5741 0.8120
vn 0.1451 -0.7936 0.5909
vn 0.1709 -0.9349 0.3110
vn 0.1793 -0.9806 0.0788
vn 0.1793 -0.9806 -0.0788
vn 0.1709 -0.9349 -0.3110
vn 0.1451 -0.7936 -0.5909
vn 0.1050 -0.5741 -0.8120
vn 0.0546 -0.2987 -0.9528
vn 0.0281 -0.1537 -0.9877
vn 0.0249 -0.3038 0.9524
vn 0.0128 -0.1558 0.9877
vn 0.0478 -0.5826 0.8114
vn 0.0660 -0.8045 0.5902
vn 0.0777 -0.9474 0.3106
vn 0.0815 -0.9936 0.0787
vn 0.0815 -0.9936 -0.0787
vn 0.0777 -0.9474 -0.3106
vn 0.0660 -0.8045 -0.5902
vn 0.0478 -0.5826 -0.8114
vn 0.0249 -0.3038 -0.9524
vn 0.0128 -0.1558 -0.9877
vn -0.0002 -0.3054 0.9522
vn -0.0001 -0.1563 0.9877
vn -0.0004 -0.5850 0.8110
vn -0.0006 -0.8075 0.5899
vn -0.0007 -0.9506 0.3103
vn -0.0008 -0.9969 0.0787
vn -0.0008 -0.9969 -0.0787
vn -0.0007 -0.9506 -0.3103
vn -0.0006 -0.8075 -0.5899
vn -0.0004 -0.5850 -0.8110
vn -0.0002 -0.3054 -0.9522
vn -0.0001 -0.1563 -0.9877
vn -0.0238 -0.3044 0.9523
vn -0.0122 -0.1558 0.9877
vn -0.0456 -0.5832 0.8111
vn -0.0629 -0.8050 0.5899
vn -0.0740 -0.9477 0.3104
vn -0.0776 -0.9939 0.0787
vn -0.0776 -0.9939 -0.0787
vn -0.0740 -0.9477 -0.3104
vn -0.0629 -0.8050 -0.5899
vn -0.0456 -0.5832 -0.8111
vn -0.0238 -0.3044 -0.9523
vn -0.0122 -0.1558 -0.9877
vn -0.0472 -0.3017 0.9522
vn -0.0242 -0.1544 0.9877
vn -0.0904 -0.5780 0.8110
vn -0.1247 -0.7978 0.5899
vn -0.1469 -0.9392 0.3103
vn -0.1540 -0.9849 0.0787
vn -0.1540 -0.9849 -0.0787
vn -0.1469 -0.9392 -0.3103
vn -0.1247 -0.7978 -0.5899
vn -0.0904 -0.5780 -0.8110
vn -0.0472 -0.3017 -0.9522
vn -0.0241 -0.1544 -0.9877
vn -0.0699 -0.2973 0.9522
vn -0.0358 -0.1522 0.9877
vn -0.1340 -0.5695 0.8110
vn -0.1849 -0.7861 0.5898
vn -0.2177 -0.9254 0.3103
vn -0.2283 -0.9704 0.0787
vn -0.2283 -0.9704 -0.0787
vn -0.2177 -0.9254 -0.3103
vn -0.1849 -0.7861 -0.5898
vn -0.1340 -0.5695 -0.8110
vn -0.0699 -0.2973 -0.9522
vn -0.0358 -0.1522 -0.9877
vn -0.0919 -0.2914 0.9522
vn -0.0470 -0.1491 0.9877
vn -0.1759 -0.5581 0.8109
vn -0.2428 -0.7702 0.5898
vn -0.2859 -0.9067 0.3103
vn -0.2998 -0.9508 0.0787
vn -0.2998 -0.9508 -0.0787
vn -0.2858 -0.9067 -0.3103
vn -0.2428 -0.7702 -0.5898
vn -0.1759 -0.5581 -0.8109
vn -0.0919 -0.2914 -0.9522
vn -0.0470 -0.1491 -0.9877
vn -0.1128 -0.2841 0.9522
vn -0.0577 -0.1453 0.9877
vn -0.2159 -0.5439 0.8109
vn -0.2979 -0.7506 0.5897
vn -0.3507 -0.8836 0.3102
vn -0.3678 -0.9266 0.0786
vn -0.3678 -0.9266 -0.0786
vn -0.3507 -0.8836 -0.3102
vn -0.2979 -0.7506 -0.5897
vn -0.2159 -0.5439 -0.8109
vn -0.1127 -0.2841 -0.9522
vn -0.0577 -0.1453 -0.9877
vn -0.1324 -0.2756 0.9521
vn -0.0677 -0.1409 0.9877
vn -0.2536 -0.5275 0.8108
vn -0.3499 -0.7279 0.5896
vn -0.4118 -0.8568 0.3102
vn -0.4319 -0.8985 0.0786
vn -0.4319 -0.8985 -0.0786
vn -0.4118 -0.8568 -0.3102
vn -0.3499 -0.7279 -0.5896
vn -0.2536 -0.5275 -0.8108
vn -0.1324 -0.2756 -0.9521
vn -0.0677 -0.1409 -0.9877
vn -0.1509 -0.2661 0.9521
vn -0.0771 -0.1360 0.9877
vn -0.2887 -0.5092 0.8107
vn -0.3984 -0.7026 0.5896
vn -0.4689 -0.8270 0.3101
vn -0.4917 -0.8672 0.0786
vn -0.4917 -0.8672 -0.0786
vn -0.4689 -0.8270 -0.3101
vn -0.3984 -0.7026 -0.5896
vn -0.2887 -0.5092 -0.8107
vn -0.1509 -0.2661 -0.9521
vn -0.0771 -0.1360 -0.9877
vn -0.1679 -0.2558 0.9520
vn -0.0858 -0.1307 0.9877
vn -0.3213 -0.4895 0.8107
vn -0.4433 -0.6753 0.5895
vn -0.5218 -0.7947 0.3101
vn -0.5471 -0.8334 0.0786
vn -0.5471 -0.8334 -0.0786
vn -0.5218 -0.7947 -0.3101
vn -0.4433 -0.6753 -0.5895
vn -0.3213 -0.4895 -0.8107
vn -0.1679 -0.2558 -0.9520
vn -0.0858 -0.1307 -0.9877
vn -0.1837 -0.2449 0.9520
vn -0.0938 -0.1251 0.9877
vn -0.3513 -0.4685 0.8106
vn -0.4846 -0.6463 0.5894
vn -0.5704 -0.7606 0.3100
vn -0.5981 -0.7976 0.0786
vn -0.5981 -0.7976 -0.0786
vn -0.5704 -0.7606 -0.3100
vn -0.4846 -0.6463 -0.5894
vn -0.3513 -0.4685 -0.8106
vn -0.1837 -0.2449 -0.9520
vn -0.0938 -0.1251 -0.9877
vn -0.1980 -0.2336 0.9519
vn -0.1011 -0.1193 0.9877
vn -0.3787 -0.4468 0.8105
vn -0.5224 -0.6163 0.5893
vn -0.6148 -0.7252 0.3100
vn -0.6446 -0.7605 0.0786
vn -0.6446 -0.7605 -0.0786
vn -0.6148 -0.7252 -0.3100
vn -0.5224 -0.6163 -0.5893
vn -0.3787 -0.4468 -0.8105
vn -0.1980 -0.2336 -0.9519
vn -0.1011 -0.1193 -0.9877
vn -0.2111 -0.2221 0.9519
vn -0.1077 -0.1133 0.9877
vn -0.4036 -0.4246 0.8104
vn -0.5567 -0.5856 0.5892
vn -0.6551 -0.6891 0.3099
vn -0.6869 -0.7225 0.0786
vn -0.6869 -0.7225 -0.0786
vn -0.6551 -0.6891 -0.3099
vn -0.5567 -0.5856 -0.5892
vn -0.4036 -0.4246 -0.8104
vn -0.2111 -0.2221 -0.9519
vn -0.1077 -0.1133 -0.9877
vn 0.0660 -0.1397 0.9880
vn 0.0226 -0.0479 0.9986
vn 0.1265 -0.2678 0.9551
vn 0.2155 -0.4562 0.8634
vn 0.3473 -0.7352 0.5821
vn 0.4189 -0.8868 0.1952
vn 0.4189 -0.8868 -0.1952
vn 0.3473 -0.7352 -0.5821
vn 0.2155 -0.4562 -0.8634
vn 0.1265 -0.2678 -0.9551
vn 0.0660 -0.1397 -0.9880
vn 0.0226 -0.0479 -0.9986
vn 0.2906 0.1396 0.9466
vn 0.1327 0.0638 0.9891
vn 0.5293 0.2543 0.8094
vn 0.7251 0.3483 0.5941
vn 0.8554 0.4109 0.3153
vn 0.8984 0.4316 0.0819
vn 0.8984 0.4316 -0.0819
vn 0.8554 0.4109 -0.3153
vn 0.7251 0.3483 -0.5941
vn 0.5293 0.2543 -0.8094
vn 0.2906 0.1396 -0.9466
vn 0.1327 0.0638 -0.9891
vn 0.2103 0.2305 0.9501
vn 0.1054 0.1155 0.9877
vn 0.3975 0.4358 0.8075
vn 0.5459 0.5985 0.5863
vn 0.6411 0.7029 0.3082
vn 0.6718 0.7366 0.0784
vn 0.6718 0.7366 -0.0784
vn 0.6411 0.7029 -0.3082
vn 0.5459 0.5985 -0.5863
vn 0.3975 0.4358 -0.8075
vn 0.2103 0.2305 -0.9501
vn 0.1054 0.1155 -0.9877
vn 0.1933 0.2451 0.9500
vn 0.0968 0.1227 0.9877
vn 0.3653 0.4632 0.8075
vn 0.5017 0.6361 0.5863
vn 0.5891 0.7470 0.3081
vn 0.6174 0.7828 0.0784
vn 0.6174 0.7828 -0.0784
vn 0.5891 0.7470 -0.3081
vn 0.5017 0.6361 -0.5863
vn 0.3653 0.4632 -0.8075
vn 0.1933 0.2451 -0.9500
vn 0.0968 0.1227 -0.9877
vn 0.1749 0.2586 0.9500
vn 0.0876 0.1295 0.9877
vn 0.3305 0.4887 0.8075
vn 0.4538 0.6710 0.5863
vn 0.5330 0.7880 0.3081
vn 0.5585 0.8258 0.0784
vn 0.5585 0.8258 -0.0784
vn 0.5330 0.7880 -0.3081
vn 0.4538 0.6710 -0.5863
vn 0.3305 0.4887 -0.8075
vn 0.1749 0.2586 -0.9500
vn 0.0876 0.1295 -0.9877
vn 0.1553 0.2708 0.9500
vn 0.0778 0.1356 0.9877
vn 0.2935 0.5117 0.8075
vn 0.4031 0.7027 0.5863
vn 0.4734 0.8252 0.3081
vn 0.4960 0.8648 0.0784
vn 0.4960 0.8648 -0.0784
vn 0.4734 0.8252 -0.3081
vn 0.4031 0.7027 -0.5863
vn 0.2935 0.5117 -0.8075
vn 0.1553 0.2708 -0.9500
vn 0.0778 0.1356 -0.9877
vn 0.1350 0.2814 0.9500
vn 0.0676 0.1410 0.9877
vn 0.2551 0.5319 0.8075
vn 0.3503 0.7304 0.5863
vn 0.4114 0.8578 0.3081
vn 0.4311 0.8989 0.0784
vn 0.4311 0.8989 -0.0784
vn 0.4114 0.8578 -0.3081
vn 0.3503 0.7304 -0.5863
vn 0.2551 0.5319 -0.8075
vn 0.1350 0.2814 -0.9500
vn 0.0676 0.1410 -0.9877
vn 0.1142 0.2904 0.9501
vn 0.0572 0.1455 0.9877
vn 0.2159 0.5489 0.8075
vn 0.2965 0.7539 0.5863
vn 0.3482 0.8853 0.3081
vn 0.3649 0.9277 0.0784
vn 0.3649 0.9277 -0.0784
vn 0.3482 0.8853 -0.3081
vn 0.2965 0.7539 -0.5863
vn 0.2159 0.5489 -0.8075
vn 0.1142 0.2904 -0.9501
vn 0.0572 0.1455 -0.9877
vn 0.0935 0.2976 0.9501
vn 0.0468 0.1492 0.9877
vn 0.1767 0.5627 0.8075
vn 0.2427 0.7728 0.5864
vn 0.2850 0.9076 0.3082
vn 0.2986 0.9511 0.0784
vn 0.2986 0.9511 -0.0784
vn 0.2850 0.9076 -0.3082
vn 0.2427 0.7728 -0.5864
vn 0.1767 0.5627 -0.8075
vn 0.0935 0.2976 -0.9501
vn 0.0468 0.1492 -0.9877
vn 0.0730 0.3032 0.9501
vn 0.0366 0.1520 0.9877
vn 0.1381 0.5733 0.8076
vn 0.1897 0.7875 0.5864
vn 0.2228 0.9249 0.3082
vn 0.2335 0.9692 0.0784
vn 0.2335 0.9692 -0.0784
vn 0.2228 0.9249 -0.3082
vn 0.1897 0.7875 -0.5864
vn 0.1381 0.5733 -0.8076
vn 0.0730 0.3032 -0.9501
vn 0.0366 0.1520 -0.9877
vn 0.0533 0.3071 0.9502
vn 0.0267 0.1541 0.9877
vn 0.1008 0.5810 0.8077
vn 0.1385 0.7980 0.5865
vn 0.1627 0.9373 0.3082
vn 0.1705 0.9822 0.0784
vn 0.1705 0.9822 -0.0784
vn 0.1627 0.9373 -0.3082
vn 0.1385 0.7980 -0.5865
vn 0.1008 0.5810 -0.8077
vn 0.0533 0.3071 -0.9502
vn 0.0267 0.1541 -0.9877
vn 0.0345 0.3096 0.9502
vn 0.0173 0.1554 0.9877
vn 0.0652 0.5859 0.8077
vn 0.0896 0.8049 0.5866
vn 0.1053 0.9455 0.3083
vn 0.1103 0.9908 0.0784
vn 0.1103 0.9908 -0.0784
vn 0.1053 0.9455 -0.3083
vn 0.0896 0.8049 -0.5866
vn 0.0652 0.5859 -0.8077
vn 0.0345 0.3096 -0.9502
vn 0.0173 0.1554 -0.9877
vn 0.0167 0.3109 0.9503
vn 0.0084 0.1562 0.9877
vn 0.0317 0.5886 0.8078
vn 0.0435 0.8087 0.5866
vn 0.0511 0.9499 0.3083
vn 0.0535 0.9955 0.0784
vn 0.0535 0.9955 -0.0784
vn 0.0511 0.9499 -0.3083
vn 0.0435 0.8087 -0.5866
vn 0.0317 0.5886 -0.8078
vn 0.0167 0.3109 -0.9503
vn 0.0084 0.1562 -0.9877
vn -0.0027 0.3120 0.9501
vn -0.0013 0.1563 0.9877
vn -0.0051 0.5898 0.8075
vn -0.0070 0.8100 0.5864
vn -0.0082 0.9513 0.3082
vn -0.0086 0.9969 0.0784
vn -0.0086 0.9969 -0.0784
vn -0.0082 0.9513 -0.3082
vn -0.0070 0.8100 -0.5864
vn -0.0051 0.5898 -0.8075
vn -0.0027 0.3120 -0.9501
vn -0.0013 0.1563 -0.9877
vn -0.0283 0.3117 0.9498
vn -0.0141 0.1556 0.9877
vn -0.0533 0.5880 0.8071
vn -0.0732 0.8070 0.5860
vn -0.0860 0.9475 0.3079
vn -0.0901 0.9928 0.0784
vn -0.0901 0.9928 -0.0784
vn -0.0860 0.9475 -0.3079
vn -0.0732 0.8070 -0.5860
vn -0.0533 0.5880 -0.8071
vn -0.0283 0.3117 -0.9498
vn -0.0141 0.1556 -0.9877
vn -0.0594 0.3077 0.9496
vn -0.0296 0.1534 0.9877
vn -0.1120 0.5800 0.8069
vn -0.1536 0.7958 0.5858
vn -0.1804 0.9342 0.3078
vn -0.1890 0.9788 0.0784
vn -0.1890 0.9788 -0.0784
vn -0.1804 0.9342 -0.3078
vn -0.1536 0.7958 -0.5858
vn -0.1120 0.5800 -0.8069
vn -0.0594 0.3077 -0.9496
vn -0.0296 0.1534 -0.9877
vn -0.0940 0.2995 0.9494
vn -0.0468 0.1490 0.9877
vn -0.1770 0.5639 0.8067
vn -0.2427 0.7734 0.5856
vn -0.2849 0.9078 0.3077
vn -0.2985 0.9512 0.0784
vn -0.2985 0.9512 -0.0784
vn -0.2849 0.9078 -0.3077
vn -0.2427 0.7734 -0.5856
vn -0.1770 0.5639 -0.8067
vn -0.0940 0.2995 -0.9494
vn -0.0468 0.1490 -0.9877
vn -0.1318 0.2856 0.9493
vn -0.0654 0.1417 0.9877
vn -0.2478 0.5369 0.8064
vn -0.3397 0.7361 0.5854
vn -0.3987 0.8639 0.3077
vn -0.4177 0.9052 0.0784
vn -0.4177 0.9052 -0.0784
vn -0.3987 0.8639 -0.3077
vn -0.3397 0.7361 -0.5854
vn -0.2478 0.5369 -0.8064
vn -0.1318 0.2856 -0.9493
vn -0.0654 0.1417 -0.9877
vn -0.1716 0.2642 0.9491
vn -0.0850 0.1308 0.9878
vn -0.3224 0.4961 0.8062
vn -0.4418 0.6799 0.5853
vn -0.5184 0.7979 0.3076
vn -0.5432 0.8359 0.0784
vn -0.5432 0.8359 -0.0784
vn -0.5184 0.7979 -0.3076
vn -0.4418 0.6799 -0.5853
vn -0.3224 0.4961 -0.8062
vn -0.1716 0.2642 -0.9491
vn -0.0850 0.1308 -0.9878
vn -0.2114 0.2342 0.9489
vn -0.1045 0.1157 0.9878
vn -0.3966 0.4393 0.8060
vn -0.5434 0.6019 0.5852
vn -0.6377 0.7062 0.3075
vn -0.6681 0.7399 0.0784
vn -0.6681 0.7399 -0.0784
vn -0.6377 0.7062 -0.3075
vn -0.5434 0.6019 -0.5852
vn -0.3966 0.4393 -0.8060
vn -0.2114 0.2342 -0.9489
vn -0.1045 0.1157 -0.9878
vn -0.2479 0.1955 0.9488
vn -0.1224 0.0965 0.9878
vn -0.4648 0.3666 0.8059
vn -0.6368 0.5022 0.5851
vn -0.7471 0.5892 0.3075
vn -0.7828 0.6173 0.0784
vn -0.7828 0.6173 -0.0784
vn -0.7471 0.5892 -0.3075
vn -0.6368 0.5022 -0.5851
vn -0.4648 0.3666 -0.8059
vn -0.2479 0.1955 -0.9488
vn -0.1224 0.0965 -0.9878
vn -0.2778 0.1501 0.9488
vn -0.1371 0.0741 0.9878
vn -0.5208 0.2814 0.8059
vn -0.7135 0.3855 0.5851
vn -0.8371 0.4524 0.3075
vn -0.8771 0.4739 0.0784
vn -0.8771 0.4739 -0.0784
vn -0.8371 0.4524 -0.3075
vn -0.7135 0.3855 -0.5851
vn -0.5208 0.2814 -0.8059
vn -0.2778 0.1501 -0.9488
vn -0.1371 0.0741 -0.9878
vn -0.2988 0.1013 0.9489
vn -0.1477 0.0501 0.9878
vn -0.5605 0.1901 0.8060
vn -0.7680 0.2605 0.5852
vn -0.9011 0.3056 0.3075
vn -0.9441 0.3202 0.0784
vn -0.9441 0.3202 -0.0784
vn -0.9011 0.3056 -0.3075
vn -0.7679 0.2605 -0.5852
vn -0.5605 0.1901 -0.8060
vn -0.2988 0.1013 -0.9489
vn -0.1477 0.0501 -0.9878
vn -0.3105 0.0531 0.9491
vn -0.1538 0.0263 0.9878
vn -0.5831 0.0998 0.8062
vn -0.7992 0.1367 0.5853
vn -0.9379 0.1605 0.3076
vn -0.9826 0.1681 0.0784
vn -0.9826 0.1681 -0.0784
vn -0.9379 0.1605 -0.3076
vn -0.7992 0.1367 -0.5853
vn -0.5831 0.0998 -0.8062
vn -0.3105 0.0531 -0.9491
vn -0.1538 0.0263 -0.9878
vn -0.3143 0.0086 0.9493
vn -0.1560 0.0043 0.9877
vn -0.5911 0.0161 0.8065
vn -0.8104 0.0221 0.5855
vn -0.9511 0.0259 0.3077
vn -0.9966 0.0272 0.0784
vn -0.9966 0.0272 -0.0784
vn -0.9511 0.0259 -0.3077
vn -0.8104 0.0221 -0.5855
vn -0.5911 0.0161 -0.8065
vn -0.3143 0.0086 -0.9493
vn -0.1560 0.0043 -0.9877
vn -0.3108 -0.0217 0.9502
vn -0.1560 -0.0109 0.9877
vn -0.5881 -0.0410 0.8077
vn -0.8080 -0.0564 0.5865
vn -0.9490 -0.0662 0.3083
vn -0.9945 -0.0694 0.0784
vn -0.9945 -0.0694 -0.0784
vn -0.9490 -0.0662 -0.3083
vn -0.8080 -0.0564 -0.5865
vn -0.5881 -0.0410 -0.8077
vn -0.3108 -0.0217 -0.9502
vn -0.1560 -0.0109 -0.9877
vn -0.3065 -0.0259 0.9515
vn -0.1559 -0.0132 0.9877
vn -0.5847 -0.0494 0.8098
vn -0.8056 -0.0681 0.5886
vn -0.9475 -0.0801 0.3095
vn -0.9934 -0.0840 0.0785
vn -0.9934 -0.0840 -0.0785
vn -0.9475 -0.0801 -0.3095
vn -0.8056 -0.0681 -0.5886
vn -0.5847 -0.0494 -0.8098
vn -0.3065 -0.0259 -0.9515
vn -0.1559 -0.0132 -0.9877
vn -0.3054 -0.0100 0.9522
vn -0.1563 -0.0051 0.9877
vn -0.5849 -0.0191 0.8109
vn -0.8072 -0.0264 0.5897
vn -0.9501 -0.0311 0.3103
vn -0.9964 -0.0326 0.0787
vn -0.9964 -0.0326 -0.0787
vn -0.9501 -0.0311 -0.3103
vn -0.8072 -0.0264 -0.5897
vn -0.5849 -0.0191 -0.8109
vn -0.3054 -0.0100 -0.9522
vn -0.1562 -0.0051 -0.9877
vn -0.3043 0.0149 0.9525
vn -0.1561 0.0076 0.9877
vn -0.5838 0.0285 0.8114
vn -0.8062 0.0394 0.5903
vn -0.9494 0.0464 0.3106
vn -0.9957 0.0486 0.0787
vn -0.9957 0.0486 -0.0787
vn -0.9494 0.0464 -0.3106
vn -0.8062 0.0394 -0.5903
vn -0.5838 0.0285 -0.8114
vn -0.3043 0.0149 -0.9525
vn -0.1561 0.0076 -0.9877
vn -0.3001 0.0455 0.9528
vn -0.1544 0.0234 0.9877
vn -0.5769 0.0875 0.8121
vn -0.7975 0.1210 0.5911
vn -0.8875 0.0793 0.4539
vn -0.1986 -0.9800 0.0079
vn -0.1986 -0.9800 -0.0079
vn -0.8875 0.0793 -0.4539
vn -0.7975 0.1210 -0.5911
vn -0.5769 0.0875 -0.8121
vn -0.3001 0.0455 -0.9528
vn -0.1544 0.0234 -0.9877
vn -0.2906 0.0825 0.9533
vn -0.1501 0.0426 0.9877
vn -0.5601 0.1592 0.8130
vn -0.6913 0.1292 0.7109
vn 0.9316 -0.3311 -0.1502
vn 0.9590 -0.2725 -0.0784
vn 0.9590 -0.2725 0.0784
vn 0.9316 -0.3311 0.1502
vn -0.6913 0.1292 -0.7109
vn -0.5602 0.1592 -0.8129
vn -0.2906 0.0825 -0.9533
vn -0.1501 0.0426 -0.9877
vn -0.2732 0.1253 0.9538
vn -0.1417 0.0650 0.9878
vn -0.4272 0.1268 0.8952
vn 0.7851 -0.4207 -0.4546
vn 0.8650 -0.3965 -0.3075
vn 0.9062 -0.4154 -0.0784
vn 0.9062 -0.4154 0.0784
vn 0.8650 -0.3965 0.3075
vn 0.7851 -0.4207 0.4546
vn -0.4272 0.1268 -0.8952
vn -0.2732 0.1253 -0.9538
vn -0.1417 0.0650 -0.9878
vn -0.2456 0.1709 0.9542
vn -0.1278 0.0890 0.9878
vn 0.7757 -0.5400 0.3266
vn 0.6657 -0.4633 -0.5850
vn 0.7810 -0.5436 -0.3075
vn 0.8183 -0.5695 -0.0784
vn 0.8183 -0.5695 0.0784
vn 0.7810 -0.5436 0.3075
vn 0.6657 -0.4633 0.5850
vn 0.7757 -0.5400 -0.3266
vn -0.2456 0.1709 -0.9542
vn -0.1278 0.0890 -0.9878
vn -0.2076 0.2148 0.9543
vn -0.1082 0.1119 0.9878
vn 0.6600 -0.6830 0.3129
vn 0.5637 -0.5832 -0.5849
vn 0.6613 -0.6842 -0.3074
vn 0.6928 -0.7168 -0.0785
vn 0.6928 -0.7168 0.0785
vn 0.6613 -0.6842 0.3074
vn 0.5637 -0.5832 0.5849
vn 0.6600 -0.6830 -0.3129
vn -0.2076 0.2148 -0.9544
vn -0.1082 0.1119 -0.9878
vn -0.1621 0.2514 0.9542
vn -0.0844 0.1309 0.9878
vn 0.5128 -0.7954 0.3231
vn 0.4396 -0.6816 -0.5850
vn 0.5157 -0.7997 -0.3075
vn 0.5403 -0.8378 -0.0784
vn 0.5403 -0.8378 0.0784
vn 0.5157 -0.7997 0.3075
vn 0.4396 -0.6816 0.5850
vn 0.5129 -0.7953 -0.3231
vn -0.1621 0.2514 -0.9542
vn -0.0844 0.1309 -0.9878
vn -0.1146 0.2776 0.9538
vn -0.0595 0.1441 0.9878
vn 0.3207 -0.7417 0.5891
vn 0.3095 -0.7496 -0.5851
vn 0.3631 -0.8795 -0.3075
vn 0.3804 -0.9215 -0.0784
vn 0.3804 -0.9215 0.0784
vn 0.3631 -0.8795 0.3075
vn 0.3095 -0.7496 0.5851
vn 0.3207 -0.7417 -0.5891
vn -0.1146 0.2776 -0.9538
vn -0.0595 0.1441 -0.9878
vn -0.0703 0.2936 0.9533
vn -0.0363 0.1518 0.9877
vn -0.0598 0.4511 0.8905
vn 0.2600 -0.8569 -0.4451
vn 0.2215 -0.9254 -0.3076
vn 0.2321 -0.9695 -0.0784
vn 0.2321 -0.9695 0.0784
vn 0.2215 -0.9254 0.3076
vn 0.2600 -0.8569 0.4451
vn -0.0598 0.4511 -0.8905
vn -0.0703 0.2936 -0.9533
vn -0.0363 0.1518 -0.9877
vn -0.0321 0.3017 0.9529
vn -0.0165 0.1553 0.9877
vn -0.0618 0.5801 0.8122
vn -0.0259 0.7069 0.7068
vn 0.1566 -0.9760 -0.1513
vn 0.1056 -0.9913 -0.0784
vn 0.1056 -0.9913 0.0784
vn 0.1566 -0.9760 0.1513
vn -0.0259 0.7069 -0.7068
vn -0.0618 0.5801 -0.8122
vn -0.0321 0.3017 -0.9529
vn -0.0165 0.1553 -0.9877
vn 0.0041 0.3029 0.9530
vn 0.0021 0.1561 0.9877
vn 0.0079 0.5830 0.8125
vn 0.0109 0.8062 0.5915
vn -0.0084 -0.3082 0.9513
vn -0.0135 -0.9968 -0.0784
vn -0.0135 -0.9968 0.0784
vn -0.0085 -0.3082 -0.9513
vn 0.0109 0.8062 -0.5915
vn 0.0079 0.5830 -0.8125
vn 0.0041 0.3029 -0.9530
vn 0.0021 0.1561 -0.9877
vn 0.0404 0.3006 0.9529
vn 0.0208 0.1548 0.9877
vn 0.0777 0.5782 0.8122
vn 0.1074 0.7993 0.5912
vn 0.1762 0.8726 0.4555
vn 0.9964 -0.0841 0.0078
vn 0.9964 -0.0841 -0.0078
vn 0.1761 0.8726 -0.4555
vn 0.1074 0.7993 -0.5912
vn 0.0777 0.5782 -0.8122
vn 0.0404 0.3006 -0.9529
vn 0.0208 0.1548 -0.9877
vn 0.0706 0.2967 0.9524
vn 0.0362 0.1521 0.9877
vn 0.1353 0.5689 0.8112
vn 0.1867 0.7854 0.5901
vn 0.2199 0.9248 0.3105
vn 0.2306 0.9699 0.0787
vn 0.2306 0.9699 -0.0787
vn 0.2199 0.9248 -0.3105
vn 0.1867 0.7854 -0.5901
vn 0.1353 0.5689 -0.8112
vn 0.0706 0.2967 -0.9524
vn 0.0362 0.1521 -0.9877
vn 0.0926 0.2917 0.9520
vn 0.0473 0.1490 0.9877
vn 0.1771 0.5581 0.8107
vn 0.2444 0.7699 0.5895
vn 0.2876 0.9062 0.3101
vn 0.3016 0.9502 0.0786
vn 0.3016 0.9502 -0.0786
vn 0.2876 0.9062 -0.3101
vn 0.2444 0.7699 -0.5895
vn 0.1771 0.5581 -0.8107
vn 0.0926 0.2917 -0.9520
vn 0.0473 0.1490 -0.9877
vn 0.1093 0.2865 0.9518
vn 0.0558 0.1461 0.9877
vn 0.2089 0.5475 0.8103
vn 0.2881 0.7549 0.5891
vn 0.3390 0.8883 0.3098
vn 0.3554 0.9314 0.0786
vn 0.3554 0.9314 -0.0786
vn 0.3390 0.8883 -0.3098
vn 0.2881 0.7549 -0.5891
vn 0.2089 0.5475 -0.8103
vn 0.1093 0.2865 -0.9518
vn 0.0558 0.1461 -0.9877
vn 0.1226 0.2815 0.9517
vn 0.0625 0.1434 0.9877
vn 0.2342 0.5376 0.8101
vn 0.3228 0.7410 0.5889
vn 0.3797 0.8717 0.3097
vn 0.3981 0.9140 0.0786
vn 0.3981 0.9140 -0.0786
vn 0.3797 0.8717 -0.3097
vn 0.3228 0.7410 -0.5889
vn 0.2342 0.5376 -0.8101
vn 0.1226 0.2815 -0.9517
vn 0.0625 0.1434 -0.9877
vn 0.1335 0.2768 0.9516
vn 0.0680 0.1409 0.9877
vn 0.2548 0.5283 0.8099
vn 0.3512 0.7281 0.5887
vn 0.4131 0.8564 0.3096
vn 0.4331 0.8979 0.0785
vn 0.4331 0.8979 -0.0785
vn 0.4131 0.8564 -0.3096
vn 0.3512 0.7281 -0.5887
vn 0.2548 0.5283 -0.8099
vn 0.1335 0.2768 -0.9516
vn 0.0680 0.1409 -0.9877
vn 0.1428 0.2724 0.9515
vn 0.0726 0.1385 0.9877
vn 0.2724 0.5197 0.8098
vn 0.3753 0.7161 0.5886
vn 0.4414 0.8422 0.3095
vn 0.4628 0.8830 0.0785
vn 0.4628 0.8830 -0.0785
vn 0.4414 0.8422 -0.3095
vn 0.3753 0.7161 -0.5886
vn 0.2724 0.5197 -0.8098
vn 0.1428 0.2724 -0.9515
vn 0.0726 0.1385 -0.9877
vn 0.1508 0.2682 0.9515
vn 0.0767 0.1363 0.9877
vn 0.2876 0.5115 0.8097
vn 0.3963 0.7047 0.5885
vn 0.4661 0.8289 0.3095
vn 0.4886 0.8690 0.0785
vn 0.4886 0.8690 -0.0785
vn 0.4661 0.8289 -0.3095
vn 0.3963 0.7047 -0.5885
vn 0.2876 0.5115 -0.8097
vn 0.1508 0.2682 -0.9515
vn 0.0767 0.1363 -0.9877
vn 0.1580 0.2642 0.9514
vn 0.0803 0.1342 0.9877
vn 0.3012 0.5037 0.8096
vn 0.4150 0.6939 0.5884
vn 0.4880 0.8161 0.3094
vn 0.5116 0.8556 0.0785
vn 0.5116 0.8556 -0.0785
vn 0.4880 0.8161 -0.3094
vn 0.4150 0.6939 -0.5884
vn 0.3012 0.5037 -0.8096
vn 0.1580 0.2642 -0.9514
vn 0.0803 0.1342 -0.9877
vn 0.1645 0.2603 0.9514
vn 0.0836 0.1322 0.9877
vn 0.3136 0.4962 0.8096
vn 0.4320 0.6835 0.5884
vn 0.5080 0.8038 0.3094
vn 0.5326 0.8427 0.0785
vn 0.5326 0.8427 -0.0785
vn 0.5080 0.8038 -0.3094
vn 0.4320 0.6835 -0.5884
vn 0.3136 0.4962 -0.8096
vn 0.1645 0.2603 -0.9514
vn 0.0836 0.1322 -0.9877
vn 0.1705 0.2564 0.9514
vn 0.0866 0.1303 0.9877
vn 0.3251 0.4888 0.8096
vn 0.4478 0.6733 0.5883
vn 0.5266 0.7918 0.3094
vn 0.5521 0.8301 0.0785
vn 0.5521 0.8301 -0.0785
vn 0.5266 0.7918 -0.3094
vn 0.4478 0.6733 -0.5883
vn 0.3251 0.4888 -0.8096
vn 0.1705 0.2564 -0.9514
vn 0.0866 0.1303 -0.9877
vn -0.0965 0.1624 0.9820
vn -0.0341 0.0574 0.9978
vn -0.1827 0.3074 0.9339
vn -0.2974 0.5005 0.8131
vn -0.4373 0.7360 0.5168
vn -0.5040 0.8483 0.1625
vn -0.5040 0.8483 -0.1625
vn -0.4373 0.7360 -0.5168
vn -0.2974 0.5005 -0.8131
vn -0.1827 0.3074 -0.9339
vn -0.0965 0.1624 -0.9820
vn -0.0341 0.0574 -0.9978
vn -0.2695 -0.1693 0.9480
vn -0.1189 -0.0747 0.9901
vn -0.4882 -0.3067 0.8171
vn -0.6734 -0.4230 0.6063
vn -0.8009 -0.5031 0.3248
vn -0.8437 -0.5300 0.0853
vn -0.8437 -0.5300 -0.0853
vn -0.8009 -0.5031 -0.3248
vn -0.6734 -0.4230 -0.6063
vn -0.4882 -0.3067 -0.8171
vn -0.2695 -0.1693 -0.9480
vn -0.1189 -0.0747 -0.9901
vn -0.1002 -0.2916 0.9513
vn -0.1054 -0.2894 0.9514
vn -0.0535 -0.1470 0.9877
vn -0.0508 -0.1479 0.9877
vn -0.1519 -0.4269 0.8914
vn -0.2009 -0.5516 0.8096
vn -0.9509 0.2868 0.1160
vn -0.2767 -0.7598 0.5883
vn -0.9680 0.2435 0.0611
vn -0.3254 -0.8935 0.3094
vn -0.9606 0.2778 0.0080
vn -0.3412 -0.9367 0.0785
vn -0.9606 0.2778 -0.0080
vn -0.3412 -0.9367 -0.0785
vn -0.9680 0.2435 -0.0612
vn -0.3254 -0.8935 -0.3094
vn -0.9509 0.2869 -0.1161
vn -0.2767 -0.7598 -0.5883
vn -0.1519 -0.4269 -0.8914
vn -0.2009 -0.5516 -0.8096
vn -0.1002 -0.2916 -0.9513
vn -0.1054 -0.2894 -0.9514
vn -0.0508 -0.1479 -0.9877
vn -0.0535 -0.1470 -0.9877
vn -0.1132 -0.2859 0.9515
vn -0.0576 -0.1454 0.9877
vn -0.2160 -0.5455 0.8098
vn -0.2977 -0.7516 0.5886
vn -0.3501 -0.8841 0.3095
vn -0.3671 -0.9269 0.0785
vn -0.3671 -0.9269 -0.0785
vn -0.3501 -0.8841 -0.3095
vn -0.2977 -0.7516 -0.5886
vn -0.2160 -0.5455 -0.8098
vn -0.1132 -0.2859 -0.9515
vn -0.0576 -0.1454 -0.9877
vn -0.1240 -0.2807 0.9517
vn -0.0632 -0.1431 0.9877
vn -0.2369 -0.5362 0.8101
vn -0.3266 -0.7393 0.5889
vn -0.3842 -0.8697 0.3097
vn -0.4028 -0.9119 0.0786
vn -0.4028 -0.9119 -0.0786
vn -0.3842 -0.8697 -0.3097
vn -0.3266 -0.7392 -0.5889
vn -0.2369 -0.5362 -0.8101
vn -0.1240 -0.2807 -0.9517
vn -0.0632 -0.1431 -0.9877
vn -0.1383 -0.2732 0.9520
vn -0.0706 -0.1395 0.9877
vn -0.2645 -0.5225 0.8106
vn -0.3648 -0.7208 0.5894
vn -0.4293 -0.8483 0.3100
vn -0.4502 -0.8895 0.0786
vn -0.4502 -0.8895 -0.0786
vn -0.4293 -0.8483 -0.3100
vn -0.3648 -0.7208 -0.5894
vn -0.2645 -0.5225 -0.8106
vn -0.1383 -0.2732 -0.9520
vn -0.0706 -0.1395 -0.9877
vn -0.1564 -0.2621 0.9523
vn -0.0801 -0.1342 0.9877
vn -0.2997 -0.5023 0.8111
vn -0.4137 -0.6934 0.5899
vn -0.4871 -0.8163 0.3104
vn -0.5108 -0.8561 0.0787
vn -0.5108 -0.8561 -0.0787
vn -0.4871 -0.8163 -0.3104
vn -0.4137 -0.6934 -0.5899
vn -0.2997 -0.5023 -0.8111
vn -0.1564 -0.2621 -0.9523
vn -0.0801 -0.1342 -0.9877
vn -0.1788 -0.2460 0.9527
vn -0.0919 -0.1264 0.9877
vn -0.3433 -0.4724 0.8118
vn -0.4744 -0.6527 0.5907
vn -0.5588 -0.7688 0.3109
vn -0.5861 -0.8064 0.0788
vn -0.5861 -0.8064 -0.0788
vn -0.5588 -0.7688 -0.3109
vn -0.4744 -0.6527 -0.5907
vn -0.3433 -0.4724 -0.8118
vn -0.1788 -0.2460 -0.9527
vn -0.0919 -0.1264 -0.9877
vn -0.2051 -0.2224 0.9531
vn -0.1058 -0.1148 0.9877
vn -0.3950 -0.4284 0.8127
vn -0.5465 -0.5927 0.5917
vn -0.6441 -0.6986 0.3115
vn -0.6757 -0.7329 0.0789
vn -0.6757 -0.7329 -0.0789
vn -0.6441 -0.6986 -0.3115
vn -0.5465 -0.5927 -0.5917
vn -0.3950 -0.4284 -0.8127
vn -0.2051 -0.2224 -0.9531
vn -0.1058 -0.1148 -0.9877
vn -0.2339 -0.1892 0.9537
vn -0.1212 -0.0981 0.9878
vn -0.4520 -0.3655 0.8137
vn -0.6262 -0.5064 0.5928
vn -0.7387 -0.5974 0.3123
vn -0.7751 -0.6269 0.0790
vn -0.7751 -0.6269 -0.0790
vn -0.7387 -0.5974 -0.3123
vn -0.6262 -0.5064 -0.5928
vn -0.4520 -0.3655 -0.8137
vn -0.2339 -0.1892 -0.9537
vn -0.1212 -0.0981 -0.9878
vn -0.2620 -0.1446 0.9542
vn -0.1364 -0.0753 0.9878
vn -0.5077 -0.2802 0.8147
vn -0.7043 -0.3888 0.5940
vn -0.8315 -0.4590 0.3130
vn -0.8727 -0.4817 0.0792
vn -0.8727 -0.4817 -0.0792
vn -0.8315 -0.4590 -0.3130
vn -0.7043 -0.3888 -0.5940
vn -0.5077 -0.2802 -0.8147
vn -0.2620 -0.1446 -0.9542
vn -0.1364 -0.0753 -0.9878
vn -0.2844 -0.0899 0.9545
vn -0.1484 -0.0469 0.9878
vn -0.5521 -0.1745 0.8153
vn -0.7666 -0.2423 0.5947
vn -0.9054 -0.2862 0.3135
vn -0.9505 -0.3004 0.0793
vn -0.9505 -0.3004 -0.0793
vn -0.9054 -0.2862 -0.3135
vn -0.7666 -0.2423 -0.5947
vn -0.5521 -0.1745 -0.8153
vn -0.2844 -0.0899 -0.9545
vn -0.1484 -0.0469 -0.9878
vn -0.2985 -0.0362 0.9537
vn -0.1548 -0.0188 0.9878
vn -0.5769 -0.0700 0.8138
vn -0.7994 -0.0970 0.5929
vn -0.9430 -0.1144 0.3124
vn -0.9896 -0.1201 0.0790
vn -0.9896 -0.1201 -0.0790
vn -0.9430 -0.1144 -0.3124
vn -0.7994 -0.0970 -0.5929
vn -0.5769 -0.0700 -0.8138
vn -0.2985 -0.0362 -0.9537
vn -0.1548 -0.0188 -0.9878
vn -0.3026 0.0078 0.9531
vn -0.1561 0.0040 0.9877
vn -0.5826 0.0150 0.8126
vn -0.8060 0.0208 0.5916
vn -0.9499 0.0245 0.3115
vn -0.9966 0.0257 0.0789
vn -0.9966 0.0257 -0.0789
vn -0.9499 0.0245 -0.3115
vn -0.8060 0.0208 -0.5916
vn -0.5826 0.0150 -0.8126
vn -0.3026 0.0078 -0.9531
vn -0.1561 0.0040 -0.9877
vn -0.2984 0.0477 0.9532
vn -0.1541 0.0246 0.9877
vn -0.5751 0.0919 0.8129
vn -0.7959 0.1272 0.5919
vn -0.9383 0.1499 0.3117
vn -0.9844 0.1573 0.0789
vn -0.9844 0.1573 -0.0789
vn -0.9383 0.1499 -0.3117
vn -0.7959 0.1272 -0.5919
vn -0.5751 0.0919 -0.8129
vn -0.2984 0.0477 -0.9532
vn -0.1541 0.0246 -0.9877
vn -0.2885 0.0887 0.9533
vn -0.1491 0.0459 0.9878
vn -0.5564 0.1711 0.8131
vn -0.7702 0.2369 0.5921
vn -0.9082 0.2793 0.3118
vn -0.9528 0.2930 0.0789
vn -0.9528 0.2930 -0.0789
vn -0.9082 0.2793 -0.3118
vn -0.7702 0.2369 -0.5921
vn -0.5564 0.1711 -0.8131
vn -0.2885 0.0887 -0.9533
vn -0.1491 0.0459 -0.9878
vn -0.2723 0.1296 0.9534
vn -0.1409 0.0670 0.9878
vn -0.5255 0.2500 0.8133
vn -0.7275 0.3462 0.5923
vn -0.8579 0.4082 0.3119
vn -0.9002 0.4283 0.0790
vn -0.9002 0.4283 -0.0790
vn -0.8579 0.4082 -0.3119
vn -0.7275 0.3462 -0.5923
vn -0.5255 0.2500 -0.8133
vn -0.2723 0.1296 -0.9534
vn -0.1409 0.0670 -0.9878
vn -0.2499 0.1687 0.9535
vn -0.1293 0.0873 0.9878
vn -0.4822 0.3255 0.8133
vn -0.6677 0.4507 0.5924
vn -0.7875 0.5315 0.3120
vn -0.8263 0.5577 0.0790
vn -0.8263 0.5577 -0.0790
vn -0.7875 0.5315 -0.3120
vn -0.6677 0.4507 -0.5924
vn -0.4822 0.3255 -0.8133
vn -0.2498 0.1687 -0.9535
vn -0.1293 0.0873 -0.9878
vn -0.2216 0.2043 0.9535
vn -0.1147 0.1058 0.9878
vn -0.4277 0.3944 0.8134
vn -0.5922 0.5462 0.5924
vn -0.6984 0.6441 0.3120
vn -0.7328 0.6758 0.0790
vn -0.7328 0.6758 -0.0790
vn -0.6984 0.6441 -0.3120
vn -0.5922 0.5462 -0.5924
vn -0.4277 0.3944 -0.8134
vn -0.2216 0.2043 -0.9535
vn -0.1147 0.1058 -0.9878
vn -0.1885 0.2353 0.9535
vn -0.0975 0.1217 0.9878
vn -0.3638 0.4541 0.8133
vn -0.5038 0.6287 0.5924
vn -0.5941 0.7414 0.3120
vn -0.6233 0.7780 0.0790
vn -0.6233 0.7780 -0.0790
vn -0.5941 0.7414 -0.3120
vn -0.5038 0.6287 -0.5924
vn -0.3638 0.4541 -0.8133
vn -0.1885 0.2353 -0.9535
vn -0.0975 0.1217 -0.9878
vn -0.1521 0.2606 0.9534
vn -0.0786 0.1348 0.9878
vn -0.2934 0.5027 0.8132
vn -0.4062 0.6959 0.5922
vn -0.4789 0.8206 0.3119
vn -0.5025 0.8610 0.0789
vn -0.5025 0.8610 -0.0789
vn -0.4789 0.8206 -0.3119
vn -0.4062 0.6959 -0.5922
vn -0.2934 0.5027 -0.8132
vn -0.1521 0.2606 -0.9534
vn -0.0786 0.1348 -0.9878
vn -0.1138 0.2799 0.9533
vn -0.0588 0.1446 0.9877
vn -0.2193 0.5395 0.8130
vn -0.3035 0.7466 0.5920
vn -0.3578 0.8802 0.3117
vn -0.3754 0.9235 0.0789
vn -0.3754 0.9235 -0.0789
vn -0.3578 0.8802 -0.3117
vn -0.3035 0.7466 -0.5920
vn -0.2193 0.5395 -0.8130
vn -0.1138 0.2799 -0.9533
vn -0.0588 0.1446 -0.9877
vn -0.0749 0.2930 0.9532
vn -0.0387 0.1512 0.9877
vn -0.1443 0.5645 0.8127
vn -0.1997 0.7810 0.5917
vn -0.2354 0.9206 0.3116
vn -0.2469 0.9658 0.0789
vn -0.2469 0.9658 -0.0789
vn -0.2354 0.9206 -0.3116
vn -0.1997 0.7810 -0.5917
vn -0.1443 0.5645 -0.8127
vn -0.0749 0.2930 -0.9532
vn -0.0387 0.1512 -0.9877
vn -0.0368 0.3006 0.9530
vn -0.0190 0.1550 0.9877
vn -0.0708 0.5787 0.8125
vn -0.0979 0.8004 0.5915
vn -0.1154 0.9433 0.3114
vn -0.1210 0.9895 0.0789
vn -0.1210 0.9895 -0.0789
vn -0.1154 0.9433 -0.3114
vn -0.0979 0.8004 -0.5915
vn -0.0708 0.5787 -0.8125
vn -0.0368 0.3006 -0.9530
vn -0.0190 0.1550 -0.9877
vn -0.0027 0.3041 0.9526
vn -0.0014 0.1562 0.9877
vn -0.0053 0.5840 0.8117
vn -0.0073 0.8069 0.5906
vn -0.0085 0.9504 0.3108
vn -0.0090 0.9969 0.0788
vn -0.0090 0.9969 -0.0788
vn -0.0085 0.9504 -0.3108
vn -0.0073 0.8069 -0.5906
vn -0.0053 0.5840 -0.8117
vn -0.0027 0.3041 -0.9526
vn -0.0014 0.1562 -0.9877
vn 0.0249 0.3041 0.9523
vn 0.0128 0.1558 0.9877
vn 0.0478 0.5829 0.8111
vn 0.0659 0.8047 0.5900
vn 0.0776 0.9474 0.3104
vn 0.0814 0.9936 0.0787
vn 0.0814 0.9936 -0.0787
vn 0.0776 0.9474 -0.3104
vn 0.0659 0.8047 -0.5900
vn 0.0478 0.5829 -0.8111
vn 0.0249 0.3041 -0.9523
vn 0.0128 0.1558 -0.9877
vn 0.0489 0.3014 0.9522
vn 0.0251 0.1543 0.9877
vn 0.0938 0.5774 0.8111
vn 0.1294 0.7970 0.5899
vn 0.1524 0.9383 0.3104
vn 0.1598 0.9840 0.0787
vn 0.1598 0.9840 -0.0787
vn 0.1524 0.9383 -0.3104
vn 0.1294 0.7970 -0.5899
vn 0.0938 0.5774 -0.8111
vn 0.0489 0.3014 -0.9522
vn 0.0251 0.1543 -0.9877
vn 0.0716 0.2970 0.9522
vn 0.1371 0.5688 0.8109
vn 0.1892 0.7851 0.5898
vn 0.2228 0.9242 0.3103
vn 0.2336 0.9691 0.0787
vn 0.2336 0.9691 -0.0787
vn 0.2228 0.9242 -0.3103
vn 0.1892 0.7851 -0.5898
vn 0.1371 0.5688 -0.8109
vn 0.0716 0.2970 -0.9522
vn 0.0926 0.2914 0.9521
vn 0.0474 0.1490 0.9877
vn 0.1773 0.5578 0.8108
vn 0.2447 0.7697 0.5896
vn 0.2880 0.9060 0.3102
vn 0.3021 0.9500 0.0786
vn 0.3021 0.9500 -0.0786
vn 0.2880 0.9060 -0.3102
vn 0.2447 0.7697 -0.5896
vn 0.1773 0.5578 -0.8108
vn 0.0926 0.2914 -0.9521
vn 0.0474 0.1490 -0.9877
vn 0.1119 0.2848 0.9520
vn 0.2142 0.5449 0.8107
vn 0.2955 0.7518 0.5895
vn 0.3478 0.8848 0.3101
vn 0.3647 0.9278 0.0786
vn 0.3647 0.9278 -0.0786
vn 0.3478 0.8848 -0.3101
vn 0.2955 0.7518 -0.5895
vn 0.2142 0.5449 -0.8107
vn 0.1119 0.2848 -0.9520
vn 0.1295 0.2775 0.9520
vn 0.0661 0.1417 0.9877
vn 0.2477 0.5307 0.8105
vn 0.3416 0.7321 0.5894
vn 0.4020 0.8615 0.3100
vn 0.4216 0.9034 0.0786
vn 0.4216 0.9034 -0.0786
vn 0.4020 0.8615 -0.3100
vn 0.3416 0.7321 -0.5894
vn 0.2477 0.5307 -0.8105
vn 0.1295 0.2775 -0.9520
vn 0.0661 0.1417 -0.9877
vn 0.1453 0.2698 0.9519
vn 0.0741 0.1377 0.9877
vn 0.2778 0.5158 0.8104
vn 0.3831 0.7114 0.5892
vn 0.4508 0.8371 0.3099
vn 0.4727 0.8777 0.0786
vn 0.4727 0.8777 -0.0786
vn 0.4508 0.8371 -0.3099
vn 0.3831 0.7114 -0.5892
vn 0.2778 0.5158 -0.8104
vn 0.1453 0.2698 -0.9519
vn 0.0741 0.1377 -0.9877
vn 0.1594 0.2619 0.9518
vn 0.0813 0.1336 0.9877
vn 0.3047 0.5006 0.8103
vn 0.4202 0.6902 0.5891
vn 0.4944 0.8122 0.3098
vn 0.5184 0.8515 0.0786
vn 0.5184 0.8515 -0.0786
vn 0.4944 0.8122 -0.3098
vn 0.4202 0.6902 -0.5891
vn 0.3047 0.5006 -0.8103
vn 0.1594 0.2619 -0.9518
vn 0.0813 0.1336 -0.9877
vn 0.1721 0.2541 0.9518
vn 0.0877 0.1295 0.9877
vn 0.3287 0.4853 0.8102
vn 0.4532 0.6691 0.5890
vn 0.5332 0.7872 0.3098
vn 0.5591 0.8254 0.0786
vn 0.5591 0.8254 -0.0786
vn 0.5332 0.7872 -0.3098
vn 0.4532 0.6691 -0.5890
vn 0.3287 0.4853 -0.8102
vn 0.1721 0.2541 -0.9518
vn 0.0877 0.1295 -0.9877
vn 0.1833 0.2463 0.9517
vn 0.0934 0.1255 0.9877
vn 0.3501 0.4703 0.8101
vn 0.4826 0.6483 0.5889
vn 0.5677 0.7627 0.3097
vn 0.5953 0.7997 0.0786
vn 0.5953 0.7997 -0.0786
vn 0.5677 0.7627 -0.3097
vn 0.4826 0.6483 -0.5889
vn 0.3501 0.4703 -0.8101
vn 0.1833 0.2463 -0.9517
vn 0.0934 0.1255 -0.9877
vn 0.1933 0.2387 0.9516
vn 0.0984 0.1215 0.9877
vn 0.3691 0.4557 0.8100
vn 0.4316 0.5602 0.7071
vn -0.7198 0.6916 0.0605
vn -0.7451 0.6669 0.0078
vn -0.7451 0.6669 -0.0078
vn -0.7198 0.6915 -0.0606
vn 0.4316 0.5602 -0.7071
vn 0.3691 0.4557 -0.8100
vn 0.1933 0.2387 -0.9516
vn 0.0984 0.1215 -0.9877
vn 0.2261 0.1192 0.9668
vn 0.1285 0.0677 0.9894
vn 0.4718 0.2487 0.8459
vn 0.6995 0.0834 0.7097
vn 0.5370 -0.8411 0.0652
vn 0.5094 -0.8605 0.0084
vn 0.5094 -0.8605 -0.0084
vn 0.5370 -0.8411 -0.0652
vn 0.6995 0.0834 -0.7097
vn 0.4718 0.2487 -0.8459
vn 0.2261 0.1192 -0.9668
vn 0.1285 0.0677 -0.9894
vn 0.0746 -0.0935 0.9928
vn 0.0534 -0.0669 0.9963
vn 0.6891 0.4925 0.5316
vn 0.7800 0.6087 0.1450
vn 0.8185 0.5664 0.0965
vn 0.8110 0.5849 0.0142
vn 0.8110 0.5849 -0.0142
vn 0.8185 0.5664 -0.0965
vn 0.7800 0.6087 -0.1450
vn 0.6891 0.4925 -0.5316
vn 0.0746 -0.0935 -0.9928
vn 0.0534 -0.0669 -0.9963
vn 0.1937 0.2140 0.9574
vn 0.0783 0.0865 0.9932
vn 0.3520 0.3890 0.8513
vn 0.5375 -0.4864 0.6889
vn 0.5042 0.5572 0.6598
vn 0.6240 0.6895 0.3676
vn 0.6676 0.7377 0.1006
vn 0.6676 0.7377 -0.1006
vn 0.6240 0.6895 -0.3676
vn 0.5375 -0.4864 -0.6889
vn 0.5042 0.5572 -0.6598
vn 0.3520 0.3890 -0.8513
vn 0.1937 0.2140 -0.9574
vn 0.0783 0.0865 -0.9932
vn -0.2004 0.1814 0.9628
vn -0.0784 0.0709 0.9944
vn -0.3668 0.3320 0.8690
vn -0.5375 0.4864 0.6889
vn -0.6820 0.6172 0.3924
vn -0.7370 0.6669 0.1098
vn -0.7370 0.6669 -0.1098
vn -0.6820 0.6172 -0.3924
vn -0.5375 0.4864 -0.6889
vn -0.3668 0.3320 -0.8690
vn -0.2004 0.1814 -0.9628
vn -0.0784 0.0709 -0.9944
vn 0.0435 -0.3116 0.9492
vn 0.0866 -0.3025 0.9492
vn 0.0430 -0.1500 0.9877
vn 0.0216 -0.1546 0.9877
vn 0.0818 -0.5857 0.8064
vn 0.1629 -0.5686 0.8064
vn 0.1122 -0.8030 0.5854
vn 0.2233 -0.7794 0.5854
vn 0.1317 -0.9424 0.3076
vn 0.2620 -0.9147 0.3076
vn 0.1379 -0.9873 0.0784
vn 0.2745 -0.9584 0.0784
vn 0.1379 -0.9873 -0.0784
vn 0.2745 -0.9584 -0.0784
vn 0.1317 -0.9424 -0.3076
vn 0.2620 -0.9147 -0.3076
vn 0.1122 -0.8030 -0.5854
vn 0.2233 -0.7794 -0.5854
vn 0.0818 -0.5857 -0.8064
vn 0.1629 -0.5686 -0.8064
vn 0.0435 -0.3116 -0.9492
vn 0.0866 -0.3025 -0.9492
vn 0.0216 -0.1546 -0.9877
vn 0.0430 -0.1500 -0.9877
vn 0.1281 -0.2874 0.9492
vn 0.0636 -0.1425 0.9877
vn 0.2408 -0.5402 0.8064
vn 0.3302 -0.7405 0.5854
vn 0.3875 -0.8690 0.3076
vn 0.4060 -0.9105 0.0784
vn 0.4060 -0.9105 -0.0784
vn 0.3875 -0.8690 -0.3076
vn 0.3302 -0.7405 -0.5854
vn 0.2408 -0.5402 -0.8064
vn 0.1281 -0.2874 -0.9492
vn 0.0636 -0.1425 -0.9877
vn 0.1670 -0.2667 0.9492
vn 0.0828 -0.1323 0.9877
vn 0.3139 -0.5012 0.8064
vn 0.4303 -0.6871 0.5854
vn 0.5050 -0.8064 0.3076
vn 0.5291 -0.8449 0.0784
vn 0.5291 -0.8449 -0.0784
vn 0.5050 -0.8064 -0.3076
vn 0.4303 -0.6871 -0.5854
vn 0.3139 -0.5012 -0.8064
vn 0.1670 -0.2667 -0.9492
vn 0.0828 -0.1323 -0.9877
vn 0.2024 -0.2408 0.9492
vn 0.1004 -0.1195 0.9877
vn 0.3805 -0.4527 0.8064
vn 0.5217 -0.6206 0.5854
vn 0.6122 -0.7284 0.3076
vn 0.6414 -0.7632 0.0784
vn 0.6414 -0.7632 -0.0784
vn 0.6122 -0.7284 -0.3076
vn 0.5217 -0.6206 -0.5854
vn 0.3805 -0.4527 -0.8064
vn 0.2024 -0.2408 -0.9492
vn 0.1004 -0.1195 -0.9877
vn 0.2338 -0.2105 0.9492
vn 0.1160 -0.1044 0.9877
vn 0.4396 -0.3956 0.8064
vn 0.6026 -0.5424 0.5854
vn 0.7072 -0.6365 0.3076
vn 0.7410 -0.6669 0.0784
vn 0.7410 -0.6669 -0.0784
vn 0.7072 -0.6365 -0.3076
vn 0.6026 -0.5424 -0.5854
vn 0.4396 -0.3956 -0.8064
vn 0.2338 -0.2105 -0.9492
vn 0.1160 -0.1044 -0.9877
vn 0.2607 -0.1761 0.9492
vn 0.1293 -0.0874 0.9877
vn 0.4901 -0.3310 0.8064
vn 0.6719 -0.4538 0.5854
vn 0.7885 -0.5326 0.3076
vn 0.8261 -0.5580 0.0784
vn 0.8261 -0.5580 -0.0784
vn 0.7885 -0.5326 -0.3076
vn 0.6719 -0.4538 -0.5854
vn 0.4901 -0.3310 -0.8064
vn 0.2607 -0.1761 -0.9492
vn 0.1293 -0.0874 -0.9877
vn 0.2826 -0.1383 0.9492
vn 0.1402 -0.0686 0.9877
vn 0.5312 -0.2600 0.8064
vn 0.7282 -0.3564 0.5854
vn 0.8547 -0.4182 0.3076
vn 0.8954 -0.4382 0.0784
vn 0.8954 -0.4382 -0.0784
vn 0.8547 -0.4182 -0.3076
vn 0.7282 -0.3564 -0.5854
vn 0.5312 -0.2600 -0.8064
vn 0.2826 -0.1383 -0.9492
vn 0.1402 -0.0686 -0.9877
vn 0.2990 -0.0978 0.9492
vn 0.1483 -0.0485 0.9877
vn 0.5621 -0.1838 0.8064
vn 0.7706 -0.2519 0.5854
vn 0.9044 -0.2956 0.3076
vn 0.9476 -0.3098 0.0784
vn 0.9476 -0.3098 -0.0784
vn 0.9044 -0.2956 -0.3076
vn 0.7706 -0.2519 -0.5854
vn 0.5621 -0.1838 -0.8064
vn 0.2990 -0.0977 -0.9492
vn 0.1483 -0.0485 -0.9877
vn 0.3097 -0.0553 0.9492
vn 0.1536 -0.0274 0.9877
vn 0.5822 -0.1039 0.8064
vn 0.7981 -0.1425 0.5854
vn 0.9367 -0.1672 0.3076
vn 0.9814 -0.1752 0.0784
vn 0.9814 -0.1752 -0.0784
vn 0.9367 -0.1672 -0.3076
vn 0.7981 -0.1425 -0.5854
vn 0.5822 -0.1039 -0.8064
vn 0.3097 -0.0553 -0.9492
vn 0.1536 -0.0274 -0.9877
vn 0.3144 -0.0119 0.9492
vn 0.1560 -0.0059 0.9877
vn 0.5910 -0.0223 0.8064
vn 0.8102 -0.0306 0.5854
vn 0.9508 -0.0359 0.3076
vn 0.9962 -0.0377 0.0784
vn 0.9962 -0.0377 -0.0784
vn 0.9508 -0.0359 -0.3076
vn 0.8102 -0.0306 -0.5854
vn 0.5910 -0.0223 -0.8064
vn 0.3144 -0.0119 -0.9492
vn 0.1560 -0.0059 -0.9877
vn 0.3129 0.0311 0.9493
vn 0.1553 0.0155 0.9877
vn 0.5884 0.0586 0.8064
vn 0.8067 0.0803 0.5854
vn 0.9468 0.0942 0.3077
vn 0.9920 0.0987 0.0784
vn 0.9920 0.0987 -0.0784
vn 0.9468 0.0942 -0.3077
vn 0.8067 0.0803 -0.5854
vn 0.5884 0.0586 -0.8064
vn 0.3129 0.0311 -0.9493
vn 0.1553 0.0155 -0.9877
vn 0.3059 0.0725 0.9493
vn 0.1519 0.0360 0.9877
vn 0.5753 0.1363 0.8065
vn 0.7888 0.1869 0.5855
vn 0.9259 0.2193 0.3077
vn 0.9701 0.2298 0.0784
vn 0.9701 0.2298 -0.0784
vn 0.9259 0.2193 -0.3077
vn 0.7888 0.1869 -0.5855
vn 0.5753 0.1363 -0.8065
vn 0.3059 0.0725 -0.9493
vn 0.1519 0.0360 -0.9877
vn 0.2939 0.1110 0.9494
vn 0.1461 0.0552 0.9877
vn 0.5530 0.2089 0.8066
vn 0.7584 0.2864 0.5855
vn 0.8901 0.3362 0.3077
vn 0.9326 0.3522 0.0784
vn 0.9326 0.3522 -0.0784
vn 0.8901 0.3362 -0.3077
vn 0.7584 0.2864 -0.5855
vn 0.5530 0.2089 -0.8066
vn 0.2939 0.1110 -0.9494
vn 0.1461 0.0552 -0.9877
vn 0.2778 0.1462 0.9494
vn 0.5230 0.2752 0.8067
vn 0.7173 0.3775 0.5856
vn 0.8420 0.4431 0.3077
vn 0.8822 0.4642 0.0784
vn 0.8822 0.4642 -0.0784
vn 0.8420 0.4431 -0.3077
vn 0.7173 0.3775 -0.5856
vn 0.5230 0.2752 -0.8067
vn 0.2778 0.1462 -0.9494
vn 0.2584 0.1780 0.9495
vn 0.1286 0.0886 0.9877
vn 0.4867 0.3352 0.8067
vn 0.6675 0.4598 0.5857
vn 0.7836 0.5397 0.3078
vn 0.8210 0.5655 0.0784
vn 0.8210 0.5655 -0.0784
vn 0.7836 0.5397 -0.3078
vn 0.6675 0.4598 -0.5857
vn 0.4867 0.3352 -0.8067
vn 0.2584 0.1780 -0.9495
vn 0.1286 0.0886 -0.9877
vn 0.2361 0.2066 0.9495
vn 0.1175 0.1029 0.9877
vn 0.4447 0.3891 0.8068
vn 0.6100 0.5338 0.5857
vn 0.7160 0.6266 0.3078
vn 0.7502 0.6565 0.0784
vn 0.7502 0.6565 -0.0784
vn 0.7160 0.6266 -0.3078
vn 0.6100 0.5338 -0.5857
vn 0.4447 0.3891 -0.8068
vn 0.2361 0.2066 -0.9495
vn 0.1175 0.1029 -0.9877
vn 0.2110 0.2321 0.9495
vn 0.1051 0.1156 0.9877
vn 0.3975 0.4372 0.8068
vn 0.5452 0.5998 0.5857
vn 0.6400 0.7040 0.3078
vn 0.6706 0.7377 0.0784
vn 0.6706 0.7377 -0.0784
vn 0.6400 0.7040 -0.3078
vn 0.5452 0.5998 -0.5857
vn 0.3975 0.4372 -0.8068
vn 0.2110 0.2321 -0.9495
vn 0.1051 0.1156 -0.9877
vn 0.1832 0.2547 0.9495
vn 0.0912 0.1268 0.9877
vn 0.3450 0.4797 0.8067
vn 0.4733 0.6580 0.5857
vn 0.5556 0.7724 0.3078
vn 0.5821 0.8093 0.0784
vn 0.5821 0.8093 -0.0784
vn 0.5556 0.7724 -0.3078
vn 0.4733 0.6580 -0.5857
vn 0.3450 0.4797 -0.8067
vn 0.1832 0.2547 -0.9495
vn 0.0912 0.1268 -0.9877
vn 0.1525 0.2743 0.9495
vn 0.0759 0.1365 0.9877
vn 0.2872 0.5165 0.8067
vn 0.3939 0.7084 0.5857
vn 0.4624 0.8316 0.3078
vn 0.4845 0.8713 0.0784
vn 0.4845 0.8713 -0.0784
vn 0.4624 0.8316 -0.3078
vn 0.3939 0.7084 -0.5857
vn 0.2872 0.5165 -0.8067
vn 0.1525 0.2743 -0.9495
vn 0.0759 0.1365 -0.9877
vn 0.1188 0.2906 0.9494
vn 0.0591 0.1445 0.9877
vn 0.2236 0.5471 0.8066
vn 0.3067 0.7503 0.5856
vn 0.3600 0.8807 0.3077
vn 0.3772 0.9228 0.0784
vn 0.3772 0.9228 -0.0784
vn 0.3600 0.8807 -0.3077
vn 0.3067 0.7503 -0.5856
vn 0.2236 0.5471 -0.8066
vn 0.1188 0.2906 -0.9494
vn 0.0591 0.1445 -0.9877
vn 0.0819 0.3033 0.9494
vn 0.0407 0.1507 0.9877
vn 0.1542 0.5707 0.8066
vn 0.2114 0.7826 0.5855
vn 0.2482 0.9186 0.3077
vn 0.2600 0.9624 0.0784
vn 0.2600 0.9624 -0.0784
vn 0.2482 0.9186 -0.3077
vn 0.2114 0.7826 -0.5855
vn 0.1542 0.5707 -0.8066
vn 0.0819 0.3033 -0.9494
vn 0.0407 0.1507 -0.9877
vn 0.0421 0.3115 0.9493
vn 0.0209 0.1547 0.9877
vn 0.0791 0.5859 0.8065
vn 0.1085 0.8034 0.5855
vn 0.1273 0.9429 0.3077
vn 0.1334 0.9880 0.0784
vn 0.1334 0.9880 -0.0784
vn 0.1273 0.9429 -0.3077
vn 0.1085 0.8034 -0.5855
vn 0.0791 0.5859 -0.8065
vn 0.0421 0.3115 -0.9493
vn 0.0209 0.1547 -0.9877
vn -0.0001 0.3145 0.9493
vn -0.0001 0.1561 0.9877
vn -0.0003 0.5914 0.8064
vn -0.0004 0.8107 0.5854
vn -0.0004 0.9515 0.3077
vn -0.0005 0.9969 0.0784
vn -0.0005 0.9969 -0.0784
vn -0.0004 0.9515 -0.3077
vn -0.0004 0.8107 -0.5854
vn -0.0003 0.5914 -0.8064
vn -0.0001 0.3145 -0.9493
vn -0.0001 0.1561 -0.9877
vn -0.0435 0.3116 0.9492
vn -0.0216 0.1546 0.9877
vn -0.0818 0.5857 0.8064
vn -0.1122 0.8030 0.5854
vn -0.1317 0.9424 0.3076
vn -0.1379 0.9873 0.0784
vn -0.1379 0.9873 -0.0784
vn -0.1317 0.9424 -0.3076
vn -0.1122 0.8030 -0.5854
vn -0.0818 0.5857 -0.8064
vn -0.0435 0.3116 -0.9492
vn -0.0216 0.1546 -0.9877
vn -0.0866 0.3025 0.9492
vn -0.0430 0.1500 0.9877
vn -0.1629 0.5686 0.8064
vn -0.2233 0.7794 0.5854
vn -0.2620 0.9147 0.3076
vn -0.2745 0.9584 0.0784
vn -0.2745 0.9584 -0.0784
vn -0.2620 0.9147 -0.3076
vn -0.2233 0.7794 -0.5854
vn -0.1629 0.5686 -0.8064
vn -0.0866 0.3025 -0.9492
vn -0.0430 0.1500 -0.9877
vn -0.1281 0.2874 0.9492
vn -0.0636 0.1425 0.9877
vn -0.2408 0.5402 0.8064
vn -0.3302 0.7405 0.5854
vn -0.3875 0.8690 0.3076
vn -0.4060 0.9105 0.0784
vn -0.4060 0.9105 -0.0784
vn -0.3875 0.8690 -0.3076
vn -0.3302 0.7405 -0.5854
vn -0.2408 0.5402 -0.8064
vn -0.1281 0.2874 -0.9492
vn -0.0636 0.1425 -0.9877
vn -0.1670 0.2667 0.9492
vn -0.0828 0.1323 0.9877
vn -0.3139 0.5012 0.8064
vn -0.4303 0.6871 0.5854
vn -0.5050 0.8064 0.3076
vn -0.5291 0.8449 0.0784
vn -0.5291 0.8449 -0.0784
vn -0.5050 0.8064 -0.3076
vn -0.4303 0.6871 -0.5854
vn -0.3139 0.5012 -0.8064
vn -0.1670 0.2667 -0.9492
vn -0.0828 0.1323 -0.9877
vn -0.2024 0.2408 0.9492
vn -0.1004 0.1195 0.9877
vn -0.3805 0.4527 0.8064
vn -0.5217 0.6206 0.5854
vn -0.6122 0.7284 0.3076
vn -0.6414 0.7632 0.0784
vn -0.6414 0.7632 -0.0784
vn -0.6122 0.7284 -0.3076
vn -0.5217 0.6206 -0.5854
vn -0.3805 0.4527 -0.8064
vn -0.2024 0.2408 -0.9492
vn -0.1004 0.1195 -0.9877
vn -0.2338 0.2105 0.9492
vn -0.1160 0.1044 0.9877
vn -0.4396 0.3956 0.8064
vn -0.6026 0.5424 0.5854
vn -0.7072 0.6365 0.3076
vn -0.7410 0.6669 0.0784
vn -0.7410 0.6669 -0.0784
vn -0.7072 0.6365 -0.3076
vn -0.6026 0.5424 -0.5854
vn -0.4396 0.3956 -0.8064
vn -0.2338 0.2105 -0.9492
vn -0.1160 0.1044 -0.9877
vn -0.2607 0.1761 0.9492
vn -0.1293 0.0874 0.9877
vn -0.4901 0.3310 0.8064
vn -0.6719 0.4538 0.5854
vn -0.7885 0.5326 0.3076
vn -0.8261 0.5580 0.0784
vn -0.8261 0.5580 -0.0784
vn -0.7885 0.5326 -0.3076
vn -0.6719 0.4538 -0.5854
vn -0.4901 0.3310 -0.8064
vn -0.2607 0.1761 -0.9492
vn -0.1293 0.0874 -0.9877
vn -0.2826 0.1383 0.9492
vn -0.1402 0.0686 0.9877
vn -0.5312 0.2600 0.8064
vn -0.7282 0.3564 0.5854
vn -0.8547 0.4182 0.3076
vn -0.8954 0.4382 0.0784
vn -0.8954 0.4382 -0.0784
vn -0.8547 0.4182 -0.3076
vn -0.7282 0.3564 -0.5854
vn -0.5312 0.2600 -0.8064
vn -0.2826 0.1383 -0.9492
vn -0.1402 0.0686 -0.9877
vn -0.2990 0.0978 0.9492
vn -0.1483 0.0485 0.9877
vn -0.5621 0.1838 0.8064
vn -0.7706 0.2519 0.5854
vn -0.9044 0.2956 0.3076
vn -0.9476 0.3098 0.0784
vn -0.9476 0.3098 -0.0784
vn -0.9044 0.2956 -0.3076
vn -0.7706 0.2519 -0.5854
vn -0.5621 0.1838 -0.8064
vn -0.2990 0.0978 -0.9492
vn -0.1483 0.0485 -0.9877
vn -0.3097 0.0553 0.9492
vn -0.1536 0.0274 0.9877
vn -0.5822 0.1039 0.8064
vn -0.7981 0.1425 0.5854
vn -0.9367 0.1672 0.3076
vn -0.9814 0.1752 0.0784
vn -0.9814 0.1752 -0.0784
vn -0.9367 0.1672 -0.3076
vn -0.7981 0.1425 -0.5854
vn -0.5822 0.1039 -0.8064
vn -0.3097 0.0553 -0.9492
vn -0.1536 0.0274 -0.9877
vn -0.3144 0.0119 0.9492
vn -0.1560 0.0059 0.9877
vn -0.5910 0.0223 0.8064
vn -0.8102 0.0306 0.5854
vn -0.9508 0.0359 0.3076
vn -0.9962 0.0377 0.0784
vn -0.9962 0.0377 -0.0784
vn -0.9508 0.0359 -0.3076
vn -0.8102 0.0306 -0.5854
vn -0.5910 0.0223 -0.8064
vn -0.3144 0.0119 -0.9492
vn -0.1560 0.0059 -0.9877
vn -0.3129 -0.0311 0.9493
vn -0.1553 -0.0155 0.9877
vn -0.5884 -0.0586 0.8064
vn -0.8067 -0.0803 0.5854
vn -0.9468 -0.0942 0.3077
vn -0.9920 -0.0987 0.0784
vn -0.9920 -0.0987 -0.0784
vn -0.9468 -0.0942 -0.3077
vn -0.8067 -0.0803 -0.5854
vn -0.5884 -0.0586 -0.8064
vn -0.3129 -0.0311 -0.9493
vn -0.1553 -0.0155 -0.9877
vn -0.3059 -0.0725 0.9493
vn -0.1519 -0.0360 0.9877
vn -0.5753 -0.1363 0.8065
vn -0.7888 -0.1869 0.5855
vn -0.9259 -0.2193 0.3077
vn -0.9701 -0.2298 0.0784
vn -0.9701 -0.2298 -0.0784
vn -0.9259 -0.2193 -0.3077
vn -0.7888 -0.1869 -0.5855
vn -0.5753 -0.1363 -0.8065
vn -0.3059 -0.0725 -0.9493
vn -0.1519 -0.0360 -0.9877
vn -0.2939 -0.1110 0.9494
vn -0.1461 -0.0552 0.9877
vn -0.5530 -0.2089 0.8066
vn -0.7583 -0.2864 0.5856
vn -0.8901 -0.3362 0.3077
vn -0.9326 -0.3522 0.0784
vn -0.9326 -0.3522 -0.0784
vn -0.8901 -0.3362 -0.3077
vn -0.7583 -0.2864 -0.5856
vn -0.5530 -0.2089 -0.8066
vn -0.2939 -0.1110 -0.9494
vn -0.1461 -0.0552 -0.9877
vn -0.2778 -0.1462 0.9494
vn -0.1382 -0.0727 0.9877
vn -0.5230 -0.2752 0.8067
vn -0.7173 -0.3775 0.5856
vn -0.8420 -0.4431 0.3077
vn -0.8822 -0.4642 0.0784
vn -0.8822 -0.4642 -0.0784
vn -0.8420 -0.4431 -0.3077
vn -0.7173 -0.3775 -0.5856
vn -0.5230 -0.2752 -0.8067
vn -0.2778 -0.1462 -0.9494
vn -0.1382 -0.0727 -0.9877
vn -0.2584 -0.1780 0.9495
vn -0.1286 -0.0886 0.9877
vn -0.4867 -0.3352 0.8067
vn -0.6675 -0.4598 0.5857
vn -0.7836 -0.5397 0.3078
vn -0.8210 -0.5655 0.0784
vn -0.8210 -0.5655 -0.0784
vn -0.7836 -0.5397 -0.3078
vn -0.6675 -0.4598 -0.5857
vn -0.4867 -0.3352 -0.8067
vn -0.2584 -0.1780 -0.9495
vn -0.1286 -0.0886 -0.9877
vn -0.2361 -0.2066 0.9495
vn -0.1175 -0.1029 0.9877
vn -0.4447 -0.3891 0.8068
vn -0.6100 -0.5338 0.5857
vn -0.7160 -0.6266 0.3078
vn -0.7502 -0.6565 0.0784
vn -0.7502 -0.6565 -0.0784
vn -0.7160 -0.6266 -0.3078
vn -0.6100 -0.5338 -0.5857
vn -0.4447 -0.3891 -0.8068
vn -0.2361 -0.2066 -0.9495
vn -0.1175 -0.1029 -0.9877
vn -0.2110 -0.2321 0.9495
vn -0.1051 -0.1156 0.9877
vn -0.3975 -0.4372 0.8068
vn -0.5452 -0.5997 0.5857
vn -0.6400 -0.7040 0.3078
vn -0.6706 -0.7377 0.0784
vn -0.6706 -0.7377 -0.0784
vn -0.6400 -0.7040 -0.3078
vn -0.5452 -0.5997 -0.5857
vn -0.3975 -0.4372 -0.8068
vn -0.2110 -0.2321 -0.9495
vn -0.1051 -0.1156 -0.9877
vn -0.1832 -0.2547 0.9495
vn -0.0912 -0.1268 0.9877
vn -0.3450 -0.4797 0.8067
vn -0.4733 -0.6580 0.5857
vn -0.5556 -0.7724 0.3078
vn -0.5821 -0.8093 0.0784
vn -0.5821 -0.8093 -0.0784
vn -0.5556 -0.7724 -0.3078
vn -0.4733 -0.6580 -0.5857
vn -0.3450 -0.4797 -0.8067
vn -0.1832 -0.2547 -0.9495
vn -0.0912 -0.1268 -0.9877
vn -0.1525 -0.2743 0.9495
vn -0.0759 -0.1365 0.9877
vn -0.2872 -0.5165 0.8067
vn -0.3939 -0.7084 0.5857
vn -0.4624 -0.8315 0.3078
vn -0.4845 -0.8713 0.0784
vn -0.4845 -0.8713 -0.0784
vn -0.4624 -0.8315 -0.3078
vn -0.3939 -0.7084 -0.5857
vn -0.2872 -0.5165 -0.8067
vn -0.1525 -0.2743 -0.9495
vn -0.0759 -0.1365 -0.9877
vn -0.1188 -0.2906 0.9494
vn -0.0591 -0.1445 0.9877
vn -0.2236 -0.5471 0.8066
vn -0.3067 -0.7503 0.5856
vn -0.3600 -0.8807 0.3077
vn -0.3772 -0.9228 0.0784
vn -0.3772 -0.9228 -0.0784
vn -0.3600 -0.8807 -0.3077
vn -0.3067 -0.7503 -0.5856
vn -0.2236 -0.5471 -0.8066
vn -0.1188 -0.2906 -0.9494
vn -0.0591 -0.1445 -0.9877
vn -0.0819 -0.3033 0.9494
vn -0.0407 -0.1507 0.9877
vn -0.1542 -0.5707 0.8066
vn -0.2114 -0.7826 0.5855
vn -0.2482 -0.9185 0.3077
vn -0.2600 -0.9624 0.0784
vn -0.2600 -0.9624 -0.0784
vn -0.2482 -0.9185 -0.3077
vn -0.2114 -0.7826 -0.5855
vn -0.1542 -0.5707 -0.8066
vn -0.0819 -0.3033 -0.9494
vn -0.0407 -0.1507 -0.9877
vn -0.0421 -0.3115 0.9493
vn -0.0209 -0.1547 0.9877
vn -0.0791 -0.5859 0.8065
vn -0.1085 -0.8034 0.5855
vn -0.1273 -0.9429 0.3077
vn -0.1334 -0.9880 0.0784
vn -0.1334 -0.9880 -0.0784
vn -0.1273 -0.9429 -0.3077
vn -0.1085 -0.8034 -0.5855
vn -0.0791 -0.5860 -0.8065
vn -0.0421 -0.3115 -0.9493
vn -0.0209 -0.1547 -0.9877
vn 0.0001 -0.3145 0.9493
vn 0.0001 -0.1561 0.9877
vn 0.0003 -0.5914 0.8064
vn 0.0004 -0.8107 0.5854
vn 0.0004 -0.9515 0.3077
vn 0.0005 -0.9969 0.0784
vn 0.0005 -0.9969 -0.0784
vn 0.0004 -0.9515 -0.3077
vn 0.0004 -0.8107 -0.5854
vn 0.0003 -0.5914 -0.8064
vn 0.0001 -0.3145 -0.9493
vn 0.0001 -0.1561 -0.9877
vn 0.4963 0.8512 0.1709
vn 0.6710 0.7415 -0.0000
vn 0.6189 0.7684 0.1630
vn 0.6790 0.7212 0.1372
vn 0.7222 0.6866 0.0837
vn 0.7064 0.7077 0.0115
vn 0.7064 0.7077 -0.0115
vn 0.7222 0.6866 -0.0837
vn 0.6790 0.7212 -0.1372
vn 0.6189 0.7684 -0.1630
vn 0.4963 0.8512 -0.1709
vn -0.7744 0.6072 0.1780
vn -0.9130 0.4080 0.0001
vn -0.8779 0.4511 0.1606
vn -0.9194 0.3740 0.1216
vn -0.9415 0.3304 0.0660
vn -0.9320 0.3625 0.0086
vn -0.9320 0.3625 -0.0086
vn -0.9415 0.3304 -0.0660
vn -0.9194 0.3740 -0.1216
vn -0.8779 0.4511 -0.1606
vn -0.7744 0.6072 -0.1780
vn -0.9130 0.4080 -0.0001
vn -0.1307 -0.2924 0.9473
vn -0.0584 -0.1307 0.9897
vn -0.2371 -0.5305 0.8139
vn -0.3260 -0.7295 0.6012
vn -0.3864 -0.8647 0.3209
vn -0.4065 -0.9098 0.0839
vn -0.4065 -0.9098 -0.0839
vn -0.3864 -0.8647 -0.3209
vn -0.3260 -0.7295 -0.6012
vn -0.2371 -0.5305 -0.8139
vn -0.1307 -0.2924 -0.9473
vn -0.0584 -0.1307 -0.9897
vn 0.1469 -0.2810 0.9484
vn 0.0644 -0.1232 0.9903
vn 0.2659 -0.5087 0.8189
vn 0.3674 -0.7029 0.6090
vn 0.4377 -0.8376 0.3269
vn 0.4614 -0.8830 0.0861
vn 0.4614 -0.8830 -0.0861
vn 0.4377 -0.8376 -0.3269
vn 0.3674 -0.7029 -0.6090
vn 0.2659 -0.5087 -0.8189
vn 0.1469 -0.2810 -0.9484
vn 0.0644 -0.1232 -0.9903
vn 0.7381 0.6511 0.1772
vn 0.8863 0.4631 -0.0000
vn 0.8483 0.5045 0.1610
vn 0.8940 0.4307 0.1233
vn 0.9192 0.3879 0.0677
vn 0.9080 0.4189 0.0088
vn 0.9080 0.4189 -0.0088
vn 0.9192 0.3879 -0.0677
vn 0.8940 0.4307 -0.1233
vn 0.8483 0.5045 -0.1610
vn 0.7381 0.6511 -0.1772
vn 0.8863 0.4632 -0.0000
vn -0.5685 0.8043 0.1730
vn -0.7415 0.6710 -0.0000
vn -0.6926 0.7028 0.1627
vn -0.7508 0.6470 0.1327
vn -0.7890 0.6094 0.0778
vn -0.7735 0.6338 0.0105
vn -0.7735 0.6338 -0.0105
vn -0.7890 0.6094 -0.0778
vn -0.7508 0.6470 -0.1327
vn -0.6926 0.7028 -0.1627
vn -0.5685 0.8043 -0.1730
vn -0.1459 0.2818 0.9483
vn -0.0640 0.1237 0.9903
vn -0.2641 0.5102 0.8185
vn -0.3648 0.7047 0.6085
vn -0.4345 0.8394 0.3265
vn -0.4580 0.8848 0.0859
vn -0.4580 0.8848 -0.0859
vn -0.4345 0.8394 -0.3265
vn -0.3648 0.7047 -0.6085
vn -0.2641 0.5102 -0.8185
vn -0.1459 0.2818 -0.9483
vn -0.0640 0.1237 -0.9903
vn -0.0089 0.1441 0.9895
vn -0.0061 0.0986 0.9951
vn -0.0222 0.3598 0.9328
vn -0.0374 0.6061 0.7945
vn -0.0533 0.8648 0.4992
vn -0.0610 0.9894 0.1317
vn -0.0610 0.9894 -0.1317
vn -0.0533 0.8648 -0.4992
vn -0.0374 0.6061 -0.7945
vn -0.0222 0.3598 -0.9328
vn -0.0089 0.1441 -0.9895
vn -0.0061 0.0986 -0.9951
vn 0.1295 0.2931 0.9473
vn 0.0579 0.1311 0.9897
vn 0.2350 0.5319 0.8136
vn 0.3231 0.7312 0.6008
vn 0.3828 0.8664 0.3205
vn 0.4027 0.9115 0.0838
vn 0.4027 0.9115 -0.0838
vn 0.3828 0.8664 -0.3205
vn 0.3231 0.7312 -0.6008
vn 0.2350 0.5319 -0.8136
vn 0.1295 0.2931 -0.9473
vn 0.0579 0.1311 -0.9897
vn -0.1298 -0.2826 -0.9504
vn 0.2053 -0.5542 0.8066
vn 0.2053 -0.5542 -0.8066
vn 0.4426 -0.8423 0.3076
vn 0.4426 -0.8423 -0.3076
vn 0.7998 -0.5951 0.0784
vn 0.7998 -0.5951 -0.0784
vn 0.5525 -0.2100 0.8066
vn 0.5525 -0.2100 -0.8066
vn -0.1926 -0.9683 -0.1588
vn -0.1926 -0.9683 0.1588
vn -0.9591 0.0967 0.2661
vn -0.9591 0.0967 -0.2661
vn -0.4781 -0.8748 0.0784
vn -0.4781 -0.8748 -0.0784
vn 0.3199 -0.4976 -0.8062
vn 0.8675 -0.3909 0.3076
vn 0.8062 0.0862 0.5854
vn 0.8062 0.0862 -0.5854
vn 0.1422 0.0638 0.9878
vn 0.1422 0.0638 -0.9878
vn 0.9205 -0.3828 0.0791
vn 0.9205 -0.3828 -0.0791
vn 0.7977 -0.5154 0.3130
vn 0.8373 -0.5409 0.0792
vn 0.8373 -0.5409 -0.0792
vn 0.7977 -0.5154 -0.3130
vn 0.7199 -0.6895 0.0792
vn 0.7199 -0.6895 -0.0792
vn 0.5521 -0.7729 0.3128
vn 0.5521 -0.7729 -0.3128
vn -0.2859 -0.9067 -0.3103
vn -0.3499 -0.7280 0.5896
vn -0.3499 -0.7280 -0.5896
vn -0.7679 0.2605 0.5852
vn -0.1563 -0.0051 -0.9877
vn -0.8062 0.0393 0.5903
vn -0.8062 0.0393 -0.5903
vn -0.8877 0.0776 0.4538
vn -0.1984 -0.9801 0.0085
vn -0.1984 -0.9801 -0.0085
vn -0.8877 0.0776 -0.4538
vn -0.2906 0.0826 0.9533
vn -0.5602 0.1589 0.8130
vn -0.6914 0.1286 0.7109
vn 0.9310 -0.3326 -0.1502
vn 0.9588 -0.2731 -0.0783
vn 0.9588 -0.2731 0.0783
vn 0.9310 -0.3326 0.1502
vn -0.6915 0.1286 -0.7109
vn -0.5603 0.1589 -0.8129
vn -0.2906 0.0826 -0.9533
vn -0.2732 0.1252 0.9538
vn -0.4274 0.1260 0.8953
vn 0.7848 -0.4214 -0.4545
vn 0.7848 -0.4214 0.4545
vn -0.4274 0.1260 -0.8952
vn -0.2732 0.1252 -0.9538
vn -0.2457 0.1708 0.9542
vn 0.7755 -0.5405 0.3263
vn 0.7755 -0.5405 -0.3263
vn -0.2457 0.1708 -0.9542
vn 0.6603 -0.6828 0.3128
vn 0.6603 -0.6828 -0.3128
vn -0.2076 0.2148 -0.9543
vn -0.1621 0.2515 0.9542
vn 0.5133 -0.7951 0.3230
vn 0.4396 -0.6816 -0.5849
vn 0.4396 -0.6816 0.5849
vn 0.5133 -0.7951 -0.3230
vn -0.1621 0.2515 -0.9542
vn 0.3206 -0.7415 0.5894
vn 0.3094 -0.7496 -0.5851
vn 0.3094 -0.7496 0.5851
vn 0.3205 -0.7415 -0.5894
vn -0.1146 0.2777 -0.9538
vn -0.0363 0.1518 0.9878
vn -0.0598 0.4510 0.8905
vn 0.2600 -0.8568 -0.4453
vn 0.2216 -0.9253 -0.3077
vn 0.2216 -0.9253 0.3077
vn 0.2600 -0.8568 0.4453
vn -0.0598 0.4510 -0.8905
vn -0.0363 0.1518 -0.9878
vn -0.0618 0.5802 0.8122
vn -0.0259 0.7071 0.7067
vn 0.1566 -0.9760 -0.1515
vn 0.1055 -0.9913 -0.0783
vn 0.1055 -0.9913 0.0783
vn 0.1567 -0.9760 0.1515
vn -0.0259 0.7071 -0.7067
vn -0.0618 0.5802 -0.8122
vn 0.0079 0.5830 0.8124
vn 0.0111 0.8060 0.5918
vn -0.0076 -0.3080 0.9513
vn -0.0135 -0.9968 -0.0783
vn -0.0135 -0.9968 0.0783
vn -0.0077 -0.3080 -0.9513
vn 0.0111 0.8060 -0.5918
vn 0.0079 0.5830 -0.8124
vn 0.1075 0.7991 0.5915
vn 0.1764 0.8721 0.4563
vn 0.9964 -0.0841 0.0081
vn 0.9964 -0.0841 -0.0081
vn 0.1764 0.8721 -0.4563
vn 0.1075 0.7991 -0.5915
vn 0.1353 0.5688 0.8112
vn 0.1868 0.7854 0.5901
vn 0.1868 0.7854 -0.5901
vn 0.1353 0.5688 -0.8112
vn 0.3555 0.9314 0.0786
vn 0.3555 0.9314 -0.0786
vn -0.6734 -0.4231 0.6063
vn -0.6734 -0.4231 -0.6063
vn -0.9509 0.2869 0.1162
vn -0.9680 0.2436 0.0612
vn -0.9606 0.2778 0.0078
vn -0.9606 0.2778 -0.0078
vn -0.9679 0.2436 -0.0612
vn -0.9509 0.2869 -0.1162
vn -0.3266 -0.7393 -0.5889
vn -0.2369 -0.5362 -0.8102
vn -0.8060 0.0207 0.5916
vn -0.9499 0.0244 0.3115
vn -0.9966 0.0256 0.0789
vn -0.9966 0.0256 -0.0789
vn -0.9499 0.0244 -0.3115
vn -0.8060 0.0207 -0.5916
vn -0.5752 0.0919 0.8129
vn -0.5752 0.0919 -0.8129
vn -0.9528 0.2931 0.0789
vn -0.9528 0.2931 -0.0789
vn -0.2498 0.1687 0.9535
vn -0.5941 0.7415 0.3120
vn 0.4318 0.5598 0.7072
vn -0.7210 0.6897 0.0666
vn -0.7211 0.6896 -0.0669
vn 0.4318 0.5598 -0.7072
vn 0.6995 0.0832 0.7098
vn 0.5370 -0.8410 0.0654
vn 0.5370 -0.8410 -0.0654
vn 0.6995 0.0832 -0.7098
vn 0.7829 -0.5961 0.1781
vn 0.2188 0.2221 0.9501
vn 0.1097 0.1114 0.9877
vn 0.9190 -0.3942 0.0001
vn 0.8846 -0.4378 0.1605
vn 0.4139 0.4200 0.8076
vn 0.9251 -0.3599 0.1212
vn 0.5685 0.5770 0.5864
vn 0.9464 -0.3161 0.0657
vn 0.6677 0.6776 0.3082
vn 0.9373 -0.3485 0.0085
vn 0.6997 0.7101 0.0784
vn 0.9373 -0.3485 -0.0085
vn 0.6997 0.7101 -0.0784
vn 0.9464 -0.3161 -0.0657
vn 0.6677 0.6776 -0.3082
vn 0.9251 -0.3599 -0.1212
vn 0.5685 0.5770 -0.5864
vn 0.8846 -0.4378 -0.1605
vn 0.4139 0.4200 -0.8076
vn 0.7829 -0.5961 -0.1781
vn 0.2188 0.2221 -0.9501
vn 0.9190 -0.3942 -0.0001
vn 0.1097 0.1114 -0.9877
vn 0.2039 0.2359 0.9501
vn 0.1023 0.1183 0.9877
vn 0.3857 0.4461 0.8076
vn 0.5298 0.6127 0.5864
vn 0.6222 0.7196 0.3082
vn 0.6521 0.7541 0.0784
vn 0.6521 0.7541 -0.0784
vn 0.6222 0.7196 -0.3082
vn 0.5298 0.6127 -0.5864
vn 0.3857 0.4461 -0.8076
vn 0.2039 0.2359 -0.9501
vn 0.1023 0.1183 -0.9877
vn 0.1881 0.2487 0.9501
vn 0.0943 0.1247 0.9877
vn 0.3558 0.4703 0.8076
vn 0.4887 0.6459 0.5864
vn 0.5740 0.7586 0.3082
vn 0.6015 0.7950 0.0784
vn 0.6015 0.7950 -0.0784
vn 0.5740 0.7586 -0.3082
vn 0.4887 0.6459 -0.5864
vn 0.3558 0.4703 -0.8076
vn 0.1881 0.2487 -0.9501
vn 0.0943 0.1247 -0.9877
vn 0.1714 0.2605 0.9501
vn 0.0860 0.1306 0.9877
vn 0.3242 0.4926 0.8076
vn 0.4453 0.6766 0.5864
vn 0.5230 0.7946 0.3082
vn 0.5481 0.8327 0.0784
vn 0.5481 0.8327 -0.0784
vn 0.5230 0.7946 -0.3082
vn 0.4453 0.6766 -0.5864
vn 0.3242 0.4926 -0.8076
vn 0.1714 0.2605 -0.9501
vn 0.0860 0.1306 -0.9877
vn 0.1538 0.2713 0.9501
vn 0.0771 0.1360 0.9877
vn 0.2908 0.5130 0.8076
vn 0.3995 0.7047 0.5864
vn 0.4692 0.8276 0.3082
vn 0.4917 0.8673 0.0784
vn 0.4917 0.8673 -0.0784
vn 0.4692 0.8276 -0.3082
vn 0.3995 0.7047 -0.5864
vn 0.2908 0.5130 -0.8076
vn 0.1538 0.2713 -0.9501
vn 0.0771 0.1360 -0.9877
vn 0.1352 0.2811 0.9501
vn 0.0678 0.1409 0.9877
vn 0.2556 0.5315 0.8076
vn 0.3511 0.7300 0.5864
vn 0.4123 0.8573 0.3082
vn 0.4321 0.8984 0.0784
vn 0.4321 0.8984 -0.0784
vn 0.4123 0.8573 -0.3082
vn 0.3511 0.7300 -0.5864
vn 0.2556 0.5315 -0.8076
vn 0.1352 0.2811 -0.9501
vn 0.0678 0.1409 -0.9877
vn 0.1155 0.2898 0.9501
vn 0.0579 0.1452 0.9877
vn 0.2184 0.5479 0.8075
vn 0.2999 0.7525 0.5864
vn 0.3522 0.8837 0.3082
vn 0.3691 0.9261 0.0784
vn 0.3691 0.9261 -0.0784
vn 0.3522 0.8837 -0.3082
vn 0.2999 0.7525 -0.5864
vn 0.2184 0.5479 -0.8075
vn 0.1155 0.2898 -0.9501
vn 0.0579 0.1452 -0.9877
vn 0.0947 0.2973 0.9501
vn 0.0475 0.1490 0.9877
vn 0.1791 0.5620 0.8075
vn 0.2459 0.7718 0.5863
vn 0.2888 0.9064 0.3081
vn 0.3027 0.9499 0.0784
vn 0.3027 0.9499 -0.0784
vn 0.2888 0.9064 -0.3081
vn 0.2459 0.7718 -0.5863
vn 0.1791 0.5620 -0.8075
vn 0.0947 0.2973 -0.9501
vn 0.0475 0.1490 -0.9877
vn 0.0728 0.3036 0.9500
vn 0.0365 0.1520 0.9877
vn 0.1376 0.5737 0.8074
vn 0.1890 0.7878 0.5863
vn 0.2219 0.9251 0.3081
vn 0.2325 0.9694 0.0784
vn 0.2325 0.9694 -0.0784
vn 0.2219 0.9251 -0.3081
vn 0.1890 0.7878 -0.5863
vn 0.1376 0.5737 -0.8074
vn 0.0728 0.3036 -0.9500
vn 0.0365 0.1520 -0.9877
vn 0.0497 0.3083 0.9500
vn 0.0249 0.1543 0.9877
vn 0.0939 0.5825 0.8074
vn 0.1289 0.7998 0.5862
vn 0.1514 0.9392 0.3081
vn 0.1586 0.9842 0.0784
vn 0.1586 0.9842 -0.0784
vn 0.1514 0.9392 -0.3081
vn 0.1289 0.7998 -0.5862
vn 0.0939 0.5825 -0.8074
vn 0.0497 0.3083 -0.9500
vn 0.0249 0.1543 -0.9877
vn 0.0253 0.3114 0.9500
vn 0.0127 0.1558 0.9877
vn 0.0479 0.5881 0.8073
vn 0.0657 0.8075 0.5862
vn 0.0772 0.9482 0.3081
vn 0.0809 0.9936 0.0784
vn 0.0809 0.9936 -0.0784
vn 0.0772 0.9482 -0.3081
vn 0.0657 0.8075 -0.5862
vn 0.0479 0.5881 -0.8073
vn 0.0253 0.3114 -0.9500
vn 0.0127 0.1558 -0.9877
vn -0.0027 0.3131 0.9497
vn -0.0013 0.1562 0.9877
vn -0.0051 0.5905 0.8070
vn -0.0070 0.8104 0.5859
vn -0.0082 0.9514 0.3079
vn -0.0082 0.9514 -0.3079
vn -0.0070 0.8104 -0.5859
vn -0.0051 0.5905 -0.8070
vn -0.0027 0.3131 -0.9497
vn -0.0013 0.1562 -0.9877
vn -0.0380 0.3118 0.9494
vn -0.0189 0.1550 0.9877
vn -0.0715 0.5868 0.8066
vn -0.0981 0.8047 0.5856
vn -0.1151 0.9445 0.3077
vn -0.1206 0.9896 0.0784
vn -0.1206 0.9896 -0.0784
vn -0.1151 0.9445 -0.3077
vn -0.0981 0.8047 -0.5856
vn -0.0715 0.5868 -0.8066
vn -0.0380 0.3118 -0.9494
vn -0.0189 0.1550 -0.9877
vn -0.0788 0.3045 0.9492
vn -0.0391 0.1511 0.9877
vn -0.1482 0.5725 0.8064
vn -0.2032 0.7849 0.5854
vn -0.2385 0.9211 0.3076
vn -0.2499 0.9651 0.0784
vn -0.2499 0.9651 -0.0784
vn -0.2385 0.9211 -0.3076
vn -0.2032 0.7849 -0.5854
vn -0.1482 0.5725 -0.8064
vn -0.0788 0.3045 -0.9492
vn -0.0391 0.1511 -0.9877
vn -0.1220 0.2904 0.9491
vn -0.0604 0.1438 0.9878
vn -0.2292 0.5454 0.8062
vn -0.3141 0.7475 0.5853
vn -0.3686 0.8772 0.3076
vn -0.3862 0.9191 0.0784
vn -0.3862 0.9191 -0.0784
vn -0.3686 0.8772 -0.3076
vn -0.3141 0.7475 -0.5853
vn -0.2292 0.5454 -0.8062
vn -0.1220 0.2904 -0.9491
vn -0.0604 0.1438 -0.9878
vn -0.1657 0.2683 0.9490
vn -0.0819 0.1327 0.9878
vn -0.3109 0.5035 0.8061
vn -0.4260 0.6900 0.5852
vn -0.4999 0.8096 0.3075
vn -0.5238 0.8482 0.0784
vn -0.5238 0.8482 -0.0784
vn -0.4999 0.8096 -0.3075
vn -0.4260 0.6900 -0.5852
vn -0.3109 0.5035 -0.8061
vn -0.1657 0.2683 -0.9490
vn -0.0819 0.1327 -0.9878
vn -0.2071 0.2380 0.9489
vn -0.1023 0.1176 0.9878
vn -0.3885 0.4465 0.8060
vn -0.5323 0.6118 0.5852
vn -0.6245 0.7179 0.3075
vn -0.6543 0.7521 0.0784
vn -0.6543 0.7521 -0.0784
vn -0.6245 0.7179 -0.3075
vn -0.5323 0.6118 -0.5852
vn -0.3885 0.4465 -0.8060
vn -0.2071 0.2380 -0.9489
vn -0.1023 0.1176 -0.9878
vn -0.2434 0.2008 0.9489
vn -0.1203 0.0992 0.9878
vn -0.4566 0.3766 0.8060
vn -0.6255 0.5160 0.5852
vn -0.7340 0.6055 0.3075
vn -0.7690 0.6344 0.0784
vn -0.7690 0.6344 -0.0784
vn -0.7340 0.6055 -0.3075
vn -0.6255 0.5160 -0.5852
vn -0.4566 0.3766 -0.8060
vn -0.2434 0.2008 -0.9489
vn -0.1203 0.0992 -0.9878
vn -0.2723 0.1589 0.9490
vn -0.1347 0.0786 0.9878
vn -0.5111 0.2983 0.8061
vn -0.7003 0.4087 0.5852
vn -0.8218 0.4796 0.3076
vn -0.8610 0.5025 0.0784
vn -0.8610 0.5025 -0.0784
vn -0.8218 0.4796 -0.3076
vn -0.7003 0.4087 -0.5852
vn -0.5111 0.2983 -0.8061
vn -0.2723 0.1589 -0.9490
vn -0.1347 0.0786 -0.9878
vn -0.2929 0.1156 0.9491
vn -0.1451 0.0573 0.9878
vn -0.5503 0.2171 0.8063
vn -0.7542 0.2976 0.5853
vn -0.8851 0.3492 0.3076
vn -0.9273 0.3659 0.0784
vn -0.9273 0.3659 -0.0784
vn -0.8851 0.3492 -0.3076
vn -0.7542 0.2976 -0.5853
vn -0.5503 0.2171 -0.8063
vn -0.2929 0.1156 -0.9491
vn -0.1451 0.0573 -0.9878
vn -0.3057 0.0735 0.9493
vn -0.1518 0.0365 0.9877
vn -0.5749 0.1382 0.8065
vn -0.7882 0.1895 0.5855
vn -0.9251 0.2224 0.3077
vn -0.9693 0.2330 0.0784
vn -0.9693 0.2330 -0.0784
vn -0.9251 0.2224 -0.3077
vn -0.7882 0.1895 -0.5855
vn -0.5749 0.1382 -0.8065
vn -0.3057 0.0735 -0.9493
vn -0.1518 0.0365 -0.9877
vn -0.3119 0.0346 0.9495
vn -0.1552 0.0172 0.9877
vn -0.5874 0.0651 0.8067
vn -0.8056 0.0893 0.5856
vn -0.9457 0.1048 0.3078
vn -0.9909 0.1098 0.0784
vn -0.9909 0.1098 -0.0784
vn -0.9457 0.1048 -0.3078
vn -0.8056 0.0893 -0.5856
vn -0.5874 0.0651 -0.8067
vn -0.3119 0.0346 -0.9495
vn -0.1552 0.0172 -0.9877
vn -0.3133 -0.0002 0.9496
vn -0.1562 -0.0001 0.9877
vn -0.5907 -0.0004 0.8069
vn -0.8104 -0.0006 0.5858
vn -0.9514 -0.0007 0.3079
vn -0.9969 -0.0007 0.0784
vn -0.9969 -0.0007 -0.0784
vn -0.9514 -0.0007 -0.3079
vn -0.8104 -0.0006 -0.5858
vn -0.5907 -0.0004 -0.8069
vn -0.3133 -0.0002 -0.9496
vn -0.1562 -0.0001 -0.9877
vn -0.3101 -0.0237 0.9504
vn -0.1559 -0.0119 0.9877
vn -0.5875 -0.0449 0.8080
vn -0.8074 -0.0617 0.5868
vn -0.9485 -0.0724 0.3084
vn -0.9940 -0.0759 0.0784
vn -0.9940 -0.0759 -0.0784
vn -0.9485 -0.0724 -0.3084
vn -0.8074 -0.0617 -0.5868
vn -0.5875 -0.0449 -0.8080
vn -0.3101 -0.0237 -0.9504
vn -0.1559 -0.0119 -0.9877
vn 0.3061 0.0239 0.9517
vn 0.1559 0.0122 0.9877
vn 0.5845 0.0456 0.8101
vn 0.8058 0.0629 0.5889
vn 0.9479 0.0740 0.3097
vn 0.9939 0.0776 0.0786
vn 0.9939 0.0776 -0.0786
vn 0.9479 0.0740 -0.3097
vn 0.8058 0.0629 -0.5889
vn 0.5845 0.0456 -0.8101
vn 0.3061 0.0239 -0.9517
vn 0.1559 0.0122 -0.9877
vn 0.3045 0.0028 0.9525
vn 0.1563 0.0014 0.9877
vn 0.5843 0.0053 0.8115
vn 0.8071 0.0073 0.5904
vn 0.9505 0.0086 0.3107
vn 0.9969 0.0091 0.0787
vn 0.9969 0.0091 -0.0787
vn 0.9505 0.0086 -0.3107
vn 0.8071 0.0073 -0.5904
vn 0.5843 0.0053 -0.8115
vn 0.3045 0.0028 -0.9525
vn 0.1563 0.0014 -0.9877
vn 0.3027 -0.0275 0.9527
vn 0.1556 -0.0141 0.9877
vn 0.5815 -0.0528 0.8119
vn 0.8035 -0.0729 0.5908
vn 0.9465 -0.0859 0.3109
vn 0.9928 -0.0901 0.0788
vn 0.9928 -0.0901 -0.0788
vn 0.9465 -0.0859 -0.3109
vn 0.8035 -0.0729 -0.5908
vn 0.5815 -0.0528 -0.8119
vn 0.3027 -0.0275 -0.9527
vn 0.1556 -0.0141 -0.9877
vn 0.2971 -0.0607 0.9529
vn 0.1530 -0.0313 0.9877
vn 0.5715 -0.1168 0.8122
vn 0.7902 -0.1615 0.5912
vn 0.9311 -0.1903 0.3112
vn 0.9767 -0.1996 0.0788
vn 0.9767 -0.1996 -0.0788
vn 0.9311 -0.1903 -0.3112
vn 0.7902 -0.1615 -0.5912
vn 0.5715 -0.1168 -0.8122
vn 0.2971 -0.0607 -0.9529
vn 0.1530 -0.0313 -0.9877
vn 0.2867 -0.0968 0.9531
vn 0.1479 -0.0499 0.9877
vn 0.5521 -0.1864 0.8127
vn 0.7638 -0.2579 0.5917
vn 0.9003 -0.3040 0.3115
vn 0.9445 -0.3189 0.0789
vn 0.9445 -0.3189 -0.0789
vn 0.9003 -0.3040 -0.3115
vn 0.7638 -0.2579 -0.5917
vn 0.5521 -0.1864 -0.8127
vn 0.2867 -0.0968 -0.9531
vn 0.1479 -0.0499 -0.9877
vn 0.2700 -0.1349 0.9534
vn 0.1396 -0.0697 0.9878
vn 0.5207 -0.2601 0.8131
vn 0.7209 -0.3600 0.5922
vn 0.8500 -0.4245 0.3119
vn 0.8918 -0.4454 0.0789
vn 0.8918 -0.4454 -0.0789
vn 0.8500 -0.4245 -0.3119
vn 0.7209 -0.3600 -0.5922
vn 0.5207 -0.2601 -0.8131
vn 0.2700 -0.1349 -0.9534
vn 0.1396 -0.0697 -0.9878
vn 0.2461 -0.1735 0.9536
vn 0.1275 -0.0898 0.9878
vn 0.4753 -0.3350 0.8135
vn 0.6584 -0.4640 0.5927
vn 0.7765 -0.5473 0.3122
vn 0.8148 -0.5743 0.0790
vn 0.8148 -0.5743 -0.0790
vn 0.7765 -0.5473 -0.3122
vn 0.6584 -0.4640 -0.5927
vn 0.4753 -0.3350 -0.8135
vn 0.2461 -0.1735 -0.9536
vn 0.1275 -0.0898 -0.9878
vn 0.2147 -0.2104 0.9538
vn 0.1113 -0.1091 0.9878
vn 0.4149 -0.4068 0.8139
vn 0.5750 -0.5637 0.5930
vn 0.6783 -0.6650 0.3124
vn 0.7119 -0.6979 0.0791
vn 0.7119 -0.6979 -0.0791
vn 0.6783 -0.6650 -0.3124
vn 0.5750 -0.5637 -0.5930
vn 0.4149 -0.4068 -0.8139
vn 0.2147 -0.2104 -0.9538
vn 0.1113 -0.1091 -0.9878
vn 0.1763 -0.2432 0.9538
vn 0.0915 -0.1262 0.9878
vn 0.3409 -0.4703 0.8140
vn 0.4725 -0.6518 0.5932
vn 0.5575 -0.7691 0.3125
vn 0.5850 -0.8071 0.0791
vn 0.5850 -0.8071 -0.0791
vn 0.5575 -0.7691 -0.3125
vn 0.4725 -0.6518 -0.5932
vn 0.3409 -0.4703 -0.8140
vn 0.1763 -0.2432 -0.9538
vn 0.0915 -0.1262 -0.9878
vn 0.1330 -0.2695 0.9538
vn 0.0690 -0.1398 0.9878
vn 0.2571 -0.5210 0.8139
vn 0.3562 -0.7220 0.5931
vn 0.4203 -0.8519 0.3124
vn 0.4411 -0.8940 0.0791
vn 0.4411 -0.8940 -0.0791
vn 0.4203 -0.8519 -0.3124
vn 0.3562 -0.7220 -0.5931
vn 0.2571 -0.5210 -0.8139
vn 0.1330 -0.2695 -0.9538
vn 0.0690 -0.1398 -0.9878
vn 0.0874 -0.2880 0.9536
vn 0.0453 -0.1492 0.9878
vn 0.1689 -0.5563 0.8136
vn 0.2340 -0.7706 0.5928
vn 0.2760 -0.9090 0.3122
vn 0.2896 -0.9539 0.0790
vn 0.2896 -0.9539 -0.0790
vn 0.2760 -0.9090 -0.3122
vn 0.2340 -0.7706 -0.5928
vn 0.1689 -0.5563 -0.8136
vn 0.0874 -0.2880 -0.9536
vn 0.0453 -0.1492 -0.9878
vn 0.0425 -0.2986 0.9534
vn 0.0220 -0.1545 0.9878
vn 0.0821 -0.5761 0.8132
vn 0.1136 -0.7977 0.5923
vn 0.1340 -0.9406 0.3119
vn 0.1406 -0.9869 0.0790
vn 0.1406 -0.9869 -0.0790
vn 0.1340 -0.9406 -0.3119
vn 0.1136 -0.7977 -0.5923
vn 0.0821 -0.5761 -0.8132
vn 0.0425 -0.2986 -0.9534
vn 0.0220 -0.1545 -0.9878
vn 0.0043 -0.3038 0.9527
vn 0.0022 -0.1562 0.9877
vn 0.0083 -0.5837 0.8119
vn 0.0115 -0.8067 0.5909
vn 0.0135 -0.9503 0.3110
vn 0.0142 -0.9968 0.0788
vn 0.0142 -0.9968 -0.0788
vn 0.0135 -0.9503 -0.3110
vn 0.0115 -0.8067 -0.5909
vn 0.0083 -0.5837 -0.8119
vn 0.0043 -0.3038 -0.9527
vn 0.0022 -0.1562 -0.9877
vn -0.0248 -0.3040 0.9523
vn -0.0127 -0.1558 0.9877
vn -0.0475 -0.5828 0.8112
vn -0.0656 -0.8047 0.5901
vn -0.0773 -0.9474 0.3105
vn -0.0810 -0.9936 0.0787
vn -0.0810 -0.9936 -0.0787
vn -0.0773 -0.9474 -0.3105
vn -0.0656 -0.8047 -0.5901
vn -0.0475 -0.5828 -0.8112
vn -0.0248 -0.3040 -0.9523
vn -0.0127 -0.1558 -0.9877
vn -0.0507 -0.3006 0.9524
vn -0.0260 -0.1541 0.9877
vn -0.0972 -0.5764 0.8113
vn -0.1342 -0.7960 0.5902
vn -0.1580 -0.9373 0.3106
vn -0.1657 -0.9830 0.0787
vn -0.1657 -0.9830 -0.0787
vn -0.1580 -0.9373 -0.3106
vn -0.1342 -0.7960 -0.5902
vn -0.0972 -0.5764 -0.8113
vn -0.0507 -0.3006 -0.9524
vn -0.0260 -0.1541 -0.9877
vn -0.0769 -0.2949 0.9524
vn -0.0394 -0.1512 0.9877
vn -0.1474 -0.5656 0.8114
vn -0.2036 -0.7811 0.5902
vn -0.2398 -0.9198 0.3106
vn -0.2515 -0.9647 0.0787
vn -0.2515 -0.9647 -0.0787
vn -0.2398 -0.9198 -0.3106
vn -0.2036 -0.7811 -0.5902
vn -0.1474 -0.5656 -0.8114
vn -0.0769 -0.2949 -0.9524
vn -0.0394 -0.1512 -0.9877
vn -0.1022 -0.2873 0.9524
vn -0.0524 -0.1472 0.9877
vn -0.1960 -0.5508 0.8113
vn -0.2706 -0.7606 0.5902
vn -0.3187 -0.8956 0.3105
vn -0.3342 -0.9392 0.0787
vn -0.3342 -0.9392 -0.0787
vn -0.3187 -0.8956 -0.3105
vn -0.2706 -0.7606 -0.5902
vn -0.1960 -0.5508 -0.8113
vn -0.1022 -0.2873 -0.9524
vn -0.0524 -0.1472 -0.9877
vn -0.1257 -0.2781 0.9523
vn -0.0644 -0.1424 0.9877
vn -0.2409 -0.5329 0.8111
vn -0.3326 -0.7357 0.5900
vn -0.3916 -0.8662 0.3104
vn -0.4107 -0.9084 0.0787
vn -0.4107 -0.9084 -0.0787
vn -0.3916 -0.8662 -0.3104
vn -0.3326 -0.7357 -0.5900
vn -0.2409 -0.5329 -0.8111
vn -0.1257 -0.2781 -0.9523
vn -0.0644 -0.1424 -0.9877
vn -0.1467 -0.2681 0.9522
vn -0.0751 -0.1371 0.9877
vn -0.2809 -0.5133 0.8109
vn -0.3877 -0.7084 0.5897
vn -0.4564 -0.8339 0.3103
vn -0.4786 -0.8745 0.0786
vn -0.4786 -0.8745 -0.0786
vn -0.4564 -0.8339 -0.3103
vn -0.3877 -0.7084 -0.5897
vn -0.2809 -0.5133 -0.8109
vn -0.1467 -0.2681 -0.9522
vn -0.0751 -0.1371 -0.9877
vn -0.1648 -0.2578 0.9520
vn -0.0842 -0.1317 0.9877
vn -0.3154 -0.4933 0.8107
vn -0.4351 -0.6806 0.5895
vn -0.5121 -0.8010 0.3101
vn -0.5370 -0.8399 0.0786
vn -0.5370 -0.8399 -0.0786
vn -0.5121 -0.8010 -0.3101
vn -0.4351 -0.6806 -0.5895
vn -0.3154 -0.4933 -0.8107
vn -0.1648 -0.2578 -0.9520
vn -0.0842 -0.1317 -0.9877
vn -0.1801 -0.2479 0.9519
vn -0.0919 -0.1265 0.9877
vn -0.3444 -0.4739 0.8104
vn -0.4749 -0.6536 0.5892
vn -0.5589 -0.7692 0.3099
vn -0.5860 -0.8065 0.0786
vn -0.5860 -0.8065 -0.0786
vn -0.5589 -0.7692 -0.3099
vn -0.4749 -0.6536 -0.5892
vn -0.3444 -0.4739 -0.8104
vn -0.1801 -0.2479 -0.9519
vn -0.0919 -0.1265 -0.9877
vn -0.1928 -0.2387 0.9518
vn -0.0983 -0.1217 0.9877
vn -0.3683 -0.4560 0.8102
vn -0.5077 -0.6287 0.5890
vn -0.5974 -0.7397 0.3098
vn -0.6264 -0.7756 0.0786
vn -0.6264 -0.7756 -0.0786
vn -0.5974 -0.7397 -0.3098
vn -0.5077 -0.6287 -0.5890
vn -0.3683 -0.4560 -0.8102
vn -0.1928 -0.2387 -0.9518
vn -0.0983 -0.1217 -0.9877
vn -0.2031 -0.2305 0.9516
vn -0.1034 -0.1173 0.9877
vn -0.3877 -0.4400 0.8100
vn -0.5344 -0.6064 0.5888
vn -0.6287 -0.7133 0.3096
vn -0.6591 -0.7479 0.0785
vn -0.6591 -0.7479 -0.0786
vn -0.6287 -0.7133 -0.3096
vn -0.5344 -0.6064 -0.5888
vn -0.3877 -0.4400 -0.8100
vn -0.2031 -0.2305 -0.9516
vn -0.1034 -0.1173 -0.9877
vn -0.2115 -0.2233 0.9515
vn -0.1076 -0.1136 0.9877
vn -0.4034 -0.4259 0.8098
vn -0.5559 -0.5869 0.5886
vn -0.6539 -0.6904 0.3095
vn -0.6856 -0.7238 0.0785
vn -0.6856 -0.7238 -0.0785
vn -0.6539 -0.6904 -0.3095
vn -0.5559 -0.5869 -0.5886
vn -0.4034 -0.4259 -0.8098
vn -0.2115 -0.2233 -0.9515
vn -0.1076 -0.1136 -0.9877
vn -0.2363 -0.1136 0.9650
vn -0.1327 -0.0638 0.9891
vn -0.4878 -0.2344 0.8409
vn -0.7016 -0.3371 0.6278
vn -0.8485 -0.4077 0.3373
vn -0.8981 -0.4316 0.0849
vn -0.8981 -0.4316 -0.0849
vn -0.8485 -0.4077 -0.3373
vn -0.7016 -0.3371 -0.6278
vn -0.4878 -0.2344 -0.8409
vn -0.2363 -0.1136 -0.9650
vn -0.1327 -0.0638 -0.9891
vn -0.4962 -0.8512 0.1709
vn -0.6710 -0.7414 0.0001
vn -0.6189 -0.7684 0.1630
vn -0.6790 -0.7212 0.1372
vn -0.7222 -0.6866 0.0837
vn -0.7064 -0.7077 0.0116
vn -0.7064 -0.7077 -0.0116
vn -0.7222 -0.6866 -0.0837
vn -0.6790 -0.7212 -0.1372
vn -0.6189 -0.7684 -0.1630
vn -0.4962 -0.8512 -0.1709
vn -0.6710 -0.7414 -0.0001
vt 0.196429 0.000000
vt 0.232143 0.000000
vt 0.214286 0.000000
vt 0.178571 0.000000
vt 0.250000 0.000000
vt 0.160714 0.000000
vt 0.142857 0.000000
vt 0.267857 0.000000
vt 0.125000 0.000000
vt 0.946429 0.000000
vt 0.982143 0.000000
vt 0.964286 0.000000
vt 1.000000 0.000000
vt 0.285714 0.000000
vt 0.107143 0.000000
vt 0.089286 0.000000
vt 0.303571 0.000000
vt 0.071429 0.000000
vt 0.321429 0.000000
vt 0.053571 0.000000
vt 0.035714 0.000000
vt 0.339286 0.000000
vt 0.017857 0.000000
vt 0.000000 0.000000
vt 0.696429 0.000000
vt 0.357143 0.000000
vt 0.910714 0.000000
vt 0.892857 0.000000
vt 0.875000 0.000000
vt 0.857143 0.000000
vt 0.839286 0.000000
vt 0.821429 0.000000
vt 0.803571 0.000000
vt 0.785714 0.000000
vt 0.767857 0.000000
vt 0.750000 0.000000
vt 0.732143 0.000000
vt 0.714286 0.000000
vt 0.678571 0.000000
vt 0.660714 0.000000
vt 0.642857 0.000000
vt 0.625000 0.000000
vt 0.375000 0.000000
vt 0.607143 0.000000
vt 0.589286 0.000000
vt 0.571429 0.000000
vt 0.392857 0.000000
vt 0.553571 0.000000
vt 0.535714 0.000000
vt 0.410714 0.000000
vt 0.517857 0.000000
vt 0.928571 0.000000
vt 0.500000 0.000000
vt 0.428571 0.000000
vt 0.482143 0.000000
vt 0.464286 0.000000
vt 0.446429 0.000000
vt 0.560694 0.000000
vt 0.572254 0.000000
vt 0.566474 0.000000
vt 0.554913 0.000000
vt 0.578035 0.000000
vt 0.549133 0.000000
vt 0.543353 0.000000
vt 0.583815 0.000000
vt 0.537572 0.000000
vt 0.589595 0.000000
vt 0.531792 0.000000
vt 0.526012 0.000000
vt 0.595376 0.000000
vt 0.520231 0.000000
vt 0.601156 0.000000
vt 0.514451 0.000000
vt 0.508671 0.000000
vt 0.606936 0.000000
vt 0.502890 0.000000
vt 0.612717 0.000000
vt 0.497110 0.000000
vt 0.491329 0.000000
vt 0.485549 0.000000
vt 0.479769 0.000000
vt 0.473988 0.000000
vt 0.468208 0.000000
vt 0.462428 0.000000
vt 0.456647 0.000000
vt 0.450867 0.000000
vt 0.445087 0.000000
vt 0.439306 0.000000
vt 0.433526 0.000000
vt 0.427746 0.000000
vt 0.421965 0.000000
vt 0.618497 0.000000
vt 0.416185 0.000000
vt 0.624277 0.000000
vt 0.410405 0.000000
vt 0.404624 0.000000
vt 0.398844 0.000000
vt 0.393064 0.000000
vt 0.387283 0.000000
vt 0.630058 0.000000
vt 0.381503 0.000000
vt 0.375723 0.000000
vt 0.369942 0.000000
vt 0.635838 0.000000
vt 0.364162 0.000000
vt 0.358382 0.000000
vt 0.641618 0.000000
vt 0.352601 0.000000
vt 0.346821 0.000000
vt 0.341040 0.000000
vt 0.335260 0.000000
vt 0.329480 0.000000
vt 0.323699 0.000000
vt 0.317919 0.000000
vt 0.791907 0.000000
vt 0.994220 0.000000
vt 0.797688 0.000000
vt 0.312139 0.000000
vt 0.803468 0.000000
vt 0.306358 0.000000
vt 0.809249 0.000000
vt 0.300578 0.000000
vt 0.815029 0.000000
vt 0.820809 0.000000
vt 0.294798 0.000000
vt 0.826590 0.000000
vt 0.289017 0.000000
vt 0.832370 0.000000
vt 0.838150 0.000000
vt 0.283237 0.000000
vt 0.843931 0.000000
vt 0.849711 0.000000
vt 0.277457 0.000000
vt 0.855491 0.000000
vt 0.271676 0.000000
vt 0.861272 0.000000
vt 0.867052 0.000000
vt 0.265896 0.000000
vt 0.872832 0.000000
vt 0.878613 0.000000
vt 0.988439 0.000000
vt 0.260116 0.000000
vt 0.982659 0.000000
vt 0.884393 0.000000
vt 0.976879 0.000000
vt 0.774566 0.000000
vt 0.786127 0.000000
vt 0.780347 0.000000
vt 0.647399 0.000000
vt 0.890173 0.000000
vt 0.768786 0.000000
vt 0.971098 0.000000
vt 0.653179 0.000000
vt 0.763006 0.000000
vt 0.254335 0.000000
vt 0.895954 0.000000
vt 0.658960 0.000000
vt 0.965318 0.000000
vt 0.757225 0.000000
vt 0.664740 0.000000
vt 0.959538 0.000000
vt 0.751445 0.000000
vt 0.901734 0.000000
vt 0.670520 0.000000
vt 0.745665 0.000000
vt 0.953757 0.000000
vt 0.676301 0.000000
vt 0.739884 0.000000
vt 0.907514 0.000000
vt 0.682081 0.000000
vt 0.947977 0.000000
vt 0.734104 0.000000
vt 0.687861 0.000000
vt 0.248555 0.000000
vt 0.728324 0.000000
vt 0.913295 0.000000
vt 0.942197 0.000000
vt 0.693642 0.000000
vt 0.722543 0.000000
vt 0.699422 0.000000
vt 0.716763 0.000000
vt 0.936416 0.000000
vt 0.705202 0.000000
vt 0.710983 0.000000
vt 0.919075 0.000000
vt 0.930636 0.000000
vt 0.924855 0.000000
vt 0.132948 0.000000
vt 0.242775 0.000000
vt 0.138728 0.000000
vt 0.127168 0.000000
vt 0.236994 0.000000
vt 0.144509 0.000000
vt 0.121387 0.000000
vt 0.231214 0.000000
vt 0.150289 0.000000
vt 0.115607 0.000000
vt 0.005780 0.000000
vt 0.156069 0.000000
vt 0.109827 0.000000
vt 0.225434 0.000000
vt 0.011561 0.000000
vt 0.161850 0.000000
vt 0.104046 0.000000
vt 0.017341 0.000000
vt 0.219653 0.000000
vt 0.167630 0.000000
vt 0.098266 0.000000
vt 0.023121 0.000000
vt 0.173410 0.000000
vt 0.092486 0.000000
vt 0.028902 0.000000
vt 0.213873 0.000000
vt 0.179191 0.000000
vt 0.086705 0.000000
vt 0.034682 0.000000
vt 0.184971 0.000000
vt 0.040462 0.000000
vt 0.080925 0.000000
vt 0.208092 0.000000
vt 0.046243 0.000000
vt 0.190751 0.000000
vt 0.075145 0.000000
vt 0.052023 0.000000
vt 0.196532 0.000000
vt 0.069364 0.000000
vt 0.202312 0.000000
vt 0.057803 0.000000
vt 0.063584 0.000000
vt 0.941176 0.000000
vt 0.980392 0.000000
vt 0.960784 0.000000
vt 0.431373 0.000000
vt 0.470588 0.000000
vt 0.450980 0.000000
vt 0.411765 0.000000
vt 0.490196 0.000000
vt 0.392157 0.000000
vt 0.509804 0.000000
vt 0.372549 0.000000
vt 0.529412 0.000000
vt 0.352941 0.000000
vt 0.549020 0.000000
vt 0.333333 0.000000
vt 0.568627 0.000000
vt 0.313726 0.000000
vt 0.588235 0.000000
vt 0.294118 0.000000
vt 0.607843 0.000000
vt 0.274510 0.000000
vt 0.627451 0.000000
vt 0.254902 0.000000
vt 0.647059 0.000000
vt 0.235294 0.000000
vt 0.666667 0.000000
vt 0.215686 0.000000
vt 0.686275 0.000000
vt 0.196078 0.000000
vt 0.705882 0.000000
vt 0.725490 0.000000
vt 0.176471 0.000000
vt 0.745098 0.000000
vt 0.156863 0.000000
vt 0.764706 0.000000
vt 0.137255 0.000000
vt 0.784314 0.000000
vt 0.117647 0.000000
vt 0.803922 0.000000
vt 0.098039 0.000000
vt 0.823529 0.000000
vt 0.078431 0.000000
vt 0.843137 0.000000
vt 0.058824 0.000000
vt 0.862745 0.000000
vt 0.039216 0.000000
vt 0.882353 0.000000
vt 0.019608 0.000000
vt 0.901961 0.000000
vt 0.921569 0.000000
vt 0.583333 0.000000
vt 0.916667 0.000000
vt 0.833333 0.000000
vt 0.083333 0.000000
vt 0.166667 0.000000
vt 0.416667 0.000000
vt 0.357895 0.000000
vt 0.378947 0.000000
vt 0.368421 0.000000
vt 0.389474 0.000000
vt 0.347368 0.000000
vt 0.400000 0.000000
vt 0.336842 0.000000
vt 0.410526 0.000000
vt 0.326316 0.000000
vt 0.421053 0.000000
vt 0.315789 0.000000
vt 0.431579 0.000000
vt 0.305263 0.000000
vt 0.442105 0.000000
vt 0.294737 0.000000
vt 0.873684 0.000000
vt 0.884211 0.000000
vt 0.863158 0.000000
vt 0.894737 0.000000
vt 0.852632 0.000000
vt 0.905263 0.000000
vt 0.842105 0.000000
vt 0.452632 0.000000
vt 0.284211 0.000000
vt 0.915789 0.000000
vt 0.831579 0.000000
vt 0.926316 0.000000
vt 0.821053 0.000000
vt 0.936842 0.000000
vt 0.810526 0.000000
vt 0.463158 0.000000
vt 0.273684 0.000000
vt 0.947368 0.000000
vt 0.800000 0.000000
vt 0.957895 0.000000
vt 0.789474 0.000000
vt 0.473684 0.000000
vt 0.263158 0.000000
vt 0.968421 0.000000
vt 0.778947 0.000000
vt 0.484211 0.000000
vt 0.252632 0.000000
vt 0.978947 0.000000
vt 0.768421 0.000000
vt 0.989474 0.000000
vt 0.757895 0.000000
vt 0.494737 0.000000
vt 0.242105 0.000000
vt 0.747368 0.000000
vt 0.231579 0.000000
vt 0.505263 0.000000
vt 0.736842 0.000000
vt 0.515789 0.000000
vt 0.726316 0.000000
vt 0.221053 0.000000
vt 0.010526 0.000000
vt 0.526316 0.000000
vt 0.715789 0.000000
vt 0.536842 0.000000
vt 0.210526 0.000000
vt 0.705263 0.000000
vt 0.021053 0.000000
vt 0.547368 0.000000
vt 0.694737 0.000000
vt 0.200000 0.000000
vt 0.031579 0.000000
vt 0.557895 0.000000
vt 0.684211 0.000000
vt 0.568421 0.000000
vt 0.673684 0.000000
vt 0.189474 0.000000
vt 0.042105 0.000000
vt 0.578947 0.000000
vt 0.663158 0.000000
vt 0.589474 0.000000
vt 0.652632 0.000000
vt 0.600000 0.000000
vt 0.642105 0.000000
vt 0.178947 0.000000
vt 0.052632 0.000000
vt 0.610526 0.000000
vt 0.631579 0.000000
vt 0.621053 0.000000
vt 0.168421 0.000000
vt 0.063158 0.000000
vt 0.157895 0.000000
vt 0.073684 0.000000
vt 0.147368 0.000000
vt 0.084211 0.000000
vt 0.136842 0.000000
vt 0.094737 0.000000
vt 0.126316 0.000000
vt 0.105263 0.000000
vt 0.115789 0.000000
vt 0.000000 0.090909
vt 0.111111 0.090909
vt 0.111111 0.000000
vt 0.000000 0.181818
vt 0.111111 0.181818
vt 0.000000 0.272727
vt 0.111111 0.272727
vt 0.000000 0.363636
vt 0.111111 0.363636
vt 0.000000 0.454545
vt 0.111111 0.454545
vt 0.000000 0.545455
vt 0.111111 0.545455
vt 0.000000 0.636364
vt 0.111111 0.636364
vt 0.000000 0.727273
vt 0.111111 0.727273
vt 0.000000 0.818182
vt 0.111111 0.818182
vt 0.000000 0.909091
vt 0.111111 0.909091
vt 0.000000 1.000000
vt 0.111111 1.000000
vt 0.222222 0.090909
vt 0.222222 0.000000
vt 0.222222 0.181818
vt 0.222222 0.272727
vt 0.222222 0.363636
vt 0.222222 0.454545
vt 0.222222 0.545455
vt 0.222222 0.636364
vt 0.222222 0.727273
vt 0.222222 0.818182
vt 0.222222 0.909091
vt 0.222222 1.000000
vt 0.333333 0.090909
vt 0.333333 0.181818
vt 0.333333 0.272727
vt 0.333333 0.363636
vt 0.333333 0.454545
vt 0.333333 0.545455
vt 0.333333 0.636364
vt 0.333333 0.727273
vt 0.333333 0.818182
vt 0.333333 0.909091
vt 0.333333 1.000000
vt 0.444444 0.090909
vt 0.444444 0.000000
vt 0.444444 0.181818
vt 0.444444 0.272727
vt 0.444444 0.363636
vt 0.444444 0.454545
vt 0.444444 0.545455
vt 0.444444 0.636364
vt 0.444444 0.727273
vt 0.444444 0.818182
vt 0.444444 0.909091
vt 0.444444 1.000000
vt 0.555556 0.090909
vt 0.555556 0.000000
vt 0.555556 0.181818
vt 0.555556 0.272727
vt 0.555556 0.363636
vt 0.555556 0.454545
vt 0.555556 0.545455
vt 0.555556 0.636364
vt 0.555556 0.727273
vt 0.555556 0.818182
vt 0.555556 0.909091
vt 0.555556 1.000000
vt 0.666667 0.090909
vt 0.666667 0.181818
vt 0.666667 0.272727
vt 0.666667 0.363636
vt 0.666667 0.454545
vt 0.666667 0.545455
vt 0.666667 0.636364
vt 0.666667 0.727273
vt 0.666667 0.818182
vt 0.666667 0.909091
vt 0.666667 1.000000
vt 0.777778 0.090909
vt 0.777778 0.000000
vt 0.777778 0.181818
vt 0.777778 0.272727
vt 0.777778 0.363636
vt 0.777778 0.454545
vt 0.777778 0.545455
vt 0.777778 0.636364
vt 0.777778 0.727273
vt 0.777778 0.818182
vt 0.777778 0.909091
vt 0.777778 1.000000
vt 0.888889 0.090909
vt 0.888889 0.000000
vt 0.888889 0.181818
vt 0.888889 0.272727
vt 0.888889 0.363636
vt 0.888889 0.454545
vt 0.888889 0.545455
vt 0.888889 0.636364
vt 0.888889 0.727273
vt 0.888889 0.818182
vt 0.888889 0.909091
vt 0.888889 1.000000
vt 1.000000 0.090909
vt 1.000000 0.181818
vt 1.000000 0.272727
vt 1.000000 0.363636
vt 1.000000 0.454545
vt 1.000000 0.545455
vt 1.000000 0.636364
vt 1.000000 0.727273
vt 1.000000 0.818182
vt 1.000000 0.909091
vt 1.000000 1.000000
vt 0.020833 0.090909
vt 0.020833 0.000000
vt 0.020833 0.181818
vt 0.020833 0.272727
vt 0.020833 0.363636
vt 0.020833 0.454545
vt 0.020833 0.545455
vt 0.020833 0.636364
vt 0.020833 0.727273
vt 0.020833 0.818182
vt 0.020833 0.909091
vt 0.020833 1.000000
vt 0.041667 0.090909
vt 0.041667 0.000000
vt 0.041667 0.181818
vt 0.041667 0.272727
vt 0.041667 0.363636
vt 0.041667 0.454545
vt 0.041667 0.545455
vt 0.041667 0.636364
vt 0.041667 0.727273
vt 0.041667 0.818182
vt 0.041667 0.909091
vt 0.041667 1.000000
vt 0.062500 0.090909
vt 0.062500 0.000000
vt 0.062500 0.181818
vt 0.062500 0.272727
vt 0.062500 0.363636
vt 0.062500 0.454545
vt 0.062500 0.545455
vt 0.062500 0.636364
vt 0.062500 0.727273
vt 0.062500 0.818182
vt 0.062500 0.909091
vt 0.062500 1.000000
vt 0.083333 0.090909
vt 0.083333 0.181818
vt 0.083333 0.272727
vt 0.083333 0.363636
vt 0.083333 0.454545
vt 0.083333 0.545455
vt 0.083333 0.636364
vt 0.083333 0.727273
vt 0.083333 0.818182
vt 0.083333 0.909091
vt 0.083333 1.000000
vt 0.104167 0.090909
vt 0.104167 0.000000
vt 0.104167 0.181818
vt 0.104167 0.272727
vt 0.104167 0.363636
vt 0.104167 0.454545
vt 0.104167 0.545455
vt 0.104167 0.636364
vt 0.104167 0.727273
vt 0.104167 0.818182
vt 0.104167 0.909091
vt 0.104167 1.000000
vt 0.125000 0.090909
vt 0.125000 0.181818
vt 0.125000 0.272727
vt 0.125000 0.363636
vt 0.125000 0.454545
vt 0.125000 0.545455
vt 0.125000 0.636364
vt 0.125000 0.727273
vt 0.125000 0.818182
vt 0.125000 0.909091
vt 0.125000 1.000000
vt 0.145833 0.090909
vt 0.145833 0.000000
vt 0.145833 0.181818
vt 0.145833 0.272727
vt 0.145833 0.363636
vt 0.145833 0.454545
vt 0.145833 0.545455
vt 0.145833 0.636364
vt 0.145833 0.727273
vt 0.145833 0.818182
vt 0.145833 0.909091
vt 0.145833 1.000000
vt 0.166667 0.090909
vt 0.166667 0.181818
vt 0.166667 0.272727
vt 0.166667 0.363636
vt 0.166667 0.454545
vt 0.166667 0.545455
vt 0.166667 0.636364
vt 0.166667 0.727273
vt 0.166667 0.818182
vt 0.166667 0.909091
vt 0.166667 1.000000
vt 0.187500 0.090909
vt 0.187500 0.000000
vt 0.187500 0.181818
vt 0.187500 0.272727
vt 0.187500 0.363636
vt 0.187500 0.454545
vt 0.187500 0.545455
vt 0.187500 0.636364
vt 0.187500 0.727273
vt 0.187500 0.818182
vt 0.187500 0.909091
vt 0.187500 1.000000
vt 0.208333 0.090909
vt 0.208333 0.000000
vt 0.208333 0.181818
vt 0.208333 0.272727
vt 0.208333 0.363636
vt 0.208333 0.454545
vt 0.208333 0.545455
vt 0.208333 0.636364
vt 0.208333 0.727273
vt 0.208333 0.818182
vt 0.208333 0.909091
vt 0.208333 1.000000
vt 0.229167 0.090909
vt 0.229167 0.000000
vt 0.229167 0.181818
vt 0.229167 0.272727
vt 0.229167 0.363636
vt 0.229167 0.454545
vt 0.229167 0.545455
vt 0.229167 0.636364
vt 0.229167 0.727273
vt 0.229167 0.818182
vt 0.229167 0.909091
vt 0.229167 1.000000
vt 0.250000 0.090909
vt 0.250000 0.181818
vt 0.250000 0.272727
vt 0.250000 0.363636
vt 0.250000 0.454545
vt 0.250000 0.545455
vt 0.250000 0.636364
vt 0.250000 0.727273
vt 0.250000 0.818182
vt 0.250000 0.909091
vt 0.250000 1.000000
vt 0.270833 0.090909
vt 0.270833 0.000000
vt 0.270833 0.181818
vt 0.270833 0.272727
vt 0.270833 0.363636
vt 0.270833 0.454545
vt 0.270833 0.545455
vt 0.270833 0.636364
vt 0.270833 0.727273
vt 0.270833 0.818182
vt 0.270833 0.909091
vt 0.270833 1.000000
vt 0.291667 0.090909
vt 0.291667 0.000000
vt 0.291667 0.181818
vt 0.291667 0.272727
vt 0.291667 0.363636
vt 0.291667 0.454545
vt 0.291667 0.545455
vt 0.291667 0.636364
vt 0.291667 0.727273
vt 0.291667 0.818182
vt 0.291667 0.909091
vt 0.291667 1.000000
vt 0.312500 0.090909
vt 0.312500 0.000000
vt 0.312500 0.181818
vt 0.312500 0.272727
vt 0.312500 0.363636
vt 0.312500 0.454545
vt 0.312500 0.545455
vt 0.312500 0.636364
vt 0.312500 0.727273
vt 0.312500 0.818182
vt 0.312500 0.909091
vt 0.312500 1.000000
vt 0.354167 0.090909
vt 0.354167 0.000000
vt 0.354167 0.181818
vt 0.354167 0.272727
vt 0.354167 0.363636
vt 0.354167 0.454545
vt 0.354167 0.545455
vt 0.354167 0.636364
vt 0.354167 0.727273
vt 0.354167 0.818182
vt 0.354167 0.909091
vt 0.354167 1.000000
vt 0.375000 0.090909
vt 0.375000 0.181818
vt 0.375000 0.272727
vt 0.375000 0.363636
vt 0.375000 0.454545
vt 0.375000 0.545455
vt 0.375000 0.636364
vt 0.375000 0.727273
vt 0.375000 0.818182
vt 0.375000 0.909091
vt 0.375000 1.000000
vt 0.395833 0.090909
vt 0.395833 0.000000
vt 0.395833 0.181818
vt 0.395833 0.272727
vt 0.395833 0.363636
vt 0.395833 0.454545
vt 0.395833 0.545455
vt 0.395833 0.636364
vt 0.395833 0.727273
vt 0.395833 0.818182
vt 0.395833 0.909091
vt 0.395833 1.000000
vt 0.416667 0.090909
vt 0.416667 0.181818
vt 0.416667 0.272727
vt 0.416667 0.363636
vt 0.416667 0.454545
vt 0.416667 0.545455
vt 0.416667 0.636364
vt 0.416667 0.727273
vt 0.416667 0.818182
vt 0.416667 0.909091
vt 0.416667 1.000000
vt 0.437500 0.090909
vt 0.437500 0.000000
vt 0.437500 0.181818
vt 0.437500 0.272727
vt 0.437500 0.363636
vt 0.437500 0.454545
vt 0.437500 0.545455
vt 0.437500 0.636364
vt 0.437500 0.727273
vt 0.437500 0.818182
vt 0.437500 0.909091
vt 0.437500 1.000000
vt 0.458333 0.090909
vt 0.458333 0.000000
vt 0.458333 0.181818
vt 0.458333 0.272727
vt 0.458333 0.363636
vt 0.458333 0.454545
vt 0.458333 0.545455
vt 0.458333 0.636364
vt 0.458333 0.727273
vt 0.458333 0.818182
vt 0.458333 0.909091
vt 0.458333 1.000000
vt 0.479167 0.090909
vt 0.479167 0.000000
vt 0.479167 0.181818
vt 0.479167 0.272727
vt 0.479167 0.363636
vt 0.479167 0.454545
vt 0.479167 0.545455
vt 0.479167 0.636364
vt 0.479167 0.727273
vt 0.479167 0.818182
vt 0.479167 0.909091
vt 0.479167 1.000000
vt 0.500000 0.090909
vt 0.500000 0.181818
vt 0.500000 0.272727
vt 0.500000 0.363636
vt 0.500000 0.454545
vt 0.500000 0.545455
vt 0.500000 0.636364
vt 0.500000 0.727273
vt 0.500000 0.818182
vt 0.500000 0.909091
vt 0.500000 1.000000
vt 0.520833 0.090909
vt 0.520833 0.000000
vt 0.520833 0.181818
vt 0.520833 0.272727
vt 0.520833 0.363636
vt 0.520833 0.454545
vt 0.520833 0.545455
vt 0.520833 0.636364
vt 0.520833 0.727273
vt 0.520833 0.818182
vt 0.520833 0.909091
vt 0.520833 1.000000
vt 0.541667 0.090909
vt 0.541667 0.000000
vt 0.541667 0.181818
vt 0.541667 0.272727
vt 0.541667 0.363636
vt 0.541667 0.454545
vt 0.541667 0.545455
vt 0.541667 0.636364
vt 0.541667 0.727273
vt 0.541667 0.818182
vt 0.541667 0.909091
vt 0.541667 1.000000
vt 0.562500 0.090909
vt 0.562500 0.000000
vt 0.562500 0.181818
vt 0.562500 0.272727
vt 0.562500 0.363636
vt 0.562500 0.454545
vt 0.562500 0.545455
vt 0.562500 0.636364
vt 0.562500 0.727273
vt 0.562500 0.818182
vt 0.562500 0.909091
vt 0.562500 1.000000
vt 0.583333 0.090909
vt 0.583333 0.181818
vt 0.583333 0.272727
vt 0.583333 0.363636
vt 0.583333 0.454545
vt 0.583333 0.545455
vt 0.583333 0.636364
vt 0.583333 0.727273
vt 0.583333 0.818182
vt 0.583333 0.909091
vt 0.583333 1.000000
vt 0.604167 0.090909
vt 0.604167 0.000000
vt 0.604167 0.181818
vt 0.604167 0.272727
vt 0.604167 0.363636
vt 0.604167 0.454545
vt 0.604167 0.545455
vt 0.604167 0.636364
vt 0.604167 0.727273
vt 0.604167 0.818182
vt 0.604167 0.909091
vt 0.604167 1.000000
vt 0.625000 0.090909
vt 0.625000 0.181818
vt 0.625000 0.272727
vt 0.625000 0.363636
vt 0.625000 0.454545
vt 0.625000 0.545455
vt 0.625000 0.636364
vt 0.625000 0.727273
vt 0.625000 0.818182
vt 0.625000 0.909091
vt 0.625000 1.000000
vt 0.645833 0.090909
vt 0.645833 0.000000
vt 0.645833 0.181818
vt 0.645833 0.272727
vt 0.645833 0.363636
vt 0.645833 0.454545
vt 0.645833 0.545455
vt 0.645833 0.636364
vt 0.645833 0.727273
vt 0.645833 0.818182
vt 0.645833 0.909091
vt 0.645833 1.000000
vt 0.687500 0.090909
vt 0.687500 0.000000
vt 0.687500 0.181818
vt 0.687500 0.272727
vt 0.687500 0.363636
vt 0.687500 0.454545
vt 0.687500 0.545455
vt 0.687500 0.636364
vt 0.687500 0.727273
vt 0.687500 0.818182
vt 0.687500 0.909091
vt 0.687500 1.000000
vt 0.708333 0.090909
vt 0.708333 0.000000
vt 0.708333 0.181818
vt 0.708333 0.272727
vt 0.708333 0.363636
vt 0.708333 0.454545
vt 0.708333 0.545455
vt 0.708333 0.636364
vt 0.708333 0.727273
vt 0.708333 0.818182
vt 0.708333 0.909091
vt 0.708333 1.000000
vt 0.729167 0.090909
vt 0.729167 0.000000
vt 0.729167 0.181818
vt 0.729167 0.272727
vt 0.729167 0.363636
vt 0.729167 0.454545
vt 0.729167 0.545455
vt 0.729167 0.636364
vt 0.729167 0.727273
vt 0.729167 0.818182
vt 0.729167 0.909091
vt 0.729167 1.000000
vt 0.750000 0.090909
vt 0.750000 0.181818
vt 0.750000 0.272727
vt 0.750000 0.363636
vt 0.750000 0.454545
vt 0.750000 0.545455
vt 0.750000 0.636364
vt 0.750000 0.727273
vt 0.750000 0.818182
vt 0.750000 0.909091
vt 0.750000 1.000000
vt 0.770833 0.090909
vt 0.770833 0.000000
vt 0.770833 0.181818
vt 0.770833 0.272727
vt 0.770833 0.363636
vt 0.770833 0.454545
vt 0.770833 0.545455
vt 0.770833 0.636364
vt 0.770833 0.727273
vt 0.770833 0.818182
vt 0.770833 0.909091
vt 0.770833 1.000000
vt 0.791667 0.090909
vt 0.791667 0.000000
vt 0.791667 0.181818
vt 0.791667 0.272727
vt 0.791667 0.363636
vt 0.791667 0.454545
vt 0.791667 0.545455
vt 0.791667 0.636364
vt 0.791667 0.727273
vt 0.791667 0.818182
vt 0.791667 0.909091
vt 0.791667 1.000000
vt 0.812500 0.090909
vt 0.812500 0.000000
vt 0.812500 0.181818
vt 0.812500 0.272727
vt 0.812500 0.363636
vt 0.812500 0.454545
vt 0.812500 0.545455
vt 0.812500 0.636364
vt 0.812500 0.727273
vt 0.812500 0.818182
vt 0.812500 0.909091
vt 0.812500 1.000000
vt 0.833333 0.090909
vt 0.833333 0.181818
vt 0.833333 0.272727
vt 0.833333 0.363636
vt 0.833333 0.454545
vt 0.833333 0.545455
vt 0.833333 0.636364
vt 0.833333 0.727273
vt 0.833333 0.818182
vt 0.833333 0.909091
vt 0.833333 1.000000
vt 0.854167 0.090909
vt 0.854167 0.000000
vt 0.854167 0.181818
vt 0.854167 0.272727
vt 0.854167 0.363636
vt 0.854167 0.454545
vt 0.854167 0.545455
vt 0.854167 0.636364
vt 0.854167 0.727273
vt 0.854167 0.818182
vt 0.854167 0.909091
vt 0.854167 1.000000
vt 0.875000 0.090909
vt 0.875000 0.181818
vt 0.875000 0.272727
vt 0.875000 0.363636
vt 0.875000 0.454545
vt 0.875000 0.545455
vt 0.875000 0.636364
vt 0.875000 0.727273
vt 0.875000 0.818182
vt 0.875000 0.909091
vt 0.875000 1.000000
vt 0.895833 0.090909
vt 0.895833 0.000000
vt 0.895833 0.181818
vt 0.895833 0.272727
vt 0.895833 0.363636
vt 0.895833 0.454545
vt 0.895833 0.545455
vt 0.895833 0.636364
vt 0.895833 0.727273
vt 0.895833 0.818182
vt 0.895833 0.909091
vt 0.895833 1.000000
vt 0.916667 0.090909
vt 0.916667 0.181818
vt 0.916667 0.272727
vt 0.916667 0.363636
vt 0.916667 0.454545
vt 0.916667 0.545455
vt 0.916667 0.636364
vt 0.916667 0.727273
vt 0.916667 0.818182
vt 0.916667 0.909091
vt 0.916667 1.000000
vt 0.937500 0.090909
vt 0.937500 0.000000
vt 0.937500 0.181818
vt 0.937500 0.272727
vt 0.937500 0.363636
vt 0.937500 0.454545
vt 0.937500 0.545455
vt 0.937500 0.636364
vt 0.937500 0.727273
vt 0.937500 0.818182
vt 0.937500 0.909091
vt 0.937500 1.000000
vt 0.958333 0.090909
vt 0.958333 0.000000
vt 0.958333 0.181818
vt 0.958333 0.272727
vt 0.958333 0.363636
vt 0.958333 0.454545
vt 0.958333 0.545455
vt 0.958333 0.636364
vt 0.958333 0.727273
vt 0.958333 0.818182
vt 0.958333 0.909091
vt 0.958333 1.000000
vt 0.979167 0.090909
vt 0.979167 0.000000
vt 0.979167 0.181818
vt 0.979167 0.272727
vt 0.979167 0.363636
vt 0.979167 0.454545
vt 0.979167 0.545455
vt 0.979167 0.636364
vt 0.979167 0.727273
vt 0.979167 0.818182
vt 0.979167 0.909091
vt 0.979167 1.000000
vt 0.076923 0.090909
vt 0.076923 0.000000
vt 0.076923 0.181818
vt 0.076923 0.272727
vt 0.076923 0.363636
vt 0.076923 0.454545
vt 0.076923 0.545455
vt 0.076923 0.636364
vt 0.076923 0.727273
vt 0.076923 0.818182
vt 0.076923 0.909091
vt 0.076923 1.000000
vt 0.153846 0.090909
vt 0.153846 0.000000
vt 0.153846 0.181818
vt 0.153846 0.272727
vt 0.153846 0.363636
vt 0.153846 0.454545
vt 0.153846 0.545455
vt 0.153846 0.636364
vt 0.153846 0.727273
vt 0.153846 0.818182
vt 0.153846 0.909091
vt 0.153846 1.000000
vt 0.230769 0.090909
vt 0.230769 0.000000
vt 0.230769 0.181818
vt 0.230769 0.272727
vt 0.230769 0.363636
vt 0.230769 0.454545
vt 0.230769 0.545455
vt 0.230769 0.636364
vt 0.230769 0.727273
vt 0.230769 0.818182
vt 0.230769 0.909091
vt 0.230769 1.000000
vt 0.307692 0.090909
vt 0.307692 0.000000
vt 0.307692 0.181818
vt 0.307692 0.272727
vt 0.307692 0.363636
vt 0.307692 0.454545
vt 0.307692 0.545455
vt 0.307692 0.636364
vt 0.307692 0.727273
vt 0.307692 0.818182
vt 0.307692 0.909091
vt 0.307692 1.000000
vt 0.384615 0.090909
vt 0.384615 0.000000
vt 0.384615 0.181818
vt 0.384615 0.272727
vt 0.384615 0.363636
vt 0.384615 0.454545
vt 0.384615 0.545455
vt 0.384615 0.636364
vt 0.384615 0.727273
vt 0.384615 0.818182
vt 0.384615 0.909091
vt 0.384615 1.000000
vt 0.461538 0.090909
vt 0.461538 0.000000
vt 0.461538 0.181818
vt 0.461538 0.272727
vt 0.461538 0.363636
vt 0.461538 0.454545
vt 0.461538 0.545455
vt 0.461538 0.636364
vt 0.461538 0.727273
vt 0.461538 0.818182
vt 0.461538 0.909091
vt 0.461538 1.000000
vt 0.538462 0.090909
vt 0.538462 0.000000
vt 0.538462 0.181818
vt 0.538462 0.272727
vt 0.538462 0.363636
vt 0.538462 0.454545
vt 0.538462 0.545455
vt 0.538462 0.636364
vt 0.538462 0.727273
vt 0.538462 0.818182
vt 0.538462 0.909091
vt 0.538462 1.000000
vt 0.615385 0.090909
vt 0.615385 0.000000
vt 0.615385 0.181818
vt 0.615385 0.272727
vt 0.615385 0.363636
vt 0.615385 0.454545
vt 0.615385 0.545455
vt 0.615385 0.636364
vt 0.615385 0.727273
vt 0.615385 0.818182
vt 0.615385 0.909091
vt 0.615385 1.000000
vt 0.692308 0.090909
vt 0.692308 0.000000
vt 0.692308 0.181818
vt 0.692308 0.272727
vt 0.692308 0.363636
vt 0.692308 0.454545
vt 0.692308 0.545455
vt 0.692308 0.636364
vt 0.692308 0.727273
vt 0.692308 0.818182
vt 0.692308 0.909091
vt 0.692308 1.000000
vt 0.769231 0.090909
vt 0.769231 0.000000
vt 0.769231 0.181818
vt 0.769231 0.272727
vt 0.769231 0.363636
vt 0.769231 0.454545
vt 0.769231 0.545455
vt 0.769231 0.636364
vt 0.769231 0.727273
vt 0.769231 0.818182
vt 0.769231 0.909091
vt 0.769231 1.000000
vt 0.846154 0.090909
vt 0.846154 0.000000
vt 0.846154 0.181818
vt 0.846154 0.272727
vt 0.846154 0.363636
vt 0.846154 0.454545
vt 0.846154 0.545455
vt 0.846154 0.636364
vt 0.846154 0.727273
vt 0.846154 0.818182
vt 0.846154 0.909091
vt 0.846154 1.000000
vt 0.923077 0.090909
vt 0.923077 0.000000
vt 0.923077 0.181818
vt 0.923077 0.272727
vt 0.923077 0.363636
vt 0.923077 0.454545
vt 0.923077 0.545455
vt 0.923077 0.636364
vt 0.923077 0.727273
vt 0.923077 0.818182
vt 0.923077 0.909091
vt 0.923077 1.000000
vt 0.007299 0.090909
vt 0.007299 0.000000
vt 0.007299 0.181818
vt 0.007299 0.272727
vt 0.007299 0.363636
vt 0.007299 0.454545
vt 0.007299 0.545455
vt 0.007299 0.636364
vt 0.007299 0.727273
vt 0.007299 0.818182
vt 0.007299 0.909091
vt 0.007299 1.000000
vt 0.014599 0.090909
vt 0.014599 0.000000
vt 0.014599 0.181818
vt 0.014599 0.272727
vt 0.014599 0.363636
vt 0.014599 0.454545
vt 0.014599 0.545455
vt 0.014599 0.636364
vt 0.014599 0.727273
vt 0.014599 0.818182
vt 0.014599 0.909091
vt 0.014599 1.000000
vt 0.021898 0.090909
vt 0.021898 0.000000
vt 0.021898 0.181818
vt 0.021898 0.272727
vt 0.021898 0.363636
vt 0.021898 0.454545
vt 0.021898 0.545455
vt 0.021898 0.636364
vt 0.021898 0.727273
vt 0.021898 0.818182
vt 0.021898 0.909091
vt 0.021898 1.000000
vt 0.029197 0.090909
vt 0.029197 0.000000
vt 0.029197 0.181818
vt 0.029197 0.272727
vt 0.029197 0.363636
vt 0.029197 0.454545
vt 0.029197 0.545455
vt 0.029197 0.636364
vt 0.029197 0.727273
vt 0.029197 0.818182
vt 0.029197 0.909091
vt 0.029197 1.000000
vt 0.036496 0.090909
vt 0.036496 0.000000
vt 0.036496 0.181818
vt 0.036496 0.272727
vt 0.036496 0.363636
vt 0.036496 0.454545
vt 0.036496 0.545455
vt 0.036496 0.636364
vt 0.036496 0.727273
vt 0.036496 0.818182
vt 0.036496 0.909091
vt 0.036496 1.000000
vt 0.043796 0.090909
vt 0.043796 0.000000
vt 0.043796 0.181818
vt 0.043796 0.272727
vt 0.043796 0.363636
vt 0.043796 0.454545
vt 0.043796 0.545455
vt 0.043796 0.636364
vt 0.043796 0.727273
vt 0.043796 0.818182
vt 0.043796 0.909091
vt 0.043796 1.000000
vt 0.051095 0.090909
vt 0.051095 0.000000
vt 0.051095 0.181818
vt 0.051095 0.272727
vt 0.051095 0.363636
vt 0.051095 0.454545
vt 0.051095 0.545455
vt 0.051095 0.636364
vt 0.051095 0.727273
vt 0.051095 0.818182
vt 0.051095 0.909091
vt 0.051095 1.000000
vt 0.058394 0.090909
vt 0.058394 0.000000
vt 0.058394 0.181818
vt 0.058394 0.272727
vt 0.058394 0.363636
vt 0.058394 0.454545
vt 0.058394 0.545455
vt 0.058394 0.636364
vt 0.058394 0.727273
vt 0.058394 0.818182
vt 0.058394 0.909091
vt 0.058394 1.000000
vt 0.065693 0.090909
vt 0.065693 0.000000
vt 0.065693 0.181818
vt 0.065693 0.272727
vt 0.065693 0.363636
vt 0.065693 0.454545
vt 0.065693 0.545455
vt 0.065693 0.636364
vt 0.065693 0.727273
vt 0.065693 0.818182
vt 0.065693 0.909091
vt 0.065693 1.000000
vt 0.072993 0.090909
vt 0.072993 0.000000
vt 0.072993 0.181818
vt 0.072993 0.272727
vt 0.072993 0.363636
vt 0.072993 0.454545
vt 0.072993 0.545455
vt 0.072993 0.636364
vt 0.072993 0.727273
vt 0.072993 0.818182
vt 0.072993 0.909091
vt 0.072993 1.000000
vt 0.080292 0.090909
vt 0.080292 0.000000
vt 0.080292 0.181818
vt 0.080292 0.272727
vt 0.080292 0.363636
vt 0.080292 0.454545
vt 0.080292 0.545455
vt 0.080292 0.636364
vt 0.080292 0.727273
vt 0.080292 0.818182
vt 0.080292 0.909091
vt 0.080292 1.000000
vt 0.087591 0.090909
vt 0.087591 0.000000
vt 0.087591 0.181818
vt 0.087591 0.272727
vt 0.087591 0.363636
vt 0.087591 0.454545
vt 0.087591 0.545455
vt 0.087591 0.636364
vt 0.087591 0.727273
vt 0.087591 0.818182
vt 0.087591 0.909091
vt 0.087591 1.000000
vt 0.094891 0.090909
vt 0.094891 0.000000
vt 0.094891 0.181818
vt 0.094891 0.272727
vt 0.094891 0.363636
vt 0.094891 0.454545
vt 0.094891 0.545455
vt 0.094891 0.636364
vt 0.094891 0.727273
vt 0.094891 0.818182
vt 0.094891 0.909091
vt 0.094891 1.000000
vt 0.102190 0.090909
vt 0.102190 0.000000
vt 0.102190 0.181818
vt 0.102190 0.272727
vt 0.102190 0.363636
vt 0.102190 0.454545
vt 0.102190 0.545455
vt 0.102190 0.636364
vt 0.102190 0.727273
vt 0.102190 0.818182
vt 0.102190 0.909091
vt 0.102190 1.000000
vt 0.109489 0.090909
vt 0.109489 0.000000
vt 0.109489 0.181818
vt 0.109489 0.272727
vt 0.109489 0.363636
vt 0.109489 0.454545
vt 0.109489 0.545455
vt 0.109489 0.636364
vt 0.109489 0.727273
vt 0.109489 0.818182
vt 0.109489 0.909091
vt 0.109489 1.000000
vt 0.116788 0.090909
vt 0.116788 0.000000
vt 0.116788 0.181818
vt 0.116788 0.272727
vt 0.116788 0.363636
vt 0.116788 0.454545
vt 0.116788 0.545455
vt 0.116788 0.636364
vt 0.116788 0.727273
vt 0.116788 0.818182
vt 0.116788 0.909091
vt 0.116788 1.000000
vt 0.124088 0.090909
vt 0.124088 0.000000
vt 0.124088 0.181818
vt 0.124088 0.272727
vt 0.124088 0.363636
vt 0.124088 0.454545
vt 0.124088 0.545455
vt 0.124088 0.636364
vt 0.124088 0.727273
vt 0.124088 0.818182
vt 0.124088 0.909091
vt 0.124088 1.000000
vt 0.131387 0.090909
vt 0.131387 0.000000
vt 0.131387 0.181818
vt 0.131387 0.272727
vt 0.131387 0.363636
vt 0.131387 0.454545
vt 0.131387 0.545455
vt 0.131387 0.636364
vt 0.131387 0.727273
vt 0.131387 0.818182
vt 0.131387 0.909091
vt 0.131387 1.000000
vt 0.138686 0.090909
vt 0.138686 0.000000
vt 0.138686 0.181818
vt 0.138686 0.272727
vt 0.138686 0.363636
vt 0.138686 0.454545
vt 0.138686 0.545455
vt 0.138686 0.636364
vt 0.138686 0.727273
vt 0.138686 0.818182
vt 0.138686 0.909091
vt 0.138686 1.000000
vt 0.145985 0.090909
vt 0.145985 0.000000
vt 0.145985 0.181818
vt 0.145985 0.272727
vt 0.145985 0.363636
vt 0.145985 0.454545
vt 0.145985 0.545455
vt 0.145985 0.636364
vt 0.145985 0.727273
vt 0.145985 0.818182
vt 0.145985 0.909091
vt 0.145985 1.000000
vt 0.153285 0.090909
vt 0.153285 0.000000
vt 0.153285 0.181818
vt 0.153285 0.272727
vt 0.153285 0.363636
vt 0.153285 0.454545
vt 0.153285 0.545455
vt 0.153285 0.636364
vt 0.153285 0.727273
vt 0.153285 0.818182
vt 0.153285 0.909091
vt 0.153285 1.000000
vt 0.160584 0.090909
vt 0.160584 0.000000
vt 0.160584 0.181818
vt 0.160584 0.272727
vt 0.160584 0.363636
vt 0.160584 0.454545
vt 0.160584 0.545455
vt 0.160584 0.636364
vt 0.160584 0.727273
vt 0.160584 0.818182
vt 0.160584 0.909091
vt 0.160584 1.000000
vt 0.167883 0.090909
vt 0.167883 0.000000
vt 0.167883 0.181818
vt 0.167883 0.272727
vt 0.167883 0.363636
vt 0.167883 0.454545
vt 0.167883 0.545455
vt 0.167883 0.636364
vt 0.167883 0.727273
vt 0.167883 0.818182
vt 0.167883 0.909091
vt 0.167883 1.000000
vt 0.175182 0.090909
vt 0.175182 0.000000
vt 0.175182 0.181818
vt 0.175182 0.272727
vt 0.175182 0.363636
vt 0.175182 0.454545
vt 0.175182 0.545455
vt 0.175182 0.636364
vt 0.175182 0.727273
vt 0.175182 0.818182
vt 0.175182 0.909091
vt 0.175182 1.000000
vt 0.182482 0.090909
vt 0.182482 0.000000
vt 0.182482 0.181818
vt 0.182482 0.272727
vt 0.182482 0.363636
vt 0.182482 0.454545
vt 0.182482 0.545455
vt 0.182482 0.636364
vt 0.182482 0.727273
vt 0.182482 0.818182
vt 0.182482 0.909091
vt 0.182482 1.000000
vt 0.189781 0.090909
vt 0.189781 0.000000
vt 0.189781 0.181818
vt 0.189781 0.272727
vt 0.189781 0.363636
vt 0.189781 0.454545
vt 0.189781 0.545455
vt 0.189781 0.636364
vt 0.189781 0.727273
vt 0.189781 0.818182
vt 0.189781 0.909091
vt 0.189781 1.000000
vt 0.197080 0.090909
vt 0.197080 0.000000
vt 0.197080 0.181818
vt 0.197080 0.272727
vt 0.197080 0.363636
vt 0.197080 0.454545
vt 0.197080 0.545455
vt 0.197080 0.636364
vt 0.197080 0.727273
vt 0.197080 0.818182
vt 0.197080 0.909091
vt 0.197080 1.000000
vt 0.204380 0.090909
vt 0.204380 0.000000
vt 0.204380 0.181818
vt 0.204380 0.272727
vt 0.204380 0.363636
vt 0.204380 0.454545
vt 0.204380 0.545455
vt 0.204380 0.636364
vt 0.204380 0.727273
vt 0.204380 0.818182
vt 0.204380 0.909091
vt 0.204380 1.000000
vt 0.211679 0.090909
vt 0.211679 0.000000
vt 0.211679 0.181818
vt 0.211679 0.272727
vt 0.211679 0.363636
vt 0.211679 0.454545
vt 0.211679 0.545455
vt 0.211679 0.636364
vt 0.211679 0.727273
vt 0.211679 0.818182
vt 0.211679 0.909091
vt 0.211679 1.000000
vt 0.218978 0.090909
vt 0.218978 0.000000
vt 0.218978 0.181818
vt 0.218978 0.272727
vt 0.218978 0.363636
vt 0.218978 0.454545
vt 0.218978 0.545455
vt 0.218978 0.636364
vt 0.218978 0.727273
vt 0.218978 0.818182
vt 0.218978 0.909091
vt 0.218978 1.000000
vt 0.226277 0.090909
vt 0.226277 0.000000
vt 0.226277 0.181818
vt 0.226277 0.272727
vt 0.226277 0.363636
vt 0.226277 0.454545
vt 0.226277 0.545455
vt 0.226277 0.636364
vt 0.226277 0.727273
vt 0.226277 0.818182
vt 0.226277 0.909091
vt 0.226277 1.000000
vt 0.233577 0.090909
vt 0.233577 0.000000
vt 0.233577 0.181818
vt 0.233577 0.272727
vt 0.233577 0.363636
vt 0.233577 0.454545
vt 0.233577 0.545455
vt 0.233577 0.636364
vt 0.233577 0.727273
vt 0.233577 0.818182
vt 0.233577 0.909091
vt 0.233577 1.000000
vt 0.240876 0.090909
vt 0.240876 0.000000
vt 0.240876 0.181818
vt 0.240876 0.272727
vt 0.240876 0.363636
vt 0.240876 0.454545
vt 0.240876 0.545455
vt 0.240876 0.636364
vt 0.240876 0.727273
vt 0.240876 0.818182
vt 0.240876 0.909091
vt 0.240876 1.000000
vt 0.248175 0.090909
vt 0.248175 0.000000
vt 0.248175 0.181818
vt 0.248175 0.272727
vt 0.248175 0.363636
vt 0.248175 0.454545
vt 0.248175 0.545455
vt 0.248175 0.636364
vt 0.248175 0.727273
vt 0.248175 0.818182
vt 0.248175 0.909091
vt 0.248175 1.000000
vt 0.255474 0.090909
vt 0.255474 0.000000
vt 0.255474 0.181818
vt 0.255474 0.272727
vt 0.255474 0.363636
vt 0.255474 0.454545
vt 0.255474 0.545455
vt 0.255474 0.636364
vt 0.255474 0.727273
vt 0.255474 0.818182
vt 0.255474 0.909091
vt 0.255474 1.000000
vt 0.262774 0.090909
vt 0.262774 0.000000
vt 0.262774 0.181818
vt 0.262774 0.272727
vt 0.262774 0.363636
vt 0.262774 0.454545
vt 0.262774 0.545455
vt 0.262774 0.636364
vt 0.262774 0.727273
vt 0.262774 0.818182
vt 0.262774 0.909091
vt 0.262774 1.000000
vt 0.270073 0.090909
vt 0.270073 0.000000
vt 0.270073 0.181818
vt 0.270073 0.272727
vt 0.270073 0.363636
vt 0.270073 0.454545
vt 0.270073 0.545455
vt 0.270073 0.636364
vt 0.270073 0.727273
vt 0.270073 0.818182
vt 0.270073 0.909091
vt 0.270073 1.000000
vt 0.277372 0.090909
vt 0.277372 0.000000
vt 0.277372 0.181818
vt 0.277372 0.272727
vt 0.277372 0.363636
vt 0.277372 0.454545
vt 0.277372 0.545455
vt 0.277372 0.636364
vt 0.277372 0.727273
vt 0.277372 0.818182
vt 0.277372 0.909091
vt 0.277372 1.000000
vt 0.284672 0.090909
vt 0.284672 0.000000
vt 0.284672 0.181818
vt 0.284672 0.272727
vt 0.284672 0.363636
vt 0.284672 0.454545
vt 0.284672 0.545455
vt 0.284672 0.636364
vt 0.284672 0.727273
vt 0.284672 0.818182
vt 0.284672 0.909091
vt 0.284672 1.000000
vt 0.291971 0.090909
vt 0.291971 0.000000
vt 0.291971 0.181818
vt 0.291971 0.272727
vt 0.291971 0.363636
vt 0.291971 0.454545
vt 0.291971 0.545455
vt 0.291971 0.636364
vt 0.291971 0.727273
vt 0.291971 0.818182
vt 0.291971 0.909091
vt 0.291971 1.000000
vt 0.299270 0.090909
vt 0.299270 0.000000
vt 0.299270 0.181818
vt 0.299270 0.272727
vt 0.299270 0.363636
vt 0.299270 0.454545
vt 0.299270 0.545455
vt 0.299270 0.636364
vt 0.299270 0.727273
vt 0.299270 0.818182
vt 0.299270 0.909091
vt 0.299270 1.000000
vt 0.306569 0.090909
vt 0.306569 0.000000
vt 0.306569 0.181818
vt 0.306569 0.272727
vt 0.306569 0.363636
vt 0.306569 0.454545
vt 0.306569 0.545455
vt 0.306569 0.636364
vt 0.306569 0.727273
vt 0.306569 0.818182
vt 0.306569 0.909091
vt 0.306569 1.000000
vt 0.313869 0.090909
vt 0.313869 0.000000
vt 0.313869 0.181818
vt 0.313869 0.272727
vt 0.313869 0.363636
vt 0.313869 0.454545
vt 0.313869 0.545455
vt 0.313869 0.636364
vt 0.313869 0.727273
vt 0.313869 0.818182
vt 0.313869 0.909091
vt 0.313869 1.000000
vt 0.321168 0.090909
vt 0.321168 0.000000
vt 0.321168 0.181818
vt 0.321168 0.272727
vt 0.321168 0.363636
vt 0.321168 0.454545
vt 0.321168 0.545455
vt 0.321168 0.636364
vt 0.321168 0.727273
vt 0.321168 0.818182
vt 0.321168 0.909091
vt 0.321168 1.000000
vt 0.328467 0.090909
vt 0.328467 0.000000
vt 0.328467 0.181818
vt 0.328467 0.272727
vt 0.328467 0.363636
vt 0.328467 0.454545
vt 0.328467 0.545455
vt 0.328467 0.636364
vt 0.328467 0.727273
vt 0.328467 0.818182
vt 0.328467 0.909091
vt 0.328467 1.000000
vt 0.335766 0.090909
vt 0.335766 0.000000
vt 0.335766 0.181818
vt 0.335766 0.272727
vt 0.335766 0.363636
vt 0.335766 0.454545
vt 0.335766 0.545455
vt 0.335766 0.636364
vt 0.335766 0.727273
vt 0.335766 0.818182
vt 0.335766 0.909091
vt 0.335766 1.000000
vt 0.343066 0.090909
vt 0.343066 0.000000
vt 0.343066 0.181818
vt 0.343066 0.272727
vt 0.343066 0.363636
vt 0.343066 0.454545
vt 0.343066 0.545455
vt 0.343066 0.636364
vt 0.343066 0.727273
vt 0.343066 0.818182
vt 0.343066 0.909091
vt 0.343066 1.000000
vt 0.350365 0.090909
vt 0.350365 0.000000
vt 0.350365 0.181818
vt 0.350365 0.272727
vt 0.350365 0.363636
vt 0.350365 0.454545
vt 0.350365 0.545455
vt 0.350365 0.636364
vt 0.350365 0.727273
vt 0.350365 0.818182
vt 0.350365 0.909091
vt 0.350365 1.000000
vt 0.357664 0.090909
vt 0.357664 0.000000
vt 0.357664 0.181818
vt 0.357664 0.272727
vt 0.357664 0.363636
vt 0.357664 0.454545
vt 0.357664 0.545455
vt 0.357664 0.636364
vt 0.357664 0.727273
vt 0.357664 0.818182
vt 0.357664 0.909091
vt 0.357664 1.000000
vt 0.364964 0.090909
vt 0.364964 0.000000
vt 0.364964 0.181818
vt 0.364964 0.272727
vt 0.364964 0.363636
vt 0.364964 0.454545
vt 0.364964 0.545455
vt 0.364964 0.636364
vt 0.364964 0.727273
vt 0.364964 0.818182
vt 0.364964 0.909091
vt 0.364964 1.000000
vt 0.372263 0.090909
vt 0.372263 0.000000
vt 0.372263 0.181818
vt 0.372263 0.272727
vt 0.372263 0.363636
vt 0.372263 0.454545
vt 0.372263 0.545455
vt 0.372263 0.636364
vt 0.372263 0.727273
vt 0.372263 0.818182
vt 0.372263 0.909091
vt 0.372263 1.000000
vt 0.379562 0.090909
vt 0.379562 0.000000
vt 0.379562 0.181818
vt 0.379562 0.272727
vt 0.379562 0.363636
vt 0.379562 0.454545
vt 0.379562 0.545455
vt 0.379562 0.636364
vt 0.379562 0.727273
vt 0.379562 0.818182
vt 0.379562 0.909091
vt 0.379562 1.000000
vt 0.386861 0.090909
vt 0.386861 0.000000
vt 0.386861 0.181818
vt 0.386861 0.272727
vt 0.386861 0.363636
vt 0.386861 0.454545
vt 0.386861 0.545455
vt 0.386861 0.636364
vt 0.386861 0.727273
vt 0.386861 0.818182
vt 0.386861 0.909091
vt 0.386861 1.000000
vt 0.394161 0.090909
vt 0.394161 0.000000
vt 0.394161 0.181818
vt 0.394161 0.272727
vt 0.394161 0.363636
vt 0.394161 0.454545
vt 0.394161 0.545455
vt 0.394161 0.636364
vt 0.394161 0.727273
vt 0.394161 0.818182
vt 0.394161 0.909091
vt 0.394161 1.000000
vt 0.401460 0.090909
vt 0.401460 0.000000
vt 0.401460 0.181818
vt 0.401460 0.272727
vt 0.401460 0.363636
vt 0.401460 0.454545
vt 0.401460 0.545455
vt 0.401460 0.636364
vt 0.401460 0.727273
vt 0.401460 0.818182
vt 0.401460 0.909091
vt 0.401460 1.000000
vt 0.408759 0.090909
vt 0.408759 0.000000
vt 0.408759 0.181818
vt 0.408759 0.272727
vt 0.408759 0.363636
vt 0.408759 0.454545
vt 0.408759 0.545455
vt 0.408759 0.636364
vt 0.408759 0.727273
vt 0.408759 0.818182
vt 0.408759 0.909091
vt 0.408759 1.000000
vt 0.416058 0.090909
vt 0.416058 0.000000
vt 0.416058 0.181818
vt 0.416058 0.272727
vt 0.416058 0.363636
vt 0.416058 0.454545
vt 0.416058 0.545455
vt 0.416058 0.636364
vt 0.416058 0.727273
vt 0.416058 0.818182
vt 0.416058 0.909091
vt 0.416058 1.000000
vt 0.423358 0.090909
vt 0.423358 0.000000
vt 0.423358 0.181818
vt 0.423358 0.272727
vt 0.423358 0.363636
vt 0.423358 0.454545
vt 0.423358 0.545455
vt 0.423358 0.636364
vt 0.423358 0.727273
vt 0.423358 0.818182
vt 0.423358 0.909091
vt 0.423358 1.000000
vt 0.430657 0.090909
vt 0.430657 0.000000
vt 0.430657 0.181818
vt 0.430657 0.272727
vt 0.430657 0.363636
vt 0.430657 0.454545
vt 0.430657 0.545455
vt 0.430657 0.636364
vt 0.430657 0.727273
vt 0.430657 0.818182
vt 0.430657 0.909091
vt 0.430657 1.000000
vt 0.437956 0.090909
vt 0.437956 0.000000
vt 0.437956 0.181818
vt 0.437956 0.272727
vt 0.437956 0.363636
vt 0.437956 0.454545
vt 0.437956 0.545455
vt 0.437956 0.636364
vt 0.437956 0.727273
vt 0.437956 0.818182
vt 0.437956 0.909091
vt 0.437956 1.000000
vt 0.445255 0.090909
vt 0.445255 0.000000
vt 0.445255 0.181818
vt 0.445255 0.272727
vt 0.445255 0.363636
vt 0.445255 0.454545
vt 0.445255 0.545455
vt 0.445255 0.636364
vt 0.445255 0.727273
vt 0.445255 0.818182
vt 0.445255 0.909091
vt 0.445255 1.000000
vt 0.452555 0.090909
vt 0.452555 0.000000
vt 0.452555 0.181818
vt 0.452555 0.272727
vt 0.452555 0.363636
vt 0.452555 0.454545
vt 0.452555 0.545455
vt 0.452555 0.636364
vt 0.452555 0.727273
vt 0.452555 0.818182
vt 0.452555 0.909091
vt 0.452555 1.000000
vt 0.459854 0.090909
vt 0.459854 0.000000
vt 0.459854 0.181818
vt 0.459854 0.272727
vt 0.459854 0.363636
vt 0.459854 0.454545
vt 0.459854 0.545455
vt 0.459854 0.636364
vt 0.459854 0.727273
vt 0.459854 0.818182
vt 0.459854 0.909091
vt 0.459854 1.000000
vt 0.467153 0.090909
vt 0.467153 0.000000
vt 0.467153 0.181818
vt 0.467153 0.272727
vt 0.467153 0.363636
vt 0.467153 0.454545
vt 0.467153 0.545455
vt 0.467153 0.636364
vt 0.467153 0.727273
vt 0.467153 0.818182
vt 0.467153 0.909091
vt 0.467153 1.000000
vt 0.474453 0.090909
vt 0.474453 0.000000
vt 0.474453 0.181818
vt 0.474453 0.272727
vt 0.474453 0.363636
vt 0.474453 0.454545
vt 0.474453 0.545455
vt 0.474453 0.636364
vt 0.474453 0.727273
vt 0.474453 0.818182
vt 0.474453 0.909091
vt 0.474453 1.000000
vt 0.481752 0.090909
vt 0.481752 0.000000
vt 0.481752 0.181818
vt 0.481752 0.272727
vt 0.481752 0.363636
vt 0.481752 0.454545
vt 0.481752 0.545455
vt 0.481752 0.636364
vt 0.481752 0.727273
vt 0.481752 0.818182
vt 0.481752 0.909091
vt 0.481752 1.000000
vt 0.489051 0.090909
vt 0.489051 0.000000
vt 0.489051 0.181818
vt 0.489051 0.272727
vt 0.489051 0.363636
vt 0.489051 0.454545
vt 0.489051 0.545455
vt 0.489051 0.636364
vt 0.489051 0.727273
vt 0.489051 0.818182
vt 0.489051 0.909091
vt 0.489051 1.000000
vt 0.496350 0.090909
vt 0.496350 0.000000
vt 0.496350 0.181818
vt 0.496350 0.272727
vt 0.496350 0.363636
vt 0.496350 0.454545
vt 0.496350 0.545455
vt 0.496350 0.636364
vt 0.496350 0.727273
vt 0.496350 0.818182
vt 0.496350 0.909091
vt 0.496350 1.000000
vt 0.503650 0.090909
vt 0.503650 0.000000
vt 0.503650 0.181818
vt 0.503650 0.272727
vt 0.503650 0.363636
vt 0.503650 0.454545
vt 0.503650 0.545455
vt 0.503650 0.636364
vt 0.503650 0.727273
vt 0.503650 0.818182
vt 0.503650 0.909091
vt 0.503650 1.000000
vt 0.510949 0.090909
vt 0.510949 0.000000
vt 0.510949 0.181818
vt 0.510949 0.272727
vt 0.510949 0.363636
vt 0.510949 0.454545
vt 0.510949 0.545455
vt 0.510949 0.636364
vt 0.510949 0.727273
vt 0.510949 0.818182
vt 0.510949 0.909091
vt 0.510949 1.000000
vt 0.518248 0.090909
vt 0.518248 0.000000
vt 0.518248 0.181818
vt 0.518248 0.272727
vt 0.518248 0.363636
vt 0.518248 0.454545
vt 0.518248 0.545455
vt 0.518248 0.636364
vt 0.518248 0.727273
vt 0.518248 0.818182
vt 0.518248 0.909091
vt 0.518248 1.000000
vt 0.525547 0.090909
vt 0.525547 0.000000
vt 0.525547 0.181818
vt 0.525547 0.272727
vt 0.525547 0.363636
vt 0.525547 0.454545
vt 0.525547 0.545455
vt 0.525547 0.636364
vt 0.525547 0.727273
vt 0.525547 0.818182
vt 0.525547 0.909091
vt 0.525547 1.000000
vt 0.532847 0.090909
vt 0.532847 0.000000
vt 0.532847 0.181818
vt 0.532847 0.272727
vt 0.532847 0.363636
vt 0.532847 0.454545
vt 0.532847 0.545455
vt 0.532847 0.636364
vt 0.532847 0.727273
vt 0.532847 0.818182
vt 0.532847 0.909091
vt 0.532847 1.000000
vt 0.540146 0.090909
vt 0.540146 0.000000
vt 0.540146 0.181818
vt 0.540146 0.272727
vt 0.540146 0.363636
vt 0.540146 0.454545
vt 0.540146 0.545455
vt 0.540146 0.636364
vt 0.540146 0.727273
vt 0.540146 0.818182
vt 0.540146 0.909091
vt 0.540146 1.000000
vt 0.547445 0.090909
vt 0.547445 0.000000
vt 0.547445 0.181818
vt 0.547445 0.272727
vt 0.547445 0.363636
vt 0.547445 0.454545
vt 0.547445 0.545455
vt 0.547445 0.636364
vt 0.547445 0.727273
vt 0.547445 0.818182
vt 0.547445 0.909091
vt 0.547445 1.000000
vt 0.554745 0.090909
vt 0.554745 0.000000
vt 0.554745 0.181818
vt 0.554745 0.272727
vt 0.554745 0.363636
vt 0.554745 0.454545
vt 0.554745 0.545455
vt 0.554745 0.636364
vt 0.554745 0.727273
vt 0.554745 0.818182
vt 0.554745 0.909091
vt 0.554745 1.000000
vt 0.562044 0.090909
vt 0.562044 0.000000
vt 0.562044 0.181818
vt 0.562044 0.272727
vt 0.562044 0.363636
vt 0.562044 0.454545
vt 0.562044 0.545455
vt 0.562044 0.636364
vt 0.562044 0.727273
vt 0.562044 0.818182
vt 0.562044 0.909091
vt 0.562044 1.000000
vt 0.569343 0.090909
vt 0.569343 0.000000
vt 0.569343 0.181818
vt 0.569343 0.272727
vt 0.569343 0.363636
vt 0.569343 0.454545
vt 0.569343 0.545455
vt 0.569343 0.636364
vt 0.569343 0.727273
vt 0.569343 0.818182
vt 0.569343 0.909091
vt 0.569343 1.000000
vt 0.576642 0.090909
vt 0.576642 0.000000
vt 0.576642 0.181818
vt 0.576642 0.272727
vt 0.576642 0.363636
vt 0.576642 0.454545
vt 0.576642 0.545455
vt 0.576642 0.636364
vt 0.576642 0.727273
vt 0.576642 0.818182
vt 0.576642 0.909091
vt 0.576642 1.000000
vt 0.583942 0.090909
vt 0.583942 0.000000
vt 0.583942 0.181818
vt 0.583942 0.272727
vt 0.583942 0.363636
vt 0.583942 0.454545
vt 0.583942 0.545455
vt 0.583942 0.636364
vt 0.583942 0.727273
vt 0.583942 0.818182
vt 0.583942 0.909091
vt 0.583942 1.000000
vt 0.591241 0.090909
vt 0.591241 0.000000
vt 0.591241 0.181818
vt 0.591241 0.272727
vt 0.591241 0.363636
vt 0.591241 0.454545
vt 0.591241 0.545455
vt 0.591241 0.636364
vt 0.591241 0.727273
vt 0.591241 0.818182
vt 0.591241 0.909091
vt 0.591241 1.000000
vt 0.598540 0.090909
vt 0.598540 0.000000
vt 0.598540 0.181818
vt 0.598540 0.272727
vt 0.598540 0.363636
vt 0.598540 0.454545
vt 0.598540 0.545455
vt 0.598540 0.636364
vt 0.598540 0.727273
vt 0.598540 0.818182
vt 0.598540 0.909091
vt 0.598540 1.000000
vt 0.605839 0.090909
vt 0.605839 0.000000
vt 0.605839 0.181818
vt 0.605839 0.272727
vt 0.605839 0.363636
vt 0.605839 0.454545
vt 0.605839 0.545455
vt 0.605839 0.636364
vt 0.605839 0.727273
vt 0.605839 0.818182
vt 0.605839 0.909091
vt 0.605839 1.000000
vt 0.613139 0.090909
vt 0.613139 0.000000
vt 0.613139 0.181818
vt 0.613139 0.272727
vt 0.613139 0.363636
vt 0.613139 0.454545
vt 0.613139 0.545455
vt 0.613139 0.636364
vt 0.613139 0.727273
vt 0.613139 0.818182
vt 0.613139 0.909091
vt 0.613139 1.000000
vt 0.620438 0.090909
vt 0.620438 0.000000
vt 0.620438 0.181818
vt 0.620438 0.272727
vt 0.620438 0.363636
vt 0.620438 0.454545
vt 0.620438 0.545455
vt 0.620438 0.636364
vt 0.620438 0.727273
vt 0.620438 0.818182
vt 0.620438 0.909091
vt 0.620438 1.000000
vt 0.627737 0.090909
vt 0.627737 0.000000
vt 0.627737 0.181818
vt 0.627737 0.272727
vt 0.627737 0.363636
vt 0.627737 0.454545
vt 0.627737 0.545455
vt 0.627737 0.636364
vt 0.627737 0.727273
vt 0.627737 0.818182
vt 0.627737 0.909091
vt 0.627737 1.000000
vt 0.635036 0.090909
vt 0.635036 0.000000
vt 0.635036 0.181818
vt 0.635036 0.272727
vt 0.635036 0.363636
vt 0.635036 0.454545
vt 0.635036 0.545455
vt 0.635036 0.636364
vt 0.635036 0.727273
vt 0.635036 0.818182
vt 0.635036 0.909091
vt 0.635036 1.000000
vt 0.642336 0.090909
vt 0.642336 0.000000
vt 0.642336 0.181818
vt 0.642336 0.272727
vt 0.642336 0.363636
vt 0.642336 0.454545
vt 0.642336 0.545455
vt 0.642336 0.636364
vt 0.642336 0.727273
vt 0.642336 0.818182
vt 0.642336 0.909091
vt 0.642336 1.000000
vt 0.649635 0.090909
vt 0.649635 0.000000
vt 0.649635 0.181818
vt 0.649635 0.272727
vt 0.649635 0.363636
vt 0.649635 0.454545
vt 0.649635 0.545455
vt 0.649635 0.636364
vt 0.649635 0.727273
vt 0.649635 0.818182
vt 0.649635 0.909091
vt 0.649635 1.000000
vt 0.656934 0.090909
vt 0.656934 0.000000
vt 0.656934 0.181818
vt 0.656934 0.272727
vt 0.656934 0.363636
vt 0.656934 0.454545
vt 0.656934 0.545455
vt 0.656934 0.636364
vt 0.656934 0.727273
vt 0.656934 0.818182
vt 0.656934 0.909091
vt 0.656934 1.000000
vt 0.664234 0.090909
vt 0.664234 0.000000
vt 0.664234 0.181818
vt 0.664234 0.272727
vt 0.664234 0.363636
vt 0.664234 0.454545
vt 0.664234 0.545455
vt 0.664234 0.636364
vt 0.664234 0.727273
vt 0.664234 0.818182
vt 0.664234 0.909091
vt 0.664234 1.000000
vt 0.671533 0.090909
vt 0.671533 0.000000
vt 0.671533 0.181818
vt 0.671533 0.272727
vt 0.671533 0.363636
vt 0.671533 0.454545
vt 0.671533 0.545455
vt 0.671533 0.636364
vt 0.671533 0.727273
vt 0.671533 0.818182
vt 0.671533 0.909091
vt 0.671533 1.000000
vt 0.678832 0.090909
vt 0.678832 0.000000
vt 0.678832 0.181818
vt 0.678832 0.272727
vt 0.678832 0.363636
vt 0.678832 0.454545
vt 0.678832 0.545455
vt 0.678832 0.636364
vt 0.678832 0.727273
vt 0.678832 0.818182
vt 0.678832 0.909091
vt 0.678832 1.000000
vt 0.686131 0.090909
vt 0.686131 0.000000
vt 0.686131 0.181818
vt 0.686131 0.272727
vt 0.686131 0.363636
vt 0.686131 0.454545
vt 0.686131 0.545455
vt 0.686131 0.636364
vt 0.686131 0.727273
vt 0.686131 0.818182
vt 0.686131 0.909091
vt 0.686131 1.000000
vt 0.693431 0.090909
vt 0.693431 0.000000
vt 0.693431 0.181818
vt 0.693431 0.272727
vt 0.693431 0.363636
vt 0.693431 0.454545
vt 0.693431 0.545455
vt 0.693431 0.636364
vt 0.693431 0.727273
vt 0.693431 0.818182
vt 0.693431 0.909091
vt 0.693431 1.000000
vt 0.700730 0.090909
vt 0.700730 0.000000
vt 0.700730 0.181818
vt 0.700730 0.272727
vt 0.700730 0.363636
vt 0.700730 0.454545
vt 0.700730 0.545455
vt 0.700730 0.636364
vt 0.700730 0.727273
vt 0.700730 0.818182
vt 0.700730 0.909091
vt 0.700730 1.000000
vt 0.708029 0.090909
vt 0.708029 0.000000
vt 0.708029 0.181818
vt 0.708029 0.272727
vt 0.708029 0.363636
vt 0.708029 0.454545
vt 0.708029 0.545455
vt 0.708029 0.636364
vt 0.708029 0.727273
vt 0.708029 0.818182
vt 0.708029 0.909091
vt 0.708029 1.000000
vt 0.715328 0.090909
vt 0.715328 0.000000
vt 0.715328 0.181818
vt 0.715328 0.272727
vt 0.715328 0.363636
vt 0.715328 0.454545
vt 0.715328 0.545455
vt 0.715328 0.636364
vt 0.715328 0.727273
vt 0.715328 0.818182
vt 0.715328 0.909091
vt 0.715328 1.000000
vt 0.722628 0.090909
vt 0.722628 0.000000
vt 0.722628 0.181818
vt 0.722628 0.272727
vt 0.722628 0.363636
vt 0.722628 0.454545
vt 0.722628 0.545455
vt 0.722628 0.636364
vt 0.722628 0.727273
vt 0.722628 0.818182
vt 0.722628 0.909091
vt 0.722628 1.000000
vt 0.729927 0.090909
vt 0.729927 0.000000
vt 0.729927 0.181818
vt 0.729927 0.272727
vt 0.729927 0.363636
vt 0.729927 0.454545
vt 0.729927 0.545455
vt 0.729927 0.636364
vt 0.729927 0.727273
vt 0.729927 0.818182
vt 0.729927 0.909091
vt 0.729927 1.000000
vt 0.737226 0.090909
vt 0.737226 0.000000
vt 0.737226 0.181818
vt 0.737226 0.272727
vt 0.737226 0.363636
vt 0.737226 0.454545
vt 0.737226 0.545455
vt 0.737226 0.636364
vt 0.737226 0.727273
vt 0.737226 0.818182
vt 0.737226 0.909091
vt 0.737226 1.000000
vt 0.744526 0.090909
vt 0.744526 0.000000
vt 0.744526 0.181818
vt 0.744526 0.272727
vt 0.744526 0.363636
vt 0.744526 0.454545
vt 0.744526 0.545455
vt 0.744526 0.636364
vt 0.744526 0.727273
vt 0.744526 0.818182
vt 0.744526 0.909091
vt 0.744526 1.000000
vt 0.751825 0.090909
vt 0.751825 0.000000
vt 0.751825 0.181818
vt 0.751825 0.272727
vt 0.751825 0.363636
vt 0.751825 0.454545
vt 0.751825 0.545455
vt 0.751825 0.636364
vt 0.751825 0.727273
vt 0.751825 0.818182
vt 0.751825 0.909091
vt 0.751825 1.000000
vt 0.759124 0.090909
vt 0.759124 0.000000
vt 0.759124 0.181818
vt 0.759124 0.272727
vt 0.759124 0.363636
vt 0.759124 0.454545
vt 0.759124 0.545455
vt 0.759124 0.636364
vt 0.759124 0.727273
vt 0.759124 0.818182
vt 0.759124 0.909091
vt 0.759124 1.000000
vt 0.766423 0.090909
vt 0.766423 0.000000
vt 0.766423 0.181818
vt 0.766423 0.272727
vt 0.766423 0.363636
vt 0.766423 0.454545
vt 0.766423 0.545455
vt 0.766423 0.636364
vt 0.766423 0.727273
vt 0.766423 0.818182
vt 0.766423 0.909091
vt 0.766423 1.000000
vt 0.773723 0.090909
vt 0.773723 0.000000
vt 0.773723 0.181818
vt 0.773723 0.272727
vt 0.773723 0.363636
vt 0.773723 0.454545
vt 0.773723 0.545455
vt 0.773723 0.636364
vt 0.773723 0.727273
vt 0.773723 0.818182
vt 0.773723 0.909091
vt 0.773723 1.000000
vt 0.781022 0.090909
vt 0.781022 0.000000
vt 0.781022 0.181818
vt 0.781022 0.272727
vt 0.781022 0.363636
vt 0.781022 0.454545
vt 0.781022 0.545455
vt 0.781022 0.636364
vt 0.781022 0.727273
vt 0.781022 0.818182
vt 0.781022 0.909091
vt 0.781022 1.000000
vt 0.788321 0.090909
vt 0.788321 0.000000
vt 0.788321 0.181818
vt 0.788321 0.272727
vt 0.788321 0.363636
vt 0.788321 0.454545
vt 0.788321 0.545455
vt 0.788321 0.636364
vt 0.788321 0.727273
vt 0.788321 0.818182
vt 0.788321 0.909091
vt 0.788321 1.000000
vt 0.795620 0.090909
vt 0.795620 0.000000
vt 0.795620 0.181818
vt 0.795620 0.272727
vt 0.795620 0.363636
vt 0.795620 0.454545
vt 0.795620 0.545455
vt 0.795620 0.636364
vt 0.795620 0.727273
vt 0.795620 0.818182
vt 0.795620 0.909091
vt 0.795620 1.000000
vt 0.802920 0.090909
vt 0.802920 0.000000
vt 0.802920 0.181818
vt 0.802920 0.272727
vt 0.802920 0.363636
vt 0.802920 0.454545
vt 0.802920 0.545455
vt 0.802920 0.636364
vt 0.802920 0.727273
vt 0.802920 0.818182
vt 0.802920 0.909091
vt 0.802920 1.000000
vt 0.810219 0.090909
vt 0.810219 0.000000
vt 0.810219 0.181818
vt 0.810219 0.272727
vt 0.810219 0.363636
vt 0.810219 0.454545
vt 0.810219 0.545455
vt 0.810219 0.636364
vt 0.810219 0.727273
vt 0.810219 0.818182
vt 0.810219 0.909091
vt 0.810219 1.000000
vt 0.817518 0.090909
vt 0.817518 0.000000
vt 0.817518 0.181818
vt 0.817518 0.272727
vt 0.817518 0.363636
vt 0.817518 0.454545
vt 0.817518 0.545455
vt 0.817518 0.636364
vt 0.817518 0.727273
vt 0.817518 0.818182
vt 0.817518 0.909091
vt 0.817518 1.000000
vt 0.824818 0.090909
vt 0.824818 0.000000
vt 0.824818 0.181818
vt 0.824818 0.272727
vt 0.824818 0.363636
vt 0.824818 0.454545
vt 0.824818 0.545455
vt 0.824818 0.636364
vt 0.824818 0.727273
vt 0.824818 0.818182
vt 0.824818 0.909091
vt 0.824818 1.000000
vt 0.832117 0.090909
vt 0.832117 0.000000
vt 0.832117 0.181818
vt 0.832117 0.272727
vt 0.832117 0.363636
vt 0.832117 0.454545
vt 0.832117 0.545455
vt 0.832117 0.636364
vt 0.832117 0.727273
vt 0.832117 0.818182
vt 0.832117 0.909091
vt 0.832117 1.000000
vt 0.839416 0.090909
vt 0.839416 0.000000
vt 0.839416 0.181818
vt 0.839416 0.272727
vt 0.839416 0.363636
vt 0.839416 0.454545
vt 0.839416 0.545455
vt 0.839416 0.636364
vt 0.839416 0.727273
vt 0.839416 0.818182
vt 0.839416 0.909091
vt 0.839416 1.000000
vt 0.846715 0.090909
vt 0.846715 0.000000
vt 0.846715 0.181818
vt 0.846715 0.272727
vt 0.846715 0.363636
vt 0.846715 0.454545
vt 0.846715 0.545455
vt 0.846715 0.636364
vt 0.846715 0.727273
vt 0.846715 0.818182
vt 0.846715 0.909091
vt 0.846715 1.000000
vt 0.854015 0.090909
vt 0.854015 0.000000
vt 0.854015 0.181818
vt 0.854015 0.272727
vt 0.854015 0.363636
vt 0.854015 0.454545
vt 0.854015 0.545455
vt 0.854015 0.636364
vt 0.854015 0.727273
vt 0.854015 0.818182
vt 0.854015 0.909091
vt 0.854015 1.000000
vt 0.861314 0.090909
vt 0.861314 0.000000
vt 0.861314 0.181818
vt 0.861314 0.272727
vt 0.861314 0.363636
vt 0.861314 0.454545
vt 0.861314 0.545455
vt 0.861314 0.636364
vt 0.861314 0.727273
vt 0.861314 0.818182
vt 0.861314 0.909091
vt 0.861314 1.000000
vt 0.868613 0.090909
vt 0.868613 0.000000
vt 0.868613 0.181818
vt 0.868613 0.272727
vt 0.868613 0.363636
vt 0.868613 0.454545
vt 0.868613 0.545455
vt 0.868613 0.636364
vt 0.868613 0.727273
vt 0.868613 0.818182
vt 0.868613 0.909091
vt 0.868613 1.000000
vt 0.875912 0.090909
vt 0.875912 0.000000
vt 0.875912 0.181818
vt 0.875912 0.272727
vt 0.875912 0.363636
vt 0.875912 0.454545
vt 0.875912 0.545455
vt 0.875912 0.636364
vt 0.875912 0.727273
vt 0.875912 0.818182
vt 0.875912 0.909091
vt 0.875912 1.000000
vt 0.883212 0.090909
vt 0.883212 0.000000
vt 0.883212 0.181818
vt 0.883212 0.272727
vt 0.883212 0.363636
vt 0.883212 0.454545
vt 0.883212 0.545455
vt 0.883212 0.636364
vt 0.883212 0.727273
vt 0.883212 0.818182
vt 0.883212 0.909091
vt 0.883212 1.000000
vt 0.890511 0.090909
vt 0.890511 0.000000
vt 0.890511 0.181818
vt 0.890511 0.272727
vt 0.890511 0.363636
vt 0.890511 0.454545
vt 0.890511 0.545455
vt 0.890511 0.636364
vt 0.890511 0.727273
vt 0.890511 0.818182
vt 0.890511 0.909091
vt 0.890511 1.000000
vt 0.897810 0.090909
vt 0.897810 0.000000
vt 0.897810 0.181818
vt 0.897810 0.272727
vt 0.897810 0.363636
vt 0.897810 0.454545
vt 0.897810 0.545455
vt 0.897810 0.636364
vt 0.897810 0.727273
vt 0.897810 0.818182
vt 0.897810 0.909091
vt 0.897810 1.000000
vt 0.905109 0.090909
vt 0.905109 0.000000
vt 0.905109 0.181818
vt 0.905109 0.272727
vt 0.905109 0.363636
vt 0.905109 0.454545
vt 0.905109 0.545455
vt 0.905109 0.636364
vt 0.905109 0.727273
vt 0.905109 0.818182
vt 0.905109 0.909091
vt 0.905109 1.000000
vt 0.912409 0.090909
vt 0.912409 0.000000
vt 0.912409 0.181818
vt 0.912409 0.272727
vt 0.912409 0.363636
vt 0.912409 0.454545
vt 0.912409 0.545455
vt 0.912409 0.636364
vt 0.912409 0.727273
vt 0.912409 0.818182
vt 0.912409 0.909091
vt 0.912409 1.000000
vt 0.919708 0.090909
vt 0.919708 0.000000
vt 0.919708 0.181818
vt 0.919708 0.272727
vt 0.919708 0.363636
vt 0.919708 0.454545
vt 0.919708 0.545455
vt 0.919708 0.636364
vt 0.919708 0.727273
vt 0.919708 0.818182
vt 0.919708 0.909091
vt 0.919708 1.000000
vt 0.927007 0.090909
vt 0.927007 0.000000
vt 0.927007 0.181818
vt 0.927007 0.272727
vt 0.927007 0.363636
vt 0.927007 0.454545
vt 0.927007 0.545455
vt 0.927007 0.636364
vt 0.927007 0.727273
vt 0.927007 0.818182
vt 0.927007 0.909091
vt 0.927007 1.000000
vt 0.934307 0.090909
vt 0.934307 0.000000
vt 0.934307 0.181818
vt 0.934307 0.272727
vt 0.934307 0.363636
vt 0.934307 0.454545
vt 0.934307 0.545455
vt 0.934307 0.636364
vt 0.934307 0.727273
vt 0.934307 0.818182
vt 0.934307 0.909091
vt 0.934307 1.000000
vt 0.941606 0.090909
vt 0.941606 0.000000
vt 0.941606 0.181818
vt 0.941606 0.272727
vt 0.941606 0.363636
vt 0.941606 0.454545
vt 0.941606 0.545455
vt 0.941606 0.636364
vt 0.941606 0.727273
vt 0.941606 0.818182
vt 0.941606 0.909091
vt 0.941606 1.000000
vt 0.948905 0.090909
vt 0.948905 0.000000
vt 0.948905 0.181818
vt 0.948905 0.272727
vt 0.948905 0.363636
vt 0.948905 0.454545
vt 0.948905 0.545455
vt 0.948905 0.636364
vt 0.948905 0.727273
vt 0.948905 0.818182
vt 0.948905 0.909091
vt 0.948905 1.000000
vt 0.956204 0.090909
vt 0.956204 0.000000
vt 0.956204 0.181818
vt 0.956204 0.272727
vt 0.956204 0.363636
vt 0.956204 0.454545
vt 0.956204 0.545455
vt 0.956204 0.636364
vt 0.956204 0.727273
vt 0.956204 0.818182
vt 0.956204 0.909091
vt 0.956204 1.000000
vt 0.963504 0.090909
vt 0.963504 0.000000
vt 0.963504 0.181818
vt 0.963504 0.272727
vt 0.963504 0.363636
vt 0.963504 0.454545
vt 0.963504 0.545455
vt 0.963504 0.636364
vt 0.963504 0.727273
vt 0.963504 0.818182
vt 0.963504 0.909091
vt 0.963504 1.000000
vt 0.970803 0.090909
vt 0.970803 0.000000
vt 0.970803 0.181818
vt 0.970803 0.272727
vt 0.970803 0.363636
vt 0.970803 0.454545
vt 0.970803 0.545455
vt 0.970803 0.636364
vt 0.970803 0.727273
vt 0.970803 0.818182
vt 0.970803 0.909091
vt 0.970803 1.000000
vt 0.978102 0.090909
vt 0.978102 0.000000
vt 0.978102 0.181818
vt 0.978102 0.272727
vt 0.978102 0.363636
vt 0.978102 0.454545
vt 0.978102 0.545455
vt 0.978102 0.636364
vt 0.978102 0.727273
vt 0.978102 0.818182
vt 0.978102 0.909091
vt 0.978102 1.000000
vt 0.985401 0.090909
vt 0.985401 0.000000
vt 0.985401 0.181818
vt 0.985401 0.272727
vt 0.985401 0.363636
vt 0.985401 0.454545
vt 0.985401 0.545455
vt 0.985401 0.636364
vt 0.985401 0.727273
vt 0.985401 0.818182
vt 0.985401 0.909091
vt 0.985401 1.000000
vt 0.992701 0.090909
vt 0.992701 0.000000
vt 0.992701 0.181818
vt 0.992701 0.272727
vt 0.992701 0.363636
vt 0.992701 0.454545
vt 0.992701 0.545455
vt 0.992701 0.636364
vt 0.992701 0.727273
vt 0.992701 0.818182
vt 0.992701 0.909091
vt 0.992701 1.000000
vt 0.027027 0.090909
vt 0.027027 0.000000
vt 0.027027 0.181818
vt 0.027027 0.272727
vt 0.027027 0.363636
vt 0.027027 0.454545
vt 0.027027 0.545455
vt 0.027027 0.636364
vt 0.027027 0.727273
vt 0.027027 0.818182
vt 0.027027 0.909091
vt 0.027027 1.000000
vt 0.054054 0.090909
vt 0.054054 0.000000
vt 0.054054 0.181818
vt 0.054054 0.272727
vt 0.054054 0.363636
vt 0.054054 0.454545
vt 0.054054 0.545455
vt 0.054054 0.636364
vt 0.054054 0.727273
vt 0.054054 0.818182
vt 0.054054 0.909091
vt 0.054054 1.000000
vt 0.081081 0.090909
vt 0.081081 0.000000
vt 0.081081 0.181818
vt 0.081081 0.272727
vt 0.081081 0.363636
vt 0.081081 0.454545
vt 0.081081 0.545455
vt 0.081081 0.636364
vt 0.081081 0.727273
vt 0.081081 0.818182
vt 0.081081 0.909091
vt 0.081081 1.000000
vt 0.108108 0.090909
vt 0.108108 0.000000
vt 0.108108 0.181818
vt 0.108108 0.272727
vt 0.108108 0.363636
vt 0.108108 0.454545
vt 0.108108 0.545455
vt 0.108108 0.636364
vt 0.108108 0.727273
vt 0.108108 0.818182
vt 0.108108 0.909091
vt 0.108108 1.000000
vt 0.135135 0.090909
vt 0.135135 0.000000
vt 0.135135 0.181818
vt 0.135135 0.272727
vt 0.135135 0.363636
vt 0.135135 0.454545
vt 0.135135 0.545455
vt 0.135135 0.636364
vt 0.135135 0.727273
vt 0.135135 0.818182
vt 0.135135 0.909091
vt 0.135135 1.000000
vt 0.162162 0.090909
vt 0.162162 0.000000
vt 0.162162 0.181818
vt 0.162162 0.272727
vt 0.162162 0.363636
vt 0.162162 0.454545
vt 0.162162 0.545455
vt 0.162162 0.636364
vt 0.162162 0.727273
vt 0.162162 0.818182
vt 0.162162 0.909091
vt 0.162162 1.000000
vt 0.189189 0.090909
vt 0.189189 0.000000
vt 0.189189 0.181818
vt 0.189189 0.272727
vt 0.189189 0.363636
vt 0.189189 0.454545
vt 0.189189 0.545455
vt 0.189189 0.636364
vt 0.189189 0.727273
vt 0.189189 0.818182
vt 0.189189 0.909091
vt 0.189189 1.000000
vt 0.216216 0.090909
vt 0.216216 0.000000
vt 0.216216 0.181818
vt 0.216216 0.272727
vt 0.216216 0.363636
vt 0.216216 0.454545
vt 0.216216 0.545455
vt 0.216216 0.636364
vt 0.216216 0.727273
vt 0.216216 0.818182
vt 0.216216 0.909091
vt 0.216216 1.000000
vt 0.243243 0.090909
vt 0.243243 0.000000
vt 0.243243 0.181818
vt 0.243243 0.272727
vt 0.243243 0.363636
vt 0.243243 0.454545
vt 0.243243 0.545455
vt 0.243243 0.636364
vt 0.243243 0.727273
vt 0.243243 0.818182
vt 0.243243 0.909091
vt 0.243243 1.000000
vt 0.270270 0.090909
vt 0.270270 0.000000
vt 0.270270 0.181818
vt 0.270270 0.272727
vt 0.270270 0.363636
vt 0.270270 0.454545
vt 0.270270 0.545455
vt 0.270270 0.636364
vt 0.270270 0.727273
vt 0.270270 0.818182
vt 0.270270 0.909091
vt 0.270270 1.000000
vt 0.297297 0.090909
vt 0.297297 0.000000
vt 0.297297 0.181818
vt 0.297297 0.272727
vt 0.297297 0.363636
vt 0.297297 0.454545
vt 0.297297 0.545455
vt 0.297297 0.636364
vt 0.297297 0.727273
vt 0.297297 0.818182
vt 0.297297 0.909091
vt 0.297297 1.000000
vt 0.324324 0.090909
vt 0.324324 0.000000
vt 0.324324 0.181818
vt 0.324324 0.272727
vt 0.324324 0.363636
vt 0.324324 0.454545
vt 0.324324 0.545455
vt 0.324324 0.636364
vt 0.324324 0.727273
vt 0.324324 0.818182
vt 0.324324 0.909091
vt 0.324324 1.000000
vt 0.351351 0.090909
vt 0.351351 0.000000
vt 0.351351 0.181818
vt 0.351351 0.272727
vt 0.351351 0.363636
vt 0.351351 0.454545
vt 0.351351 0.545455
vt 0.351351 0.636364
vt 0.351351 0.727273
vt 0.351351 0.818182
vt 0.351351 0.909091
vt 0.351351 1.000000
vt 0.378378 0.090909
vt 0.378378 0.000000
vt 0.378378 0.181818
vt 0.378378 0.272727
vt 0.378378 0.363636
vt 0.378378 0.454545
vt 0.378378 0.545455
vt 0.378378 0.636364
vt 0.378378 0.727273
vt 0.378378 0.818182
vt 0.378378 0.909091
vt 0.378378 1.000000
vt 0.405405 0.090909
vt 0.405405 0.000000
vt 0.405405 0.181818
vt 0.405405 0.272727
vt 0.405405 0.363636
vt 0.405405 0.454545
vt 0.405405 0.545455
vt 0.405405 0.636364
vt 0.405405 0.727273
vt 0.405405 0.818182
vt 0.405405 0.909091
vt 0.405405 1.000000
vt 0.432432 0.090909
vt 0.432432 0.000000
vt 0.432432 0.181818
vt 0.432432 0.272727
vt 0.432432 0.363636
vt 0.432432 0.454545
vt 0.432432 0.545455
vt 0.432432 0.636364
vt 0.432432 0.727273
vt 0.432432 0.818182
vt 0.432432 0.909091
vt 0.432432 1.000000
vt 0.459459 0.090909
vt 0.459459 0.000000
vt 0.459459 0.181818
vt 0.459459 0.272727
vt 0.459459 0.363636
vt 0.459459 0.454545
vt 0.459459 0.545455
vt 0.459459 0.636364
vt 0.459459 0.727273
vt 0.459459 0.818182
vt 0.459459 0.909091
vt 0.459459 1.000000
vt 0.486486 0.090909
vt 0.486486 0.000000
vt 0.486486 0.181818
vt 0.486486 0.272727
vt 0.486486 0.363636
vt 0.486486 0.454545
vt 0.486486 0.545455
vt 0.486486 0.636364
vt 0.486486 0.727273
vt 0.486486 0.818182
vt 0.486486 0.909091
vt 0.486486 1.000000
vt 0.513514 0.090909
vt 0.513514 0.000000
vt 0.513514 0.181818
vt 0.513514 0.272727
vt 0.513514 0.363636
vt 0.513514 0.454545
vt 0.513514 0.545455
vt 0.513514 0.636364
vt 0.513514 0.727273
vt 0.513514 0.818182
vt 0.513514 0.909091
vt 0.513514 1.000000
vt 0.540541 0.090909
vt 0.540541 0.000000
vt 0.540541 0.181818
vt 0.540541 0.272727
vt 0.540541 0.363636
vt 0.540541 0.454545
vt 0.540541 0.545455
vt 0.540541 0.636364
vt 0.540541 0.727273
vt 0.540541 0.818182
vt 0.540541 0.909091
vt 0.540541 1.000000
vt 0.567568 0.090909
vt 0.567568 0.000000
vt 0.567568 0.181818
vt 0.567568 0.272727
vt 0.567568 0.363636
vt 0.567568 0.454545
vt 0.567568 0.545455
vt 0.567568 0.636364
vt 0.567568 0.727273
vt 0.567568 0.818182
vt 0.567568 0.909091
vt 0.567568 1.000000
vt 0.594595 0.090909
vt 0.594595 0.000000
vt 0.594595 0.181818
vt 0.594595 0.272727
vt 0.594595 0.363636
vt 0.594595 0.454545
vt 0.594595 0.545455
vt 0.594595 0.636364
vt 0.594595 0.727273
vt 0.594595 0.818182
vt 0.594595 0.909091
vt 0.594595 1.000000
vt 0.621622 0.090909
vt 0.621622 0.000000
vt 0.621622 0.181818
vt 0.621622 0.272727
vt 0.621622 0.363636
vt 0.621622 0.454545
vt 0.621622 0.545455
vt 0.621622 0.636364
vt 0.621622 0.727273
vt 0.621622 0.818182
vt 0.621622 0.909091
vt 0.621622 1.000000
vt 0.648649 0.090909
vt 0.648649 0.000000
vt 0.648649 0.181818
vt 0.648649 0.272727
vt 0.648649 0.363636
vt 0.648649 0.454545
vt 0.648649 0.545455
vt 0.648649 0.636364
vt 0.648649 0.727273
vt 0.648649 0.818182
vt 0.648649 0.909091
vt 0.648649 1.000000
vt 0.675676 0.090909
vt 0.675676 0.000000
vt 0.675676 0.181818
vt 0.675676 0.272727
vt 0.675676 0.363636
vt 0.675676 0.454545
vt 0.675676 0.545455
vt 0.675676 0.636364
vt 0.675676 0.727273
vt 0.675676 0.818182
vt 0.675676 0.909091
vt 0.675676 1.000000
vt 0.702703 0.090909
vt 0.702703 0.000000
vt 0.702703 0.181818
vt 0.702703 0.272727
vt 0.702703 0.363636
vt 0.702703 0.454545
vt 0.702703 0.545455
vt 0.702703 0.636364
vt 0.702703 0.727273
vt 0.702703 0.818182
vt 0.702703 0.909091
vt 0.702703 1.000000
vt 0.729730 0.090909
vt 0.729730 0.000000
vt 0.729730 0.181818
vt 0.729730 0.272727
vt 0.729730 0.363636
vt 0.729730 0.454545
vt 0.729730 0.545455
vt 0.729730 0.636364
vt 0.729730 0.727273
vt 0.729730 0.818182
vt 0.729730 0.909091
vt 0.729730 1.000000
vt 0.756757 0.090909
vt 0.756757 0.000000
vt 0.756757 0.181818
vt 0.756757 0.272727
vt 0.756757 0.363636
vt 0.756757 0.454545
vt 0.756757 0.545455
vt 0.756757 0.636364
vt 0.756757 0.727273
vt 0.756757 0.818182
vt 0.756757 0.909091
vt 0.756757 1.000000
vt 0.783784 0.090909
vt 0.783784 0.000000
vt 0.783784 0.181818
vt 0.783784 0.272727
vt 0.783784 0.363636
vt 0.783784 0.454545
vt 0.783784 0.545455
vt 0.783784 0.636364
vt 0.783784 0.727273
vt 0.783784 0.818182
vt 0.783784 0.909091
vt 0.783784 1.000000
vt 0.810811 0.090909
vt 0.810811 0.000000
vt 0.810811 0.181818
vt 0.810811 0.272727
vt 0.810811 0.363636
vt 0.810811 0.454545
vt 0.810811 0.545455
vt 0.810811 0.636364
vt 0.810811 0.727273
vt 0.810811 0.818182
vt 0.810811 0.909091
vt 0.810811 1.000000
vt 0.837838 0.090909
vt 0.837838 0.000000
vt 0.837838 0.181818
vt 0.837838 0.272727
vt 0.837838 0.363636
vt 0.837838 0.454545
vt 0.837838 0.545455
vt 0.837838 0.636364
vt 0.837838 0.727273
vt 0.837838 0.818182
vt 0.837838 0.909091
vt 0.837838 1.000000
vt 0.864865 0.090909
vt 0.864865 0.000000
vt 0.864865 0.181818
vt 0.864865 0.272727
vt 0.864865 0.363636
vt 0.864865 0.454545
vt 0.864865 0.545455
vt 0.864865 0.636364
vt 0.864865 0.727273
vt 0.864865 0.818182
vt 0.864865 0.909091
vt 0.864865 1.000000
vt 0.891892 0.090909
vt 0.891892 0.000000
vt 0.891892 0.181818
vt 0.891892 0.272727
vt 0.891892 0.363636
vt 0.891892 0.454545
vt 0.891892 0.545455
vt 0.891892 0.636364
vt 0.891892 0.727273
vt 0.891892 0.818182
vt 0.891892 0.909091
vt 0.891892 1.000000
vt 0.918919 0.090909
vt 0.918919 0.000000
vt 0.918919 0.181818
vt 0.918919 0.272727
vt 0.918919 0.363636
vt 0.918919 0.454545
vt 0.918919 0.545455
vt 0.918919 0.636364
vt 0.918919 0.727273
vt 0.918919 0.818182
vt 0.918919 0.909091
vt 0.918919 1.000000
vt 0.945946 0.090909
vt 0.945946 0.000000
vt 0.945946 0.181818
vt 0.945946 0.272727
vt 0.945946 0.363636
vt 0.945946 0.454545
vt 0.945946 0.545455
vt 0.945946 0.636364
vt 0.945946 0.727273
vt 0.945946 0.818182
vt 0.945946 0.909091
vt 0.945946 1.000000
vt 0.972973 0.090909
vt 0.972973 0.000000
vt 0.972973 0.181818
vt 0.972973 0.272727
vt 0.972973 0.363636
vt 0.972973 0.454545
vt 0.972973 0.545455
vt 0.972973 0.636364
vt 0.972973 0.727273
vt 0.972973 0.818182
vt 0.972973 0.909091
vt 0.972973 1.000000
vt 0.066667 0.090909
vt 0.066667 0.000000
vt 0.066667 0.181818
vt 0.066667 0.272727
vt 0.066667 0.363636
vt 0.066667 0.454545
vt 0.066667 0.545455
vt 0.066667 0.636364
vt 0.066667 0.727273
vt 0.066667 0.818182
vt 0.066667 0.909091
vt 0.066667 1.000000
vt 0.133333 0.090909
vt 0.133333 0.000000
vt 0.133333 0.181818
vt 0.133333 0.272727
vt 0.133333 0.363636
vt 0.133333 0.454545
vt 0.133333 0.545455
vt 0.133333 0.636364
vt 0.133333 0.727273
vt 0.133333 0.818182
vt 0.133333 0.909091
vt 0.133333 1.000000
vt 0.200000 0.090909
vt 0.200000 0.181818
vt 0.200000 0.272727
vt 0.200000 0.363636
vt 0.200000 0.454545
vt 0.200000 0.545455
vt 0.200000 0.636364
vt 0.200000 0.727273
vt 0.200000 0.818182
vt 0.200000 0.909091
vt 0.200000 1.000000
vt 0.266667 0.090909
vt 0.266667 0.000000
vt 0.266667 0.181818
vt 0.266667 0.272727
vt 0.266667 0.363636
vt 0.266667 0.454545
vt 0.266667 0.545455
vt 0.266667 0.636364
vt 0.266667 0.727273
vt 0.266667 0.818182
vt 0.266667 0.909091
vt 0.266667 1.000000
vt 0.400000 0.090909
vt 0.400000 0.181818
vt 0.400000 0.272727
vt 0.400000 0.363636
vt 0.400000 0.454545
vt 0.400000 0.545455
vt 0.400000 0.636364
vt 0.400000 0.727273
vt 0.400000 0.818182
vt 0.400000 0.909091
vt 0.400000 1.000000
vt 0.466667 0.090909
vt 0.466667 0.000000
vt 0.466667 0.181818
vt 0.466667 0.272727
vt 0.466667 0.363636
vt 0.466667 0.454545
vt 0.466667 0.545455
vt 0.466667 0.636364
vt 0.466667 0.727273
vt 0.466667 0.818182
vt 0.466667 0.909091
vt 0.466667 1.000000
vt 0.533333 0.090909
vt 0.533333 0.000000
vt 0.533333 0.181818
vt 0.533333 0.272727
vt 0.533333 0.363636
vt 0.533333 0.454545
vt 0.533333 0.545455
vt 0.533333 0.636364
vt 0.533333 0.727273
vt 0.533333 0.818182
vt 0.533333 0.909091
vt 0.533333 1.000000
vt 0.600000 0.090909
vt 0.600000 0.181818
vt 0.600000 0.272727
vt 0.600000 0.363636
vt 0.600000 0.454545
vt 0.600000 0.545455
vt 0.600000 0.636364
vt 0.600000 0.727273
vt 0.600000 0.818182
vt 0.600000 0.909091
vt 0.600000 1.000000
vt 0.733333 0.090909
vt 0.733333 0.000000
vt 0.733333 0.181818
vt 0.733333 0.272727
vt 0.733333 0.363636
vt 0.733333 0.454545
vt 0.733333 0.545455
vt 0.733333 0.636364
vt 0.733333 0.727273
vt 0.733333 0.818182
vt 0.733333 0.909091
vt 0.733333 1.000000
vt 0.800000 0.090909
vt 0.800000 0.181818
vt 0.800000 0.272727
vt 0.800000 0.363636
vt 0.800000 0.454545
vt 0.800000 0.545455
vt 0.800000 0.636364
vt 0.800000 0.727273
vt 0.800000 0.818182
vt 0.800000 0.909091
vt 0.800000 1.000000
vt 0.866667 0.090909
vt 0.866667 0.000000
vt 0.866667 0.181818
vt 0.866667 0.272727
vt 0.866667 0.363636
vt 0.866667 0.454545
vt 0.866667 0.545455
vt 0.866667 0.636364
vt 0.866667 0.727273
vt 0.866667 0.818182
vt 0.866667 0.909091
vt 0.866667 1.000000
vt 0.933333 0.090909
vt 0.933333 0.000000
vt 0.933333 0.181818
vt 0.933333 0.272727
vt 0.933333 0.363636
vt 0.933333 0.454545
vt 0.933333 0.545455
vt 0.933333 0.636364
vt 0.933333 0.727273
vt 0.933333 0.818182
vt 0.933333 0.909091
vt 0.933333 1.000000
vt 0.017544 0.090909
vt 0.017544 0.000000
vt 0.017544 0.181818
vt 0.017544 0.272727
vt 0.017544 0.363636
vt 0.017544 0.454545
vt 0.017544 0.545455
vt 0.017544 0.636364
vt 0.017544 0.727273
vt 0.017544 0.818182
vt 0.017544 0.909091
vt 0.017544 1.000000
vt 0.035088 0.090909
vt 0.035088 0.000000
vt 0.035088 0.181818
vt 0.035088 0.272727
vt 0.035088 0.363636
vt 0.035088 0.454545
vt 0.035088 0.545455
vt 0.035088 0.636364
vt 0.035088 0.727273
vt 0.035088 0.818182
vt 0.035088 0.909091
vt 0.035088 1.000000
vt 0.052632 0.090909
vt 0.052632 0.181818
vt 0.052632 0.272727
vt 0.052632 0.363636
vt 0.052632 0.454545
vt 0.052632 0.545455
vt 0.052632 0.636364
vt 0.052632 0.727273
vt 0.052632 0.818182
vt 0.052632 0.909091
vt 0.052632 1.000000
vt 0.070175 0.090909
vt 0.070175 0.000000
vt 0.070175 0.181818
vt 0.070175 0.272727
vt 0.070175 0.363636
vt 0.070175 0.454545
vt 0.070175 0.545455
vt 0.070175 0.636364
vt 0.070175 0.727273
vt 0.070175 0.818182
vt 0.070175 0.909091
vt 0.070175 1.000000
vt 0.087719 0.090909
vt 0.087719 0.000000
vt 0.087719 0.181818
vt 0.087719 0.272727
vt 0.087719 0.363636
vt 0.087719 0.454545
vt 0.087719 0.545455
vt 0.087719 0.636364
vt 0.087719 0.727273
vt 0.087719 0.818182
vt 0.087719 0.909091
vt 0.087719 1.000000
vt 0.105263 0.090909
vt 0.105263 0.181818
vt 0.105263 0.272727
vt 0.105263 0.363636
vt 0.105263 0.454545
vt 0.105263 0.545455
vt 0.105263 0.636364
vt 0.105263 0.727273
vt 0.105263 0.818182
vt 0.105263 0.909091
vt 0.105263 1.000000
vt 0.122807 0.090909
vt 0.122807 0.000000
vt 0.122807 0.181818
vt 0.122807 0.272727
vt 0.122807 0.363636
vt 0.122807 0.454545
vt 0.122807 0.545455
vt 0.122807 0.636364
vt 0.122807 0.727273
vt 0.122807 0.818182
vt 0.122807 0.909091
vt 0.122807 1.000000
vt 0.140351 0.090909
vt 0.140351 0.000000
vt 0.140351 0.181818
vt 0.140351 0.272727
vt 0.140351 0.363636
vt 0.140351 0.454545
vt 0.140351 0.545455
vt 0.140351 0.636364
vt 0.140351 0.727273
vt 0.140351 0.818182
vt 0.140351 0.909091
vt 0.140351 1.000000
vt 0.157895 0.090909
vt 0.157895 0.181818
vt 0.157895 0.272727
vt 0.157895 0.363636
vt 0.157895 0.454545
vt 0.157895 0.545455
vt 0.157895 0.636364
vt 0.157895 0.727273
vt 0.157895 0.818182
vt 0.157895 0.909091
vt 0.157895 1.000000
vt 0.175439 0.090909
vt 0.175439 0.000000
vt 0.175439 0.181818
vt 0.175439 0.272727
vt 0.175439 0.363636
vt 0.175439 0.454545
vt 0.175439 0.545455
vt 0.175439 0.636364
vt 0.175439 0.727273
vt 0.175439 0.818182
vt 0.175439 0.909091
vt 0.175439 1.000000
vt 0.192982 0.090909
vt 0.192982 0.000000
vt 0.192982 0.181818
vt 0.192982 0.272727
vt 0.192982 0.363636
vt 0.192982 0.454545
vt 0.192982 0.545455
vt 0.192982 0.636364
vt 0.192982 0.727273
vt 0.192982 0.818182
vt 0.192982 0.909091
vt 0.192982 1.000000
vt 0.210526 0.090909
vt 0.210526 0.181818
vt 0.210526 0.272727
vt 0.210526 0.363636
vt 0.210526 0.454545
vt 0.210526 0.545455
vt 0.210526 0.636364
vt 0.210526 0.727273
vt 0.210526 0.818182
vt 0.210526 0.909091
vt 0.210526 1.000000
vt 0.228070 0.090909
vt 0.228070 0.000000
vt 0.228070 0.181818
vt 0.228070 0.272727
vt 0.228070 0.363636
vt 0.228070 0.454545
vt 0.228070 0.545455
vt 0.228070 0.636364
vt 0.228070 0.727273
vt 0.228070 0.818182
vt 0.228070 0.909091
vt 0.228070 1.000000
vt 0.245614 0.090909
vt 0.245614 0.000000
vt 0.245614 0.181818
vt 0.245614 0.272727
vt 0.245614 0.363636
vt 0.245614 0.454545
vt 0.245614 0.545455
vt 0.245614 0.636364
vt 0.245614 0.727273
vt 0.245614 0.818182
vt 0.245614 0.909091
vt 0.245614 1.000000
vt 0.263158 0.090909
vt 0.263158 0.181818
vt 0.263158 0.272727
vt 0.263158 0.363636
vt 0.263158 0.454545
vt 0.263158 0.545455
vt 0.263158 0.636364
vt 0.263158 0.727273
vt 0.263158 0.818182
vt 0.263158 0.909091
vt 0.263158 1.000000
vt 0.280702 0.090909
vt 0.280702 0.000000
vt 0.280702 0.181818
vt 0.280702 0.272727
vt 0.280702 0.363636
vt 0.280702 0.454545
vt 0.280702 0.545455
vt 0.280702 0.636364
vt 0.280702 0.727273
vt 0.280702 0.818182
vt 0.280702 0.909091
vt 0.280702 1.000000
vt 0.298246 0.090909
vt 0.298246 0.000000
vt 0.298246 0.181818
vt 0.298246 0.272727
vt 0.298246 0.363636
vt 0.298246 0.454545
vt 0.298246 0.545455
vt 0.298246 0.636364
vt 0.298246 0.727273
vt 0.298246 0.818182
vt 0.298246 0.909091
vt 0.298246 1.000000
vt 0.315789 0.090909
vt 0.315789 0.181818
vt 0.315789 0.272727
vt 0.315789 0.363636
vt 0.315789 0.454545
vt 0.315789 0.545455
vt 0.315789 0.636364
vt 0.315789 0.727273
vt 0.315789 0.818182
vt 0.315789 0.909091
vt 0.315789 1.000000
vt 0.350877 0.090909
vt 0.350877 0.000000
vt 0.350877 0.181818
vt 0.350877 0.272727
vt 0.350877 0.363636
vt 0.350877 0.454545
vt 0.350877 0.545455
vt 0.350877 0.636364
vt 0.350877 0.727273
vt 0.350877 0.818182
vt 0.350877 0.909091
vt 0.350877 1.000000
vt 0.368421 0.090909
vt 0.368421 0.181818
vt 0.368421 0.272727
vt 0.368421 0.363636
vt 0.368421 0.454545
vt 0.368421 0.545455
vt 0.368421 0.636364
vt 0.368421 0.727273
vt 0.368421 0.818182
vt 0.368421 0.909091
vt 0.368421 1.000000
vt 0.385965 0.090909
vt 0.385965 0.000000
vt 0.385965 0.181818
vt 0.385965 0.272727
vt 0.385965 0.363636
vt 0.385965 0.454545
vt 0.385965 0.545455
vt 0.385965 0.636364
vt 0.385965 0.727273
vt 0.385965 0.818182
vt 0.385965 0.909091
vt 0.385965 1.000000
vt 0.403509 0.090909
vt 0.403509 0.000000
vt 0.403509 0.181818
vt 0.403509 0.272727
vt 0.403509 0.363636
vt 0.403509 0.454545
vt 0.403509 0.545455
vt 0.403509 0.636364
vt 0.403509 0.727273
vt 0.403509 0.818182
vt 0.403509 0.909091
vt 0.403509 1.000000
vt 0.421053 0.090909
vt 0.421053 0.181818
vt 0.421053 0.272727
vt 0.421053 0.363636
vt 0.421053 0.454545
vt 0.421053 0.545455
vt 0.421053 0.636364
vt 0.421053 0.727273
vt 0.421053 0.818182
vt 0.421053 0.909091
vt 0.421053 1.000000
vt 0.438596 0.090909
vt 0.438596 0.000000
vt 0.438596 0.181818
vt 0.438596 0.272727
vt 0.438596 0.363636
vt 0.438596 0.454545
vt 0.438596 0.545455
vt 0.438596 0.636364
vt 0.438596 0.727273
vt 0.438596 0.818182
vt 0.438596 0.909091
vt 0.438596 1.000000
vt 0.456140 0.090909
vt 0.456140 0.000000
vt 0.456140 0.181818
vt 0.456140 0.272727
vt 0.456140 0.363636
vt 0.456140 0.454545
vt 0.456140 0.545455
vt 0.456140 0.636364
vt 0.456140 0.727273
vt 0.456140 0.818182
vt 0.456140 0.909091
vt 0.456140 1.000000
vt 0.473684 0.090909
vt 0.473684 0.181818
vt 0.473684 0.272727
vt 0.473684 0.363636
vt 0.473684 0.454545
vt 0.473684 0.545455
vt 0.473684 0.636364
vt 0.473684 0.727273
vt 0.473684 0.818182
vt 0.473684 0.909091
vt 0.473684 1.000000
vt 0.491228 0.090909
vt 0.491228 0.000000
vt 0.491228 0.181818
vt 0.491228 0.272727
vt 0.491228 0.363636
vt 0.491228 0.454545
vt 0.491228 0.545455
vt 0.491228 0.636364
vt 0.491228 0.727273
vt 0.491228 0.818182
vt 0.491228 0.909091
vt 0.491228 1.000000
vt 0.508772 0.090909
vt 0.508772 0.000000
vt 0.508772 0.181818
vt 0.508772 0.272727
vt 0.508772 0.363636
vt 0.508772 0.454545
vt 0.508772 0.545455
vt 0.508772 0.636364
vt 0.508772 0.727273
vt 0.508772 0.818182
vt 0.508772 0.909091
vt 0.508772 1.000000
vt 0.526316 0.090909
vt 0.526316 0.181818
vt 0.526316 0.272727
vt 0.526316 0.363636
vt 0.526316 0.454545
vt 0.526316 0.545455
vt 0.526316 0.636364
vt 0.526316 0.727273
vt 0.526316 0.818182
vt 0.526316 0.909091
vt 0.526316 1.000000
vt 0.543860 0.090909
vt 0.543860 0.000000
vt 0.543860 0.181818
vt 0.543860 0.272727
vt 0.543860 0.363636
vt 0.543860 0.454545
vt 0.543860 0.545455
vt 0.543860 0.636364
vt 0.543860 0.727273
vt 0.543860 0.818182
vt 0.543860 0.909091
vt 0.543860 1.000000
vt 0.561404 0.090909
vt 0.561404 0.000000
vt 0.561404 0.181818
vt 0.561404 0.272727
vt 0.561404 0.363636
vt 0.561404 0.454545
vt 0.561404 0.545455
vt 0.561404 0.636364
vt 0.561404 0.727273
vt 0.561404 0.818182
vt 0.561404 0.909091
vt 0.561404 1.000000
vt 0.578947 0.090909
vt 0.578947 0.181818
vt 0.578947 0.272727
vt 0.578947 0.363636
vt 0.578947 0.454545
vt 0.578947 0.545455
vt 0.578947 0.636364
vt 0.578947 0.727273
vt 0.578947 0.818182
vt 0.578947 0.909091
vt 0.578947 1.000000
vt 0.596491 0.090909
vt 0.596491 0.000000
vt 0.596491 0.181818
vt 0.596491 0.272727
vt 0.596491 0.363636
vt 0.596491 0.454545
vt 0.596491 0.545455
vt 0.596491 0.636364
vt 0.596491 0.727273
vt 0.596491 0.818182
vt 0.596491 0.909091
vt 0.596491 1.000000
vt 0.614035 0.090909
vt 0.614035 0.000000
vt 0.614035 0.181818
vt 0.614035 0.272727
vt 0.614035 0.363636
vt 0.614035 0.454545
vt 0.614035 0.545455
vt 0.614035 0.636364
vt 0.614035 0.727273
vt 0.614035 0.818182
vt 0.614035 0.909091
vt 0.614035 1.000000
vt 0.631579 0.090909
vt 0.631579 0.181818
vt 0.631579 0.272727
vt 0.631579 0.363636
vt 0.631579 0.454545
vt 0.631579 0.545455
vt 0.631579 0.636364
vt 0.631579 0.727273
vt 0.631579 0.818182
vt 0.631579 0.909091
vt 0.631579 1.000000
vt 0.649123 0.090909
vt 0.649123 0.000000
vt 0.649123 0.181818
vt 0.649123 0.272727
vt 0.649123 0.363636
vt 0.649123 0.454545
vt 0.649123 0.545455
vt 0.649123 0.636364
vt 0.649123 0.727273
vt 0.649123 0.818182
vt 0.649123 0.909091
vt 0.649123 1.000000
vt 0.684211 0.090909
vt 0.684211 0.181818
vt 0.684211 0.272727
vt 0.684211 0.363636
vt 0.684211 0.454545
vt 0.684211 0.545455
vt 0.684211 0.636364
vt 0.684211 0.727273
vt 0.684211 0.818182
vt 0.684211 0.909091
vt 0.684211 1.000000
vt 0.701754 0.090909
vt 0.701754 0.000000
vt 0.701754 0.181818
vt 0.701754 0.272727
vt 0.701754 0.363636
vt 0.701754 0.454545
vt 0.701754 0.545455
vt 0.701754 0.636364
vt 0.701754 0.727273
vt 0.701754 0.818182
vt 0.701754 0.909091
vt 0.701754 1.000000
vt 0.719298 0.090909
vt 0.719298 0.000000
vt 0.719298 0.181818
vt 0.719298 0.272727
vt 0.719298 0.363636
vt 0.719298 0.454545
vt 0.719298 0.545455
vt 0.719298 0.636364
vt 0.719298 0.727273
vt 0.719298 0.818182
vt 0.719298 0.909091
vt 0.719298 1.000000
vt 0.736842 0.090909
vt 0.736842 0.181818
vt 0.736842 0.272727
vt 0.736842 0.363636
vt 0.736842 0.454545
vt 0.736842 0.545455
vt 0.736842 0.636364
vt 0.736842 0.727273
vt 0.736842 0.818182
vt 0.736842 0.909091
vt 0.736842 1.000000
vt 0.754386 0.090909
vt 0.754386 0.000000
vt 0.754386 0.181818
vt 0.754386 0.272727
vt 0.754386 0.363636
vt 0.754386 0.454545
vt 0.754386 0.545455
vt 0.754386 0.636364
vt 0.754386 0.727273
vt 0.754386 0.818182
vt 0.754386 0.909091
vt 0.754386 1.000000
vt 0.771930 0.090909
vt 0.771930 0.000000
vt 0.771930 0.181818
vt 0.771930 0.272727
vt 0.771930 0.363636
vt 0.771930 0.454545
vt 0.771930 0.545455
vt 0.771930 0.636364
vt 0.771930 0.727273
vt 0.771930 0.818182
vt 0.771930 0.909091
vt 0.771930 1.000000
vt 0.789474 0.090909
vt 0.789474 0.181818
vt 0.789474 0.272727
vt 0.789474 0.363636
vt 0.789474 0.454545
vt 0.789474 0.545455
vt 0.789474 0.636364
vt 0.789474 0.727273
vt 0.789474 0.818182
vt 0.789474 0.909091
vt 0.789474 1.000000
vt 0.807018 0.090909
vt 0.807018 0.000000
vt 0.807018 0.181818
vt 0.807018 0.272727
vt 0.807018 0.363636
vt 0.807018 0.454545
vt 0.807018 0.545455
vt 0.807018 0.636364
vt 0.807018 0.727273
vt 0.807018 0.818182
vt 0.807018 0.909091
vt 0.807018 1.000000
vt 0.824561 0.090909
vt 0.824561 0.000000
vt 0.824561 0.181818
vt 0.824561 0.272727
vt 0.824561 0.363636
vt 0.824561 0.454545
vt 0.824561 0.545455
vt 0.824561 0.636364
vt 0.824561 0.727273
vt 0.824561 0.818182
vt 0.824561 0.909091
vt 0.824561 1.000000
vt 0.842105 0.090909
vt 0.842105 0.181818
vt 0.842105 0.272727
vt 0.842105 0.363636
vt 0.842105 0.454545
vt 0.842105 0.545455
vt 0.842105 0.636364
vt 0.842105 0.727273
vt 0.842105 0.818182
vt 0.842105 0.909091
vt 0.842105 1.000000
vt 0.859649 0.090909
vt 0.859649 0.000000
vt 0.859649 0.181818
vt 0.859649 0.272727
vt 0.859649 0.363636
vt 0.859649 0.454545
vt 0.859649 0.545455
vt 0.859649 0.636364
vt 0.859649 0.727273
vt 0.859649 0.818182
vt 0.859649 0.909091
vt 0.859649 1.000000
vt 0.877193 0.090909
vt 0.877193 0.000000
vt 0.877193 0.181818
vt 0.877193 0.272727
vt 0.877193 0.363636
vt 0.877193 0.454545
vt 0.877193 0.545455
vt 0.877193 0.636364
vt 0.877193 0.727273
vt 0.877193 0.818182
vt 0.877193 0.909091
vt 0.877193 1.000000
vt 0.894737 0.090909
vt 0.894737 0.181818
vt 0.894737 0.272727
vt 0.894737 0.363636
vt 0.894737 0.454545
vt 0.894737 0.545455
vt 0.894737 0.636364
vt 0.894737 0.727273
vt 0.894737 0.818182
vt 0.894737 0.909091
vt 0.894737 1.000000
vt 0.912281 0.090909
vt 0.912281 0.000000
vt 0.912281 0.181818
vt 0.912281 0.272727
vt 0.912281 0.363636
vt 0.912281 0.454545
vt 0.912281 0.545455
vt 0.912281 0.636364
vt 0.912281 0.727273
vt 0.912281 0.818182
vt 0.912281 0.909091
vt 0.912281 1.000000
vt 0.929825 0.090909
vt 0.929825 0.000000
vt 0.929825 0.181818
vt 0.929825 0.272727
vt 0.929825 0.363636
vt 0.929825 0.454545
vt 0.929825 0.545455
vt 0.929825 0.636364
vt 0.929825 0.727273
vt 0.929825 0.818182
vt 0.929825 0.909091
vt 0.929825 1.000000
vt 0.947368 0.090909
vt 0.947368 0.181818
vt 0.947368 0.272727
vt 0.947368 0.363636
vt 0.947368 0.454545
vt 0.947368 0.545455
vt 0.947368 0.636364
vt 0.947368 0.727273
vt 0.947368 0.818182
vt 0.947368 0.909091
vt 0.947368 1.000000
vt 0.964912 0.090909
vt 0.964912 0.000000
vt 0.964912 0.181818
vt 0.964912 0.272727
vt 0.964912 0.363636
vt 0.964912 0.454545
vt 0.964912 0.545455
vt 0.964912 0.636364
vt 0.964912 0.727273
vt 0.964912 0.818182
vt 0.964912 0.909091
vt 0.964912 1.000000
vt 0.982456 0.090909
vt 0.982456 0.000000
vt 0.982456 0.181818
vt 0.982456 0.272727
vt 0.982456 0.363636
vt 0.982456 0.454545
vt 0.982456 0.545455
vt 0.982456 0.636364
vt 0.982456 0.727273
vt 0.982456 0.818182
vt 0.982456 0.909091
vt 0.982456 1.000000
s 0
f 12/1/1 14/2/1 13/3/1
f 11/4/1 14/2/1 12/1/1
f 11/4/1 15/5/1 14/2/1
f 10/6/1 15/5/1 11/4/1
f 9/7/1 15/5/1 10/6/1
f 9/7/1 16/8/1 15/5/1
f 8/9/1 16/8/1 9/7/1
f 54/10/1 56/11/1 55/12/1
f 54/10/1 57/13/1 56/11/1
f 8/9/1 17/14/1 16/8/1
f 7/15/1 17/14/1 8/9/1
f 6/16/1 17/14/1 7/15/1
f 6/16/1 18/17/1 17/14/1
f 5/18/1 18/17/1 6/16/1
f 5/18/1 19/19/1 18/17/1
f 4/20/1 19/19/1 5/18/1
f 3/21/1 19/19/1 4/20/1
f 3/21/1 20/22/1 19/19/1
f 2/23/1 20/22/1 3/21/1
f 1/24/1 20/22/1 2/23/1
f 1/24/1 40/25/1 20/22/1
f 40/25/1 21/26/1 20/22/1
f 54/10/1 1/24/1 57/13/1
f 54/10/1 52/27/1 1/24/1
f 52/27/1 51/28/1 1/24/1
f 51/28/1 50/29/1 1/24/1
f 50/29/1 49/30/1 1/24/1
f 49/30/1 48/31/1 1/24/1
f 48/31/1 47/32/1 1/24/1
f 47/32/1 46/33/1 1/24/1
f 46/33/1 45/34/1 1/24/1
f 45/34/1 44/35/1 1/24/1
f 44/35/1 43/36/1 1/24/1
f 43/36/1 42/37/1 1/24/1
f 42/37/1 41/38/1 1/24/1
f 41/38/1 40/25/1 1/24/1
f 39/39/1 21/26/1 40/25/1
f 38/40/1 21/26/1 39/39/1
f 37/41/1 21/26/1 38/40/1
f 36/42/1 21/26/1 37/41/1
f 36/42/1 22/43/1 21/26/1
f 35/44/1 22/43/1 36/42/1
f 34/45/1 22/43/1 35/44/1
f 33/46/1 22/43/1 34/45/1
f 33/46/1 23/47/1 22/43/1
f 32/48/1 23/47/1 33/46/1
f 31/49/1 23/47/1 32/48/1
f 31/49/1 24/50/1 23/47/1
f 30/51/1 24/50/1 31/49/1
f 54/10/1 53/52/1 52/27/1
f 29/53/1 24/50/1 30/51/1
f 29/53/1 25/54/1 24/50/1
f 28/55/1 25/54/1 29/53/1
f 27/56/1 25/54/1 28/55/1
f 27/56/1 26/57/1 25/54/1
f 155/58/1 157/59/1 156/60/1
f 154/61/1 157/59/1 155/58/1
f 154/61/1 158/62/1 157/59/1
f 153/63/1 158/62/1 154/61/1
f 152/64/1 158/62/1 153/63/1
f 152/64/1 159/65/1 158/62/1
f 151/66/1 159/65/1 152/64/1
f 151/66/1 160/67/1 159/65/1
f 150/68/1 160/67/1 151/66/1
f 149/69/1 160/67/1 150/68/1
f 149/69/1 161/70/1 160/67/1
f 148/71/1 161/70/1 149/69/1
f 148/71/1 162/72/1 161/70/1
f 147/73/1 162/72/1 148/71/1
f 146/74/1 162/72/1 147/73/1
f 146/74/1 163/75/1 162/72/1
f 145/76/1 163/75/1 146/74/1
f 145/76/1 164/77/1 163/75/1
f 144/78/1 164/77/1 145/76/1
f 143/79/1 142/80/1 144/78/1
f 142/80/1 141/81/1 144/78/1
f 141/81/1 140/82/1 144/78/1
f 140/82/1 139/83/1 144/78/1
f 139/83/1 138/84/1 144/78/1
f 138/84/1 137/85/1 144/78/1
f 137/85/1 136/86/1 144/78/1
f 136/86/1 135/87/1 144/78/1
f 135/87/1 134/88/1 144/78/1
f 134/88/1 133/89/1 144/78/1
f 133/89/1 164/77/1 144/78/1
f 133/89/1 132/90/1 164/77/1
f 132/90/1 131/91/1 164/77/1
f 131/91/1 165/92/1 164/77/1
f 131/91/1 130/93/1 165/92/1
f 130/93/1 166/94/1 165/92/1
f 129/95/1 166/94/1 130/93/1
f 128/96/1 166/94/1 129/95/1
f 127/97/1 166/94/1 128/96/1
f 126/98/1 166/94/1 127/97/1
f 125/99/1 166/94/1 126/98/1
f 125/99/1 167/100/1 166/94/1
f 124/101/1 167/100/1 125/99/1
f 123/102/1 167/100/1 124/101/1
f 122/103/1 167/100/1 123/102/1
f 122/103/1 168/104/1 167/100/1
f 121/105/1 168/104/1 122/103/1
f 120/106/1 168/104/1 121/105/1
f 120/106/1 169/107/1 168/104/1
f 119/108/1 169/107/1 120/106/1
f 118/109/1 169/107/1 119/108/1
f 117/110/1 231/13/1 118/109/1
f 231/13/1 169/107/1 118/109/1
f 116/111/1 231/13/1 117/110/1
f 115/112/1 231/13/1 116/111/1
f 114/113/1 231/13/1 115/112/1
f 113/114/1 231/13/1 114/113/1
f 113/114/1 195/115/1 231/13/1
f 230/116/1 169/107/1 231/13/1
f 113/114/1 196/117/1 195/115/1
f 112/118/1 196/117/1 113/114/1
f 112/118/1 197/119/1 196/117/1
f 111/120/1 197/119/1 112/118/1
f 111/120/1 198/121/1 197/119/1
f 110/122/1 198/121/1 111/120/1
f 110/122/1 199/123/1 198/121/1
f 110/122/1 200/124/1 199/123/1
f 109/125/1 200/124/1 110/122/1
f 109/125/1 201/126/1 200/124/1
f 108/127/1 201/126/1 109/125/1
f 108/127/1 202/128/1 201/126/1
f 108/127/1 203/129/1 202/128/1
f 107/130/1 203/129/1 108/127/1
f 107/130/1 204/131/1 203/129/1
f 107/130/1 205/132/1 204/131/1
f 106/133/1 205/132/1 107/130/1
f 106/133/1 206/134/1 205/132/1
f 105/135/1 206/134/1 106/133/1
f 105/135/1 207/136/1 206/134/1
f 105/135/1 208/137/1 207/136/1
f 104/138/1 208/137/1 105/135/1
f 104/138/1 209/139/1 208/137/1
f 104/138/1 210/140/1 209/139/1
f 229/141/1 169/107/1 230/116/1
f 103/142/1 210/140/1 104/138/1
f 228/143/1 169/107/1 229/141/1
f 103/142/1 211/144/1 210/140/1
f 227/145/1 169/107/1 228/143/1
f 192/146/1 194/147/1 193/148/1
f 227/145/1 170/149/1 169/107/1
f 103/142/1 212/150/1 211/144/1
f 191/151/1 194/147/1 192/146/1
f 226/152/1 170/149/1 227/145/1
f 226/152/1 171/153/1 170/149/1
f 190/154/1 194/147/1 191/151/1
f 102/155/1 212/150/1 103/142/1
f 102/155/1 213/156/1 212/150/1
f 226/152/1 172/157/1 171/153/1
f 225/158/1 172/157/1 226/152/1
f 189/159/1 194/147/1 190/154/1
f 225/158/1 173/160/1 172/157/1
f 224/161/1 173/160/1 225/158/1
f 188/162/1 194/147/1 189/159/1
f 102/155/1 214/163/1 213/156/1
f 224/161/1 174/164/1 173/160/1
f 187/165/1 194/147/1 188/162/1
f 223/166/1 174/164/1 224/161/1
f 223/166/1 175/167/1 174/164/1
f 186/168/1 194/147/1 187/165/1
f 102/155/1 215/169/1 214/163/1
f 223/166/1 176/170/1 175/167/1
f 222/171/1 176/170/1 223/166/1
f 185/172/1 194/147/1 186/168/1
f 222/171/1 177/173/1 176/170/1
f 101/174/1 215/169/1 102/155/1
f 184/175/1 194/147/1 185/172/1
f 101/174/1 216/176/1 215/169/1
f 221/177/1 177/173/1 222/171/1
f 221/177/1 178/178/1 177/173/1
f 183/179/1 194/147/1 184/175/1
f 221/177/1 179/180/1 178/178/1
f 182/181/1 194/147/1 183/179/1
f 220/182/1 179/180/1 221/177/1
f 220/182/1 180/183/1 179/180/1
f 181/184/1 194/147/1 182/181/1
f 220/182/1 181/184/1 180/183/1
f 101/174/1 217/185/1 216/176/1
f 220/182/1 194/147/1 181/184/1
f 219/186/1 194/147/1 220/182/1
f 101/174/1 218/187/1 217/185/1
f 218/187/1 194/147/1 219/186/1
f 101/174/1 81/188/1 218/187/1
f 81/188/1 194/147/1 218/187/1
f 100/189/1 81/188/1 101/174/1
f 100/189/1 82/190/1 81/188/1
f 80/191/1 194/147/1 81/188/1
f 99/192/1 82/190/1 100/189/1
f 99/192/1 83/193/1 82/190/1
f 79/194/1 194/147/1 80/191/1
f 79/194/1 58/24/1 194/147/1
f 98/195/1 83/193/1 99/192/1
f 98/195/1 84/196/1 83/193/1
f 78/197/1 58/24/1 79/194/1
f 78/197/1 59/198/1 58/24/1
f 98/195/1 85/199/1 84/196/1
f 77/200/1 59/198/1 78/197/1
f 97/201/1 85/199/1 98/195/1
f 77/200/1 60/202/1 59/198/1
f 97/201/1 86/203/1 85/199/1
f 76/204/1 60/202/1 77/200/1
f 76/204/1 61/205/1 60/202/1
f 96/206/1 86/203/1 97/201/1
f 96/206/1 87/207/1 86/203/1
f 75/208/1 61/205/1 76/204/1
f 75/208/1 62/209/1 61/205/1
f 96/206/1 88/210/1 87/207/1
f 74/211/1 62/209/1 75/208/1
f 74/211/1 63/212/1 62/209/1
f 95/213/1 88/210/1 96/206/1
f 95/213/1 89/214/1 88/210/1
f 73/215/1 63/212/1 74/211/1
f 73/215/1 64/216/1 63/212/1
f 95/213/1 90/217/1 89/214/1
f 73/215/1 65/218/1 64/216/1
f 72/219/1 65/218/1 73/215/1
f 94/220/1 90/217/1 95/213/1
f 72/219/1 66/221/1 65/218/1
f 94/220/1 91/222/1 90/217/1
f 71/223/1 66/221/1 72/219/1
f 71/223/1 67/224/1 66/221/1
f 94/220/1 92/225/1 91/222/1
f 70/226/1 67/224/1 71/223/1
f 93/227/1 92/225/1 94/220/1
f 70/226/1 68/228/1 67/224/1
f 69/229/1 68/228/1 70/226/1
f 240/46/1 242/38/1 241/41/1
f 240/46/1 238/54/1 242/38/1
f 238/54/1 237/26/1 242/38/1
f 237/26/1 243/34/1 242/38/1
f 243/34/1 245/52/1 244/30/1
f 243/34/1 234/7/1 245/52/1
f 234/7/1 233/18/1 245/52/1
f 233/18/1 246/13/1 245/52/1
f 240/46/1 239/53/1 238/54/1
f 236/14/1 243/34/1 237/26/1
f 243/34/1 235/3/1 234/7/1
f 232/24/1 246/13/1 233/18/1
f 236/14/1 235/3/1 243/34/1
f 295/230/1 297/231/1 296/232/1
f 295/230/1 298/13/1 297/231/1
f 269/233/1 271/234/1 270/235/1
f 268/236/1 271/234/1 269/233/1
f 268/236/1 272/237/1 271/234/1
f 267/238/1 272/237/1 268/236/1
f 267/238/1 273/239/1 272/237/1
f 266/240/1 273/239/1 267/238/1
f 266/240/1 274/241/1 273/239/1
f 265/242/1 274/241/1 266/240/1
f 265/242/1 275/243/1 274/241/1
f 264/244/1 275/243/1 265/242/1
f 264/244/1 276/245/1 275/243/1
f 263/246/1 276/245/1 264/244/1
f 263/246/1 277/247/1 276/245/1
f 262/248/1 277/247/1 263/246/1
f 262/248/1 278/249/1 277/247/1
f 261/250/1 278/249/1 262/248/1
f 261/250/1 279/251/1 278/249/1
f 260/252/1 279/251/1 261/250/1
f 260/252/1 280/253/1 279/251/1
f 259/254/1 280/253/1 260/252/1
f 259/254/1 281/255/1 280/253/1
f 258/256/1 281/255/1 259/254/1
f 258/256/1 282/257/1 281/255/1
f 257/258/1 282/257/1 258/256/1
f 257/258/1 283/259/1 282/257/1
f 257/258/1 284/260/1 283/259/1
f 256/261/1 284/260/1 257/258/1
f 256/261/1 285/262/1 284/260/1
f 255/263/1 285/262/1 256/261/1
f 255/263/1 286/264/1 285/262/1
f 254/265/1 286/264/1 255/263/1
f 254/265/1 287/266/1 286/264/1
f 253/267/1 287/266/1 254/265/1
f 253/267/1 288/268/1 287/266/1
f 252/269/1 288/268/1 253/267/1
f 252/269/1 289/270/1 288/268/1
f 251/271/1 289/270/1 252/269/1
f 251/271/1 290/272/1 289/270/1
f 250/273/1 290/272/1 251/271/1
f 250/273/1 291/274/1 290/272/1
f 249/275/1 291/274/1 250/273/1
f 249/275/1 292/276/1 291/274/1
f 248/277/1 292/276/1 249/275/1
f 248/277/1 293/278/1 292/276/1
f 247/24/1 293/278/1 248/277/1
f 247/24/1 294/279/1 293/278/1
f 396/58/1 398/59/1 397/60/1
f 395/61/1 398/59/1 396/58/1
f 395/61/1 399/62/1 398/59/1
f 394/63/1 399/62/1 395/61/1
f 393/64/1 399/62/1 394/63/1
f 393/64/1 400/65/1 399/62/1
f 392/66/1 400/65/1 393/64/1
f 392/66/1 401/67/1 400/65/1
f 391/68/1 401/67/1 392/66/1
f 390/69/1 401/67/1 391/68/1
f 390/69/1 402/70/1 401/67/1
f 389/71/1 402/70/1 390/69/1
f 389/71/1 403/72/1 402/70/1
f 388/73/1 403/72/1 389/71/1
f 387/74/1 403/72/1 388/73/1
f 387/74/1 404/75/1 403/72/1
f 386/76/1 404/75/1 387/74/1
f 386/76/1 405/77/1 404/75/1
f 385/78/1 405/77/1 386/76/1
f 384/79/1 383/80/1 385/78/1
f 383/80/1 382/81/1 385/78/1
f 382/81/1 381/82/1 385/78/1
f 381/82/1 380/83/1 385/78/1
f 380/83/1 379/84/1 385/78/1
f 379/84/1 378/85/1 385/78/1
f 378/85/1 377/86/1 385/78/1
f 377/86/1 376/87/1 385/78/1
f 376/87/1 375/88/1 385/78/1
f 375/88/1 374/89/1 385/78/1
f 374/89/1 405/77/1 385/78/1
f 374/89/1 373/90/1 405/77/1
f 373/90/1 372/91/1 405/77/1
f 372/91/1 406/92/1 405/77/1
f 372/91/1 371/93/1 406/92/1
f 371/93/1 407/94/1 406/92/1
f 370/95/1 407/94/1 371/93/1
f 369/96/1 407/94/1 370/95/1
f 368/97/1 407/94/1 369/96/1
f 367/98/1 407/94/1 368/97/1
f 366/99/1 407/94/1 367/98/1
f 366/99/1 408/100/1 407/94/1
f 365/101/1 408/100/1 366/99/1
f 364/102/1 408/100/1 365/101/1
f 363/103/1 408/100/1 364/102/1
f 363/103/1 409/104/1 408/100/1
f 362/105/1 409/104/1 363/103/1
f 361/106/1 409/104/1 362/105/1
f 361/106/1 410/107/1 409/104/1
f 360/108/1 410/107/1 361/106/1
f 359/109/1 410/107/1 360/108/1
f 358/110/1 472/13/1 359/109/1
f 472/13/1 410/107/1 359/109/1
f 357/111/1 472/13/1 358/110/1
f 356/112/1 472/13/1 357/111/1
f 355/113/1 472/13/1 356/112/1
f 354/114/1 472/13/1 355/113/1
f 354/114/1 436/115/1 472/13/1
f 471/116/1 410/107/1 472/13/1
f 354/114/1 437/117/1 436/115/1
f 353/118/1 437/117/1 354/114/1
f 353/118/1 438/119/1 437/117/1
f 352/120/1 438/119/1 353/118/1
f 352/120/1 439/121/1 438/119/1
f 351/122/1 439/121/1 352/120/1
f 351/122/1 440/123/1 439/121/1
f 351/122/1 441/124/1 440/123/1
f 350/125/1 441/124/1 351/122/1
f 350/125/1 442/126/1 441/124/1
f 349/127/1 442/126/1 350/125/1
f 349/127/1 443/128/1 442/126/1
f 349/127/1 444/129/1 443/128/1
f 348/130/1 444/129/1 349/127/1
f 348/130/1 445/131/1 444/129/1
f 348/130/1 446/132/1 445/131/1
f 347/133/1 446/132/1 348/130/1
f 347/133/1 447/134/1 446/132/1
f 346/135/1 447/134/1 347/133/1
f 346/135/1 448/136/1 447/134/1
f 346/135/1 449/137/1 448/136/1
f 345/138/1 449/137/1 346/135/1
f 345/138/1 450/139/1 449/137/1
f 345/138/1 451/140/1 450/139/1
f 470/141/1 410/107/1 471/116/1
f 344/142/1 451/140/1 345/138/1
f 469/143/1 410/107/1 470/141/1
f 344/142/1 452/144/1 451/140/1
f 468/145/1 410/107/1 469/143/1
f 433/146/1 435/147/1 434/148/1
f 468/145/1 411/149/1 410/107/1
f 344/142/1 453/150/1 452/144/1
f 432/151/1 435/147/1 433/146/1
f 467/152/1 411/149/1 468/145/1
f 467/152/1 412/153/1 411/149/1
f 431/154/1 435/147/1 432/151/1
f 343/155/1 453/150/1 344/142/1
f 343/155/1 454/156/1 453/150/1
f 467/152/1 413/157/1 412/153/1
f 466/158/1 413/157/1 467/152/1
f 430/159/1 435/147/1 431/154/1
f 466/158/1 414/160/1 413/157/1
f 465/161/1 414/160/1 466/158/1
f 429/162/1 435/147/1 430/159/1
f 343/155/1 455/163/1 454/156/1
f 465/161/1 415/164/1 414/160/1
f 428/165/1 435/147/1 429/162/1
f 464/166/1 415/164/1 465/161/1
f 464/166/1 416/167/1 415/164/1
f 427/168/1 435/147/1 428/165/1
f 343/155/1 456/169/1 455/163/1
f 464/166/1 417/170/1 416/167/1
f 463/171/1 417/170/1 464/166/1
f 426/172/1 435/147/1 427/168/1
f 463/171/1 418/173/1 417/170/1
f 342/174/1 456/169/1 343/155/1
f 425/175/1 435/147/1 426/172/1
f 342/174/1 457/176/1 456/169/1
f 462/177/1 418/173/1 463/171/1
f 462/177/1 419/178/1 418/173/1
f 424/179/1 435/147/1 425/175/1
f 462/177/1 420/180/1 419/178/1
f 423/181/1 435/147/1 424/179/1
f 461/182/1 420/180/1 462/177/1
f 461/182/1 421/183/1 420/180/1
f 422/184/1 435/147/1 423/181/1
f 461/182/1 422/184/1 421/183/1
f 342/174/1 458/185/1 457/176/1
f 461/182/1 435/147/1 422/184/1
f 460/186/1 435/147/1 461/182/1
f 342/174/1 459/187/1 458/185/1
f 459/187/1 435/147/1 460/186/1
f 342/174/1 322/188/1 459/187/1
f 322/188/1 435/147/1 459/187/1
f 341/189/1 322/188/1 342/174/1
f 341/189/1 323/190/1 322/188/1
f 321/191/1 435/147/1 322/188/1
f 340/192/1 323/190/1 341/189/1
f 340/192/1 324/193/1 323/190/1
f 320/194/1 435/147/1 321/191/1
f 320/194/1 299/24/1 435/147/1
f 339/195/1 324/193/1 340/192/1
f 339/195/1 325/196/1 324/193/1
f 319/197/1 299/24/1 320/194/1
f 319/197/1 300/198/1 299/24/1
f 339/195/1 326/199/1 325/196/1
f 318/200/1 300/198/1 319/197/1
f 338/201/1 326/199/1 339/195/1
f 318/200/1 301/202/1 300/198/1
f 338/201/1 327/203/1 326/199/1
f 317/204/1 301/202/1 318/200/1
f 317/204/1 302/205/1 301/202/1
f 337/206/1 327/203/1 338/201/1
f 337/206/1 328/207/1 327/203/1
f 316/208/1 302/205/1 317/204/1
f 316/208/1 303/209/1 302/205/1
f 337/206/1 329/210/1 328/207/1
f 315/211/1 303/209/1 316/208/1
f 315/211/1 304/212/1 303/209/1
f 336/213/1 329/210/1 337/206/1
f 336/213/1 330/214/1 329/210/1
f 314/215/1 304/212/1 315/211/1
f 314/215/1 305/216/1 304/212/1
f 336/213/1 331/217/1 330/214/1
f 314/215/1 306/218/1 305/216/1
f 313/219/1 306/218/1 314/215/1
f 335/220/1 331/217/1 336/213/1
f 313/219/1 307/221/1 306/218/1
f 335/220/1 332/222/1 331/217/1
f 312/223/1 307/221/1 313/219/1
f 312/223/1 308/224/1 307/221/1
f 335/220/1 333/225/1 332/222/1
f 311/226/1 308/224/1 312/223/1
f 334/227/1 333/225/1 335/220/1
f 311/226/1 309/228/1 308/224/1
f 310/229/1 309/228/1 311/226/1
f 479/53/1 481/255/1 480/280/1
f 479/53/1 482/36/1 481/255/1
f 482/36/1 484/281/1 483/282/1
f 482/36/1 477/244/1 484/281/1
f 477/244/1 485/13/1 484/281/1
f 485/13/1 474/283/1 473/24/1
f 485/13/1 475/284/1 474/283/1
f 482/36/1 478/285/1 477/244/1
f 476/5/1 485/13/1 477/244/1
f 479/53/1 478/285/1 482/36/1
f 476/5/1 475/284/1 485/13/1
f 520/286/1 522/287/1 521/288/1
f 520/286/1 523/289/1 522/287/1
f 519/290/1 523/289/1 520/286/1
f 519/290/1 524/291/1 523/289/1
f 518/292/1 524/291/1 519/290/1
f 518/292/1 525/293/1 524/291/1
f 517/294/1 525/293/1 518/292/1
f 517/294/1 526/295/1 525/293/1
f 516/296/1 526/295/1 517/294/1
f 516/296/1 527/297/1 526/295/1
f 515/298/1 527/297/1 516/296/1
f 515/298/1 528/299/1 527/297/1
f 514/300/1 569/301/1 515/298/1
f 569/301/1 528/299/1 515/298/1
f 514/300/1 570/302/1 569/301/1
f 568/303/1 528/299/1 569/301/1
f 514/300/1 571/304/1 570/302/1
f 567/305/1 528/299/1 568/303/1
f 514/300/1 572/306/1 571/304/1
f 566/307/1 528/299/1 567/305/1
f 566/307/1 529/308/1 528/299/1
f 513/309/1 572/306/1 514/300/1
f 513/309/1 573/310/1 572/306/1
f 565/311/1 529/308/1 566/307/1
f 513/309/1 574/312/1 573/310/1
f 564/313/1 529/308/1 565/311/1
f 513/309/1 575/314/1 574/312/1
f 563/315/1 529/308/1 564/313/1
f 563/315/1 530/316/1 529/308/1
f 512/317/1 575/314/1 513/309/1
f 512/317/1 576/318/1 575/314/1
f 562/319/1 530/316/1 563/315/1
f 512/317/1 577/320/1 576/318/1
f 561/321/1 530/316/1 562/319/1
f 561/321/1 531/322/1 530/316/1
f 511/323/1 577/320/1 512/317/1
f 511/323/1 578/324/1 577/320/1
f 560/325/1 531/322/1 561/321/1
f 560/325/1 532/326/1 531/322/1
f 510/327/1 578/324/1 511/323/1
f 510/327/1 579/328/1 578/324/1
f 559/329/1 532/326/1 560/325/1
f 510/327/1 580/330/1 579/328/1
f 558/331/1 532/326/1 559/329/1
f 558/331/1 533/332/1 532/326/1
f 509/333/1 580/330/1 510/327/1
f 509/333/1 581/13/1 580/330/1
f 557/334/1 533/332/1 558/331/1
f 508/335/1 581/13/1 509/333/1
f 508/335/1 534/336/1 581/13/1
f 557/334/1 486/24/1 533/332/1
f 556/337/1 486/24/1 557/334/1
f 508/335/1 535/338/1 534/336/1
f 555/339/1 486/24/1 556/337/1
f 507/340/1 535/338/1 508/335/1
f 555/339/1 487/341/1 486/24/1
f 507/340/1 536/342/1 535/338/1
f 554/343/1 487/341/1 555/339/1
f 507/340/1 537/344/1 536/342/1
f 506/345/1 537/344/1 507/340/1
f 553/346/1 487/341/1 554/343/1
f 553/346/1 488/347/1 487/341/1
f 506/345/1 538/348/1 537/344/1
f 552/349/1 488/347/1 553/346/1
f 505/350/1 538/348/1 506/345/1
f 552/349/1 489/351/1 488/347/1
f 505/350/1 539/352/1 538/348/1
f 551/353/1 489/351/1 552/349/1
f 505/350/1 540/354/1 539/352/1
f 550/355/1 489/351/1 551/353/1
f 504/356/1 540/354/1 505/350/1
f 550/355/1 490/357/1 489/351/1
f 504/356/1 541/358/1 540/354/1
f 549/359/1 490/357/1 550/355/1
f 504/356/1 542/360/1 541/358/1
f 548/361/1 490/357/1 549/359/1
f 504/356/1 543/362/1 542/360/1
f 547/363/1 490/357/1 548/361/1
f 503/364/1 543/362/1 504/356/1
f 547/363/1 491/365/1 490/357/1
f 503/364/1 544/366/1 543/362/1
f 546/367/1 491/365/1 547/363/1
f 503/364/1 545/368/1 544/366/1
f 545/368/1 491/365/1 546/367/1
f 503/364/1 491/365/1 545/368/1
f 502/369/1 491/365/1 503/364/1
f 502/369/1 492/370/1 491/365/1
f 501/371/1 492/370/1 502/369/1
f 501/371/1 493/372/1 492/370/1
f 500/373/1 493/372/1 501/371/1
f 500/373/1 494/374/1 493/372/1
f 499/375/1 494/374/1 500/373/1
f 499/375/1 495/376/1 494/374/1
f 498/377/1 495/376/1 499/375/1
f 498/377/1 496/378/1 495/376/1
f 497/379/1 496/378/1 498/377/1
f 586/53/1 588/36/1 587/42/1
f 586/53/1 589/29/1 588/36/1
f 589/29/1 582/24/1 590/13/1
f 589/29/1 583/9/1 582/24/1
f 586/53/1 583/9/1 589/29/1
f 585/43/1 583/9/1 586/53/1
f 585/43/1 584/5/1 583/9/1
f 602/1/2 603/3/2 604/2/2
f 601/4/2 602/1/2 604/2/2
f 601/4/2 604/2/2 605/5/2
f 600/6/2 601/4/2 605/5/2
f 599/7/2 600/6/2 605/5/2
f 599/7/2 605/5/2 606/8/2
f 598/9/2 599/7/2 606/8/2
f 644/10/2 645/12/2 646/11/2
f 644/10/2 646/11/2 647/13/2
f 598/9/2 606/8/2 607/14/2
f 597/15/2 598/9/2 607/14/2
f 596/16/2 597/15/2 607/14/2
f 596/16/2 607/14/2 608/17/2
f 595/18/2 596/16/2 608/17/2
f 595/18/2 608/17/2 609/19/2
f 594/20/2 595/18/2 609/19/2
f 593/21/2 594/20/2 609/19/2
f 593/21/2 609/19/2 610/22/2
f 592/23/2 593/21/2 610/22/2
f 591/24/2 592/23/2 610/22/2
f 591/24/2 610/22/2 630/25/2
f 630/25/2 610/22/2 611/26/2
f 644/10/2 647/13/2 591/24/2
f 644/10/2 591/24/2 642/27/2
f 642/27/2 591/24/2 641/28/2
f 641/28/2 591/24/2 640/29/2
f 640/29/2 591/24/2 639/30/2
f 639/30/2 591/24/2 638/31/2
f 638/31/2 591/24/2 637/32/2
f 637/32/2 591/24/2 636/33/2
f 636/33/2 591/24/2 635/34/2
f 635/34/2 591/24/2 634/35/2
f 634/35/2 591/24/2 633/36/2
f 633/36/2 591/24/2 632/37/2
f 632/37/2 591/24/2 631/38/2
f 631/38/2 591/24/2 630/25/2
f 629/39/2 630/25/2 611/26/2
f 628/40/2 629/39/2 611/26/2
f 627/41/2 628/40/2 611/26/2
f 626/42/2 627/41/2 611/26/2
f 626/42/2 611/26/2 612/43/2
f 625/44/2 626/42/2 612/43/2
f 624/45/2 625/44/2 612/43/2
f 623/46/2 624/45/2 612/43/2
f 623/46/2 612/43/2 613/47/2
f 622/48/2 623/46/2 613/47/2
f 621/49/2 622/48/2 613/47/2
f 621/49/2 613/47/2 614/50/2
f 620/51/2 621/49/2 614/50/2
f 644/10/2 642/27/2 643/52/2
f 619/53/2 620/51/2 614/50/2
f 619/53/2 614/50/2 615/54/2
f 618/55/2 619/53/2 615/54/2
f 617/56/2 618/55/2 615/54/2
f 617/56/2 615/54/2 616/57/2
f 745/58/2 746/60/2 747/59/2
f 744/61/2 745/58/2 747/59/2
f 744/61/2 747/59/2 748/62/2
f 743/63/2 744/61/2 748/62/2
f 742/64/2 743/63/2 748/62/2
f 742/64/2 748/62/2 749/65/2
f 741/66/2 742/64/2 749/65/2
f 741/66/2 749/65/2 750/67/2
f 740/68/2 741/66/2 750/67/2
f 739/69/2 740/68/2 750/67/2
f 739/69/2 750/67/2 751/70/2
f 738/71/2 739/69/2 751/70/2
f 738/71/2 751/70/2 752/72/2
f 737/73/2 738/71/2 752/72/2
f 736/74/2 737/73/2 752/72/2
f 736/74/2 752/72/2 753/75/2
f 735/76/2 736/74/2 753/75/2
f 735/76/2 753/75/2 754/77/2
f 734/78/2 735/76/2 754/77/2
f 733/79/2 734/78/2 732/80/2
f 732/80/2 734/78/2 731/81/2
f 731/81/2 734/78/2 730/82/2
f 730/82/2 734/78/2 729/83/2
f 729/83/2 734/78/2 728/84/2
f 728/84/2 734/78/2 727/85/2
f 727/85/2 734/78/2 726/86/2
f 726/86/2 734/78/2 725/87/2
f 725/87/2 734/78/2 724/88/2
f 724/88/2 734/78/2 723/89/2
f 723/89/2 734/78/2 754/77/2
f 723/89/2 754/77/2 722/90/2
f 722/90/2 754/77/2 721/91/2
f 721/91/2 754/77/2 755/92/2
f 721/91/2 755/92/2 720/93/2
f 720/93/2 755/92/2 756/94/2
f 719/95/2 720/93/2 756/94/2
f 718/96/2 719/95/2 756/94/2
f 717/97/2 718/96/2 756/94/2
f 716/98/2 717/97/2 756/94/2
f 715/99/2 716/98/2 756/94/2
f 715/99/2 756/94/2 757/100/2
f 714/101/2 715/99/2 757/100/2
f 713/102/2 714/101/2 757/100/2
f 712/103/2 713/102/2 757/100/2
f 712/103/2 757/100/2 758/104/2
f 711/105/2 712/103/2 758/104/2
f 710/106/2 711/105/2 758/104/2
f 710/106/2 758/104/2 759/107/2
f 709/108/2 710/106/2 759/107/2
f 708/109/2 709/108/2 759/107/2
f 707/110/2 708/109/2 821/13/2
f 821/13/2 708/109/2 759/107/2
f 706/111/2 707/110/2 821/13/2
f 705/112/2 706/111/2 821/13/2
f 704/113/2 705/112/2 821/13/2
f 703/114/2 704/113/2 821/13/2
f 703/114/2 821/13/2 785/115/2
f 820/116/2 821/13/2 759/107/2
f 703/114/2 785/115/2 786/117/2
f 702/118/2 703/114/2 786/117/2
f 702/118/2 786/117/2 787/119/2
f 701/120/2 702/118/2 787/119/2
f 701/120/2 787/119/2 788/121/2
f 700/122/2 701/120/2 788/121/2
f 700/122/2 788/121/2 789/123/2
f 700/122/2 789/123/2 790/124/2
f 699/125/2 700/122/2 790/124/2
f 699/125/2 790/124/2 791/126/2
f 698/127/2 699/125/2 791/126/2
f 698/127/2 791/126/2 792/128/2
f 698/127/2 792/128/2 793/129/2
f 697/130/2 698/127/2 793/129/2
f 697/130/2 793/129/2 794/131/2
f 697/130/2 794/131/2 795/132/2
f 696/133/2 697/130/2 795/132/2
f 696/133/2 795/132/2 796/134/2
f 695/135/2 696/133/2 796/134/2
f 695/135/2 796/134/2 797/136/2
f 695/135/2 797/136/2 798/137/2
f 694/138/2 695/135/2 798/137/2
f 694/138/2 798/137/2 799/139/2
f 694/138/2 799/139/2 800/140/2
f 819/141/2 820/116/2 759/107/2
f 693/142/2 694/138/2 800/140/2
f 818/143/2 819/141/2 759/107/2
f 693/142/2 800/140/2 801/144/2
f 817/145/2 818/143/2 759/107/2
f 782/146/2 783/148/2 784/147/2
f 817/145/2 759/107/2 760/149/2
f 693/142/2 801/144/2 802/150/2
f 781/151/2 782/146/2 784/147/2
f 816/152/2 817/145/2 760/149/2
f 816/152/2 760/149/2 761/153/2
f 780/154/2 781/151/2 784/147/2
f 692/155/2 693/142/2 802/150/2
f 692/155/2 802/150/2 803/156/2
f 816/152/2 761/153/2 762/157/2
f 815/158/2 816/152/2 762/157/2
f 779/159/2 780/154/2 784/147/2
f 815/158/2 762/157/2 763/160/2
f 814/161/2 815/158/2 763/160/2
f 778/162/2 779/159/2 784/147/2
f 692/155/2 803/156/2 804/163/2
f 814/161/2 763/160/2 764/164/2
f 777/165/2 778/162/2 784/147/2
f 813/166/2 814/161/2 764/164/2
f 813/166/2 764/164/2 765/167/2
f 776/168/2 777/165/2 784/147/2
f 692/155/2 804/163/2 805/169/2
f 813/166/2 765/167/2 766/170/2
f 812/171/2 813/166/2 766/170/2
f 775/172/2 776/168/2 784/147/2
f 812/171/2 766/170/2 767/173/2
f 691/174/2 692/155/2 805/169/2
f 774/175/2 775/172/2 784/147/2
f 691/174/2 805/169/2 806/176/2
f 811/177/2 812/171/2 767/173/2
f 811/177/2 767/173/2 768/178/2
f 773/179/2 774/175/2 784/147/2
f 811/177/2 768/178/2 769/180/2
f 772/181/2 773/179/2 784/147/2
f 810/182/2 811/177/2 769/180/2
f 810/182/2 769/180/2 770/183/2
f 771/184/2 772/181/2 784/147/2
f 810/182/2 770/183/2 771/184/2
f 691/174/2 806/176/2 807/185/2
f 810/182/2 771/184/2 784/147/2
f 809/186/2 810/182/2 784/147/2
f 691/174/2 807/185/2 808/187/2
f 808/187/2 809/186/2 784/147/2
f 691/174/2 808/187/2 671/188/2
f 671/188/2 808/187/2 784/147/2
f 690/189/2 691/174/2 671/188/2
f 690/189/2 671/188/2 672/190/2
f 670/191/2 671/188/2 784/147/2
f 689/192/2 690/189/2 672/190/2
f 689/192/2 672/190/2 673/193/2
f 669/194/2 670/191/2 784/147/2
f 669/194/2 784/147/2 648/24/2
f 688/195/2 689/192/2 673/193/2
f 688/195/2 673/193/2 674/196/2
f 668/197/2 669/194/2 648/24/2
f 668/197/2 648/24/2 649/198/2
f 688/195/2 674/196/2 675/199/2
f 667/200/2 668/197/2 649/198/2
f 687/201/2 688/195/2 675/199/2
f 667/200/2 649/198/2 650/202/2
f 687/201/2 675/199/2 676/203/2
f 666/204/2 667/200/2 650/202/2
f 666/204/2 650/202/2 651/205/2
f 686/206/2 687/201/2 676/203/2
f 686/206/2 676/203/2 677/207/2
f 665/208/2 666/204/2 651/205/2
f 665/208/2 651/205/2 652/209/2
f 686/206/2 677/207/2 678/210/2
f 664/211/2 665/208/2 652/209/2
f 664/211/2 652/209/2 653/212/2
f 685/213/2 686/206/2 678/210/2
f 685/213/2 678/210/2 679/214/2
f 663/215/2 664/211/2 653/212/2
f 663/215/2 653/212/2 654/216/2
f 685/213/2 679/214/2 680/217/2
f 663/215/2 654/216/2 655/218/2
f 662/219/2 663/215/2 655/218/2
f 684/220/2 685/213/2 680/217/2
f 662/219/2 655/218/2 656/221/2
f 684/220/2 680/217/2 681/222/2
f 661/223/2 662/219/2 656/221/2
f 661/223/2 656/221/2 657/224/2
f 684/220/2 681/222/2 682/225/2
f 660/226/2 661/223/2 657/224/2
f 683/227/2 684/220/2 682/225/2
f 660/226/2 657/224/2 658/228/2
f 659/229/2 660/226/2 658/228/2
f 830/46/2 831/41/2 832/38/2
f 830/46/2 832/38/2 828/54/2
f 828/54/2 832/38/2 827/26/2
f 827/26/2 832/38/2 833/34/2
f 833/34/2 834/30/2 835/52/2
f 833/34/2 835/52/2 824/7/2
f 824/7/2 835/52/2 823/18/2
f 823/18/2 835/52/2 836/13/2
f 830/46/2 828/54/2 829/53/2
f 826/14/2 827/26/2 833/34/2
f 833/34/2 824/7/2 825/3/2
f 822/24/2 823/18/2 836/13/2
f 826/14/2 833/34/2 825/3/2
f 885/230/2 886/232/2 887/231/2
f 885/230/2 887/231/2 888/13/2
f 859/233/2 860/235/2 861/234/2
f 858/236/2 859/233/2 861/234/2
f 858/236/2 861/234/2 862/237/2
f 857/238/2 858/236/2 862/237/2
f 857/238/2 862/237/2 863/239/2
f 856/240/2 857/238/2 863/239/2
f 856/240/2 863/239/2 864/241/2
f 855/242/2 856/240/2 864/241/2
f 855/242/2 864/241/2 865/243/2
f 854/244/2 855/242/2 865/243/2
f 854/244/2 865/243/2 866/245/2
f 853/246/2 854/244/2 866/245/2
f 853/246/2 866/245/2 867/247/2
f 852/248/2 853/246/2 867/247/2
f 852/248/2 867/247/2 868/249/2
f 851/250/2 852/248/2 868/249/2
f 851/250/2 868/249/2 869/251/2
f 850/252/2 851/250/2 869/251/2
f 850/252/2 869/251/2 870/253/2
f 849/254/2 850/252/2 870/253/2
f 849/254/2 870/253/2 871/255/2
f 848/256/2 849/254/2 871/255/2
f 848/256/2 871/255/2 872/257/2
f 847/258/2 848/256/2 872/257/2
f 847/258/2 872/257/2 873/259/2
f 847/258/2 873/259/2 874/260/2
f 846/261/2 847/258/2 874/260/2
f 846/261/2 874/260/2 875/262/2
f 845/263/2 846/261/2 875/262/2
f 845/263/2 875/262/2 876/264/2
f 844/265/2 845/263/2 876/264/2
f 844/265/2 876/264/2 877/266/2
f 843/267/2 844/265/2 877/266/2
f 843/267/2 877/266/2 878/268/2
f 842/269/2 843/267/2 878/268/2
f 842/269/2 878/268/2 879/270/2
f 841/271/2 842/269/2 879/270/2
f 841/271/2 879/270/2 880/272/2
f 840/273/2 841/271/2 880/272/2
f 840/273/2 880/272/2 881/274/2
f 839/275/2 840/273/2 881/274/2
f 839/275/2 881/274/2 882/276/2
f 838/277/2 839/275/2 882/276/2
f 838/277/2 882/276/2 883/278/2
f 837/24/2 838/277/2 883/278/2
f 837/24/2 883/278/2 884/279/2
f 986/58/2 987/60/2 988/59/2
f 985/61/2 986/58/2 988/59/2
f 985/61/2 988/59/2 989/62/2
f 984/63/2 985/61/2 989/62/2
f 983/64/2 984/63/2 989/62/2
f 983/64/2 989/62/2 990/65/2
f 982/66/2 983/64/2 990/65/2
f 982/66/2 990/65/2 991/67/2
f 981/68/2 982/66/2 991/67/2
f 980/69/2 981/68/2 991/67/2
f 980/69/2 991/67/2 992/70/2
f 979/71/2 980/69/2 992/70/2
f 979/71/2 992/70/2 993/72/2
f 978/73/2 979/71/2 993/72/2
f 977/74/2 978/73/2 993/72/2
f 977/74/2 993/72/2 994/75/2
f 976/76/2 977/74/2 994/75/2
f 976/76/2 994/75/2 995/77/2
f 975/78/2 976/76/2 995/77/2
f 974/79/2 975/78/2 973/80/2
f 973/80/2 975/78/2 972/81/2
f 972/81/2 975/78/2 971/82/2
f 971/82/2 975/78/2 970/83/2
f 970/83/2 975/78/2 969/84/2
f 969/84/2 975/78/2 968/85/2
f 968/85/2 975/78/2 967/86/2
f 967/86/2 975/78/2 966/87/2
f 966/87/2 975/78/2 965/88/2
f 965/88/2 975/78/2 964/89/2
f 964/89/2 975/78/2 995/77/2
f 964/89/2 995/77/2 963/90/2
f 963/90/2 995/77/2 962/91/2
f 962/91/2 995/77/2 996/92/2
f 962/91/2 996/92/2 961/93/2
f 961/93/2 996/92/2 997/94/2
f 960/95/2 961/93/2 997/94/2
f 959/96/2 960/95/2 997/94/2
f 958/97/2 959/96/2 997/94/2
f 957/98/2 958/97/2 997/94/2
f 956/99/2 957/98/2 997/94/2
f 956/99/2 997/94/2 998/100/2
f 955/101/2 956/99/2 998/100/2
f 954/102/2 955/101/2 998/100/2
f 953/103/2 954/102/2 998/100/2
f 953/103/2 998/100/2 999/104/2
f 952/105/2 953/103/2 999/104/2
f 951/106/2 952/105/2 999/104/2
f 951/106/2 999/104/2 1000/107/2
f 950/108/2 951/106/2 1000/107/2
f 949/109/2 950/108/2 1000/107/2
f 948/110/2 949/109/2 1062/13/2
f 1062/13/2 949/109/2 1000/107/2
f 947/111/2 948/110/2 1062/13/2
f 946/112/2 947/111/2 1062/13/2
f 945/113/2 946/112/2 1062/13/2
f 944/114/2 945/113/2 1062/13/2
f 944/114/2 1062/13/2 1026/115/2
f 1061/116/2 1062/13/2 1000/107/2
f 944/114/2 1026/115/2 1027/117/2
f 943/118/2 944/114/2 1027/117/2
f 943/118/2 1027/117/2 1028/119/2
f 942/120/2 943/118/2 1028/119/2
f 942/120/2 1028/119/2 1029/121/2
f 941/122/2 942/120/2 1029/121/2
f 941/122/2 1029/121/2 1030/123/2
f 941/122/2 1030/123/2 1031/124/2
f 940/125/2 941/122/2 1031/124/2
f 940/125/2 1031/124/2 1032/126/2
f 939/127/2 940/125/2 1032/126/2
f 939/127/2 1032/126/2 1033/128/2
f 939/127/2 1033/128/2 1034/129/2
f 938/130/2 939/127/2 1034/129/2
f 938/130/2 1034/129/2 1035/131/2
f 938/130/2 1035/131/2 1036/132/2
f 937/133/2 938/130/2 1036/132/2
f 937/133/2 1036/132/2 1037/134/2
f 936/135/2 937/133/2 1037/134/2
f 936/135/2 1037/134/2 1038/136/2
f 936/135/2 1038/136/2 1039/137/2
f 935/138/2 936/135/2 1039/137/2
f 935/138/2 1039/137/2 1040/139/2
f 935/138/2 1040/139/2 1041/140/2
f 1060/141/2 1061/116/2 1000/107/2
f 934/142/2 935/138/2 1041/140/2
f 1059/143/2 1060/141/2 1000/107/2
f 934/142/2 1041/140/2 1042/144/2
f 1058/145/2 1059/143/2 1000/107/2
f 1023/146/2 1024/148/2 1025/147/2
f 1058/145/2 1000/107/2 1001/149/2
f 934/142/2 1042/144/2 1043/150/2
f 1022/151/2 1023/146/2 1025/147/2
f 1057/152/2 1058/145/2 1001/149/2
f 1057/152/2 1001/149/2 1002/153/2
f 1021/154/2 1022/151/2 1025/147/2
f 933/155/2 934/142/2 1043/150/2
f 933/155/2 1043/150/2 1044/156/2
f 1057/152/2 1002/153/2 1003/157/2
f 1056/158/2 1057/152/2 1003/157/2
f 1020/159/2 1021/154/2 1025/147/2
f 1056/158/2 1003/157/2 1004/160/2
f 1055/161/2 1056/158/2 1004/160/2
f 1019/162/2 1020/159/2 1025/147/2
f 933/155/2 1044/156/2 1045/163/2
f 1055/161/2 1004/160/2 1005/164/2
f 1018/165/2 1019/162/2 1025/147/2
f 1054/166/2 1055/161/2 1005/164/2
f 1054/166/2 1005/164/2 1006/167/2
f 1017/168/2 1018/165/2 1025/147/2
f 933/155/2 1045/163/2 1046/169/2
f 1054/166/2 1006/167/2 1007/170/2
f 1053/171/2 1054/166/2 1007/170/2
f 1016/172/2 1017/168/2 1025/147/2
f 1053/171/2 1007/170/2 1008/173/2
f 932/174/2 933/155/2 1046/169/2
f 1015/175/2 1016/172/2 1025/147/2
f 932/174/2 1046/169/2 1047/176/2
f 1052/177/2 1053/171/2 1008/173/2
f 1052/177/2 1008/173/2 1009/178/2
f 1014/179/2 1015/175/2 1025/147/2
f 1052/177/2 1009/178/2 1010/180/2
f 1013/181/2 1014/179/2 1025/147/2
f 1051/182/2 1052/177/2 1010/180/2
f 1051/182/2 1010/180/2 1011/183/2
f 1012/184/2 1013/181/2 1025/147/2
f 1051/182/2 1011/183/2 1012/184/2
f 932/174/2 1047/176/2 1048/185/2
f 1051/182/2 1012/184/2 1025/147/2
f 1050/186/2 1051/182/2 1025/147/2
f 932/174/2 1048/185/2 1049/187/2
f 1049/187/2 1050/186/2 1025/147/2
f 932/174/2 1049/187/2 912/188/2
f 912/188/2 1049/187/2 1025/147/2
f 931/189/2 932/174/2 912/188/2
f 931/189/2 912/188/2 913/190/2
f 911/191/2 912/188/2 1025/147/2
f 930/192/2 931/189/2 913/190/2
f 930/192/2 913/190/2 914/193/2
f 910/194/2 911/191/2 1025/147/2
f 910/194/2 1025/147/2 889/24/2
f 929/195/2 930/192/2 914/193/2
f 929/195/2 914/193/2 915/196/2
f 909/197/2 910/194/2 889/24/2
f 909/197/2 889/24/2 890/198/2
f 929/195/2 915/196/2 916/199/2
f 908/200/2 909/197/2 890/198/2
f 928/201/2 929/195/2 916/199/2
f 908/200/2 890/198/2 891/202/2
f 928/201/2 916/199/2 917/203/2
f 907/204/2 908/200/2 891/202/2
f 907/204/2 891/202/2 892/205/2
f 927/206/2 928/201/2 917/203/2
f 927/206/2 917/203/2 918/207/2
f 906/208/2 907/204/2 892/205/2
f 906/208/2 892/205/2 893/209/2
f 927/206/2 918/207/2 919/210/2
f 905/211/2 906/208/2 893/209/2
f 905/211/2 893/209/2 894/212/2
f 926/213/2 927/206/2 919/210/2
f 926/213/2 919/210/2 920/214/2
f 904/215/2 905/211/2 894/212/2
f 904/215/2 894/212/2 895/216/2
f 926/213/2 920/214/2 921/217/2
f 904/215/2 895/216/2 896/218/2
f 903/219/2 904/215/2 896/218/2
f 925/220/2 926/213/2 921/217/2
f 903/219/2 896/218/2 897/221/2
f 925/220/2 921/217/2 922/222/2
f 902/223/2 903/219/2 897/221/2
f 902/223/2 897/221/2 898/224/2
f 925/220/2 922/222/2 923/225/2
f 901/226/2 902/223/2 898/224/2
f 924/227/2 925/220/2 923/225/2
f 901/226/2 898/224/2 899/228/2
f 900/229/2 901/226/2 899/228/2
f 1069/53/2 1070/280/2 1071/255/2
f 1069/53/2 1071/255/2 1072/36/2
f 1072/36/2 1073/282/2 1074/281/2
f 1072/36/2 1074/281/2 1067/244/2
f 1067/244/2 1074/281/2 1075/13/2
f 1075/13/2 1063/24/2 1064/283/2
f 1075/13/2 1064/283/2 1065/284/2
f 1072/36/2 1067/244/2 1068/285/2
f 1066/5/2 1067/244/2 1075/13/2
f 1069/53/2 1072/36/2 1068/285/2
f 1066/5/2 1075/13/2 1065/284/2
f 1110/286/2 1111/288/2 1112/287/2
f 1110/286/2 1112/287/2 1113/289/2
f 1109/290/2 1110/286/2 1113/289/2
f 1109/290/2 1113/289/2 1114/291/2
f 1108/292/2 1109/290/2 1114/291/2
f 1108/292/2 1114/291/2 1115/293/2
f 1107/294/2 1108/292/2 1115/293/2
f 1107/294/2 1115/293/2 1116/295/2
f 1106/296/2 1107/294/2 1116/295/2
f 1106/296/2 1116/295/2 1117/297/2
f 1105/298/2 1106/296/2 1117/297/2
f 1105/298/2 1117/297/2 1118/299/2
f 1104/300/2 1105/298/2 1159/301/2
f 1159/301/2 1105/298/2 1118/299/2
f 1104/300/2 1159/301/2 1160/302/2
f 1158/303/2 1159/301/2 1118/299/2
f 1104/300/2 1160/302/2 1161/304/2
f 1157/305/2 1158/303/2 1118/299/2
f 1104/300/2 1161/304/2 1162/306/2
f 1156/307/2 1157/305/2 1118/299/2
f 1156/307/2 1118/299/2 1119/308/2
f 1103/309/2 1104/300/2 1162/306/2
f 1103/309/2 1162/306/2 1163/310/2
f 1155/311/2 1156/307/2 1119/308/2
f 1103/309/2 1163/310/2 1164/312/2
f 1154/313/2 1155/311/2 1119/308/2
f 1103/309/2 1164/312/2 1165/314/2
f 1153/315/2 1154/313/2 1119/308/2
f 1153/315/2 1119/308/2 1120/316/2
f 1102/317/2 1103/309/2 1165/314/2
f 1102/317/2 1165/314/2 1166/318/2
f 1152/319/2 1153/315/2 1120/316/2
f 1102/317/2 1166/318/2 1167/320/2
f 1151/321/2 1152/319/2 1120/316/2
f 1151/321/2 1120/316/2 1121/322/2
f 1101/323/2 1102/317/2 1167/320/2
f 1101/323/2 1167/320/2 1168/324/2
f 1150/325/2 1151/321/2 1121/322/2
f 1150/325/2 1121/322/2 1122/326/2
f 1100/327/2 1101/323/2 1168/324/2
f 1100/327/2 1168/324/2 1169/328/2
f 1149/329/2 1150/325/2 1122/326/2
f 1100/327/2 1169/328/2 1170/330/2
f 1148/331/2 1149/329/2 1122/326/2
f 1148/331/2 1122/326/2 1123/332/2
f 1099/333/2 1100/327/2 1170/330/2
f 1099/333/2 1170/330/2 1171/13/2
f 1147/334/2 1148/331/2 1123/332/2
f 1098/335/2 1099/333/2 1171/13/2
f 1098/335/2 1171/13/2 1124/336/2
f 1147/334/2 1123/332/2 1076/24/2
f 1146/337/2 1147/334/2 1076/24/2
f 1098/335/2 1124/336/2 1125/338/2
f 1145/339/2 1146/337/2 1076/24/2
f 1097/340/2 1098/335/2 1125/338/2
f 1145/339/2 1076/24/2 1077/341/2
f 1097/340/2 1125/338/2 1126/342/2
f 1144/343/2 1145/339/2 1077/341/2
f 1097/340/2 1126/342/2 1127/344/2
f 1096/345/2 1097/340/2 1127/344/2
f 1143/346/2 1144/343/2 1077/341/2
f 1143/346/2 1077/341/2 1078/347/2
f 1096/345/2 1127/344/2 1128/348/2
f 1142/349/2 1143/346/2 1078/347/2
f 1095/350/2 1096/345/2 1128/348/2
f 1142/349/2 1078/347/2 1079/351/2
f 1095/350/2 1128/348/2 1129/352/2
f 1141/353/2 1142/349/2 1079/351/2
f 1095/350/2 1129/352/2 1130/354/2
f 1140/355/2 1141/353/2 1079/351/2
f 1094/356/2 1095/350/2 1130/354/2
f 1140/355/2 1079/351/2 1080/357/2
f 1094/356/2 1130/354/2 1131/358/2
f 1139/359/2 1140/355/2 1080/357/2
f 1094/356/2 1131/358/2 1132/360/2
f 1138/361/2 1139/359/2 1080/357/2
f 1094/356/2 1132/360/2 1133/362/2
f 1137/363/2 1138/361/2 1080/357/2
f 1093/364/2 1094/356/2 1133/362/2
f 1137/363/2 1080/357/2 1081/365/2
f 1093/364/2 1133/362/2 1134/366/2
f 1136/367/2 1137/363/2 1081/365/2
f 1093/364/2 1134/366/2 1135/368/2
f 1135/368/2 1136/367/2 1081/365/2
f 1093/364/2 1135/368/2 1081/365/2
f 1092/369/2 1093/364/2 1081/365/2
f 1092/369/2 1081/365/2 1082/370/2
f 1091/371/2 1092/369/2 1082/370/2
f 1091/371/2 1082/370/2 1083/372/2
f 1090/373/2 1091/371/2 1083/372/2
f 1090/373/2 1083/372/2 1084/374/2
f 1089/375/2 1090/373/2 1084/374/2
f 1089/375/2 1084/374/2 1085/376/2
f 1088/377/2 1089/375/2 1085/376/2
f 1088/377/2 1085/376/2 1086/378/2
f 1087/379/2 1088/377/2 1086/378/2
f 1176/53/2 1177/42/2 1178/36/2
f 1176/53/2 1178/36/2 1179/29/2
f 1179/29/2 1180/13/2 1172/24/2
f 1179/29/2 1172/24/2 1173/9/2
f 1176/53/2 1179/29/2 1173/9/2
f 1175/43/2 1176/53/2 1173/9/2
f 1175/43/2 1173/9/2 1174/5/2
s 1
f 1182/380/3 1194/381/4 1193/382/5 1181/24/6
f 1183/383/7 1195/384/8 1194/381/4 1182/380/3
f 1184/385/9 1196/386/10 1195/384/8 1183/383/7
f 1185/387/11 1197/388/12 1196/386/10 1184/385/9
f 1186/389/13 1198/390/14 1197/388/12 1185/387/11
f 1187/391/15 1199/392/16 1198/390/14 1186/389/13
f 1188/393/17 1200/394/18 1199/392/16 1187/391/15
f 1189/395/19 1201/396/20 1200/394/18 1188/393/17
f 1190/397/21 1202/398/22 1201/396/20 1189/395/19
f 1191/399/23 1203/400/24 1202/398/22 1190/397/21
f 1192/401/25 1204/402/26 1203/400/24 1191/399/23
f 1194/381/4 1206/403/27 1205/404/28 1193/382/5
f 1195/384/8 1207/405/29 1206/403/27 1194/381/4
f 1196/386/10 1208/406/30 1207/405/29 1195/384/8
f 1197/388/12 1209/407/31 1208/406/30 1196/386/10
f 1198/390/14 1210/408/32 1209/407/31 1197/388/12
f 1199/392/16 1211/409/33 1210/408/32 1198/390/14
f 1200/394/18 1212/410/34 1211/409/33 1199/392/16
f 1201/396/20 1213/411/35 1212/410/34 1200/394/18
f 1202/398/22 1214/412/36 1213/411/35 1201/396/20
f 1203/400/24 1215/413/37 1214/412/36 1202/398/22
f 1204/402/26 1216/414/38 1215/413/37 1203/400/24
f 1206/403/27 1218/415/39 1217/244/40 1205/404/28
f 1207/405/29 1219/416/41 1218/415/39 1206/403/27
f 1208/406/30 1220/417/42 1219/416/41 1207/405/29
f 1209/407/31 1221/418/43 1220/417/42 1208/406/30
f 1210/408/32 1222/419/44 1221/418/43 1209/407/31
f 1211/409/33 1223/420/45 1222/419/44 1210/408/32
f 1212/410/34 1224/421/46 1223/420/45 1211/409/33
f 1213/411/35 1225/422/47 1224/421/46 1212/410/34
f 1214/412/36 1226/423/48 1225/422/47 1213/411/35
f 1215/413/37 1227/424/49 1226/423/48 1214/412/36
f 1216/414/38 1228/425/50 1227/424/49 1215/413/37
f 1218/415/39 1230/426/51 1229/427/52 1217/244/40
f 1219/416/41 1231/428/53 1230/426/51 1218/415/39
f 1220/417/42 1232/429/54 1231/428/53 1219/416/41
f 1221/418/43 1233/430/55 1232/429/54 1220/417/42
f 1222/419/44 1234/431/56 1233/430/55 1221/418/43
f 1223/420/45 1235/432/57 1234/431/56 1222/419/44
f 1224/421/46 1236/433/58 1235/432/57 1223/420/45
f 1225/422/47 1237/434/59 1236/433/58 1224/421/46
f 1226/423/48 1238/435/60 1237/434/59 1225/422/47
f 1227/424/49 1239/436/61 1238/435/60 1226/423/48
f 1228/425/50 1240/437/62 1239/436/61 1227/424/49
f 1230/426/51 1242/438/63 1241/439/64 1229/427/52
f 1231/428/53 1243/440/65 1242/438/63 1230/426/51
f 1232/429/54 1244/441/66 1243/440/65 1231/428/53
f 1233/430/55 1245/442/67 1244/441/66 1232/429/54
f 1234/431/56 1246/443/68 1245/442/67 1233/430/55
f 1235/432/57 1247/444/69 1246/443/68 1234/431/56
f 1236/433/58 1248/445/70 1247/444/69 1235/432/57
f 1237/434/59 1249/446/71 1248/445/70 1236/433/58
f 1238/435/60 1250/447/72 1249/446/71 1237/434/59
f 1239/436/61 1251/448/73 1250/447/72 1238/435/60
f 1240/437/62 1252/449/74 1251/448/73 1239/436/61
f 1242/438/63 1254/450/75 1253/255/76 1241/439/64
f 1243/440/65 1255/451/77 1254/450/75 1242/438/63
f 1244/441/66 1256/452/78 1255/451/77 1243/440/65
f 1245/442/67 1257/453/79 1256/452/78 1244/441/66
f 1246/443/68 1258/454/80 1257/453/79 1245/442/67
f 1247/444/69 1259/455/81 1258/454/80 1246/443/68
f 1248/445/70 1260/456/82 1259/455/81 1247/444/69
f 1249/446/71 1261/457/83 1260/456/82 1248/445/70
f 1250/447/72 1262/458/84 1261/457/83 1249/446/71
f 1251/448/73 1263/459/85 1262/458/84 1250/447/72
f 1252/449/74 1264/460/86 1263/459/85 1251/448/73
f 1254/450/75 1266/461/87 1265/462/88 1253/255/76
f 1255/451/77 1267/463/89 1266/461/87 1254/450/75
f 1256/452/78 1268/464/90 1267/463/89 1255/451/77
f 1257/453/79 1269/465/91 1268/464/90 1256/452/78
f 1258/454/80 1270/466/92 1269/465/91 1257/453/79
f 1259/455/81 1271/467/93 1270/466/92 1258/454/80
f 1260/456/82 1272/468/94 1271/467/93 1259/455/81
f 1261/457/83 1273/469/95 1272/468/94 1260/456/82
f 1262/458/84 1274/470/96 1273/469/95 1261/457/83
f 1263/459/85 1275/471/97 1274/470/96 1262/458/84
f 1264/460/86 1276/472/98 1275/471/97 1263/459/85
f 1266/461/87 1278/473/99 1277/474/100 1265/462/88
f 1267/463/89 1279/475/101 1278/473/99 1266/461/87
f 1268/464/90 1280/476/102 1279/475/101 1267/463/89
f 1269/465/91 1281/477/103 1280/476/102 1268/464/90
f 1270/466/92 1282/478/104 1281/477/103 1269/465/91
f 1271/467/93 1283/479/105 1282/478/104 1270/466/92
f 1272/468/94 1284/480/106 1283/479/105 1271/467/93
f 1273/469/95 1285/481/107 1284/480/106 1272/468/94
f 1274/470/96 1286/482/108 1285/481/107 1273/469/95
f 1275/471/97 1287/483/109 1286/482/108 1274/470/96
f 1276/472/98 1288/484/110 1287/483/109 1275/471/97
f 1278/473/99 1182/485/3 1181/13/6 1277/474/100
f 1279/475/101 1183/486/7 1182/485/3 1278/473/99
f 1280/476/102 1184/487/9 1183/486/7 1279/475/101
f 1281/477/103 1185/488/11 1184/487/9 1280/476/102
f 1282/478/104 1186/489/13 1185/488/11 1281/477/103
f 1283/479/105 1187/490/15 1186/489/13 1282/478/104
f 1284/480/106 1188/491/17 1187/490/15 1283/479/105
f 1285/481/107 1189/492/19 1188/491/17 1284/480/106
f 1286/482/108 1190/493/21 1189/492/19 1285/481/107
f 1287/483/109 1191/494/23 1190/493/21 1286/482/108
f 1288/484/110 1192/495/25 1191/494/23 1287/483/109
f 1290/380/111 1302/496/112 1301/497/113 1289/24/114
f 1291/383/115 1303/498/116 1302/496/112 1290/380/111
f 1292/385/117 1304/499/118 1303/498/116 1291/383/115
f 1293/387/119 1305/500/120 1304/499/118 1292/385/117
f 1294/389/121 1306/501/122 1305/500/120 1293/387/119
f 1295/391/123 1307/502/124 1306/501/122 1294/389/121
f 1296/393/125 1308/503/126 1307/502/124 1295/391/123
f 1297/395/127 1309/504/128 1308/503/126 1296/393/125
f 1298/397/129 1310/505/130 1309/504/128 1297/395/127
f 1299/399/131 1311/506/132 1310/505/130 1298/397/129
f 1300/401/133 1312/507/134 1311/506/132 1299/399/131
f 1302/496/112 1314/508/135 1313/509/136 1301/497/113
f 1303/498/116 1315/510/137 1314/508/135 1302/496/112
f 1304/499/118 1316/511/138 1315/510/137 1303/498/116
f 1305/500/120 1317/512/139 1316/511/138 1304/499/118
f 1306/501/122 1318/513/140 1317/512/139 1305/500/120
f 1307/502/124 1319/514/141 1318/513/140 1306/501/122
f 1308/503/126 1320/515/142 1319/514/141 1307/502/124
f 1309/504/128 1321/516/143 1320/515/142 1308/503/126
f 1310/505/130 1322/517/144 1321/516/143 1309/504/128
f 1311/506/132 1323/518/145 1322/517/144 1310/505/130
f 1312/507/134 1324/519/146 1323/518/145 1311/506/132
f 1314/508/135 1326/520/147 1325/521/148 1313/509/136
f 1315/510/137 1327/522/149 1326/520/147 1314/508/135
f 1316/511/138 1328/523/150 1327/522/149 1315/510/137
f 1317/512/139 1329/524/151 1328/523/150 1316/511/138
f 1318/513/140 1330/525/152 1329/524/151 1317/512/139
f 1319/514/141 1331/526/153 1330/525/152 1318/513/140
f 1320/515/142 1332/527/154 1331/526/153 1319/514/141
f 1321/516/143 1333/528/155 1332/527/154 1320/515/142
f 1322/517/144 1334/529/156 1333/528/155 1321/516/143
f 1323/518/145 1335/530/157 1334/529/156 1322/517/144
f 1324/519/146 1336/531/158 1335/530/157 1323/518/145
f 1326/520/147 1338/532/159 1337/283/160 1325/521/148
f 1327/522/149 1339/533/161 1338/532/159 1326/520/147
f 1328/523/150 1340/534/162 1339/533/161 1327/522/149
f 1329/524/151 1341/535/163 1340/534/162 1328/523/150
f 1330/525/152 1342/536/164 1341/535/163 1329/524/151
f 1331/526/153 1343/537/165 1342/536/164 1330/525/152
f 1332/527/154 1344/538/166 1343/537/165 1331/526/153
f 1333/528/155 1345/539/167 1344/538/166 1332/527/154
f 1334/529/156 1346/540/168 1345/539/167 1333/528/155
f 1335/530/157 1347/541/169 1346/540/168 1334/529/156
f 1336/531/158 1348/542/170 1347/541/169 1335/530/157
f 1338/532/159 1350/543/171 1349/544/172 1337/283/160
f 1339/533/161 1351/545/173 1350/543/171 1338/532/159
f 1340/534/162 1352/546/174 1351/545/173 1339/533/161
f 1341/535/163 1353/547/175 1352/546/174 1340/534/162
f 1342/536/164 1354/548/176 1353/547/175 1341/535/163
f 1343/537/165 1355/549/177 1354/548/176 1342/536/164
f 1344/538/166 1356/550/178 1355/549/177 1343/537/165
f 1345/539/167 1357/551/179 1356/550/178 1344/538/166
f 1346/540/168 1358/552/180 1357/551/179 1345/539/167
f 1347/541/169 1359/553/181 1358/552/180 1346/540/168
f 1348/542/170 1360/554/182 1359/553/181 1347/541/169
f 1350/543/171 1362/555/183 1361/9/184 1349/544/172
f 1351/545/173 1363/556/185 1362/555/183 1350/543/171
f 1352/546/174 1364/557/186 1363/556/185 1351/545/173
f 1353/547/175 1365/558/187 1364/557/186 1352/546/174
f 1354/548/176 1366/559/188 1365/558/187 1353/547/175
f 1355/549/177 1367/560/189 1366/559/188 1354/548/176
f 1356/550/178 1368/561/190 1367/560/189 1355/549/177
f 1357/551/179 1369/562/191 1368/561/190 1356/550/178
f 1358/552/180 1370/563/192 1369/562/191 1357/551/179
f 1359/553/181 1371/564/193 1370/563/192 1358/552/180
f 1360/554/182 1372/565/194 1371/564/193 1359/553/181
f 1362/555/183 1374/566/195 1373/567/196 1361/9/184
f 1363/556/185 1375/568/197 1374/566/195 1362/555/183
f 1364/557/186 1376/569/198 1375/568/197 1363/556/185
f 1365/558/187 1377/570/199 1376/569/198 1364/557/186
f 1366/559/188 1378/571/200 1377/570/199 1365/558/187
f 1367/560/189 1379/572/201 1378/571/200 1366/559/188
f 1368/561/190 1380/573/202 1379/572/201 1367/560/189
f 1369/562/191 1381/574/203 1380/573/202 1368/561/190
f 1370/563/192 1382/575/204 1381/574/203 1369/562/191
f 1371/564/193 1383/576/205 1382/575/204 1370/563/192
f 1372/565/194 1384/577/206 1383/576/205 1371/564/193
f 1374/566/195 1386/578/207 1385/284/208 1373/567/196
f 1375/568/197 1387/579/209 1386/578/207 1374/566/195
f 1376/569/198 1388/580/210 1387/579/209 1375/568/197
f 1377/570/199 1389/581/211 1388/580/210 1376/569/198
f 1378/571/200 1390/582/212 1389/581/211 1377/570/199
f 1379/572/201 1391/583/213 1390/582/212 1378/571/200
f 1380/573/202 1392/584/214 1391/583/213 1379/572/201
f 1381/574/203 1393/585/215 1392/584/214 1380/573/202
f 1382/575/204 1394/586/216 1393/585/215 1381/574/203
f 1383/576/205 1395/587/217 1394/586/216 1382/575/204
f 1384/577/206 1396/588/218 1395/587/217 1383/576/205
f 1386/578/207 1398/589/219 1397/590/220 1385/284/208
f 1387/579/209 1399/591/221 1398/589/219 1386/578/207
f 1388/580/210 1400/592/222 1399/591/221 1387/579/209
f 1389/581/211 1401/593/223 1400/592/222 1388/580/210
f 1390/582/212 1402/594/224 1401/593/223 1389/581/211
f 1391/583/213 1403/595/225 1402/594/224 1390/582/212
f 1392/584/214 1404/596/226 1403/595/225 1391/583/213
f 1393/585/215 1405/597/227 1404/596/226 1392/584/214
f 1394/586/216 1406/598/228 1405/597/227 1393/585/215
f 1395/587/217 1407/599/229 1406/598/228 1394/586/216
f 1396/588/218 1408/600/230 1407/599/229 1395/587/217
f 1398/589/219 1410/601/231 1409/602/232 1397/590/220
f 1399/591/221 1411/603/233 1410/601/231 1398/589/219
f 1400/592/222 1412/604/234 1411/603/233 1399/591/221
f 1401/593/223 1413/605/235 1412/604/234 1400/592/222
f 1402/594/224 1414/606/236 1413/605/235 1401/593/223
f 1403/595/225 1415/607/237 1414/606/236 1402/594/224
f 1404/596/226 1416/608/238 1415/607/237 1403/595/225
f 1405/597/227 1417/609/239 1416/608/238 1404/596/226
f 1406/598/228 1418/610/240 1417/609/239 1405/597/227
f 1407/599/229 1419/611/241 1418/610/240 1406/598/228
f 1408/600/230 1420/612/242 1419/611/241 1407/599/229
f 1410/601/231 1422/613/243 1421/614/244 1409/602/232
f 1411/603/233 1423/615/245 1422/613/243 1410/601/231
f 1412/604/234 1424/616/246 1423/615/245 1411/603/233
f 1413/605/235 1425/617/247 1424/616/246 1412/604/234
f 1414/606/236 1426/618/248 1425/617/247 1413/605/235
f 1415/607/237 1427/619/249 1426/618/248 1414/606/236
f 1416/608/238 1428/620/250 1427/619/249 1415/607/237
f 1417/609/239 1429/621/251 1428/620/250 1416/608/238
f 1418/610/240 1430/622/252 1429/621/251 1417/609/239
f 1419/611/241 1431/623/253 1430/622/252 1418/610/240
f 1420/612/242 1432/624/254 1431/623/253 1419/611/241
f 1422/613/243 1434/625/255 1433/5/256 1421/614/244
f 1423/615/245 1435/626/257 1434/625/255 1422/613/243
f 1424/616/246 1436/627/258 1435/626/257 1423/615/245
f 1425/617/247 1437/628/259 1436/627/258 1424/616/246
f 1426/618/248 1438/629/260 1437/628/259 1425/617/247
f 1427/619/249 1439/630/261 1438/629/260 1426/618/248
f 1428/620/250 1440/631/262 1439/630/261 1427/619/249
f 1429/621/251 1441/632/263 1440/631/262 1428/620/250
f 1430/622/252 1442/633/264 1441/632/263 1429/621/251
f 1431/623/253 1443/634/265 1442/633/264 1430/622/252
f 1432/624/254 1444/635/266 1443/634/265 1431/623/253
f 1434/625/255 1446/636/267 1445/637/268 1433/5/256
f 1435/626/257 1447/638/269 1446/636/267 1434/625/255
f 1436/627/258 1448/639/270 1447/638/269 1435/626/257
f 1437/628/259 1449/640/271 1448/639/270 1436/627/258
f 1438/629/260 1450/641/272 1449/640/271 1437/628/259
f 1439/630/261 1451/642/273 1450/641/272 1438/629/260
f 1440/631/262 1452/643/274 1451/642/273 1439/630/261
f 1441/632/263 1453/644/275 1452/643/274 1440/631/262
f 1442/633/264 1454/645/276 1453/644/275 1441/632/263
f 1443/634/265 1455/646/277 1454/645/276 1442/633/264
f 1444/635/266 1456/647/278 1455/646/277 1443/634/265
f 1446/636/267 1458/648/279 1457/649/280 1445/637/268
f 1447/638/269 1459/650/281 1458/648/279 1446/636/267
f 1448/639/270 1460/651/282 1459/650/281 1447/638/269
f 1449/640/271 1461/652/283 1460/651/282 1448/639/270
f 1450/641/272 1462/653/284 1461/652/283 1449/640/271
f 1451/642/273 1463/654/285 1462/653/284 1450/641/272
f 1452/643/274 1464/655/286 1463/654/285 1451/642/273
f 1453/644/275 1465/656/287 1464/655/286 1452/643/274
f 1454/645/276 1466/657/288 1465/656/287 1453/644/275
f 1455/646/277 1467/658/289 1466/657/288 1454/645/276
f 1456/647/278 1468/659/290 1467/658/289 1455/646/277
f 1458/648/279 1470/660/291 1469/661/292 1457/649/280
f 1459/650/281 1471/662/293 1470/660/291 1458/648/279
f 1460/651/282 1472/663/294 1471/662/293 1459/650/281
f 1461/652/283 1473/664/295 1472/663/294 1460/651/282
f 1462/653/284 1474/665/296 1473/664/295 1461/652/283
f 1463/654/285 1475/666/297 1474/665/296 1462/653/284
f 1464/655/286 1476/667/298 1475/666/297 1463/654/285
f 1465/656/287 1477/668/299 1476/667/298 1464/655/286
f 1466/657/288 1478/669/300 1477/668/299 1465/656/287
f 1467/658/289 1479/670/301 1478/669/300 1466/657/288
f 1468/659/290 1480/671/302 1479/670/301 1467/658/289
f 1470/660/291 1482/415/303 1481/244/304 1469/661/292
f 1471/662/293 1483/416/305 1482/415/303 1470/660/291
f 1472/663/294 1484/417/306 1483/416/305 1471/662/293
f 1473/664/295 1485/418/307 1484/417/306 1472/663/294
f 1474/665/296 1486/419/308 1485/418/307 1473/664/295
f 1475/666/297 1487/420/309 1486/419/308 1474/665/296
f 1476/667/298 1488/421/310 1487/420/309 1475/666/297
f 1477/668/299 1489/422/311 1488/421/310 1476/667/298
f 1478/669/300 1490/423/312 1489/422/311 1477/668/299
f 1479/670/301 1491/424/313 1490/423/312 1478/669/300
f 1480/671/302 1492/425/314 1491/424/313 1479/670/301
f 1482/415/303 1494/672/315 1493/673/316 1481/244/304
f 1483/416/305 1495/674/317 1494/672/315 1482/415/303
f 1484/417/306 1496/675/318 1495/674/317 1483/416/305
f 1485/418/307 1497/676/319 1496/675/318 1484/417/306
f 1486/419/308 1498/677/320 1497/676/319 1485/418/307
f 1487/420/309 1499/678/321 1498/677/320 1486/419/308
f 1488/421/310 1500/679/322 1499/678/321 1487/420/309
f 1489/422/311 1501/680/323 1500/679/322 1488/421/310
f 1490/423/312 1502/681/324 1501/680/323 1489/422/311
f 1491/424/313 1503/682/325 1502/681/324 1490/423/312
f 1492/425/314 1504/683/326 1503/682/325 1491/424/313
f 1494/672/315 1506/684/327 1505/43/328 1493/673/316
f 1495/674/317 1507/685/329 1506/684/327 1494/672/315
f 1496/675/318 1508/686/330 1507/685/329 1495/674/317
f 1497/676/319 1509/687/331 1508/686/330 1496/675/318
f 1498/677/320 1510/688/332 1509/687/331 1497/676/319
f 1499/678/321 1511/689/333 1510/688/332 1498/677/320
f 1500/679/322 1512/690/334 1511/689/333 1499/678/321
f 1501/680/323 1513/691/335 1512/690/334 1500/679/322
f 1502/681/324 1514/692/336 1513/691/335 1501/680/323
f 1503/682/325 1515/693/337 1514/692/336 1502/681/324
f 1504/683/326 1516/694/338 1515/693/337 1503/682/325
f 1506/684/327 1518/695/339 1517/696/340 1505/43/328
f 1507/685/329 1519/697/341 1518/695/339 1506/684/327
f 1508/686/330 1520/698/342 1519/697/341 1507/685/329
f 1509/687/331 1521/699/343 1520/698/342 1508/686/330
f 1510/688/332 1522/700/344 1521/699/343 1509/687/331
f 1511/689/333 1523/701/345 1522/700/344 1510/688/332
f 1512/690/334 1524/702/346 1523/701/345 1511/689/333
f 1513/691/335 1525/703/347 1524/702/346 1512/690/334
f 1514/692/336 1526/704/348 1525/703/347 1513/691/335
f 1515/693/337 1527/705/349 1526/704/348 1514/692/336
f 1516/694/338 1528/706/350 1527/705/349 1515/693/337
f 1518/695/339 1530/707/351 1529/285/352 1517/696/340
f 1519/697/341 1531/708/353 1530/707/351 1518/695/339
f 1520/698/342 1532/709/354 1531/708/353 1519/697/341
f 1521/699/343 1533/710/355 1532/709/354 1520/698/342
f 1522/700/344 1534/711/356 1533/710/355 1521/699/343
f 1523/701/345 1535/712/357 1534/711/356 1522/700/344
f 1524/702/346 1536/713/358 1535/712/357 1523/701/345
f 1525/703/347 1537/714/359 1536/713/358 1524/702/346
f 1526/704/348 1538/715/360 1537/714/359 1525/703/347
f 1527/705/349 1539/716/361 1538/715/360 1526/704/348
f 1528/706/350 1540/717/362 1539/716/361 1527/705/349
f 1530/707/351 1542/718/363 1541/719/364 1529/285/352
f 1531/708/353 1543/720/365 1542/718/363 1530/707/351
f 1532/709/354 1544/721/366 1543/720/365 1531/708/353
f 1533/710/355 1545/722/367 1544/721/366 1532/709/354
f 1534/711/356 1546/723/368 1545/722/367 1533/710/355
f 1535/712/357 1547/724/369 1546/723/368 1534/711/356
f 1536/713/358 1548/725/370 1547/724/369 1535/712/357
f 1537/714/359 1549/726/371 1548/725/370 1536/713/358
f 1538/715/360 1550/727/372 1549/726/371 1537/714/359
f 1539/716/361 1551/728/373 1550/727/372 1538/715/360
f 1540/717/362 1552/729/374 1551/728/373 1539/716/361
f 1542/718/363 1554/730/375 1553/731/376 1541/719/364
f 1543/720/365 1555/732/377 1554/730/375 1542/718/363
f 1544/721/366 1556/733/378 1555/732/377 1543/720/365
f 1545/722/367 1557/734/379 1556/733/378 1544/721/366
f 1546/723/368 1558/735/380 1557/734/379 1545/722/367
f 1547/724/369 1559/736/381 1558/735/380 1546/723/368
f 1548/725/370 1560/737/382 1559/736/381 1547/724/369
f 1549/726/371 1561/738/383 1560/737/382 1548/725/370
f 1550/727/372 1562/739/384 1561/738/383 1549/726/371
f 1551/728/373 1563/740/385 1562/739/384 1550/727/372
f 1552/729/374 1564/741/386 1563/740/385 1551/728/373
f 1554/730/375 1566/742/387 1565/743/388 1553/731/376
f 1555/732/377 1567/744/389 1566/742/387 1554/730/375
f 1556/733/378 1568/745/390 1567/744/389 1555/732/377
f 1557/734/379 1569/746/391 1568/745/390 1556/733/378
f 1558/735/380 1570/747/392 1569/746/391 1557/734/379
f 1559/736/381 1571/748/393 1570/747/392 1558/735/380
f 1560/737/382 1572/749/394 1571/748/393 1559/736/381
f 1561/738/383 1573/750/395 1572/749/394 1560/737/382
f 1562/739/384 1574/751/396 1573/750/395 1561/738/383
f 1563/740/385 1575/752/397 1574/751/396 1562/739/384
f 1564/741/386 1576/753/398 1575/752/397 1563/740/385
f 1566/742/387 1578/754/399 1577/53/400 1565/743/388
f 1567/744/389 1579/755/401 1578/754/399 1566/742/387
f 1568/745/390 1580/756/402 1579/755/401 1567/744/389
f 1569/746/391 1581/757/403 1580/756/402 1568/745/390
f 1570/747/392 1582/758/404 1581/757/403 1569/746/391
f 1571/748/393 1583/759/405 1582/758/404 1570/747/392
f 1572/749/394 1584/760/406 1583/759/405 1571/748/393
f 1573/750/395 1585/761/407 1584/760/406 1572/749/394
f 1574/751/396 1586/762/408 1585/761/407 1573/750/395
f 1575/752/397 1587/763/409 1586/762/408 1574/751/396
f 1576/753/398 1588/764/410 1587/763/409 1575/752/397
f 1578/754/399 1590/765/411 1589/766/412 1577/53/400
f 1579/755/401 1591/767/413 1590/765/411 1578/754/399
f 1580/756/402 1592/768/414 1591/767/413 1579/755/401
f 1581/757/403 1593/769/415 1592/768/414 1580/756/402
f 1582/758/404 1594/770/416 1593/769/415 1581/757/403
f 1583/759/405 1595/771/417 1594/770/416 1582/758/404
f 1584/760/406 1596/772/418 1595/771/417 1583/759/405
f 1585/761/407 1597/773/419 1596/772/418 1584/760/406
f 1586/762/408 1598/774/420 1597/773/419 1585/761/407
f 1587/763/409 1599/775/421 1598/774/420 1586/762/408
f 1588/764/410 1600/776/422 1599/775/421 1587/763/409
f 1590/765/411 1602/777/423 1601/778/424 1589/766/412
f 1591/767/413 1603/779/425 1602/777/423 1590/765/411
f 1592/768/414 1604/780/426 1603/779/425 1591/767/413
f 1593/769/415 1605/781/427 1604/780/426 1592/768/414
f 1594/770/416 1606/782/428 1605/781/427 1593/769/415
f 1595/771/417 1607/783/429 1606/782/428 1594/770/416
f 1596/772/418 1608/784/430 1607/783/429 1595/771/417
f 1597/773/419 1609/785/431 1608/784/430 1596/772/418
f 1598/774/420 1610/786/432 1609/785/431 1597/773/419
f 1599/775/421 1611/787/433 1610/786/432 1598/774/420
f 1600/776/422 1612/788/434 1611/787/433 1599/775/421
f 1602/777/423 1614/789/435 1613/790/436 1601/778/424
f 1603/779/425 1615/791/437 1614/789/435 1602/777/423
f 1604/780/426 1616/792/438 1615/791/437 1603/779/425
f 1605/781/427 1617/793/439 1616/792/438 1604/780/426
f 1606/782/428 1618/794/440 1617/793/439 1605/781/427
f 1607/783/429 1619/795/441 1618/794/440 1606/782/428
f 1608/784/430 1620/796/442 1619/795/441 1607/783/429
f 1609/785/431 1621/797/443 1620/796/442 1608/784/430
f 1610/786/432 1622/798/444 1621/797/443 1609/785/431
f 1611/787/433 1623/799/445 1622/798/444 1610/786/432
f 1612/788/434 1624/800/446 1623/799/445 1611/787/433
f 1614/789/435 1626/801/447 1625/280/448 1613/790/436
f 1615/791/437 1627/802/449 1626/801/447 1614/789/435
f 1616/792/438 1628/803/450 1627/802/449 1615/791/437
f 1617/793/439 1629/804/451 1628/803/450 1616/792/438
f 1618/794/440 1630/805/452 1629/804/451 1617/793/439
f 1619/795/441 1631/806/453 1630/805/452 1618/794/440
f 1620/796/442 1632/807/454 1631/806/453 1619/795/441
f 1621/797/443 1633/808/455 1632/807/454 1620/796/442
f 1622/798/444 1634/809/456 1633/808/455 1621/797/443
f 1623/799/445 1635/810/457 1634/809/456 1622/798/444
f 1624/800/446 1636/811/458 1635/810/457 1623/799/445
f 1626/801/447 1638/812/459 1637/813/460 1625/280/448
f 1627/802/449 1639/814/461 1638/812/459 1626/801/447
f 1628/803/450 1640/815/462 1639/814/461 1627/802/449
f 1629/804/451 1641/816/463 1640/815/462 1628/803/450
f 1630/805/452 1642/817/464 1641/816/463 1629/804/451
f 1631/806/453 1643/818/465 1642/817/464 1630/805/452
f 1632/807/454 1644/819/466 1643/818/465 1631/806/453
f 1633/808/455 1645/820/467 1644/819/466 1632/807/454
f 1634/809/456 1646/821/468 1645/820/467 1633/808/455
f 1635/810/457 1647/822/469 1646/821/468 1634/809/456
f 1636/811/458 1648/823/470 1647/822/469 1635/810/457
f 1638/812/459 1650/824/471 1649/42/472 1637/813/460
f 1639/814/461 1651/825/473 1650/824/471 1638/812/459
f 1640/815/462 1652/826/474 1651/825/473 1639/814/461
f 1641/816/463 1653/827/475 1652/826/474 1640/815/462
f 1642/817/464 1654/828/476 1653/827/475 1641/816/463
f 1643/818/465 1655/829/477 1654/828/476 1642/817/464
f 1644/819/466 1656/830/478 1655/829/477 1643/818/465
f 1645/820/467 1657/831/479 1656/830/478 1644/819/466
f 1646/821/468 1658/832/480 1657/831/479 1645/820/467
f 1647/822/469 1659/833/481 1658/832/480 1646/821/468
f 1648/823/470 1660/834/482 1659/833/481 1647/822/469
f 1650/824/471 1662/835/483 1661/836/484 1649/42/472
f 1651/825/473 1663/837/485 1662/835/483 1650/824/471
f 1652/826/474 1664/838/486 1663/837/485 1651/825/473
f 1653/827/475 1665/839/487 1664/838/486 1652/826/474
f 1654/828/476 1666/840/488 1665/839/487 1653/827/475
f 1655/829/477 1667/841/489 1666/840/488 1654/828/476
f 1656/830/478 1668/842/490 1667/841/489 1655/829/477
f 1657/831/479 1669/843/491 1668/842/490 1656/830/478
f 1658/832/480 1670/844/492 1669/843/491 1657/831/479
f 1659/833/481 1671/845/493 1670/844/492 1658/832/480
f 1660/834/482 1672/846/494 1671/845/493 1659/833/481
f 1662/835/483 1674/450/495 1673/255/496 1661/836/484
f 1663/837/485 1675/451/497 1674/450/495 1662/835/483
f 1664/838/486 1676/452/498 1675/451/497 1663/837/485
f 1665/839/487 1677/453/499 1676/452/498 1664/838/486
f 1666/840/488 1678/454/500 1677/453/499 1665/839/487
f 1667/841/489 1679/455/501 1678/454/500 1666/840/488
f 1668/842/490 1680/456/502 1679/455/501 1667/841/489
f 1669/843/491 1681/457/503 1680/456/502 1668/842/490
f 1670/844/492 1682/458/504 1681/457/503 1669/843/491
f 1671/845/493 1683/459/505 1682/458/504 1670/844/492
f 1672/846/494 1684/460/506 1683/459/505 1671/845/493
f 1674/450/495 1686/847/507 1685/848/508 1673/255/496
f 1675/451/497 1687/849/509 1686/847/507 1674/450/495
f 1676/452/498 1688/850/510 1687/849/509 1675/451/497
f 1677/453/499 1689/851/511 1688/850/510 1676/452/498
f 1678/454/500 1690/852/512 1689/851/511 1677/453/499
f 1679/455/501 1691/853/513 1690/852/512 1678/454/500
f 1680/456/502 1692/854/514 1691/853/513 1679/455/501
f 1681/457/503 1693/855/515 1692/854/514 1680/456/502
f 1682/458/504 1694/856/516 1693/855/515 1681/457/503
f 1683/459/505 1695/857/517 1694/856/516 1682/458/504
f 1684/460/506 1696/858/518 1695/857/517 1683/459/505
f 1686/847/507 1698/859/519 1697/860/520 1685/848/508
f 1687/849/509 1699/861/521 1698/859/519 1686/847/507
f 1688/850/510 1700/862/522 1699/861/521 1687/849/509
f 1689/851/511 1701/863/523 1700/862/522 1688/850/510
f 1690/852/512 1702/864/524 1701/863/523 1689/851/511
f 1691/853/513 1703/865/525 1702/864/524 1690/852/512
f 1692/854/514 1704/866/526 1703/865/525 1691/853/513
f 1693/855/515 1705/867/527 1704/866/526 1692/854/514
f 1694/856/516 1706/868/528 1705/867/527 1693/855/515
f 1695/857/517 1707/869/529 1706/868/528 1694/856/516
f 1696/858/518 1708/870/530 1707/869/529 1695/857/517
f 1698/859/519 1710/871/531 1709/872/532 1697/860/520
f 1699/861/521 1711/873/533 1710/871/531 1698/859/519
f 1700/862/522 1712/874/534 1711/873/533 1699/861/521
f 1701/863/523 1713/875/535 1712/874/534 1700/862/522
f 1702/864/524 1714/876/536 1713/875/535 1701/863/523
f 1703/865/525 1715/877/537 1714/876/536 1702/864/524
f 1704/866/526 1716/878/538 1715/877/537 1703/865/525
f 1705/867/527 1717/879/539 1716/878/538 1704/866/526
f 1706/868/528 1718/880/540 1717/879/539 1705/867/527
f 1707/869/529 1719/881/541 1718/880/540 1706/868/528
f 1708/870/530 1720/882/542 1719/881/541 1707/869/529
f 1710/871/531 1722/883/543 1721/36/544 1709/872/532
f 1711/873/533 1723/884/545 1722/883/543 1710/871/531
f 1712/874/534 1724/885/546 1723/884/545 1711/873/533
f 1713/875/535 1725/886/547 1724/885/546 1712/874/534
f 1714/876/536 1726/887/548 1725/886/547 1713/875/535
f 1715/877/537 1727/888/549 1726/887/548 1714/876/536
f 1716/878/538 1728/889/550 1727/888/549 1715/877/537
f 1717/879/539 1729/890/551 1728/889/550 1716/878/538
f 1718/880/540 1730/891/552 1729/890/551 1717/879/539
f 1719/881/541 1731/892/553 1730/891/552 1718/880/540
f 1720/882/542 1732/893/554 1731/892/553 1719/881/541
f 1722/883/543 1734/894/555 1733/895/556 1721/36/544
f 1723/884/545 1735/896/557 1734/894/555 1722/883/543
f 1724/885/546 1736/897/558 1735/896/557 1723/884/545
f 1725/886/547 1737/898/559 1736/897/558 1724/885/546
f 1726/887/548 1738/899/560 1737/898/559 1725/886/547
f 1727/888/549 1739/900/561 1738/899/560 1726/887/548
f 1728/889/550 1740/901/562 1739/900/561 1727/888/549
f 1729/890/551 1741/902/563 1740/901/562 1728/889/550
f 1730/891/552 1742/903/564 1741/902/563 1729/890/551
f 1731/892/553 1743/904/565 1742/903/564 1730/891/552
f 1732/893/554 1744/905/566 1743/904/565 1731/892/553
f 1734/894/555 1746/906/567 1745/907/568 1733/895/556
f 1735/896/557 1747/908/569 1746/906/567 1734/894/555
f 1736/897/558 1748/909/570 1747/908/569 1735/896/557
f 1737/898/559 1749/910/571 1748/909/570 1736/897/558
f 1738/899/560 1750/911/572 1749/910/571 1737/898/559
f 1739/900/561 1751/912/573 1750/911/572 1738/899/560
f 1740/901/562 1752/913/574 1751/912/573 1739/900/561
f 1741/902/563 1753/914/575 1752/913/574 1740/901/562
f 1742/903/564 1754/915/576 1753/914/575 1741/902/563
f 1743/904/565 1755/916/577 1754/915/576 1742/903/564
f 1744/905/566 1756/917/578 1755/916/577 1743/904/565
f 1746/906/567 1758/918/579 1757/919/580 1745/907/568
f 1747/908/569 1759/920/581 1758/918/579 1746/906/567
f 1748/909/570 1760/921/582 1759/920/581 1747/908/569
f 1749/910/571 1761/922/583 1760/921/582 1748/909/570
f 1750/911/572 1762/923/584 1761/922/583 1749/910/571
f 1751/912/573 1763/924/585 1762/923/584 1750/911/572
f 1752/913/574 1764/925/586 1763/924/585 1751/912/573
f 1753/914/575 1765/926/587 1764/925/586 1752/913/574
f 1754/915/576 1766/927/588 1765/926/587 1753/914/575
f 1755/916/577 1767/928/589 1766/927/588 1754/915/576
f 1756/917/578 1768/929/590 1767/928/589 1755/916/577
f 1758/918/579 1770/930/591 1769/282/592 1757/919/580
f 1759/920/581 1771/931/593 1770/930/591 1758/918/579
f 1760/921/582 1772/932/594 1771/931/593 1759/920/581
f 1761/922/583 1773/933/595 1772/932/594 1760/921/582
f 1762/923/584 1774/934/596 1773/933/595 1761/922/583
f 1763/924/585 1775/935/597 1774/934/596 1762/923/584
f 1764/925/586 1776/936/598 1775/935/597 1763/924/585
f 1765/926/587 1777/937/599 1776/936/598 1764/925/586
f 1766/927/588 1778/938/600 1777/937/599 1765/926/587
f 1767/928/589 1779/939/601 1778/938/600 1766/927/588
f 1768/929/590 1780/940/602 1779/939/601 1767/928/589
f 1770/930/591 1782/941/603 1781/942/604 1769/282/592
f 1771/931/593 1783/943/605 1782/941/603 1770/930/591
f 1772/932/594 1784/944/606 1783/943/605 1771/931/593
f 1773/933/595 1785/945/607 1784/944/606 1772/932/594
f 1774/934/596 1786/946/608 1785/945/607 1773/933/595
f 1775/935/597 1787/947/609 1786/946/608 1774/934/596
f 1776/936/598 1788/948/610 1787/947/609 1775/935/597
f 1777/937/599 1789/949/611 1788/948/610 1776/936/598
f 1778/938/600 1790/950/612 1789/949/611 1777/937/599
f 1779/939/601 1791/951/613 1790/950/612 1778/938/600
f 1780/940/602 1792/952/614 1791/951/613 1779/939/601
f 1782/941/603 1794/953/615 1793/29/616 1781/942/604
f 1783/943/605 1795/954/617 1794/953/615 1782/941/603
f 1784/944/606 1796/955/618 1795/954/617 1783/943/605
f 1785/945/607 1797/956/619 1796/955/618 1784/944/606
f 1786/946/608 1798/957/620 1797/956/619 1785/945/607
f 1787/947/609 1799/958/621 1798/957/620 1786/946/608
f 1788/948/610 1800/959/622 1799/958/621 1787/947/609
f 1789/949/611 1801/960/623 1800/959/622 1788/948/610
f 1790/950/612 1802/961/624 1801/960/623 1789/949/611
f 1791/951/613 1803/962/625 1802/961/624 1790/950/612
f 1792/952/614 1804/963/626 1803/962/625 1791/951/613
f 1794/953/615 1806/964/627 1805/965/628 1793/29/616
f 1795/954/617 1807/966/629 1806/964/627 1794/953/615
f 1796/955/618 1808/967/630 1807/966/629 1795/954/617
f 1797/956/619 1809/968/631 1808/967/630 1796/955/618
f 1798/957/620 1810/969/632 1809/968/631 1797/956/619
f 1799/958/621 1811/970/633 1810/969/632 1798/957/620
f 1800/959/622 1812/971/634 1811/970/633 1799/958/621
f 1801/960/623 1813/972/635 1812/971/634 1800/959/622
f 1802/961/624 1814/973/636 1813/972/635 1801/960/623
f 1803/962/625 1815/974/637 1814/973/636 1802/961/624
f 1804/963/626 1816/975/638 1815/974/637 1803/962/625
f 1806/964/627 1818/976/639 1817/281/640 1805/965/628
f 1807/966/629 1819/977/641 1818/976/639 1806/964/627
f 1808/967/630 1820/978/642 1819/977/641 1807/966/629
f 1809/968/631 1821/979/643 1820/978/642 1808/967/630
f 1810/969/632 1822/980/644 1821/979/643 1809/968/631
f 1811/970/633 1823/981/645 1822/980/644 1810/969/632
f 1812/971/634 1824/982/646 1823/981/645 1811/970/633
f 1813/972/635 1825/983/647 1824/982/646 1812/971/634
f 1814/973/636 1826/984/648 1825/983/647 1813/972/635
f 1815/974/637 1827/985/649 1826/984/648 1814/973/636
f 1816/975/638 1828/986/650 1827/985/649 1815/974/637
f 1818/976/639 1830/987/651 1829/988/652 1817/281/640
f 1819/977/641 1831/989/653 1830/987/651 1818/976/639
f 1820/978/642 1832/990/654 1831/989/653 1819/977/641
f 1821/979/643 1833/991/655 1832/990/654 1820/978/642
f 1822/980/644 1834/992/656 1833/991/655 1821/979/643
f 1823/981/645 1835/993/657 1834/992/656 1822/980/644
f 1824/982/646 1836/994/658 1835/993/657 1823/981/645
f 1825/983/647 1837/995/659 1836/994/658 1824/982/646
f 1826/984/648 1838/996/660 1837/995/659 1825/983/647
f 1827/985/649 1839/997/661 1838/996/660 1826/984/648
f 1828/986/650 1840/998/662 1839/997/661 1827/985/649
f 1830/987/651 1842/999/663 1841/1000/664 1829/988/652
f 1831/989/653 1843/1001/665 1842/999/663 1830/987/651
f 1832/990/654 1844/1002/666 1843/1001/665 1831/989/653
f 1833/991/655 1845/1003/667 1844/1002/666 1832/990/654
f 1834/992/656 1846/1004/668 1845/1003/667 1833/991/655
f 1835/993/657 1847/1005/669 1846/1004/668 1834/992/656
f 1836/994/658 1848/1006/670 1847/1005/669 1835/993/657
f 1837/995/659 1849/1007/671 1848/1006/670 1836/994/658
f 1838/996/660 1850/1008/672 1849/1007/671 1837/995/659
f 1839/997/661 1851/1009/673 1850/1008/672 1838/996/660
f 1840/998/662 1852/1010/674 1851/1009/673 1839/997/661
f 1842/999/663 1854/1011/675 1853/1012/676 1841/1000/664
f 1843/1001/665 1855/1013/677 1854/1011/675 1842/999/663
f 1844/1002/666 1856/1014/678 1855/1013/677 1843/1001/665
f 1845/1003/667 1857/1015/679 1856/1014/678 1844/1002/666
f 1846/1004/668 1858/1016/680 1857/1015/679 1845/1003/667
f 1847/1005/669 1859/1017/681 1858/1016/680 1846/1004/668
f 1848/1006/670 1860/1018/682 1859/1017/681 1847/1005/669
f 1849/1007/671 1861/1019/683 1860/1018/682 1848/1006/670
f 1850/1008/672 1862/1020/684 1861/1019/683 1849/1007/671
f 1851/1009/673 1863/1021/685 1862/1020/684 1850/1008/672
f 1852/1010/674 1864/1022/686 1863/1021/685 1851/1009/673
f 1854/1011/675 1290/485/111 1289/13/114 1853/1012/676
f 1855/1013/677 1291/486/115 1290/485/111 1854/1011/675
f 1856/1014/678 1292/487/117 1291/486/115 1855/1013/677
f 1857/1015/679 1293/488/119 1292/487/117 1856/1014/678
f 1858/1016/680 1294/489/121 1293/488/119 1857/1015/679
f 1859/1017/681 1295/490/123 1294/489/121 1858/1016/680
f 1860/1018/682 1296/491/125 1295/490/123 1859/1017/681
f 1861/1019/683 1297/492/127 1296/491/125 1860/1018/682
f 1862/1020/684 1298/493/129 1297/492/127 1861/1019/683
f 1863/1021/685 1299/494/131 1298/493/129 1862/1020/684
f 1864/1022/686 1300/495/133 1299/494/131 1863/1021/685
f 1866/380/687 1878/496/688 1877/497/689 1865/24/690
f 1867/383/691 1879/498/692 1878/496/688 1866/380/687
f 1868/385/693 1880/499/694 1879/498/692 1867/383/691
f 1869/387/695 1881/500/696 1880/499/694 1868/385/693
f 1870/389/697 1882/501/698 1881/500/696 1869/387/695
f 1871/391/699 1883/502/700 1882/501/698 1870/389/697
f 1872/393/701 1884/503/702 1883/502/700 1871/391/699
f 1873/395/703 1885/504/704 1884/503/702 1872/393/701
f 1874/397/705 1886/505/706 1885/504/704 1873/395/703
f 1875/399/707 1887/506/708 1886/505/706 1874/397/705
f 1876/401/709 1888/507/710 1887/506/708 1875/399/707
f 1878/496/688 1890/508/711 1889/509/712 1877/497/689
f 1879/498/692 1891/510/713 1890/508/711 1878/496/688
f 1880/499/694 1892/511/714 1891/510/713 1879/498/692
f 1881/500/696 1893/512/715 1892/511/714 1880/499/694
f 1882/501/698 1894/513/716 1893/512/715 1881/500/696
f 1883/502/700 1895/514/717 1894/513/716 1882/501/698
f 1884/503/702 1896/515/718 1895/514/717 1883/502/700
f 1885/504/704 1897/516/719 1896/515/718 1884/503/702
f 1886/505/706 1898/517/720 1897/516/719 1885/504/704
f 1887/506/708 1899/518/721 1898/517/720 1886/505/706
f 1888/507/710 1900/519/722 1899/518/721 1887/506/708
f 1890/508/711 1902/520/723 1901/521/724 1889/509/712
f 1891/510/713 1903/522/725 1902/520/723 1890/508/711
f 1892/511/714 1904/523/726 1903/522/725 1891/510/713
f 1893/512/715 1905/524/727 1904/523/726 1892/511/714
f 1894/513/716 1906/525/728 1905/524/727 1893/512/715
f 1895/514/717 1907/526/729 1906/525/728 1894/513/716
f 1896/515/718 1908/527/730 1907/526/729 1895/514/717
f 1897/516/719 1909/528/731 1908/527/730 1896/515/718
f 1898/517/720 1910/529/732 1909/528/731 1897/516/719
f 1899/518/721 1911/530/733 1910/529/732 1898/517/720
f 1900/519/722 1912/531/734 1911/530/733 1899/518/721
f 1902/520/723 1914/532/735 1913/283/736 1901/521/724
f 1903/522/725 1915/533/737 1914/532/735 1902/520/723
f 1904/523/726 1916/534/738 1915/533/737 1903/522/725
f 1905/524/727 1917/535/739 1916/534/738 1904/523/726
f 1906/525/728 1918/536/740 1917/535/739 1905/524/727
f 1907/526/729 1919/537/741 1918/536/740 1906/525/728
f 1908/527/730 1920/538/742 1919/537/741 1907/526/729
f 1909/528/731 1921/539/743 1920/538/742 1908/527/730
f 1910/529/732 1922/540/744 1921/539/743 1909/528/731
f 1911/530/733 1923/541/745 1922/540/744 1910/529/732
f 1912/531/734 1924/542/746 1923/541/745 1911/530/733
f 1914/532/735 1926/543/747 1925/544/748 1913/283/736
f 1915/533/737 1927/545/749 1926/543/747 1914/532/735
f 1916/534/738 1928/546/750 1927/545/749 1915/533/737
f 1917/535/739 1929/547/751 1928/546/750 1916/534/738
f 1918/536/740 1930/548/752 1929/547/751 1917/535/739
f 1919/537/741 1931/549/753 1930/548/752 1918/536/740
f 1920/538/742 1932/550/754 1931/549/753 1919/537/741
f 1921/539/743 1933/551/755 1932/550/754 1920/538/742
f 1922/540/744 1934/552/756 1933/551/755 1921/539/743
f 1923/541/745 1935/553/757 1934/552/756 1922/540/744
f 1924/542/746 1936/554/758 1935/553/757 1923/541/745
f 1926/543/747 1938/555/759 1937/9/760 1925/544/748
f 1927/545/749 1939/556/761 1938/555/759 1926/543/747
f 1928/546/750 1940/557/762 1939/556/761 1927/545/749
f 1929/547/751 1941/558/763 1940/557/762 1928/546/750
f 1930/548/752 1942/559/764 1941/558/763 1929/547/751
f 1931/549/753 1943/560/765 1942/559/764 1930/548/752
f 1932/550/754 1944/561/766 1943/560/765 1931/549/753
f 1933/551/755 1945/562/767 1944/561/766 1932/550/754
f 1934/552/756 1946/563/768 1945/562/767 1933/551/755
f 1935/553/757 1947/564/769 1946/563/768 1934/552/756
f 1936/554/758 1948/565/770 1947/564/769 1935/553/757
f 1938/555/759 1950/566/771 1949/567/772 1937/9/760
f 1939/556/761 1951/568/773 1950/566/771 1938/555/759
f 1940/557/762 1952/569/774 1951/568/773 1939/556/761
f 1941/558/763 1953/570/775 1952/569/774 1940/557/762
f 1942/559/764 1954/571/776 1953/570/775 1941/558/763
f 1943/560/765 1955/572/777 1954/571/776 1942/559/764
f 1944/561/766 1956/573/778 1955/572/777 1943/560/765
f 1945/562/767 1957/574/779 1956/573/778 1944/561/766
f 1946/563/768 1958/575/780 1957/574/779 1945/562/767
f 1947/564/769 1959/576/781 1958/575/780 1946/563/768
f 1948/565/770 1960/577/782 1959/576/781 1947/564/769
f 1950/566/771 1962/578/783 1961/284/784 1949/567/772
f 1951/568/773 1963/579/785 1962/578/783 1950/566/771
f 1952/569/774 1964/580/786 1963/579/785 1951/568/773
f 1953/570/775 1965/581/787 1964/580/786 1952/569/774
f 1954/571/776 1966/582/788 1965/581/787 1953/570/775
f 1955/572/777 1967/583/789 1966/582/788 1954/571/776
f 1956/573/778 1968/584/790 1967/583/789 1955/572/777
f 1957/574/779 1969/585/791 1968/584/790 1956/573/778
f 1958/575/780 1970/586/792 1969/585/791 1957/574/779
f 1959/576/781 1971/587/793 1970/586/792 1958/575/780
f 1960/577/782 1972/588/794 1971/587/793 1959/576/781
f 1962/578/783 1974/589/795 1973/590/796 1961/284/784
f 1963/579/785 1975/591/797 1974/589/795 1962/578/783
f 1964/580/786 1976/592/798 1975/591/797 1963/579/785
f 1965/581/787 1977/593/799 1976/592/798 1964/580/786
f 1966/582/788 1978/594/800 1977/593/799 1965/581/787
f 1967/583/789 1979/595/801 1978/594/800 1966/582/788
f 1968/584/790 1980/596/802 1979/595/801 1967/583/789
f 1969/585/791 1981/597/803 1980/596/802 1968/584/790
f 1970/586/792 1982/598/804 1981/597/803 1969/585/791
f 1971/587/793 1983/599/805 1982/598/804 1970/586/792
f 1972/588/794 1984/600/806 1983/599/805 1971/587/793
f 1974/589/795 1986/601/807 1985/602/808 1973/590/796
f 1975/591/797 1987/603/809 1986/601/807 1974/589/795
f 1976/592/798 1988/604/810 1987/603/809 1975/591/797
f 1977/593/799 1989/605/811 1988/604/810 1976/592/798
f 1978/594/800 1990/606/812 1989/605/811 1977/593/799
f 1979/595/801 1991/607/813 1990/606/812 1978/594/800
f 1980/596/802 1992/608/814 1991/607/813 1979/595/801
f 1981/597/803 1993/609/815 1992/608/814 1980/596/802
f 1982/598/804 1994/610/816 1993/609/815 1981/597/803
f 1983/599/805 1995/611/817 1994/610/816 1982/598/804
f 1984/600/806 1996/612/818 1995/611/817 1983/599/805
f 1986/601/807 1998/613/819 1997/614/820 1985/602/808
f 1987/603/809 1999/615/821 1998/613/819 1986/601/807
f 1988/604/810 2000/616/822 1999/615/821 1987/603/809
f 1989/605/811 2001/617/823 2000/616/822 1988/604/810
f 1990/606/812 2002/618/824 2001/617/823 1989/605/811
f 1991/607/813 2003/619/825 2002/618/824 1990/606/812
f 1992/608/814 2004/620/826 2003/619/825 1991/607/813
f 1993/609/815 2005/621/827 2004/620/826 1992/608/814
f 1994/610/816 2006/622/828 2005/621/827 1993/609/815
f 1995/611/817 2007/623/829 2006/622/828 1994/610/816
f 1996/612/818 2008/624/830 2007/623/829 1995/611/817
f 1998/613/819 2010/625/831 2009/5/832 1997/614/820
f 1999/615/821 2011/626/833 2010/625/831 1998/613/819
f 2000/616/822 2012/627/834 2011/626/833 1999/615/821
f 2001/617/823 2013/628/835 2012/627/834 2000/616/822
f 2002/618/824 2014/629/836 2013/628/835 2001/617/823
f 2003/619/825 2015/630/837 2014/629/836 2002/618/824
f 2004/620/826 2016/631/838 2015/630/837 2003/619/825
f 2005/621/827 2017/632/839 2016/631/838 2004/620/826
f 2006/622/828 2018/633/840 2017/632/839 2005/621/827
f 2007/623/829 2019/634/841 2018/633/840 2006/622/828
f 2008/624/830 2020/635/842 2019/634/841 2007/623/829
f 2010/625/831 2022/636/843 2021/637/844 2009/5/832
f 2011/626/833 2023/638/845 2022/636/843 2010/625/831
f 2012/627/834 2024/639/846 2023/638/845 2011/626/833
f 2013/628/835 2025/640/847 2024/639/846 2012/627/834
f 2014/629/836 2026/641/848 2025/640/847 2013/628/835
f 2015/630/837 2027/642/849 2026/641/848 2014/629/836
f 2016/631/838 2028/643/850 2027/642/849 2015/630/837
f 2017/632/839 2029/644/851 2028/643/850 2016/631/838
f 2018/633/840 2030/645/852 2029/644/851 2017/632/839
f 2019/634/841 2031/646/853 2030/645/852 2018/633/840
f 2020/635/842 2032/647/854 2031/646/853 2019/634/841
f 2022/636/843 2034/648/855 2033/649/856 2021/637/844
f 2023/638/845 2035/650/857 2034/648/855 2022/636/843
f 2024/639/846 2036/651/858 2035/650/857 2023/638/845
f 2025/640/847 2037/652/859 2036/651/858 2024/639/846
f 2026/641/848 2038/653/860 2037/652/859 2025/640/847
f 2027/642/849 2039/654/861 2038/653/860 2026/641/848
f 2028/643/850 2040/655/862 2039/654/861 2027/642/849
f 2029/644/851 2041/656/863 2040/655/862 2028/643/850
f 2030/645/852 2042/657/864 2041/656/863 2029/644/851
f 2031/646/853 2043/658/865 2042/657/864 2030/645/852
f 2032/647/854 2044/659/866 2043/658/865 2031/646/853
f 2034/648/855 2046/660/867 2045/661/868 2033/649/856
f 2035/650/857 2047/662/869 2046/660/867 2034/648/855
f 2036/651/858 2048/663/870 2047/662/869 2035/650/857
f 2037/652/859 2049/664/871 2048/663/870 2036/651/858
f 2038/653/860 2050/665/872 2049/664/871 2037/652/859
f 2039/654/861 2051/666/873 2050/665/872 2038/653/860
f 2040/655/862 2052/667/874 2051/666/873 2039/654/861
f 2041/656/863 2053/668/875 2052/667/874 2040/655/862
f 2042/657/864 2054/669/876 2053/668/875 2041/656/863
f 2043/658/865 2055/670/877 2054/669/876 2042/657/864
f 2044/659/866 2056/671/878 2055/670/877 2043/658/865
f 2046/660/867 2058/415/879 2057/244/880 2045/661/868
f 2047/662/869 2059/416/881 2058/415/879 2046/660/867
f 2048/663/870 2060/417/882 2059/416/881 2047/662/869
f 2049/664/871 2061/418/883 2060/417/882 2048/663/870
f 2050/665/872 2062/419/884 2061/418/883 2049/664/871
f 2051/666/873 2063/420/885 2062/419/884 2050/665/872
f 2052/667/874 2064/421/886 2063/420/885 2051/666/873
f 2053/668/875 2065/422/887 2064/421/886 2052/667/874
f 2054/669/876 2066/423/888 2065/422/887 2053/668/875
f 2055/670/877 2067/424/889 2066/423/888 2054/669/876
f 2056/671/878 2068/425/890 2067/424/889 2055/670/877
f 2058/415/879 2070/672/891 2069/673/892 2057/244/880
f 2059/416/881 2071/674/893 2070/672/891 2058/415/879
f 2060/417/882 2072/675/894 2071/674/893 2059/416/881
f 2061/418/883 2073/676/895 2072/675/894 2060/417/882
f 2062/419/884 2074/677/896 2073/676/895 2061/418/883
f 2063/420/885 2075/678/897 2074/677/896 2062/419/884
f 2064/421/886 2076/679/898 2075/678/897 2063/420/885
f 2065/422/887 2077/680/899 2076/679/898 2064/421/886
f 2066/423/888 2078/681/900 2077/680/899 2065/422/887
f 2067/424/889 2079/682/901 2078/681/900 2066/423/888
f 2068/425/890 2080/683/902 2079/682/901 2067/424/889
f 2070/672/891 2082/684/903 2081/43/904 2069/673/892
f 2071/674/893 2083/685/905 2082/684/903 2070/672/891
f 2072/675/894 2084/686/906 2083/685/905 2071/674/893
f 2073/676/895 2085/687/907 2084/686/906 2072/675/894
f 2074/677/896 2086/688/908 2085/687/907 2073/676/895
f 2075/678/897 2087/689/909 2086/688/908 2074/677/896
f 2076/679/898 2088/690/910 2087/689/909 2075/678/897
f 2077/680/899 2089/691/911 2088/690/910 2076/679/898
f 2078/681/900 2090/692/912 2089/691/911 2077/680/899
f 2079/682/901 2091/693/913 2090/692/912 2078/681/900
f 2080/683/902 2092/694/914 2091/693/913 2079/682/901
f 2082/684/903 2094/695/915 2093/696/916 2081/43/904
f 2083/685/905 2095/697/917 2094/695/915 2082/684/903
f 2084/686/906 2096/698/918 2095/697/917 2083/685/905
f 2085/687/907 2097/699/919 2096/698/918 2084/686/906
f 2086/688/908 2098/700/920 2097/699/919 2085/687/907
f 2087/689/909 2099/701/921 2098/700/920 2086/688/908
f 2088/690/910 2100/702/922 2099/701/921 2087/689/909
f 2089/691/911 2101/703/923 2100/702/922 2088/690/910
f 2090/692/912 2102/704/924 2101/703/923 2089/691/911
f 2091/693/913 2103/705/925 2102/704/924 2090/692/912
f 2092/694/914 2104/706/926 2103/705/925 2091/693/913
f 2094/695/915 2106/707/927 2105/285/928 2093/696/916
f 2095/697/917 2107/708/929 2106/707/927 2094/695/915
f 2096/698/918 2108/709/930 2107/708/929 2095/697/917
f 2097/699/919 2109/710/931 2108/709/930 2096/698/918
f 2098/700/920 2110/711/932 2109/710/931 2097/699/919
f 2099/701/921 2111/712/933 2110/711/932 2098/700/920
f 2100/702/922 2112/713/934 2111/712/933 2099/701/921
f 2101/703/923 2113/714/935 2112/713/934 2100/702/922
f 2102/704/924 2114/715/936 2113/714/935 2101/703/923
f 2103/705/925 2115/716/937 2114/715/936 2102/704/924
f 2104/706/926 2116/717/938 2115/716/937 2103/705/925
f 2106/707/927 2118/718/939 2117/719/940 2105/285/928
f 2107/708/929 2119/720/941 2118/718/939 2106/707/927
f 2108/709/930 2120/721/942 2119/720/941 2107/708/929
f 2109/710/931 2121/722/943 2120/721/942 2108/709/930
f 2110/711/932 2122/723/944 2121/722/943 2109/710/931
f 2111/712/933 2123/724/945 2122/723/944 2110/711/932
f 2112/713/934 2124/725/946 2123/724/945 2111/712/933
f 2113/714/935 2125/726/947 2124/725/946 2112/713/934
f 2114/715/936 2126/727/948 2125/726/947 2113/714/935
f 2115/716/937 2127/728/949 2126/727/948 2114/715/936
f 2116/717/938 2128/729/950 2127/728/949 2115/716/937
f 2118/718/939 2130/730/951 2129/731/952 2117/719/940
f 2119/720/941 2131/732/953 2130/730/951 2118/718/939
f 2120/721/942 2132/733/954 2131/732/953 2119/720/941
f 2121/722/943 2133/734/955 2132/733/954 2120/721/942
f 2122/723/944 2134/735/956 2133/734/955 2121/722/943
f 2123/724/945 2135/736/957 2134/735/956 2122/723/944
f 2124/725/946 2136/737/958 2135/736/957 2123/724/945
f 2125/726/947 2137/738/959 2136/737/958 2124/725/946
f 2126/727/948 2138/739/960 2137/738/959 2125/726/947
f 2127/728/949 2139/740/961 2138/739/960 2126/727/948
f 2128/729/950 2140/741/962 2139/740/961 2127/728/949
f 2130/730/951 2142/742/963 2141/743/964 2129/731/952
f 2131/732/953 2143/744/965 2142/742/963 2130/730/951
f 2132/733/954 2144/745/966 2143/744/965 2131/732/953
f 2133/734/955 2145/746/967 2144/745/966 2132/733/954
f 2134/735/956 2146/747/968 2145/746/967 2133/734/955
f 2135/736/957 2147/748/969 2146/747/968 2134/735/956
f 2136/737/958 2148/749/970 2147/748/969 2135/736/957
f 2137/738/959 2149/750/971 2148/749/970 2136/737/958
f 2138/739/960 2150/751/972 2149/750/971 2137/738/959
f 2139/740/961 2151/752/973 2150/751/972 2138/739/960
f 2140/741/962 2152/753/974 2151/752/973 2139/740/961
f 2142/742/963 2154/754/975 2153/53/976 2141/743/964
f 2143/744/965 2155/755/977 2154/754/975 2142/742/963
f 2144/745/966 2156/756/978 2155/755/977 2143/744/965
f 2145/746/967 2157/757/979 2156/756/978 2144/745/966
f 2146/747/968 2158/758/980 2157/757/979 2145/746/967
f 2147/748/969 2159/759/981 2158/758/980 2146/747/968
f 2148/749/970 2160/760/982 2159/759/981 2147/748/969
f 2149/750/971 2161/761/983 2160/760/982 2148/749/970
f 2150/751/972 2162/762/984 2161/761/983 2149/750/971
f 2151/752/973 2163/763/985 2162/762/984 2150/751/972
f 2152/753/974 2164/764/986 2163/763/985 2151/752/973
f 2154/754/975 2166/765/987 2165/766/988 2153/53/976
f 2155/755/977 2167/767/989 2166/765/987 2154/754/975
f 2156/756/978 2168/768/990 2167/767/989 2155/755/977
f 2157/757/979 2169/769/991 2168/768/990 2156/756/978
f 2158/758/980 2170/770/992 2169/769/991 2157/757/979
f 2159/759/981 2171/771/993 2170/770/992 2158/758/980
f 2160/760/982 2172/772/994 2171/771/993 2159/759/981
f 2161/761/983 2173/773/995 2172/772/994 2160/760/982
f 2162/762/984 2174/774/996 2173/773/995 2161/761/983
f 2163/763/985 2175/775/997 2174/774/996 2162/762/984
f 2164/764/986 2176/776/998 2175/775/997 2163/763/985
f 2166/765/987 2178/777/999 2177/778/1000 2165/766/988
f 2167/767/989 2179/779/1001 2178/777/999 2166/765/987
f 2168/768/990 2180/780/1002 2179/779/1001 2167/767/989
f 2169/769/991 2181/781/1003 2180/780/1002 2168/768/990
f 2170/770/992 2182/782/1004 2181/781/1003 2169/769/991
f 2171/771/993 2183/783/1005 2182/782/1004 2170/770/992
f 2172/772/994 2184/784/1006 2183/783/1005 2171/771/993
f 2173/773/995 2185/785/1007 2184/784/1006 2172/772/994
f 2174/774/996 2186/786/1008 2185/785/1007 2173/773/995
f 2175/775/997 2187/787/1009 2186/786/1008 2174/774/996
f 2176/776/998 2188/788/1010 2187/787/1009 2175/775/997
f 2178/777/999 2190/789/1011 2189/790/1012 2177/778/1000
f 2179/779/1001 2191/791/1013 2190/789/1011 2178/777/999
f 2180/780/1002 2192/792/1014 2191/791/1013 2179/779/1001
f 2181/781/1003 2193/793/1015 2192/792/1014 2180/780/1002
f 2182/782/1004 2194/794/1016 2193/793/1015 2181/781/1003
f 2183/783/1005 2195/795/1017 2194/794/1016 2182/782/1004
f 2184/784/1006 2196/796/1018 2195/795/1017 2183/783/1005
f 2185/785/1007 2197/797/1019 2196/796/1018 2184/784/1006
f 2186/786/1008 2198/798/1020 2197/797/1019 2185/785/1007
f 2187/787/1009 2199/799/1021 2198/798/1020 2186/786/1008
f 2188/788/1010 2200/800/1022 2199/799/1021 2187/787/1009
f 2190/789/1011 2202/801/1023 2201/280/1024 2189/790/1012
f 2191/791/1013 2203/802/1025 2202/801/1023 2190/789/1011
f 2192/792/1014 2204/803/1026 2203/802/1025 2191/791/1013
f 2193/793/1015 2205/804/1027 2204/803/1026 2192/792/1014
f 2194/794/1016 2206/805/1028 2205/804/1027 2193/793/1015
f 2195/795/1017 2207/806/1029 2206/805/1028 2194/794/1016
f 2196/796/1018 2208/807/1030 2207/806/1029 2195/795/1017
f 2197/797/1019 2209/808/1031 2208/807/1030 2196/796/1018
f 2198/798/1020 2210/809/1032 2209/808/1031 2197/797/1019
f 2199/799/1021 2211/810/1033 2210/809/1032 2198/798/1020
f 2200/800/1022 2212/811/1034 2211/810/1033 2199/799/1021
f 2202/801/1023 2214/812/1035 2213/813/1036 2201/280/1024
f 2203/802/1025 2215/814/1037 2214/812/1035 2202/801/1023
f 2204/803/1026 2216/815/1038 2215/814/1037 2203/802/1025
f 2205/804/1027 2217/816/1039 2216/815/1038 2204/803/1026
f 2206/805/1028 2218/817/1040 2217/816/1039 2205/804/1027
f 2207/806/1029 2219/818/1041 2218/817/1040 2206/805/1028
f 2208/807/1030 2220/819/1042 2219/818/1041 2207/806/1029
f 2209/808/1031 2221/820/1043 2220/819/1042 2208/807/1030
f 2210/809/1032 2222/821/1044 2221/820/1043 2209/808/1031
f 2211/810/1033 2223/822/1045 2222/821/1044 2210/809/1032
f 2212/811/1034 2224/823/1046 2223/822/1045 2211/810/1033
f 2214/812/1035 2226/824/1047 2225/42/1048 2213/813/1036
f 2215/814/1037 2227/825/1049 2226/824/1047 2214/812/1035
f 2216/815/1038 2228/826/1050 2227/825/1049 2215/814/1037
f 2217/816/1039 2229/827/1051 2228/826/1050 2216/815/1038
f 2218/817/1040 2230/828/1052 2229/827/1051 2217/816/1039
f 2219/818/1041 2231/829/1053 2230/828/1052 2218/817/1040
f 2220/819/1042 2232/830/1054 2231/829/1053 2219/818/1041
f 2221/820/1043 2233/831/1055 2232/830/1054 2220/819/1042
f 2222/821/1044 2234/832/1056 2233/831/1055 2221/820/1043
f 2223/822/1045 2235/833/1057 2234/832/1056 2222/821/1044
f 2224/823/1046 2236/834/1058 2235/833/1057 2223/822/1045
f 2226/824/1047 2238/835/1059 2237/836/1060 2225/42/1048
f 2227/825/1049 2239/837/1061 2238/835/1059 2226/824/1047
f 2228/826/1050 2240/838/1062 2239/837/1061 2227/825/1049
f 2229/827/1051 2241/839/1063 2240/838/1062 2228/826/1050
f 2230/828/1052 2242/840/1064 2241/839/1063 2229/827/1051
f 2231/829/1053 2243/841/1065 2242/840/1064 2230/828/1052
f 2232/830/1054 2244/842/1066 2243/841/1065 2231/829/1053
f 2233/831/1055 2245/843/1067 2244/842/1066 2232/830/1054
f 2234/832/1056 2246/844/1068 2245/843/1067 2233/831/1055
f 2235/833/1057 2247/845/1069 2246/844/1068 2234/832/1056
f 2236/834/1058 2248/846/1070 2247/845/1069 2235/833/1057
f 2238/835/1059 2250/450/1071 2249/255/1072 2237/836/1060
f 2239/837/1061 2251/451/1073 2250/450/1071 2238/835/1059
f 2240/838/1062 2252/452/1074 2251/451/1073 2239/837/1061
f 2241/839/1063 2253/453/1075 2252/452/1074 2240/838/1062
f 2242/840/1064 2254/454/1076 2253/453/1075 2241/839/1063
f 2243/841/1065 2255/455/1077 2254/454/1076 2242/840/1064
f 2244/842/1066 2256/456/1078 2255/455/1077 2243/841/1065
f 2245/843/1067 2257/457/1079 2256/456/1078 2244/842/1066
f 2246/844/1068 2258/458/1080 2257/457/1079 2245/843/1067
f 2247/845/1069 2259/459/1081 2258/458/1080 2246/844/1068
f 2248/846/1070 2260/460/1082 2259/459/1081 2247/845/1069
f 2250/450/1071 2262/847/1083 2261/848/1084 2249/255/1072
f 2251/451/1073 2263/849/1085 2262/847/1083 2250/450/1071
f 2252/452/1074 2264/850/1086 2263/849/1085 2251/451/1073
f 2253/453/1075 2265/851/1087 2264/850/1086 2252/452/1074
f 2254/454/1076 2266/852/1088 2265/851/1087 2253/453/1075
f 2255/455/1077 2267/853/1089 2266/852/1088 2254/454/1076
f 2256/456/1078 2268/854/1090 2267/853/1089 2255/455/1077
f 2257/457/1079 2269/855/1091 2268/854/1090 2256/456/1078
f 2258/458/1080 2270/856/1092 2269/855/1091 2257/457/1079
f 2259/459/1081 2271/857/1093 2270/856/1092 2258/458/1080
f 2260/460/1082 2272/858/1094 2271/857/1093 2259/459/1081
f 2262/847/1083 2274/859/1095 2273/860/1096 2261/848/1084
f 2263/849/1085 2275/861/1097 2274/859/1095 2262/847/1083
f 2264/850/1086 2276/862/1098 2275/861/1097 2263/849/1085
f 2265/851/1087 2277/863/1099 2276/862/1098 2264/850/1086
f 2266/852/1088 2278/864/1100 2277/863/1099 2265/851/1087
f 2267/853/1089 2279/865/1101 2278/864/1100 2266/852/1088
f 2268/854/1090 2280/866/1102 2279/865/1101 2267/853/1089
f 2269/855/1091 2281/867/1103 2280/866/1102 2268/854/1090
f 2270/856/1092 2282/868/1104 2281/867/1103 2269/855/1091
f 2271/857/1093 2283/869/1105 2282/868/1104 2270/856/1092
f 2272/858/1094 2284/870/1106 2283/869/1105 2271/857/1093
f 2274/859/1095 2286/871/1107 2285/872/1108 2273/860/1096
f 2275/861/1097 2287/873/1109 2286/871/1107 2274/859/1095
f 2276/862/1098 2288/874/1110 2287/873/1109 2275/861/1097
f 2277/863/1099 2289/875/1111 2288/874/1110 2276/862/1098
f 2278/864/1100 2290/876/1112 2289/875/1111 2277/863/1099
f 2279/865/1101 2291/877/1113 2290/876/1112 2278/864/1100
f 2280/866/1102 2292/878/1114 2291/877/1113 2279/865/1101
f 2281/867/1103 2293/879/1115 2292/878/1114 2280/866/1102
f 2282/868/1104 2294/880/1116 2293/879/1115 2281/867/1103
f 2283/869/1105 2295/881/1117 2294/880/1116 2282/868/1104
f 2284/870/1106 2296/882/1118 2295/881/1117 2283/869/1105
f 2286/871/1107 2298/883/1119 2297/36/1120 2285/872/1108
f 2287/873/1109 2299/884/1121 2298/883/1119 2286/871/1107
f 2288/874/1110 2300/885/1122 2299/884/1121 2287/873/1109
f 2289/875/1111 2301/886/1123 2300/885/1122 2288/874/1110
f 2290/876/1112 2302/887/1124 2301/886/1123 2289/875/1111
f 2291/877/1113 2303/888/1125 2302/887/1124 2290/876/1112
f 2292/878/1114 2304/889/1126 2303/888/1125 2291/877/1113
f 2293/879/1115 2305/890/1127 2304/889/1126 2292/878/1114
f 2294/880/1116 2306/891/1128 2305/890/1127 2293/879/1115
f 2295/881/1117 2307/892/1129 2306/891/1128 2294/880/1116
f 2296/882/1118 2308/893/1130 2307/892/1129 2295/881/1117
f 2298/883/1119 2310/894/1131 2309/895/1132 2297/36/1120
f 2299/884/1121 2311/896/1133 2310/894/1131 2298/883/1119
f 2300/885/1122 2312/897/1134 2311/896/1133 2299/884/1121
f 2301/886/1123 2313/898/1135 2312/897/1134 2300/885/1122
f 2302/887/1124 2314/899/1136 2313/898/1135 2301/886/1123
f 2303/888/1125 2315/900/1137 2314/899/1136 2302/887/1124
f 2304/889/1126 2316/901/1138 2315/900/1137 2303/888/1125
f 2305/890/1127 2317/902/1139 2316/901/1138 2304/889/1126
f 2306/891/1128 2318/903/1140 2317/902/1139 2305/890/1127
f 2307/892/1129 2319/904/1141 2318/903/1140 2306/891/1128
f 2308/893/1130 2320/905/1142 2319/904/1141 2307/892/1129
f 2310/894/1131 2322/906/1143 2321/907/1144 2309/895/1132
f 2311/896/1133 2323/908/1145 2322/906/1143 2310/894/1131
f 2312/897/1134 2324/909/1146 2323/908/1145 2311/896/1133
f 2313/898/1135 2325/910/1147 2324/909/1146 2312/897/1134
f 2314/899/1136 2326/911/1148 2325/910/1147 2313/898/1135
f 2315/900/1137 2327/912/1149 2326/911/1148 2314/899/1136
f 2316/901/1138 2328/913/1150 2327/912/1149 2315/900/1137
f 2317/902/1139 2329/914/1151 2328/913/1150 2316/901/1138
f 2318/903/1140 2330/915/1152 2329/914/1151 2317/902/1139
f 2319/904/1141 2331/916/1153 2330/915/1152 2318/903/1140
f 2320/905/1142 2332/917/1154 2331/916/1153 2319/904/1141
f 2322/906/1143 2334/918/1155 2333/919/1156 2321/907/1144
f 2323/908/1145 2335/920/1157 2334/918/1155 2322/906/1143
f 2324/909/1146 2336/921/1158 2335/920/1157 2323/908/1145
f 2325/910/1147 2337/922/1159 2336/921/1158 2324/909/1146
f 2326/911/1148 2338/923/1160 2337/922/1159 2325/910/1147
f 2327/912/1149 2339/924/1161 2338/923/1160 2326/911/1148
f 2328/913/1150 2340/925/1162 2339/924/1161 2327/912/1149
f 2329/914/1151 2341/926/1163 2340/925/1162 2328/913/1150
f 2330/915/1152 2342/927/1164 2341/926/1163 2329/914/1151
f 2331/916/1153 2343/928/1165 2342/927/1164 2330/915/1152
f 2332/917/1154 2344/929/1166 2343/928/1165 2331/916/1153
f 2334/918/1155 2346/930/1167 2345/282/1168 2333/919/1156
f 2335/920/1157 2347/931/1169 2346/930/1167 2334/918/1155
f 2336/921/1158 2348/932/1170 2347/931/1169 2335/920/1157
f 2337/922/1159 2349/933/1171 2348/932/1170 2336/921/1158
f 2338/923/1160 2350/934/1172 2349/933/1171 2337/922/1159
f 2339/924/1161 2351/935/1173 2350/934/1172 2338/923/1160
f 2340/925/1162 2352/936/1174 2351/935/1173 2339/924/1161
f 2341/926/1163 2353/937/1175 2352/936/1174 2340/925/1162
f 2342/927/1164 2354/938/1176 2353/937/1175 2341/926/1163
f 2343/928/1165 2355/939/1177 2354/938/1176 2342/927/1164
f 2344/929/1166 2356/940/1178 2355/939/1177 2343/928/1165
f 2346/930/1167 2358/941/1179 2357/942/1180 2345/282/1168
f 2347/931/1169 2359/943/1181 2358/941/1179 2346/930/1167
f 2348/932/1170 2360/944/1182 2359/943/1181 2347/931/1169
f 2349/933/1171 2361/945/1183 2360/944/1182 2348/932/1170
f 2350/934/1172 2362/946/1184 2361/945/1183 2349/933/1171
f 2351/935/1173 2363/947/1185 2362/946/1184 2350/934/1172
f 2352/936/1174 2364/948/1186 2363/947/1185 2351/935/1173
f 2353/937/1175 2365/949/1187 2364/948/1186 2352/936/1174
f 2354/938/1176 2366/950/1188 2365/949/1187 2353/937/1175
f 2355/939/1177 2367/951/1189 2366/950/1188 2354/938/1176
f 2356/940/1178 2368/952/1190 2367/951/1189 2355/939/1177
f 2358/941/1179 2370/953/1191 2369/29/1192 2357/942/1180
f 2359/943/1181 2371/954/1193 2370/953/1191 2358/941/1179
f 2360/944/1182 2372/955/1194 2371/954/1193 2359/943/1181
f 2361/945/1183 2373/956/1195 2372/955/1194 2360/944/1182
f 2362/946/1184 2374/957/1196 2373/956/1195 2361/945/1183
f 2363/947/1185 2375/958/1197 2374/957/1196 2362/946/1184
f 2364/948/1186 2376/959/1198 2375/958/1197 2363/947/1185
f 2365/949/1187 2377/960/1199 2376/959/1198 2364/948/1186
f 2366/950/1188 2378/961/1200 2377/960/1199 2365/949/1187
f 2367/951/1189 2379/962/1201 2378/961/1200 2366/950/1188
f 2368/952/1190 2380/963/1202 2379/962/1201 2367/951/1189
f 2370/953/1191 2382/964/1203 2381/965/1204 2369/29/1192
f 2371/954/1193 2383/966/1205 2382/964/1203 2370/953/1191
f 2372/955/1194 2384/967/1206 2383/966/1205 2371/954/1193
f 2373/956/1195 2385/968/1207 2384/967/1206 2372/955/1194
f 2374/957/1196 2386/969/1208 2385/968/1207 2373/956/1195
f 2375/958/1197 2387/970/1209 2386/969/1208 2374/957/1196
f 2376/959/1198 2388/971/1210 2387/970/1209 2375/958/1197
f 2377/960/1199 2389/972/1211 2388/971/1210 2376/959/1198
f 2378/961/1200 2390/973/1212 2389/972/1211 2377/960/1199
f 2379/962/1201 2391/974/1213 2390/973/1212 2378/961/1200
f 2380/963/1202 2392/975/1214 2391/974/1213 2379/962/1201
f 2382/964/1203 2394/976/1215 2393/281/1216 2381/965/1204
f 2383/966/1205 2395/977/1217 2394/976/1215 2382/964/1203
f 2384/967/1206 2396/978/1218 2395/977/1217 2383/966/1205
f 2385/968/1207 2397/979/1219 2396/978/1218 2384/967/1206
f 2386/969/1208 2398/980/1220 2397/979/1219 2385/968/1207
f 2387/970/1209 2399/981/1221 2398/980/1220 2386/969/1208
f 2388/971/1210 2400/982/1222 2399/981/1221 2387/970/1209
f 2389/972/1211 2401/983/1223 2400/982/1222 2388/971/1210
f 2390/973/1212 2402/984/1224 2401/983/1223 2389/972/1211
f 2391/974/1213 2403/985/1225 2402/984/1224 2390/973/1212
f 2392/975/1214 2404/986/1226 2403/985/1225 2391/974/1213
f 2394/976/1215 2406/987/1227 2405/988/1228 2393/281/1216
f 2395/977/1217 2407/989/1229 2406/987/1227 2394/976/1215
f 2396/978/1218 2408/990/1230 2407/989/1229 2395/977/1217
f 2397/979/1219 2409/991/1231 2408/990/1230 2396/978/1218
f 2398/980/1220 2410/992/1232 2409/991/1231 2397/979/1219
f 2399/981/1221 2411/993/1233 2410/992/1232 2398/980/1220
f 2400/982/1222 2412/994/1234 2411/993/1233 2399/981/1221
f 2401/983/1223 2413/995/1235 2412/994/1234 2400/982/1222
f 2402/984/1224 2414/996/1236 2413/995/1235 2401/983/1223
f 2403/985/1225 2415/997/1237 2414/996/1236 2402/984/1224
f 2404/986/1226 2416/998/1238 2415/997/1237 2403/985/1225
f 2406/987/1227 2418/999/1239 2417/1000/1240 2405/988/1228
f 2407/989/1229 2419/1001/1241 2418/999/1239 2406/987/1227
f 2408/990/1230 2420/1002/1242 2419/1001/1241 2407/989/1229
f 2409/991/1231 2421/1003/1243 2420/1002/1242 2408/990/1230
f 2410/992/1232 2422/1004/1244 2421/1003/1243 2409/991/1231
f 2411/993/1233 2423/1005/1245 2422/1004/1244 2410/992/1232
f 2412/994/1234 2424/1006/1246 2423/1005/1245 2411/993/1233
f 2413/995/1235 2425/1007/1247 2424/1006/1246 2412/994/1234
f 2414/996/1236 2426/1008/1248 2425/1007/1247 2413/995/1235
f 2415/997/1237 2427/1009/1249 2426/1008/1248 2414/996/1236
f 2416/998/1238 2428/1010/1250 2427/1009/1249 2415/997/1237
f 2418/999/1239 2430/1011/1251 2429/1012/1252 2417/1000/1240
f 2419/1001/1241 2431/1013/1253 2430/1011/1251 2418/999/1239
f 2420/1002/1242 2432/1014/1254 2431/1013/1253 2419/1001/1241
f 2421/1003/1243 2433/1015/1255 2432/1014/1254 2420/1002/1242
f 2422/1004/1244 2434/1016/1256 2433/1015/1255 2421/1003/1243
f 2423/1005/1245 2435/1017/1257 2434/1016/1256 2422/1004/1244
f 2424/1006/1246 2436/1018/1258 2435/1017/1257 2423/1005/1245
f 2425/1007/1247 2437/1019/1259 2436/1018/1258 2424/1006/1246
f 2426/1008/1248 2438/1020/1260 2437/1019/1259 2425/1007/1247
f 2427/1009/1249 2439/1021/1261 2438/1020/1260 2426/1008/1248
f 2428/1010/1250 2440/1022/1262 2439/1021/1261 2427/1009/1249
f 2430/1011/1251 1866/485/687 1865/13/690 2429/1012/1252
f 2431/1013/1253 1867/486/691 1866/485/687 2430/1011/1251
f 2432/1014/1254 1868/487/693 1867/486/691 2431/1013/1253
f 2433/1015/1255 1869/488/695 1868/487/693 2432/1014/1254
f 2434/1016/1256 1870/489/697 1869/488/695 2433/1015/1255
f 2435/1017/1257 1871/490/699 1870/489/697 2434/1016/1256
f 2436/1018/1258 1872/491/701 1871/490/699 2435/1017/1257
f 2437/1019/1259 1873/492/703 1872/491/701 2436/1018/1258
f 2438/1020/1260 1874/493/705 1873/492/703 2437/1019/1259
f 2439/1021/1261 1875/494/707 1874/493/705 2438/1020/1260
f 2440/1022/1262 1876/495/709 1875/494/707 2439/1021/1261
f 2442/380/1263 2454/1023/1264 2453/1024/1265 2441/24/1266
f 2443/383/1267 2455/1025/1268 2454/1023/1264 2442/380/1263
f 2444/385/1269 2456/1026/1270 2455/1025/1268 2443/383/1267
f 2445/387/1271 2457/1027/1272 2456/1026/1270 2444/385/1269
f 2446/389/1273 2458/1028/1274 2457/1027/1272 2445/387/1271
f 2447/391/1275 2459/1029/1276 2458/1028/1274 2446/389/1273
f 2448/393/1277 2460/1030/1278 2459/1029/1276 2447/391/1275
f 2449/395/1279 2461/1031/1280 2460/1030/1278 2448/393/1277
f 2450/397/1281 2462/1032/1282 2461/1031/1280 2449/395/1279
f 2451/399/1283 2463/1033/1284 2462/1032/1282 2450/397/1281
f 2452/401/1285 2464/1034/1286 2463/1033/1284 2451/399/1283
f 2454/1023/1264 2466/1035/1287 2465/1036/1288 2453/1024/1265
f 2455/1025/1268 2467/1037/1289 2466/1035/1287 2454/1023/1264
f 2456/1026/1270 2468/1038/1290 2467/1037/1289 2455/1025/1268
f 2457/1027/1272 2469/1039/1291 2468/1038/1290 2456/1026/1270
f 2458/1028/1274 2470/1040/1292 2469/1039/1291 2457/1027/1272
f 2459/1029/1276 2471/1041/1293 2470/1040/1292 2458/1028/1274
f 2460/1030/1278 2472/1042/1294 2471/1041/1293 2459/1029/1276
f 2461/1031/1280 2473/1043/1295 2472/1042/1294 2460/1030/1278
f 2462/1032/1282 2474/1044/1296 2473/1043/1295 2461/1031/1280
f 2463/1033/1284 2475/1045/1297 2474/1044/1296 2462/1032/1282
f 2464/1034/1286 2476/1046/1298 2475/1045/1297 2463/1033/1284
f 2466/1035/1287 2478/1047/1299 2477/1048/1300 2465/1036/1288
f 2467/1037/1289 2479/1049/1301 2478/1047/1299 2466/1035/1287
f 2468/1038/1290 2480/1050/1302 2479/1049/1301 2467/1037/1289
f 2469/1039/1291 2481/1051/1303 2480/1050/1302 2468/1038/1290
f 2470/1040/1292 2482/1052/1304 2481/1051/1303 2469/1039/1291
f 2471/1041/1293 2483/1053/1305 2482/1052/1304 2470/1040/1292
f 2472/1042/1294 2484/1054/1306 2483/1053/1305 2471/1041/1293
f 2473/1043/1295 2485/1055/1307 2484/1054/1306 2472/1042/1294
f 2474/1044/1296 2486/1056/1308 2485/1055/1307 2473/1043/1295
f 2475/1045/1297 2487/1057/1309 2486/1056/1308 2474/1044/1296
f 2476/1046/1298 2488/1058/1310 2487/1057/1309 2475/1045/1297
f 2478/1047/1299 2490/1059/1311 2489/1060/1312 2477/1048/1300
f 2479/1049/1301 2491/1061/1313 2490/1059/1311 2478/1047/1299
f 2480/1050/1302 2492/1062/1314 2491/1061/1313 2479/1049/1301
f 2481/1051/1303 2493/1063/1315 2492/1062/1314 2480/1050/1302
f 2482/1052/1304 2494/1064/1316 2493/1063/1315 2481/1051/1303
f 2483/1053/1305 2495/1065/1317 2494/1064/1316 2482/1052/1304
f 2484/1054/1306 2496/1066/1318 2495/1065/1317 2483/1053/1305
f 2485/1055/1307 2497/1067/1319 2496/1066/1318 2484/1054/1306
f 2486/1056/1308 2498/1068/1320 2497/1067/1319 2485/1055/1307
f 2487/1057/1309 2499/1069/1321 2498/1068/1320 2486/1056/1308
f 2488/1058/1310 2500/1070/1322 2499/1069/1321 2487/1057/1309
f 2490/1059/1311 2502/1071/1323 2501/1072/1324 2489/1060/1312
f 2491/1061/1313 2503/1073/1325 2502/1071/1323 2490/1059/1311
f 2492/1062/1314 2504/1074/1326 2503/1073/1325 2491/1061/1313
f 2493/1063/1315 2505/1075/1327 2504/1074/1326 2492/1062/1314
f 2494/1064/1316 2506/1076/1328 2505/1075/1327 2493/1063/1315
f 2495/1065/1317 2507/1077/1329 2506/1076/1328 2494/1064/1316
f 2496/1066/1318 2508/1078/1330 2507/1077/1329 2495/1065/1317
f 2497/1067/1319 2509/1079/1331 2508/1078/1330 2496/1066/1318
f 2498/1068/1320 2510/1080/1332 2509/1079/1331 2497/1067/1319
f 2499/1069/1321 2511/1081/1333 2510/1080/1332 2498/1068/1320
f 2500/1070/1322 2512/1082/1334 2511/1081/1333 2499/1069/1321
f 2502/1071/1323 2514/1083/1335 2513/1084/1336 2501/1072/1324
f 2503/1073/1325 2515/1085/1337 2514/1083/1335 2502/1071/1323
f 2504/1074/1326 2516/1086/1338 2515/1085/1337 2503/1073/1325
f 2505/1075/1327 2517/1087/1339 2516/1086/1338 2504/1074/1326
f 2506/1076/1328 2518/1088/1340 2517/1087/1339 2505/1075/1327
f 2507/1077/1329 2519/1089/1341 2518/1088/1340 2506/1076/1328
f 2508/1078/1330 2520/1090/1342 2519/1089/1341 2507/1077/1329
f 2509/1079/1331 2521/1091/1343 2520/1090/1342 2508/1078/1330
f 2510/1080/1332 2522/1092/1344 2521/1091/1343 2509/1079/1331
f 2511/1081/1333 2523/1093/1345 2522/1092/1344 2510/1080/1332
f 2512/1082/1334 2524/1094/1346 2523/1093/1345 2511/1081/1333
f 2514/1083/1335 2526/1095/1347 2525/1096/1348 2513/1084/1336
f 2515/1085/1337 2527/1097/1349 2526/1095/1347 2514/1083/1335
f 2516/1086/1338 2528/1098/1350 2527/1097/1349 2515/1085/1337
f 2517/1087/1339 2529/1099/1351 2528/1098/1350 2516/1086/1338
f 2518/1088/1340 2530/1100/1352 2529/1099/1351 2517/1087/1339
f 2519/1089/1341 2531/1101/1353 2530/1100/1352 2518/1088/1340
f 2520/1090/1342 2532/1102/1354 2531/1101/1353 2519/1089/1341
f 2521/1091/1343 2533/1103/1355 2532/1102/1354 2520/1090/1342
f 2522/1092/1344 2534/1104/1356 2533/1103/1355 2521/1091/1343
f 2523/1093/1345 2535/1105/1357 2534/1104/1356 2522/1092/1344
f 2524/1094/1346 2536/1106/1358 2535/1105/1357 2523/1093/1345
f 2526/1095/1347 2538/1107/1359 2537/1108/1360 2525/1096/1348
f 2527/1097/1349 2539/1109/1361 2538/1107/1359 2526/1095/1347
f 2528/1098/1350 2540/1110/1362 2539/1109/1361 2527/1097/1349
f 2529/1099/1351 2541/1111/1363 2540/1110/1362 2528/1098/1350
f 2530/1100/1352 2542/1112/1364 2541/1111/1363 2529/1099/1351
f 2531/1101/1353 2543/1113/1365 2542/1112/1364 2530/1100/1352
f 2532/1102/1354 2544/1114/1366 2543/1113/1365 2531/1101/1353
f 2533/1103/1355 2545/1115/1367 2544/1114/1366 2532/1102/1354
f 2534/1104/1356 2546/1116/1368 2545/1115/1367 2533/1103/1355
f 2535/1105/1357 2547/1117/1369 2546/1116/1368 2534/1104/1356
f 2536/1106/1358 2548/1118/1370 2547/1117/1369 2535/1105/1357
f 2538/1107/1359 2550/1119/1371 2549/1120/1372 2537/1108/1360
f 2539/1109/1361 2551/1121/1373 2550/1119/1371 2538/1107/1359
f 2540/1110/1362 2552/1122/1374 2551/1121/1373 2539/1109/1361
f 2541/1111/1363 2553/1123/1375 2552/1122/1374 2540/1110/1362
f 2542/1112/1364 2554/1124/1376 2553/1123/1375 2541/1111/1363
f 2543/1113/1365 2555/1125/1377 2554/1124/1376 2542/1112/1364
f 2544/1114/1366 2556/1126/1378 2555/1125/1377 2543/1113/1365
f 2545/1115/1367 2557/1127/1379 2556/1126/1378 2544/1114/1366
f 2546/1116/1368 2558/1128/1380 2557/1127/1379 2545/1115/1367
f 2547/1117/1369 2559/1129/1381 2558/1128/1380 2546/1116/1368
f 2548/1118/1370 2560/1130/1382 2559/1129/1381 2547/1117/1369
f 2550/1119/1371 2562/1131/1383 2561/1132/1384 2549/1120/1372
f 2551/1121/1373 2563/1133/1385 2562/1131/1383 2550/1119/1371
f 2552/1122/1374 2564/1134/1386 2563/1133/1385 2551/1121/1373
f 2553/1123/1375 2565/1135/1387 2564/1134/1386 2552/1122/1374
f 2554/1124/1376 2566/1136/1388 2565/1135/1387 2553/1123/1375
f 2555/1125/1377 2567/1137/1389 2566/1136/1388 2554/1124/1376
f 2556/1126/1378 2568/1138/1390 2567/1137/1389 2555/1125/1377
f 2557/1127/1379 2569/1139/1391 2568/1138/1390 2556/1126/1378
f 2558/1128/1380 2570/1140/1392 2569/1139/1391 2557/1127/1379
f 2559/1129/1381 2571/1141/1393 2570/1140/1392 2558/1128/1380
f 2560/1130/1382 2572/1142/1394 2571/1141/1393 2559/1129/1381
f 2562/1131/1383 2574/1143/1395 2573/1144/1396 2561/1132/1384
f 2563/1133/1385 2575/1145/1397 2574/1143/1395 2562/1131/1383
f 2564/1134/1386 2576/1146/1398 2575/1145/1397 2563/1133/1385
f 2565/1135/1387 2577/1147/1399 2576/1146/1398 2564/1134/1386
f 2566/1136/1388 2578/1148/1400 2577/1147/1399 2565/1135/1387
f 2567/1137/1389 2579/1149/1401 2578/1148/1400 2566/1136/1388
f 2568/1138/1390 2580/1150/1402 2579/1149/1401 2567/1137/1389
f 2569/1139/1391 2581/1151/1403 2580/1150/1402 2568/1138/1390
f 2570/1140/1392 2582/1152/1404 2581/1151/1403 2569/1139/1391
f 2571/1141/1393 2583/1153/1405 2582/1152/1404 2570/1140/1392
f 2572/1142/1394 2584/1154/1406 2583/1153/1405 2571/1141/1393
f 2574/1143/1395 2586/1155/1407 2585/1156/1408 2573/1144/1396
f 2575/1145/1397 2587/1157/1409 2586/1155/1407 2574/1143/1395
f 2576/1146/1398 2588/1158/1410 2587/1157/1409 2575/1145/1397
f 2577/1147/1399 2589/1159/1411 2588/1158/1410 2576/1146/1398
f 2578/1148/1400 2590/1160/1412 2589/1159/1411 2577/1147/1399
f 2579/1149/1401 2591/1161/1413 2590/1160/1412 2578/1148/1400
f 2580/1150/1402 2592/1162/1414 2591/1161/1413 2579/1149/1401
f 2581/1151/1403 2593/1163/1415 2592/1162/1414 2580/1150/1402
f 2582/1152/1404 2594/1164/1416 2593/1163/1415 2581/1151/1403
f 2583/1153/1405 2595/1165/1417 2594/1164/1416 2582/1152/1404
f 2584/1154/1406 2596/1166/1418 2595/1165/1417 2583/1153/1405
f 2586/1155/1407 2442/485/1263 2441/13/1266 2585/1156/1408
f 2587/1157/1409 2443/486/1267 2442/485/1263 2586/1155/1407
f 2588/1158/1410 2444/487/1269 2443/486/1267 2587/1157/1409
f 2589/1159/1411 2445/488/1271 2444/487/1269 2588/1158/1410
f 2590/1160/1412 2446/489/1273 2445/488/1271 2589/1159/1411
f 2591/1161/1413 2447/490/1275 2446/489/1273 2590/1160/1412
f 2592/1162/1414 2448/491/1277 2447/490/1275 2591/1161/1413
f 2593/1163/1415 2449/492/1279 2448/491/1277 2592/1162/1414
f 2594/1164/1416 2450/493/1281 2449/492/1279 2593/1163/1415
f 2595/1165/1417 2451/494/1283 2450/493/1281 2594/1164/1416
f 2596/1166/1418 2452/495/1285 2451/494/1283 2595/1165/1417
f 2598/380/1419 2610/1167/1420 2609/1168/1421 2597/24/1422
f 2599/383/1423 2611/1169/1424 2610/1167/1420 2598/380/1419
f 2600/385/1425 2612/1170/1426 2611/1169/1424 2599/383/1423
f 2601/387/1427 2613/1171/1428 2612/1170/1426 2600/385/1425
f 2602/389/1429 2614/1172/1430 2613/1171/1428 2601/387/1427
f 2603/391/1431 2615/1173/1432 2614/1172/1430 2602/389/1429
f 2604/393/1433 2616/1174/1434 2615/1173/1432 2603/391/1431
f 2605/395/1435 2617/1175/1436 2616/1174/1434 2604/393/1433
f 2606/397/1437 2618/1176/1438 2617/1175/1436 2605/395/1435
f 2607/399/1439 2619/1177/1440 2618/1176/1438 2606/397/1437
f 2608/401/1441 2620/1178/1442 2619/1177/1440 2607/399/1439
f 2610/1167/1420 2622/1179/1443 2621/1180/1444 2609/1168/1421
f 2611/1169/1424 2623/1181/1445 2622/1179/1443 2610/1167/1420
f 2612/1170/1426 2624/1182/1446 2623/1181/1445 2611/1169/1424
f 2613/1171/1428 2625/1183/1447 2624/1182/1446 2612/1170/1426
f 2614/1172/1430 2626/1184/1448 2625/1183/1447 2613/1171/1428
f 2615/1173/1432 2627/1185/1449 2626/1184/1448 2614/1172/1430
f 2616/1174/1434 2628/1186/1450 2627/1185/1449 2615/1173/1432
f 2617/1175/1436 2629/1187/1451 2628/1186/1450 2616/1174/1434
f 2618/1176/1438 2630/1188/1452 2629/1187/1451 2617/1175/1436
f 2619/1177/1440 2631/1189/1453 2630/1188/1452 2618/1176/1438
f 2620/1178/1442 2632/1190/1454 2631/1189/1453 2619/1177/1440
f 2622/1179/1443 2634/1191/1455 2633/1192/1456 2621/1180/1444
f 2623/1181/1445 2635/1193/1457 2634/1191/1455 2622/1179/1443
f 2624/1182/1446 2636/1194/1458 2635/1193/1457 2623/1181/1445
f 2625/1183/1447 2637/1195/1459 2636/1194/1458 2624/1182/1446
f 2626/1184/1448 2638/1196/1460 2637/1195/1459 2625/1183/1447
f 2627/1185/1449 2639/1197/1461 2638/1196/1460 2626/1184/1448
f 2628/1186/1450 2640/1198/1462 2639/1197/1461 2627/1185/1449
f 2629/1187/1451 2641/1199/1463 2640/1198/1462 2628/1186/1450
f 2630/1188/1452 2642/1200/1464 2641/1199/1463 2629/1187/1451
f 2631/1189/1453 2643/1201/1465 2642/1200/1464 2630/1188/1452
f 2632/1190/1454 2644/1202/1466 2643/1201/1465 2631/1189/1453
f 2634/1191/1455 2646/1203/1467 2645/1204/1468 2633/1192/1456
f 2635/1193/1457 2647/1205/1469 2646/1203/1467 2634/1191/1455
f 2636/1194/1458 2648/1206/1470 2647/1205/1469 2635/1193/1457
f 2637/1195/1459 2649/1207/1471 2648/1206/1470 2636/1194/1458
f 2638/1196/1460 2650/1208/1472 2649/1207/1471 2637/1195/1459
f 2639/1197/1461 2651/1209/1473 2650/1208/1472 2638/1196/1460
f 2640/1198/1462 2652/1210/1474 2651/1209/1473 2639/1197/1461
f 2641/1199/1463 2653/1211/1475 2652/1210/1474 2640/1198/1462
f 2642/1200/1464 2654/1212/1476 2653/1211/1475 2641/1199/1463
f 2643/1201/1465 2655/1213/1477 2654/1212/1476 2642/1200/1464
f 2644/1202/1466 2656/1214/1478 2655/1213/1477 2643/1201/1465
f 2646/1203/1467 2658/1215/1479 2657/1216/1480 2645/1204/1468
f 2647/1205/1469 2659/1217/1481 2658/1215/1479 2646/1203/1467
f 2648/1206/1470 2660/1218/1482 2659/1217/1481 2647/1205/1469
f 2649/1207/1471 2661/1219/1483 2660/1218/1482 2648/1206/1470
f 2650/1208/1472 2662/1220/1484 2661/1219/1483 2649/1207/1471
f 2651/1209/1473 2663/1221/1485 2662/1220/1484 2650/1208/1472
f 2652/1210/1474 2664/1222/1486 2663/1221/1485 2651/1209/1473
f 2653/1211/1475 2665/1223/1487 2664/1222/1486 2652/1210/1474
f 2654/1212/1476 2666/1224/1488 2665/1223/1487 2653/1211/1475
f 2655/1213/1477 2667/1225/1489 2666/1224/1488 2654/1212/1476
f 2656/1214/1478 2668/1226/1490 2667/1225/1489 2655/1213/1477
f 2658/1215/1479 2670/1227/1491 2669/1228/1492 2657/1216/1480
f 2659/1217/1481 2671/1229/1493 2670/1227/1491 2658/1215/1479
f 2660/1218/1482 2672/1230/1494 2671/1229/1493 2659/1217/1481
f 2661/1219/1483 2673/1231/1495 2672/1230/1494 2660/1218/1482
f 2662/1220/1484 2674/1232/1496 2673/1231/1495 2661/1219/1483
f 2663/1221/1485 2675/1233/1497 2674/1232/1496 2662/1220/1484
f 2664/1222/1486 2676/1234/1498 2675/1233/1497 2663/1221/1485
f 2665/1223/1487 2677/1235/1499 2676/1234/1498 2664/1222/1486
f 2666/1224/1488 2678/1236/1500 2677/1235/1499 2665/1223/1487
f 2667/1225/1489 2679/1237/1501 2678/1236/1500 2666/1224/1488
f 2668/1226/1490 2680/1238/1502 2679/1237/1501 2667/1225/1489
f 2670/1227/1491 2682/1239/1503 2681/1240/1504 2669/1228/1492
f 2671/1229/1493 2683/1241/1505 2682/1239/1503 2670/1227/1491
f 2672/1230/1494 2684/1242/1506 2683/1241/1505 2671/1229/1493
f 2673/1231/1495 2685/1243/1507 2684/1242/1506 2672/1230/1494
f 2674/1232/1496 2686/1244/1508 2685/1243/1507 2673/1231/1495
f 2675/1233/1497 2687/1245/1509 2686/1244/1508 2674/1232/1496
f 2676/1234/1498 2688/1246/1510 2687/1245/1509 2675/1233/1497
f 2677/1235/1499 2689/1247/1511 2688/1246/1510 2676/1234/1498
f 2678/1236/1500 2690/1248/1512 2689/1247/1511 2677/1235/1499
f 2679/1237/1501 2691/1249/1513 2690/1248/1512 2678/1236/1500
f 2680/1238/1502 2692/1250/1514 2691/1249/1513 2679/1237/1501
f 2682/1239/1503 2694/1251/1515 2693/1252/1516 2681/1240/1504
f 2683/1241/1505 2695/1253/1517 2694/1251/1515 2682/1239/1503
f 2684/1242/1506 2696/1254/1518 2695/1253/1517 2683/1241/1505
f 2685/1243/1507 2697/1255/1519 2696/1254/1518 2684/1242/1506
f 2686/1244/1508 2698/1256/1520 2697/1255/1519 2685/1243/1507
f 2687/1245/1509 2699/1257/1521 2698/1256/1520 2686/1244/1508
f 2688/1246/1510 2700/1258/1522 2699/1257/1521 2687/1245/1509
f 2689/1247/1511 2701/1259/1523 2700/1258/1522 2688/1246/1510
f 2690/1248/1512 2702/1260/1524 2701/1259/1523 2689/1247/1511
f 2691/1249/1513 2703/1261/1525 2702/1260/1524 2690/1248/1512
f 2692/1250/1514 2704/1262/1526 2703/1261/1525 2691/1249/1513
f 2694/1251/1515 2706/1263/1527 2705/1264/1528 2693/1252/1516
f 2695/1253/1517 2707/1265/1529 2706/1263/1527 2694/1251/1515
f 2696/1254/1518 2708/1266/1530 2707/1265/1529 2695/1253/1517
f 2697/1255/1519 2709/1267/1531 2708/1266/1530 2696/1254/1518
f 2698/1256/1520 2710/1268/1532 2709/1267/1531 2697/1255/1519
f 2699/1257/1521 2711/1269/1533 2710/1268/1532 2698/1256/1520
f 2700/1258/1522 2712/1270/1534 2711/1269/1533 2699/1257/1521
f 2701/1259/1523 2713/1271/1535 2712/1270/1534 2700/1258/1522
f 2702/1260/1524 2714/1272/1536 2713/1271/1535 2701/1259/1523
f 2703/1261/1525 2715/1273/1537 2714/1272/1536 2702/1260/1524
f 2704/1262/1526 2716/1274/1538 2715/1273/1537 2703/1261/1525
f 2706/1263/1527 2718/1275/1539 2717/1276/1540 2705/1264/1528
f 2707/1265/1529 2719/1277/1541 2718/1275/1539 2706/1263/1527
f 2708/1266/1530 2720/1278/1542 2719/1277/1541 2707/1265/1529
f 2709/1267/1531 2721/1279/1543 2720/1278/1542 2708/1266/1530
f 2710/1268/1532 2722/1280/1544 2721/1279/1543 2709/1267/1531
f 2711/1269/1533 2723/1281/1545 2722/1280/1544 2710/1268/1532
f 2712/1270/1534 2724/1282/1546 2723/1281/1545 2711/1269/1533
f 2713/1271/1535 2725/1283/1547 2724/1282/1546 2712/1270/1534
f 2714/1272/1536 2726/1284/1548 2725/1283/1547 2713/1271/1535
f 2715/1273/1537 2727/1285/1549 2726/1284/1548 2714/1272/1536
f 2716/1274/1538 2728/1286/1550 2727/1285/1549 2715/1273/1537
f 2718/1275/1539 2730/1287/1551 2729/1288/1552 2717/1276/1540
f 2719/1277/1541 2731/1289/1553 2730/1287/1551 2718/1275/1539
f 2720/1278/1542 2732/1290/1554 2731/1289/1553 2719/1277/1541
f 2721/1279/1543 2733/1291/1555 2732/1290/1554 2720/1278/1542
f 2722/1280/1544 2734/1292/1556 2733/1291/1555 2721/1279/1543
f 2723/1281/1545 2735/1293/1557 2734/1292/1556 2722/1280/1544
f 2724/1282/1546 2736/1294/1558 2735/1293/1557 2723/1281/1545
f 2725/1283/1547 2737/1295/1559 2736/1294/1558 2724/1282/1546
f 2726/1284/1548 2738/1296/1560 2737/1295/1559 2725/1283/1547
f 2727/1285/1549 2739/1297/1561 2738/1296/1560 2726/1284/1548
f 2728/1286/1550 2740/1298/1562 2739/1297/1561 2727/1285/1549
f 2730/1287/1551 2742/1299/1563 2741/1300/1564 2729/1288/1552
f 2731/1289/1553 2743/1301/1565 2742/1299/1563 2730/1287/1551
f 2732/1290/1554 2744/1302/1566 2743/1301/1565 2731/1289/1553
f 2733/1291/1555 2745/1303/1567 2744/1302/1566 2732/1290/1554
f 2734/1292/1556 2746/1304/1568 2745/1303/1567 2733/1291/1555
f 2735/1293/1557 2747/1305/1569 2746/1304/1568 2734/1292/1556
f 2736/1294/1558 2748/1306/1570 2747/1305/1569 2735/1293/1557
f 2737/1295/1559 2749/1307/1571 2748/1306/1570 2736/1294/1558
f 2738/1296/1560 2750/1308/1572 2749/1307/1571 2737/1295/1559
f 2739/1297/1561 2751/1309/1573 2750/1308/1572 2738/1296/1560
f 2740/1298/1562 2752/1310/1574 2751/1309/1573 2739/1297/1561
f 2742/1299/1563 2754/1311/1575 2753/1312/1576 2741/1300/1564
f 2743/1301/1565 2755/1313/1577 2754/1311/1575 2742/1299/1563
f 2744/1302/1566 2756/1314/1578 2755/1313/1577 2743/1301/1565
f 2745/1303/1567 2757/1315/1579 2756/1314/1578 2744/1302/1566
f 2746/1304/1568 2758/1316/1580 2757/1315/1579 2745/1303/1567
f 2747/1305/1569 2759/1317/1581 2758/1316/1580 2746/1304/1568
f 2748/1306/1570 2760/1318/1582 2759/1317/1581 2747/1305/1569
f 2749/1307/1571 2761/1319/1583 2760/1318/1582 2748/1306/1570
f 2750/1308/1572 2762/1320/1584 2761/1319/1583 2749/1307/1571
f 2751/1309/1573 2763/1321/1585 2762/1320/1584 2750/1308/1572
f 2752/1310/1574 2764/1322/1586 2763/1321/1585 2751/1309/1573
f 2754/1311/1575 2766/1323/1587 2765/1324/1588 2753/1312/1576
f 2755/1313/1577 2767/1325/1589 2766/1323/1587 2754/1311/1575
f 2756/1314/1578 2768/1326/1590 2767/1325/1589 2755/1313/1577
f 2757/1315/1579 2769/1327/1591 2768/1326/1590 2756/1314/1578
f 2758/1316/1580 2770/1328/1592 2769/1327/1591 2757/1315/1579
f 2759/1317/1581 2771/1329/1593 2770/1328/1592 2758/1316/1580
f 2760/1318/1582 2772/1330/1594 2771/1329/1593 2759/1317/1581
f 2761/1319/1583 2773/1331/1595 2772/1330/1594 2760/1318/1582
f 2762/1320/1584 2774/1332/1596 2773/1331/1595 2761/1319/1583
f 2763/1321/1585 2775/1333/1597 2774/1332/1596 2762/1320/1584
f 2764/1322/1586 2776/1334/1598 2775/1333/1597 2763/1321/1585
f 2766/1323/1587 2778/1335/1599 2777/1336/1600 2765/1324/1588
f 2767/1325/1589 2779/1337/1601 2778/1335/1599 2766/1323/1587
f 2768/1326/1590 2780/1338/1602 2779/1337/1601 2767/1325/1589
f 2769/1327/1591 2781/1339/1603 2780/1338/1602 2768/1326/1590
f 2770/1328/1592 2782/1340/1604 2781/1339/1603 2769/1327/1591
f 2771/1329/1593 2783/1341/1605 2782/1340/1604 2770/1328/1592
f 2772/1330/1594 2784/1342/1606 2783/1341/1605 2771/1329/1593
f 2773/1331/1595 2785/1343/1607 2784/1342/1606 2772/1330/1594
f 2774/1332/1596 2786/1344/1608 2785/1343/1607 2773/1331/1595
f 2775/1333/1597 2787/1345/1609 2786/1344/1608 2774/1332/1596
f 2776/1334/1598 2788/1346/1610 2787/1345/1609 2775/1333/1597
f 2778/1335/1599 2790/1347/1611 2789/1348/1612 2777/1336/1600
f 2779/1337/1601 2791/1349/1613 2790/1347/1611 2778/1335/1599
f 2780/1338/1602 2792/1350/1614 2791/1349/1613 2779/1337/1601
f 2781/1339/1603 2793/1351/1615 2792/1350/1614 2780/1338/1602
f 2782/1340/1604 2794/1352/1616 2793/1351/1615 2781/1339/1603
f 2783/1341/1605 2795/1353/1617 2794/1352/1616 2782/1340/1604
f 2784/1342/1606 2796/1354/1618 2795/1353/1617 2783/1341/1605
f 2785/1343/1607 2797/1355/1619 2796/1354/1618 2784/1342/1606
f 2786/1344/1608 2798/1356/1620 2797/1355/1619 2785/1343/1607
f 2787/1345/1609 2799/1357/1621 2798/1356/1620 2786/1344/1608
f 2788/1346/1610 2800/1358/1622 2799/1357/1621 2787/1345/1609
f 2790/1347/1611 2802/1359/1623 2801/1360/1624 2789/1348/1612
f 2791/1349/1613 2803/1361/1625 2802/1359/1623 2790/1347/1611
f 2792/1350/1614 2804/1362/1626 2803/1361/1625 2791/1349/1613
f 2793/1351/1615 2805/1363/1627 2804/1362/1626 2792/1350/1614
f 2794/1352/1616 2806/1364/1628 2805/1363/1627 2793/1351/1615
f 2795/1353/1617 2807/1365/1629 2806/1364/1628 2794/1352/1616
f 2796/1354/1618 2808/1366/1630 2807/1365/1629 2795/1353/1617
f 2797/1355/1619 2809/1367/1631 2808/1366/1630 2796/1354/1618
f 2798/1356/1620 2810/1368/1632 2809/1367/1631 2797/1355/1619
f 2799/1357/1621 2811/1369/1633 2810/1368/1632 2798/1356/1620
f 2800/1358/1622 2812/1370/1634 2811/1369/1633 2799/1357/1621
f 2802/1359/1623 2814/1371/1635 2813/1372/1636 2801/1360/1624
f 2803/1361/1625 2815/1373/1637 2814/1371/1635 2802/1359/1623
f 2804/1362/1626 2816/1374/1638 2815/1373/1637 2803/1361/1625
f 2805/1363/1627 2817/1375/1639 2816/1374/1638 2804/1362/1626
f 2806/1364/1628 2818/1376/1640 2817/1375/1639 2805/1363/1627
f 2807/1365/1629 2819/1377/1641 2818/1376/1640 2806/1364/1628
f 2808/1366/1630 2820/1378/1642 2819/1377/1641 2807/1365/1629
f 2809/1367/1631 2821/1379/1643 2820/1378/1642 2808/1366/1630
f 2810/1368/1632 2822/1380/1644 2821/1379/1643 2809/1367/1631
f 2811/1369/1633 2823/1381/1645 2822/1380/1644 2810/1368/1632
f 2812/1370/1634 2824/1382/1646 2823/1381/1645 2811/1369/1633
f 2814/1371/1635 2826/1383/1647 2825/1384/1648 2813/1372/1636
f 2815/1373/1637 2827/1385/1649 2826/1383/1647 2814/1371/1635
f 2816/1374/1638 2828/1386/1650 2827/1385/1649 2815/1373/1637
f 2817/1375/1639 2829/1387/1651 2828/1386/1650 2816/1374/1638
f 2818/1376/1640 2830/1388/1652 2829/1387/1651 2817/1375/1639
f 2819/1377/1641 2831/1389/1653 2830/1388/1652 2818/1376/1640
f 2820/1378/1642 2832/1390/1654 2831/1389/1653 2819/1377/1641
f 2821/1379/1643 2833/1391/1655 2832/1390/1654 2820/1378/1642
f 2822/1380/1644 2834/1392/1656 2833/1391/1655 2821/1379/1643
f 2823/1381/1645 2835/1393/1657 2834/1392/1656 2822/1380/1644
f 2824/1382/1646 2836/1394/1658 2835/1393/1657 2823/1381/1645
f 2826/1383/1647 2838/1395/1659 2837/1396/1660 2825/1384/1648
f 2827/1385/1649 2839/1397/1661 2838/1395/1659 2826/1383/1647
f 2828/1386/1650 2840/1398/1662 2839/1397/1661 2827/1385/1649
f 2829/1387/1651 2841/1399/1663 2840/1398/1662 2828/1386/1650
f 2830/1388/1652 2842/1400/1664 2841/1399/1663 2829/1387/1651
f 2831/1389/1653 2843/1401/1665 2842/1400/1664 2830/1388/1652
f 2832/1390/1654 2844/1402/1666 2843/1401/1665 2831/1389/1653
f 2833/1391/1655 2845/1403/1667 2844/1402/1666 2832/1390/1654
f 2834/1392/1656 2846/1404/1668 2845/1403/1667 2833/1391/1655
f 2835/1393/1657 2847/1405/1669 2846/1404/1668 2834/1392/1656
f 2836/1394/1658 2848/1406/1670 2847/1405/1669 2835/1393/1657
f 2838/1395/1659 2850/1407/1671 2849/1408/1672 2837/1396/1660
f 2839/1397/1661 2851/1409/1673 2850/1407/1671 2838/1395/1659
f 2840/1398/1662 2852/1410/1674 2851/1409/1673 2839/1397/1661
f 2841/1399/1663 2853/1411/1675 2852/1410/1674 2840/1398/1662
f 2842/1400/1664 2854/1412/1676 2853/1411/1675 2841/1399/1663
f 2843/1401/1665 2855/1413/1677 2854/1412/1676 2842/1400/1664
f 2844/1402/1666 2856/1414/1678 2855/1413/1677 2843/1401/1665
f 2845/1403/1667 2857/1415/1679 2856/1414/1678 2844/1402/1666
f 2846/1404/1668 2858/1416/1680 2857/1415/1679 2845/1403/1667
f 2847/1405/1669 2859/1417/1681 2858/1416/1680 2846/1404/1668
f 2848/1406/1670 2860/1418/1682 2859/1417/1681 2847/1405/1669
f 2850/1407/1671 2862/1419/1683 2861/1420/1684 2849/1408/1672
f 2851/1409/1673 2863/1421/1685 2862/1419/1683 2850/1407/1671
f 2852/1410/1674 2864/1422/1686 2863/1421/1685 2851/1409/1673
f 2853/1411/1675 2865/1423/1687 2864/1422/1686 2852/1410/1674
f 2854/1412/1676 2866/1424/1688 2865/1423/1687 2853/1411/1675
f 2855/1413/1677 2867/1425/1689 2866/1424/1688 2854/1412/1676
f 2856/1414/1678 2868/1426/1690 2867/1425/1689 2855/1413/1677
f 2857/1415/1679 2869/1427/1691 2868/1426/1690 2856/1414/1678
f 2858/1416/1680 2870/1428/1692 2869/1427/1691 2857/1415/1679
f 2859/1417/1681 2871/1429/1693 2870/1428/1692 2858/1416/1680
f 2860/1418/1682 2872/1430/1694 2871/1429/1693 2859/1417/1681
f 2862/1419/1683 2874/1431/1695 2873/1432/1696 2861/1420/1684
f 2863/1421/1685 2875/1433/1697 2874/1431/1695 2862/1419/1683
f 2864/1422/1686 2876/1434/1698 2875/1433/1697 2863/1421/1685
f 2865/1423/1687 2877/1435/1699 2876/1434/1698 2864/1422/1686
f 2866/1424/1688 2878/1436/1700 2877/1435/1699 2865/1423/1687
f 2867/1425/1689 2879/1437/1701 2878/1436/1700 2866/1424/1688
f 2868/1426/1690 2880/1438/1702 2879/1437/1701 2867/1425/1689
f 2869/1427/1691 2881/1439/1703 2880/1438/1702 2868/1426/1690
f 2870/1428/1692 2882/1440/1704 2881/1439/1703 2869/1427/1691
f 2871/1429/1693 2883/1441/1705 2882/1440/1704 2870/1428/1692
f 2872/1430/1694 2884/1442/1706 2883/1441/1705 2871/1429/1693
f 2874/1431/1695 2886/1443/1707 2885/1444/1708 2873/1432/1696
f 2875/1433/1697 2887/1445/1709 2886/1443/1707 2874/1431/1695
f 2876/1434/1698 2888/1446/1710 2887/1445/1709 2875/1433/1697
f 2877/1435/1699 2889/1447/1711 2888/1446/1710 2876/1434/1698
f 2878/1436/1700 2890/1448/1712 2889/1447/1711 2877/1435/1699
f 2879/1437/1701 2891/1449/1713 2890/1448/1712 2878/1436/1700
f 2880/1438/1702 2892/1450/1714 2891/1449/1713 2879/1437/1701
f 2881/1439/1703 2893/1451/1715 2892/1450/1714 2880/1438/1702
f 2882/1440/1704 2894/1452/1716 2893/1451/1715 2881/1439/1703
f 2883/1441/1705 2895/1453/1717 2894/1452/1716 2882/1440/1704
f 2884/1442/1706 2896/1454/1718 2895/1453/1717 2883/1441/1705
f 2886/1443/1707 2898/1455/1719 2897/1456/1720 2885/1444/1708
f 2887/1445/1709 2899/1457/1721 2898/1455/1719 2886/1443/1707
f 2888/1446/1710 2900/1458/1722 2899/1457/1721 2887/1445/1709
f 2889/1447/1711 2901/1459/1723 2900/1458/1722 2888/1446/1710
f 2890/1448/1712 2902/1460/1724 2901/1459/1723 2889/1447/1711
f 2891/1449/1713 2903/1461/1725 2902/1460/1724 2890/1448/1712
f 2892/1450/1714 2904/1462/1726 2903/1461/1725 2891/1449/1713
f 2893/1451/1715 2905/1463/1727 2904/1462/1726 2892/1450/1714
f 2894/1452/1716 2906/1464/1728 2905/1463/1727 2893/1451/1715
f 2895/1453/1717 2907/1465/1729 2906/1464/1728 2894/1452/1716
f 2896/1454/1718 2908/1466/1730 2907/1465/1729 2895/1453/1717
f 2898/1455/1719 2910/1467/1731 2909/1468/1732 2897/1456/1720
f 2899/1457/1721 2911/1469/1733 2910/1467/1731 2898/1455/1719
f 2900/1458/1722 2912/1470/1734 2911/1469/1733 2899/1457/1721
f 2901/1459/1723 2913/1471/1735 2912/1470/1734 2900/1458/1722
f 2902/1460/1724 2914/1472/1736 2913/1471/1735 2901/1459/1723
f 2903/1461/1725 2915/1473/1737 2914/1472/1736 2902/1460/1724
f 2904/1462/1726 2916/1474/1738 2915/1473/1737 2903/1461/1725
f 2905/1463/1727 2917/1475/1739 2916/1474/1738 2904/1462/1726
f 2906/1464/1728 2918/1476/1740 2917/1475/1739 2905/1463/1727
f 2907/1465/1729 2919/1477/1741 2918/1476/1740 2906/1464/1728
f 2908/1466/1730 2920/1478/1742 2919/1477/1741 2907/1465/1729
f 2910/1467/1731 2922/1479/1743 2921/1480/1744 2909/1468/1732
f 2911/1469/1733 2923/1481/1745 2922/1479/1743 2910/1467/1731
f 2912/1470/1734 2924/1482/1746 2923/1481/1745 2911/1469/1733
f 2913/1471/1735 2925/1483/1747 2924/1482/1746 2912/1470/1734
f 2914/1472/1736 2926/1484/1748 2925/1483/1747 2913/1471/1735
f 2915/1473/1737 2927/1485/1749 2926/1484/1748 2914/1472/1736
f 2916/1474/1738 2928/1486/1750 2927/1485/1749 2915/1473/1737
f 2917/1475/1739 2929/1487/1751 2928/1486/1750 2916/1474/1738
f 2918/1476/1740 2930/1488/1752 2929/1487/1751 2917/1475/1739
f 2919/1477/1741 2931/1489/1753 2930/1488/1752 2918/1476/1740
f 2920/1478/1742 2932/1490/1754 2931/1489/1753 2919/1477/1741
f 2922/1479/1743 2934/1491/1755 2933/1492/1756 2921/1480/1744
f 2923/1481/1745 2935/1493/1757 2934/1491/1755 2922/1479/1743
f 2924/1482/1746 2936/1494/1758 2935/1493/1757 2923/1481/1745
f 2925/1483/1747 2937/1495/1759 2936/1494/1758 2924/1482/1746
f 2926/1484/1748 2938/1496/1760 2937/1495/1759 2925/1483/1747
f 2927/1485/1749 2939/1497/1761 2938/1496/1760 2926/1484/1748
f 2928/1486/1750 2940/1498/1762 2939/1497/1761 2927/1485/1749
f 2929/1487/1751 2941/1499/1763 2940/1498/1762 2928/1486/1750
f 2930/1488/1752 2942/1500/1764 2941/1499/1763 2929/1487/1751
f 2931/1489/1753 2943/1501/1765 2942/1500/1764 2930/1488/1752
f 2932/1490/1754 2944/1502/1766 2943/1501/1765 2931/1489/1753
f 2934/1491/1755 2946/1503/1767 2945/1504/1768 2933/1492/1756
f 2935/1493/1757 2947/1505/1769 2946/1503/1767 2934/1491/1755
f 2936/1494/1758 2948/1506/1770 2947/1505/1769 2935/1493/1757
f 2937/1495/1759 2949/1507/1771 2948/1506/1770 2936/1494/1758
f 2938/1496/1760 2950/1508/1772 2949/1507/1771 2937/1495/1759
f 2939/1497/1761 2951/1509/1773 2950/1508/1772 2938/1496/1760
f 2940/1498/1762 2952/1510/1774 2951/1509/1773 2939/1497/1761
f 2941/1499/1763 2953/1511/1775 2952/1510/1774 2940/1498/1762
f 2942/1500/1764 2954/1512/1776 2953/1511/1775 2941/1499/1763
f 2943/1501/1765 2955/1513/1777 2954/1512/1776 2942/1500/1764
f 2944/1502/1766 2956/1514/1778 2955/1513/1777 2943/1501/1765
f 2946/1503/1767 2958/1515/1779 2957/1516/1780 2945/1504/1768
f 2947/1505/1769 2959/1517/1781 2958/1515/1779 2946/1503/1767
f 2948/1506/1770 2960/1518/1782 2959/1517/1781 2947/1505/1769
f 2949/1507/1771 2961/1519/1783 2960/1518/1782 2948/1506/1770
f 2950/1508/1772 2962/1520/1784 2961/1519/1783 2949/1507/1771
f 2951/1509/1773 2963/1521/1785 2962/1520/1784 2950/1508/1772
f 2952/1510/1774 2964/1522/1786 2963/1521/1785 2951/1509/1773
f 2953/1511/1775 2965/1523/1787 2964/1522/1786 2952/1510/1774
f 2954/1512/1776 2966/1524/1788 2965/1523/1787 2953/1511/1775
f 2955/1513/1777 2967/1525/1789 2966/1524/1788 2954/1512/1776
f 2956/1514/1778 2968/1526/1790 2967/1525/1789 2955/1513/1777
f 2958/1515/1779 2970/1527/1791 2969/1528/1792 2957/1516/1780
f 2959/1517/1781 2971/1529/1793 2970/1527/1791 2958/1515/1779
f 2960/1518/1782 2972/1530/1794 2971/1529/1793 2959/1517/1781
f 2961/1519/1783 2973/1531/1795 2972/1530/1794 2960/1518/1782
f 2962/1520/1784 2974/1532/1796 2973/1531/1795 2961/1519/1783
f 2963/1521/1785 2975/1533/1797 2974/1532/1796 2962/1520/1784
f 2964/1522/1786 2976/1534/1798 2975/1533/1797 2963/1521/1785
f 2965/1523/1787 2977/1535/1799 2976/1534/1798 2964/1522/1786
f 2966/1524/1788 2978/1536/1800 2977/1535/1799 2965/1523/1787
f 2967/1525/1789 2979/1537/1801 2978/1536/1800 2966/1524/1788
f 2968/1526/1790 2980/1538/1802 2979/1537/1801 2967/1525/1789
f 2970/1527/1791 2982/1539/1803 2981/1540/1804 2969/1528/1792
f 2971/1529/1793 2983/1541/1805 2982/1539/1803 2970/1527/1791
f 2972/1530/1794 2984/1542/1806 2983/1541/1805 2971/1529/1793
f 2973/1531/1795 2985/1543/1807 2984/1542/1806 2972/1530/1794
f 2974/1532/1796 2986/1544/1808 2985/1543/1807 2973/1531/1795
f 2975/1533/1797 2987/1545/1809 2986/1544/1808 2974/1532/1796
f 2976/1534/1798 2988/1546/1810 2987/1545/1809 2975/1533/1797
f 2977/1535/1799 2989/1547/1811 2988/1546/1810 2976/1534/1798
f 2978/1536/1800 2990/1548/1812 2989/1547/1811 2977/1535/1799
f 2979/1537/1801 2991/1549/1813 2990/1548/1812 2978/1536/1800
f 2980/1538/1802 2992/1550/1814 2991/1549/1813 2979/1537/1801
f 2982/1539/1803 2994/1551/1815 2993/1552/1816 2981/1540/1804
f 2983/1541/1805 2995/1553/1817 2994/1551/1815 2982/1539/1803
f 2984/1542/1806 2996/1554/1818 2995/1553/1817 2983/1541/1805
f 2985/1543/1807 2997/1555/1819 2996/1554/1818 2984/1542/1806
f 2986/1544/1808 2998/1556/1820 2997/1555/1819 2985/1543/1807
f 2987/1545/1809 2999/1557/1821 2998/1556/1820 2986/1544/1808
f 2988/1546/1810 3000/1558/1822 2999/1557/1821 2987/1545/1809
f 2989/1547/1811 3001/1559/1823 3000/1558/1822 2988/1546/1810
f 2990/1548/1812 3002/1560/1824 3001/1559/1823 2989/1547/1811
f 2991/1549/1813 3003/1561/1825 3002/1560/1824 2990/1548/1812
f 2992/1550/1814 3004/1562/1826 3003/1561/1825 2991/1549/1813
f 2994/1551/1815 3006/1563/1827 3005/1564/1828 2993/1552/1816
f 2995/1553/1817 3007/1565/1829 3006/1563/1827 2994/1551/1815
f 2996/1554/1818 3008/1566/1830 3007/1565/1829 2995/1553/1817
f 2997/1555/1819 3009/1567/1831 3008/1566/1830 2996/1554/1818
f 2998/1556/1820 3010/1568/1832 3009/1567/1831 2997/1555/1819
f 2999/1557/1821 3011/1569/1833 3010/1568/1832 2998/1556/1820
f 3000/1558/1822 3012/1570/1834 3011/1569/1833 2999/1557/1821
f 3001/1559/1823 3013/1571/1835 3012/1570/1834 3000/1558/1822
f 3002/1560/1824 3014/1572/1836 3013/1571/1835 3001/1559/1823
f 3003/1561/1825 3015/1573/1837 3014/1572/1836 3002/1560/1824
f 3004/1562/1826 3016/1574/1838 3015/1573/1837 3003/1561/1825
f 3006/1563/1827 3018/1575/1839 3017/1576/1840 3005/1564/1828
f 3007/1565/1829 3019/1577/1841 3018/1575/1839 3006/1563/1827
f 3008/1566/1830 3020/1578/1842 3019/1577/1841 3007/1565/1829
f 3009/1567/1831 3021/1579/1843 3020/1578/1842 3008/1566/1830
f 3010/1568/1832 3022/1580/1844 3021/1579/1843 3009/1567/1831
f 3011/1569/1833 3023/1581/1845 3022/1580/1844 3010/1568/1832
f 3012/1570/1834 3024/1582/1846 3023/1581/1845 3011/1569/1833
f 3013/1571/1835 3025/1583/1847 3024/1582/1846 3012/1570/1834
f 3014/1572/1836 3026/1584/1848 3025/1583/1847 3013/1571/1835
f 3015/1573/1837 3027/1585/1849 3026/1584/1848 3014/1572/1836
f 3016/1574/1838 3028/1586/1850 3027/1585/1849 3015/1573/1837
f 3018/1575/1839 3030/1587/1851 3029/1588/1852 3017/1576/1840
f 3019/1577/1841 3031/1589/1853 3030/1587/1851 3018/1575/1839
f 3020/1578/1842 3032/1590/1854 3031/1589/1853 3019/1577/1841
f 3021/1579/1843 3033/1591/1855 3032/1590/1854 3020/1578/1842
f 3022/1580/1844 3034/1592/1856 3033/1591/1855 3021/1579/1843
f 3023/1581/1845 3035/1593/1857 3034/1592/1856 3022/1580/1844
f 3024/1582/1846 3036/1594/1858 3035/1593/1857 3023/1581/1845
f 3025/1583/1847 3037/1595/1859 3036/1594/1858 3024/1582/1846
f 3026/1584/1848 3038/1596/1860 3037/1595/1859 3025/1583/1847
f 3027/1585/1849 3039/1597/1861 3038/1596/1860 3026/1584/1848
f 3028/1586/1850 3040/1598/1862 3039/1597/1861 3027/1585/1849
f 3030/1587/1851 3042/1599/1863 3041/1600/1864 3029/1588/1852
f 3031/1589/1853 3043/1601/1865 3042/1599/1863 3030/1587/1851
f 3032/1590/1854 3044/1602/1866 3043/1601/1865 3031/1589/1853
f 3033/1591/1855 3045/1603/1867 3044/1602/1866 3032/1590/1854
f 3034/1592/1856 3046/1604/1868 3045/1603/1867 3033/1591/1855
f 3035/1593/1857 3047/1605/1869 3046/1604/1868 3034/1592/1856
f 3036/1594/1858 3048/1606/1870 3047/1605/1869 3035/1593/1857
f 3037/1595/1859 3049/1607/1871 3048/1606/1870 3036/1594/1858
f 3038/1596/1860 3050/1608/1872 3049/1607/1871 3037/1595/1859
f 3039/1597/1861 3051/1609/1873 3050/1608/1872 3038/1596/1860
f 3040/1598/1862 3052/1610/1874 3051/1609/1873 3039/1597/1861
f 3042/1599/1863 3054/1611/1875 3053/1612/1876 3041/1600/1864
f 3043/1601/1865 3055/1613/1877 3054/1611/1875 3042/1599/1863
f 3044/1602/1866 3056/1614/1878 3055/1613/1877 3043/1601/1865
f 3045/1603/1867 3057/1615/1879 3056/1614/1878 3044/1602/1866
f 3046/1604/1868 3058/1616/1880 3057/1615/1879 3045/1603/1867
f 3047/1605/1869 3059/1617/1881 3058/1616/1880 3046/1604/1868
f 3048/1606/1870 3060/1618/1882 3059/1617/1881 3047/1605/1869
f 3049/1607/1871 3061/1619/1883 3060/1618/1882 3048/1606/1870
f 3050/1608/1872 3062/1620/1884 3061/1619/1883 3049/1607/1871
f 3051/1609/1873 3063/1621/1885 3062/1620/1884 3050/1608/1872
f 3052/1610/1874 3064/1622/1886 3063/1621/1885 3051/1609/1873
f 3054/1611/1875 3066/1623/1887 3065/1624/1888 3053/1612/1876
f 3055/1613/1877 3067/1625/1889 3066/1623/1887 3054/1611/1875
f 3056/1614/1878 3068/1626/1890 3067/1625/1889 3055/1613/1877
f 3057/1615/1879 3069/1627/1891 3068/1626/1890 3056/1614/1878
f 3058/1616/1880 3070/1628/1892 3069/1627/1891 3057/1615/1879
f 3059/1617/1881 3071/1629/1893 3070/1628/1892 3058/1616/1880
f 3060/1618/1882 3072/1630/1894 3071/1629/1893 3059/1617/1881
f 3061/1619/1883 3073/1631/1895 3072/1630/1894 3060/1618/1882
f 3062/1620/1884 3074/1632/1896 3073/1631/1895 3061/1619/1883
f 3063/1621/1885 3075/1633/1897 3074/1632/1896 3062/1620/1884
f 3064/1622/1886 3076/1634/1898 3075/1633/1897 3063/1621/1885
f 3066/1623/1887 3078/1635/1899 3077/1636/1900 3065/1624/1888
f 3067/1625/1889 3079/1637/1901 3078/1635/1899 3066/1623/1887
f 3068/1626/1890 3080/1638/1902 3079/1637/1901 3067/1625/1889
f 3069/1627/1891 3081/1639/1903 3080/1638/1902 3068/1626/1890
f 3070/1628/1892 3082/1640/1904 3081/1639/1903 3069/1627/1891
f 3071/1629/1893 3083/1641/1905 3082/1640/1904 3070/1628/1892
f 3072/1630/1894 3084/1642/1906 3083/1641/1905 3071/1629/1893
f 3073/1631/1895 3085/1643/1907 3084/1642/1906 3072/1630/1894
f 3074/1632/1896 3086/1644/1908 3085/1643/1907 3073/1631/1895
f 3075/1633/1897 3087/1645/1909 3086/1644/1908 3074/1632/1896
f 3076/1634/1898 3088/1646/1910 3087/1645/1909 3075/1633/1897
f 3078/1635/1899 3090/1647/1911 3089/1648/1912 3077/1636/1900
f 3079/1637/1901 3091/1649/1913 3090/1647/1911 3078/1635/1899
f 3080/1638/1902 3092/1650/1914 3091/1649/1913 3079/1637/1901
f 3081/1639/1903 3093/1651/1915 3092/1650/1914 3080/1638/1902
f 3082/1640/1904 3094/1652/1916 3093/1651/1915 3081/1639/1903
f 3083/1641/1905 3095/1653/1917 3094/1652/1916 3082/1640/1904
f 3084/1642/1906 3096/1654/1918 3095/1653/1917 3083/1641/1905
f 3085/1643/1907 3097/1655/1919 3096/1654/1918 3084/1642/1906
f 3086/1644/1908 3098/1656/1920 3097/1655/1919 3085/1643/1907
f 3087/1645/1909 3099/1657/1921 3098/1656/1920 3086/1644/1908
f 3088/1646/1910 3100/1658/1922 3099/1657/1921 3087/1645/1909
f 3090/1647/1911 3102/1659/1923 3101/1660/1924 3089/1648/1912
f 3091/1649/1913 3103/1661/1925 3102/1659/1923 3090/1647/1911
f 3092/1650/1914 3104/1662/1926 3103/1661/1925 3091/1649/1913
f 3093/1651/1915 3105/1663/1927 3104/1662/1926 3092/1650/1914
f 3094/1652/1916 3106/1664/1928 3105/1663/1927 3093/1651/1915
f 3095/1653/1917 3107/1665/1929 3106/1664/1928 3094/1652/1916
f 3096/1654/1918 3108/1666/1930 3107/1665/1929 3095/1653/1917
f 3097/1655/1919 3109/1667/1931 3108/1666/1930 3096/1654/1918
f 3098/1656/1920 3110/1668/1932 3109/1667/1931 3097/1655/1919
f 3099/1657/1921 3111/1669/1933 3110/1668/1932 3098/1656/1920
f 3100/1658/1922 3112/1670/1934 3111/1669/1933 3099/1657/1921
f 3102/1659/1923 3114/1671/1935 3113/1672/1936 3101/1660/1924
f 3103/1661/1925 3115/1673/1937 3114/1671/1935 3102/1659/1923
f 3104/1662/1926 3116/1674/1938 3115/1673/1937 3103/1661/1925
f 3105/1663/1927 3117/1675/1939 3116/1674/1938 3104/1662/1926
f 3106/1664/1928 3118/1676/1940 3117/1675/1939 3105/1663/1927
f 3107/1665/1929 3119/1677/1941 3118/1676/1940 3106/1664/1928
f 3108/1666/1930 3120/1678/1942 3119/1677/1941 3107/1665/1929
f 3109/1667/1931 3121/1679/1943 3120/1678/1942 3108/1666/1930
f 3110/1668/1932 3122/1680/1944 3121/1679/1943 3109/1667/1931
f 3111/1669/1933 3123/1681/1945 3122/1680/1944 3110/1668/1932
f 3112/1670/1934 3124/1682/1946 3123/1681/1945 3111/1669/1933
f 3114/1671/1935 3126/1683/1947 3125/1684/1948 3113/1672/1936
f 3115/1673/1937 3127/1685/1949 3126/1683/1947 3114/1671/1935
f 3116/1674/1938 3128/1686/1950 3127/1685/1949 3115/1673/1937
f 3117/1675/1939 3129/1687/1951 3128/1686/1950 3116/1674/1938
f 3118/1676/1940 3130/1688/1952 3129/1687/1951 3117/1675/1939
f 3119/1677/1941 3131/1689/1953 3130/1688/1952 3118/1676/1940
f 3120/1678/1942 3132/1690/1954 3131/1689/1953 3119/1677/1941
f 3121/1679/1943 3133/1691/1955 3132/1690/1954 3120/1678/1942
f 3122/1680/1944 3134/1692/1956 3133/1691/1955 3121/1679/1943
f 3123/1681/1945 3135/1693/1957 3134/1692/1956 3122/1680/1944
f 3124/1682/1946 3136/1694/1958 3135/1693/1957 3123/1681/1945
f 3126/1683/1947 3138/1695/1959 3137/1696/1960 3125/1684/1948
f 3127/1685/1949 3139/1697/1961 3138/1695/1959 3126/1683/1947
f 3128/1686/1950 3140/1698/1962 3139/1697/1961 3127/1685/1949
f 3129/1687/1951 3141/1699/1963 3140/1698/1962 3128/1686/1950
f 3130/1688/1952 3142/1700/1964 3141/1699/1963 3129/1687/1951
f 3131/1689/1953 3143/1701/1965 3142/1700/1964 3130/1688/1952
f 3132/1690/1954 3144/1702/1966 3143/1701/1965 3131/1689/1953
f 3133/1691/1955 3145/1703/1967 3144/1702/1966 3132/1690/1954
f 3134/1692/1956 3146/1704/1968 3145/1703/1967 3133/1691/1955
f 3135/1693/1957 3147/1705/1969 3146/1704/1968 3134/1692/1956
f 3136/1694/1958 3148/1706/1970 3147/1705/1969 3135/1693/1957
f 3138/1695/1959 3150/1707/1971 3149/1708/1972 3137/1696/1960
f 3139/1697/1961 3151/1709/1973 3150/1707/1971 3138/1695/1959
f 3140/1698/1962 3152/1710/1974 3151/1709/1973 3139/1697/1961
f 3141/1699/1963 3153/1711/1975 3152/1710/1974 3140/1698/1962
f 3142/1700/1964 3154/1712/1976 3153/1711/1975 3141/1699/1963
f 3143/1701/1965 3155/1713/1977 3154/1712/1976 3142/1700/1964
f 3144/1702/1966 3156/1714/1978 3155/1713/1977 3143/1701/1965
f 3145/1703/1967 3157/1715/1979 3156/1714/1978 3144/1702/1966
f 3146/1704/1968 3158/1716/1980 3157/1715/1979 3145/1703/1967
f 3147/1705/1969 3159/1717/1981 3158/1716/1980 3146/1704/1968
f 3148/1706/1970 3160/1718/1982 3159/1717/1981 3147/1705/1969
f 3150/1707/1971 3162/1719/1983 3161/1720/1984 3149/1708/1972
f 3151/1709/1973 3163/1721/1985 3162/1719/1983 3150/1707/1971
f 3152/1710/1974 3164/1722/1986 3163/1721/1985 3151/1709/1973
f 3153/1711/1975 3165/1723/1987 3164/1722/1986 3152/1710/1974
f 3154/1712/1976 3166/1724/1988 3165/1723/1987 3153/1711/1975
f 3155/1713/1977 3167/1725/1989 3166/1724/1988 3154/1712/1976
f 3156/1714/1978 3168/1726/1990 3167/1725/1989 3155/1713/1977
f 3157/1715/1979 3169/1727/1991 3168/1726/1990 3156/1714/1978
f 3158/1716/1980 3170/1728/1992 3169/1727/1991 3157/1715/1979
f 3159/1717/1981 3171/1729/1993 3170/1728/1992 3158/1716/1980
f 3160/1718/1982 3172/1730/1994 3171/1729/1993 3159/1717/1981
f 3162/1719/1983 3174/1731/1995 3173/1732/1996 3161/1720/1984
f 3163/1721/1985 3175/1733/1997 3174/1731/1995 3162/1719/1983
f 3164/1722/1986 3176/1734/1998 3175/1733/1997 3163/1721/1985
f 3165/1723/1987 3177/1735/1999 3176/1734/1998 3164/1722/1986
f 3166/1724/1988 3178/1736/2000 3177/1735/1999 3165/1723/1987
f 3167/1725/1989 3179/1737/2001 3178/1736/2000 3166/1724/1988
f 3168/1726/1990 3180/1738/2002 3179/1737/2001 3167/1725/1989
f 3169/1727/1991 3181/1739/2003 3180/1738/2002 3168/1726/1990
f 3170/1728/1992 3182/1740/2004 3181/1739/2003 3169/1727/1991
f 3171/1729/1993 3183/1741/2005 3182/1740/2004 3170/1728/1992
f 3172/1730/1994 3184/1742/2006 3183/1741/2005 3171/1729/1993
f 3174/1731/1995 3186/1743/2007 3185/1744/2008 3173/1732/1996
f 3175/1733/1997 3187/1745/2009 3186/1743/2007 3174/1731/1995
f 3176/1734/1998 3188/1746/2010 3187/1745/2009 3175/1733/1997
f 3177/1735/1999 3189/1747/2011 3188/1746/2010 3176/1734/1998
f 3178/1736/2000 3190/1748/2012 3189/1747/2011 3177/1735/1999
f 3179/1737/2001 3191/1749/2013 3190/1748/2012 3178/1736/2000
f 3180/1738/2002 3192/1750/2014 3191/1749/2013 3179/1737/2001
f 3181/1739/2003 3193/1751/2015 3192/1750/2014 3180/1738/2002
f 3182/1740/2004 3194/1752/2016 3193/1751/2015 3181/1739/2003
f 3183/1741/2005 3195/1753/2017 3194/1752/2016 3182/1740/2004
f 3184/1742/2006 3196/1754/2018 3195/1753/2017 3183/1741/2005
f 3186/1743/2007 3198/1755/2019 3197/1756/2020 3185/1744/2008
f 3187/1745/2009 3199/1757/2021 3198/1755/2019 3186/1743/2007
f 3188/1746/2010 3200/1758/2022 3199/1757/2021 3187/1745/2009
f 3189/1747/2011 3201/1759/2023 3200/1758/2022 3188/1746/2010
f 3190/1748/2012 3202/1760/2024 3201/1759/2023 3189/1747/2011
f 3191/1749/2013 3203/1761/2025 3202/1760/2024 3190/1748/2012
f 3192/1750/2014 3204/1762/2026 3203/1761/2025 3191/1749/2013
f 3193/1751/2015 3205/1763/2027 3204/1762/2026 3192/1750/2014
f 3194/1752/2016 3206/1764/2028 3205/1763/2027 3193/1751/2015
f 3195/1753/2017 3207/1765/2029 3206/1764/2028 3194/1752/2016
f 3196/1754/2018 3208/1766/2030 3207/1765/2029 3195/1753/2017
f 3198/1755/2019 3210/1767/2031 3209/1768/2032 3197/1756/2020
f 3199/1757/2021 3211/1769/2033 3210/1767/2031 3198/1755/2019
f 3200/1758/2022 3212/1770/2034 3211/1769/2033 3199/1757/2021
f 3201/1759/2023 3213/1771/2035 3212/1770/2034 3200/1758/2022
f 3202/1760/2024 3214/1772/2036 3213/1771/2035 3201/1759/2023
f 3203/1761/2025 3215/1773/2037 3214/1772/2036 3202/1760/2024
f 3204/1762/2026 3216/1774/2038 3215/1773/2037 3203/1761/2025
f 3205/1763/2027 3217/1775/2039 3216/1774/2038 3204/1762/2026
f 3206/1764/2028 3218/1776/2040 3217/1775/2039 3205/1763/2027
f 3207/1765/2029 3219/1777/2041 3218/1776/2040 3206/1764/2028
f 3208/1766/2030 3220/1778/2042 3219/1777/2041 3207/1765/2029
f 3210/1767/2031 3222/1779/2043 3221/1780/2044 3209/1768/2032
f 3211/1769/2033 3223/1781/2045 3222/1779/2043 3210/1767/2031
f 3212/1770/2034 3224/1782/2046 3223/1781/2045 3211/1769/2033
f 3213/1771/2035 3225/1783/2047 3224/1782/2046 3212/1770/2034
f 3214/1772/2036 3226/1784/2048 3225/1783/2047 3213/1771/2035
f 3215/1773/2037 3227/1785/2049 3226/1784/2048 3214/1772/2036
f 3216/1774/2038 3228/1786/2050 3227/1785/2049 3215/1773/2037
f 3217/1775/2039 3229/1787/2051 3228/1786/2050 3216/1774/2038
f 3218/1776/2040 3230/1788/2052 3229/1787/2051 3217/1775/2039
f 3219/1777/2041 3231/1789/2053 3230/1788/2052 3218/1776/2040
f 3220/1778/2042 3232/1790/2054 3231/1789/2053 3219/1777/2041
f 3222/1779/2043 3234/1791/2055 3233/1792/2056 3221/1780/2044
f 3223/1781/2045 3235/1793/2057 3234/1791/2055 3222/1779/2043
f 3224/1782/2046 3236/1794/2058 3235/1793/2057 3223/1781/2045
f 3225/1783/2047 3237/1795/2059 3236/1794/2058 3224/1782/2046
f 3226/1784/2048 3238/1796/2060 3237/1795/2059 3225/1783/2047
f 3227/1785/2049 3239/1797/2061 3238/1796/2060 3226/1784/2048
f 3228/1786/2050 3240/1798/2062 3239/1797/2061 3227/1785/2049
f 3229/1787/2051 3241/1799/2063 3240/1798/2062 3228/1786/2050
f 3230/1788/2052 3242/1800/2064 3241/1799/2063 3229/1787/2051
f 3231/1789/2053 3243/1801/2065 3242/1800/2064 3230/1788/2052
f 3232/1790/2054 3244/1802/2066 3243/1801/2065 3231/1789/2053
f 3234/1791/2055 3246/1803/2067 3245/1804/2068 3233/1792/2056
f 3235/1793/2057 3247/1805/2069 3246/1803/2067 3234/1791/2055
f 3236/1794/2058 3248/1806/2070 3247/1805/2069 3235/1793/2057
f 3237/1795/2059 3249/1807/2071 3248/1806/2070 3236/1794/2058
f 3238/1796/2060 3250/1808/2072 3249/1807/2071 3237/1795/2059
f 3239/1797/2061 3251/1809/2073 3250/1808/2072 3238/1796/2060
f 3240/1798/2062 3252/1810/2074 3251/1809/2073 3239/1797/2061
f 3241/1799/2063 3253/1811/2075 3252/1810/2074 3240/1798/2062
f 3242/1800/2064 3254/1812/2076 3253/1811/2075 3241/1799/2063
f 3243/1801/2065 3255/1813/2077 3254/1812/2076 3242/1800/2064
f 3244/1802/2066 3256/1814/2078 3255/1813/2077 3243/1801/2065
f 3246/1803/2067 3258/1815/2079 3257/1816/2080 3245/1804/2068
f 3247/1805/2069 3259/1817/2081 3258/1815/2079 3246/1803/2067
f 3248/1806/2070 3260/1818/2082 3259/1817/2081 3247/1805/2069
f 3249/1807/2071 3261/1819/2083 3260/1818/2082 3248/1806/2070
f 3250/1808/2072 3262/1820/2084 3261/1819/2083 3249/1807/2071
f 3251/1809/2073 3263/1821/2085 3262/1820/2084 3250/1808/2072
f 3252/1810/2074 3264/1822/2086 3263/1821/2085 3251/1809/2073
f 3253/1811/2075 3265/1823/2087 3264/1822/2086 3252/1810/2074
f 3254/1812/2076 3266/1824/2088 3265/1823/2087 3253/1811/2075
f 3255/1813/2077 3267/1825/2089 3266/1824/2088 3254/1812/2076
f 3256/1814/2078 3268/1826/2090 3267/1825/2089 3255/1813/2077
f 3258/1815/2079 3270/1827/2091 3269/1828/2092 3257/1816/2080
f 3259/1817/2081 3271/1829/2093 3270/1827/2091 3258/1815/2079
f 3260/1818/2082 3272/1830/2094 3271/1829/2093 3259/1817/2081
f 3261/1819/2083 3273/1831/2095 3272/1830/2094 3260/1818/2082
f 3262/1820/2084 3274/1832/2096 3273/1831/2095 3261/1819/2083
f 3263/1821/2085 3275/1833/2097 3274/1832/2096 3262/1820/2084
f 3264/1822/2086 3276/1834/2098 3275/1833/2097 3263/1821/2085
f 3265/1823/2087 3277/1835/2099 3276/1834/2098 3264/1822/2086
f 3266/1824/2088 3278/1836/2100 3277/1835/2099 3265/1823/2087
f 3267/1825/2089 3279/1837/2101 3278/1836/2100 3266/1824/2088
f 3268/1826/2090 3280/1838/2102 3279/1837/2101 3267/1825/2089
f 3270/1827/2091 3282/1839/2103 3281/1840/2104 3269/1828/2092
f 3271/1829/2093 3283/1841/2105 3282/1839/2103 3270/1827/2091
f 3272/1830/2094 3284/1842/2106 3283/1841/2105 3271/1829/2093
f 3273/1831/2095 3285/1843/2107 3284/1842/2106 3272/1830/2094
f 3274/1832/2096 3286/1844/2108 3285/1843/2107 3273/1831/2095
f 3275/1833/2097 3287/1845/2109 3286/1844/2108 3274/1832/2096
f 3276/1834/2098 3288/1846/2110 3287/1845/2109 3275/1833/2097
f 3277/1835/2099 3289/1847/2111 3288/1846/2110 3276/1834/2098
f 3278/1836/2100 3290/1848/2112 3289/1847/2111 3277/1835/2099
f 3279/1837/2101 3291/1849/2113 3290/1848/2112 3278/1836/2100
f 3280/1838/2102 3292/1850/2114 3291/1849/2113 3279/1837/2101
f 3282/1839/2103 3294/1851/2115 3293/1852/2116 3281/1840/2104
f 3283/1841/2105 3295/1853/2117 3294/1851/2115 3282/1839/2103
f 3284/1842/2106 3296/1854/2118 3295/1853/2117 3283/1841/2105
f 3285/1843/2107 3297/1855/2119 3296/1854/2118 3284/1842/2106
f 3286/1844/2108 3298/1856/2120 3297/1855/2119 3285/1843/2107
f 3287/1845/2109 3299/1857/2121 3298/1856/2120 3286/1844/2108
f 3288/1846/2110 3300/1858/2122 3299/1857/2121 3287/1845/2109
f 3289/1847/2111 3301/1859/2123 3300/1858/2122 3288/1846/2110
f 3290/1848/2112 3302/1860/2124 3301/1859/2123 3289/1847/2111
f 3291/1849/2113 3303/1861/2125 3302/1860/2124 3290/1848/2112
f 3292/1850/2114 3304/1862/2126 3303/1861/2125 3291/1849/2113
f 3294/1851/2115 3306/1863/2127 3305/1864/2128 3293/1852/2116
f 3295/1853/2117 3307/1865/2129 3306/1863/2127 3294/1851/2115
f 3296/1854/2118 3308/1866/2130 3307/1865/2129 3295/1853/2117
f 3297/1855/2119 3309/1867/2131 3308/1866/2130 3296/1854/2118
f 3298/1856/2120 3310/1868/2132 3309/1867/2131 3297/1855/2119
f 3299/1857/2121 3311/1869/2133 3310/1868/2132 3298/1856/2120
f 3300/1858/2122 3312/1870/2134 3311/1869/2133 3299/1857/2121
f 3301/1859/2123 3313/1871/2135 3312/1870/2134 3300/1858/2122
f 3302/1860/2124 3314/1872/2136 3313/1871/2135 3301/1859/2123
f 3303/1861/2125 3315/1873/2137 3314/1872/2136 3302/1860/2124
f 3304/1862/2126 3316/1874/2138 3315/1873/2137 3303/1861/2125
f 3306/1863/2127 3318/1875/2139 3317/1876/2140 3305/1864/2128
f 3307/1865/2129 3319/1877/2141 3318/1875/2139 3306/1863/2127
f 3308/1866/2130 3320/1878/2142 3319/1877/2141 3307/1865/2129
f 3309/1867/2131 3321/1879/2143 3320/1878/2142 3308/1866/2130
f 3310/1868/2132 3322/1880/2144 3321/1879/2143 3309/1867/2131
f 3311/1869/2133 3323/1881/2145 3322/1880/2144 3310/1868/2132
f 3312/1870/2134 3324/1882/2146 3323/1881/2145 3311/1869/2133
f 3313/1871/2135 3325/1883/2147 3324/1882/2146 3312/1870/2134
f 3314/1872/2136 3326/1884/2148 3325/1883/2147 3313/1871/2135
f 3315/1873/2137 3327/1885/2149 3326/1884/2148 3314/1872/2136
f 3316/1874/2138 3328/1886/2150 3327/1885/2149 3315/1873/2137
f 3318/1875/2139 3330/1887/2151 3329/1888/2152 3317/1876/2140
f 3319/1877/2141 3331/1889/2153 3330/1887/2151 3318/1875/2139
f 3320/1878/2142 3332/1890/2154 3331/1889/2153 3319/1877/2141
f 3321/1879/2143 3333/1891/2155 3332/1890/2154 3320/1878/2142
f 3322/1880/2144 3334/1892/2156 3333/1891/2155 3321/1879/2143
f 3323/1881/2145 3335/1893/2157 3334/1892/2156 3322/1880/2144
f 3324/1882/2146 3336/1894/2158 3335/1893/2157 3323/1881/2145
f 3325/1883/2147 3337/1895/2159 3336/1894/2158 3324/1882/2146
f 3326/1884/2148 3338/1896/2160 3337/1895/2159 3325/1883/2147
f 3327/1885/2149 3339/1897/2161 3338/1896/2160 3326/1884/2148
f 3328/1886/2150 3340/1898/2162 3339/1897/2161 3327/1885/2149
f 3330/1887/2151 3342/1899/2163 3341/1900/2164 3329/1888/2152
f 3331/1889/2153 3343/1901/2165 3342/1899/2163 3330/1887/2151
f 3332/1890/2154 3344/1902/2166 3343/1901/2165 3331/1889/2153
f 3333/1891/2155 3345/1903/2167 3344/1902/2166 3332/1890/2154
f 3334/1892/2156 3346/1904/2168 3345/1903/2167 3333/1891/2155
f 3335/1893/2157 3347/1905/2169 3346/1904/2168 3334/1892/2156
f 3336/1894/2158 3348/1906/2170 3347/1905/2169 3335/1893/2157
f 3337/1895/2159 3349/1907/2171 3348/1906/2170 3336/1894/2158
f 3338/1896/2160 3350/1908/2172 3349/1907/2171 3337/1895/2159
f 3339/1897/2161 3351/1909/2173 3350/1908/2172 3338/1896/2160
f 3340/1898/2162 3352/1910/2174 3351/1909/2173 3339/1897/2161
f 3342/1899/2163 3354/1911/2175 3353/1912/2176 3341/1900/2164
f 3343/1901/2165 3355/1913/2177 3354/1911/2175 3342/1899/2163
f 3344/1902/2166 3356/1914/2178 3355/1913/2177 3343/1901/2165
f 3345/1903/2167 3357/1915/2179 3356/1914/2178 3344/1902/2166
f 3346/1904/2168 3358/1916/2180 3357/1915/2179 3345/1903/2167
f 3347/1905/2169 3359/1917/2181 3358/1916/2180 3346/1904/2168
f 3348/1906/2170 3360/1918/2182 3359/1917/2181 3347/1905/2169
f 3349/1907/2171 3361/1919/2183 3360/1918/2182 3348/1906/2170
f 3350/1908/2172 3362/1920/2184 3361/1919/2183 3349/1907/2171
f 3351/1909/2173 3363/1921/2185 3362/1920/2184 3350/1908/2172
f 3352/1910/2174 3364/1922/2186 3363/1921/2185 3351/1909/2173
f 3354/1911/2175 3366/1923/2187 3365/1924/2188 3353/1912/2176
f 3355/1913/2177 3367/1925/2189 3366/1923/2187 3354/1911/2175
f 3356/1914/2178 3368/1926/2190 3367/1925/2189 3355/1913/2177
f 3357/1915/2179 3369/1927/2191 3368/1926/2190 3356/1914/2178
f 3358/1916/2180 3370/1928/2192 3369/1927/2191 3357/1915/2179
f 3359/1917/2181 3371/1929/2193 3370/1928/2192 3358/1916/2180
f 3360/1918/2182 3372/1930/2194 3371/1929/2193 3359/1917/2181
f 3361/1919/2183 3373/1931/2195 3372/1930/2194 3360/1918/2182
f 3362/1920/2184 3374/1932/2196 3373/1931/2195 3361/1919/2183
f 3363/1921/2185 3375/1933/2197 3374/1932/2196 3362/1920/2184
f 3364/1922/2186 3376/1934/2198 3375/1933/2197 3363/1921/2185
f 3366/1923/2187 3378/1935/2199 3377/1936/2200 3365/1924/2188
f 3367/1925/2189 3379/1937/2201 3378/1935/2199 3366/1923/2187
f 3368/1926/2190 3380/1938/2202 3379/1937/2201 3367/1925/2189
f 3369/1927/2191 3381/1939/2203 3380/1938/2202 3368/1926/2190
f 3370/1928/2192 3382/1940/2204 3381/1939/2203 3369/1927/2191
f 3371/1929/2193 3383/1941/2205 3382/1940/2204 3370/1928/2192
f 3372/1930/2194 3384/1942/2206 3383/1941/2205 3371/1929/2193
f 3373/1931/2195 3385/1943/2207 3384/1942/2206 3372/1930/2194
f 3374/1932/2196 3386/1944/2208 3385/1943/2207 3373/1931/2195
f 3375/1933/2197 3387/1945/2209 3386/1944/2208 3374/1932/2196
f 3376/1934/2198 3388/1946/2210 3387/1945/2209 3375/1933/2197
f 3378/1935/2199 3390/1947/2211 3389/1948/2212 3377/1936/2200
f 3379/1937/2201 3391/1949/2213 3390/1947/2211 3378/1935/2199
f 3380/1938/2202 3392/1950/2214 3391/1949/2213 3379/1937/2201
f 3381/1939/2203 3393/1951/2215 3392/1950/2214 3380/1938/2202
f 3382/1940/2204 3394/1952/2216 3393/1951/2215 3381/1939/2203
f 3383/1941/2205 3395/1953/2217 3394/1952/2216 3382/1940/2204
f 3384/1942/2206 3396/1954/2218 3395/1953/2217 3383/1941/2205
f 3385/1943/2207 3397/1955/2219 3396/1954/2218 3384/1942/2206
f 3386/1944/2208 3398/1956/2220 3397/1955/2219 3385/1943/2207
f 3387/1945/2209 3399/1957/2221 3398/1956/2220 3386/1944/2208
f 3388/1946/2210 3400/1958/2222 3399/1957/2221 3387/1945/2209
f 3390/1947/2211 3402/1959/2223 3401/1960/2224 3389/1948/2212
f 3391/1949/2213 3403/1961/2225 3402/1959/2223 3390/1947/2211
f 3392/1950/2214 3404/1962/2226 3403/1961/2225 3391/1949/2213
f 3393/1951/2215 3405/1963/2227 3404/1962/2226 3392/1950/2214
f 3394/1952/2216 3406/1964/2228 3405/1963/2227 3393/1951/2215
f 3395/1953/2217 3407/1965/2229 3406/1964/2228 3394/1952/2216
f 3396/1954/2218 3408/1966/2230 3407/1965/2229 3395/1953/2217
f 3397/1955/2219 3409/1967/2231 3408/1966/2230 3396/1954/2218
f 3398/1956/2220 3410/1968/2232 3409/1967/2231 3397/1955/2219
f 3399/1957/2221 3411/1969/2233 3410/1968/2232 3398/1956/2220
f 3400/1958/2222 3412/1970/2234 3411/1969/2233 3399/1957/2221
f 3402/1959/2223 3414/1971/2235 3413/1972/2236 3401/1960/2224
f 3403/1961/2225 3415/1973/2237 3414/1971/2235 3402/1959/2223
f 3404/1962/2226 3416/1974/2238 3415/1973/2237 3403/1961/2225
f 3405/1963/2227 3417/1975/2239 3416/1974/2238 3404/1962/2226
f 3406/1964/2228 3418/1976/2240 3417/1975/2239 3405/1963/2227
f 3407/1965/2229 3419/1977/2241 3418/1976/2240 3406/1964/2228
f 3408/1966/2230 3420/1978/2242 3419/1977/2241 3407/1965/2229
f 3409/1967/2231 3421/1979/2243 3420/1978/2242 3408/1966/2230
f 3410/1968/2232 3422/1980/2244 3421/1979/2243 3409/1967/2231
f 3411/1969/2233 3423/1981/2245 3422/1980/2244 3410/1968/2232
f 3412/1970/2234 3424/1982/2246 3423/1981/2245 3411/1969/2233
f 3414/1971/2235 3426/1983/2247 3425/1984/2248 3413/1972/2236
f 3415/1973/2237 3427/1985/2249 3426/1983/2247 3414/1971/2235
f 3416/1974/2238 3428/1986/2250 3427/1985/2249 3415/1973/2237
f 3417/1975/2239 3429/1987/2251 3428/1986/2250 3416/1974/2238
f 3418/1976/2240 3430/1988/2252 3429/1987/2251 3417/1975/2239
f 3419/1977/2241 3431/1989/2253 3430/1988/2252 3418/1976/2240
f 3420/1978/2242 3432/1990/2254 3431/1989/2253 3419/1977/2241
f 3421/1979/2243 3433/1991/2255 3432/1990/2254 3420/1978/2242
f 3422/1980/2244 3434/1992/2256 3433/1991/2255 3421/1979/2243
f 3423/1981/2245 3435/1993/2257 3434/1992/2256 3422/1980/2244
f 3424/1982/2246 3436/1994/2258 3435/1993/2257 3423/1981/2245
f 3426/1983/2247 3438/1995/2259 3437/1996/2260 3425/1984/2248
f 3427/1985/2249 3439/1997/2261 3438/1995/2259 3426/1983/2247
f 3428/1986/2250 3440/1998/2262 3439/1997/2261 3427/1985/2249
f 3429/1987/2251 3441/1999/2263 3440/1998/2262 3428/1986/2250
f 3430/1988/2252 3442/2000/2264 3441/1999/2263 3429/1987/2251
f 3431/1989/2253 3443/2001/2265 3442/2000/2264 3430/1988/2252
f 3432/1990/2254 3444/2002/2266 3443/2001/2265 3431/1989/2253
f 3433/1991/2255 3445/2003/2267 3444/2002/2266 3432/1990/2254
f 3434/1992/2256 3446/2004/2268 3445/2003/2267 3433/1991/2255
f 3435/1993/2257 3447/2005/2269 3446/2004/2268 3434/1992/2256
f 3436/1994/2258 3448/2006/2270 3447/2005/2269 3435/1993/2257
f 3438/1995/2259 3450/2007/2271 3449/2008/2272 3437/1996/2260
f 3439/1997/2261 3451/2009/2273 3450/2007/2271 3438/1995/2259
f 3440/1998/2262 3452/2010/2274 3451/2009/2273 3439/1997/2261
f 3441/1999/2263 3453/2011/2275 3452/2010/2274 3440/1998/2262
f 3442/2000/2264 3454/2012/2276 3453/2011/2275 3441/1999/2263
f 3443/2001/2265 3455/2013/2277 3454/2012/2276 3442/2000/2264
f 3444/2002/2266 3456/2014/2278 3455/2013/2277 3443/2001/2265
f 3445/2003/2267 3457/2015/2279 3456/2014/2278 3444/2002/2266
f 3446/2004/2268 3458/2016/2280 3457/2015/2279 3445/2003/2267
f 3447/2005/2269 3459/2017/2281 3458/2016/2280 3446/2004/2268
f 3448/2006/2270 3460/2018/2282 3459/2017/2281 3447/2005/2269
f 3450/2007/2271 3462/2019/2283 3461/2020/2284 3449/2008/2272
f 3451/2009/2273 3463/2021/2285 3462/2019/2283 3450/2007/2271
f 3452/2010/2274 3464/2022/2286 3463/2021/2285 3451/2009/2273
f 3453/2011/2275 3465/2023/2287 3464/2022/2286 3452/2010/2274
f 3454/2012/2276 3466/2024/2288 3465/2023/2287 3453/2011/2275
f 3455/2013/2277 3467/2025/2289 3466/2024/2288 3454/2012/2276
f 3456/2014/2278 3468/2026/2290 3467/2025/2289 3455/2013/2277
f 3457/2015/2279 3469/2027/2291 3468/2026/2290 3456/2014/2278
f 3458/2016/2280 3470/2028/2292 3469/2027/2291 3457/2015/2279
f 3459/2017/2281 3471/2029/2293 3470/2028/2292 3458/2016/2280
f 3460/2018/2282 3472/2030/2294 3471/2029/2293 3459/2017/2281
f 3462/2019/2283 3474/2031/2295 3473/2032/2296 3461/2020/2284
f 3463/2021/2285 3475/2033/2297 3474/2031/2295 3462/2019/2283
f 3464/2022/2286 3476/2034/2298 3475/2033/2297 3463/2021/2285
f 3465/2023/2287 3477/2035/2299 3476/2034/2298 3464/2022/2286
f 3466/2024/2288 3478/2036/2300 3477/2035/2299 3465/2023/2287
f 3467/2025/2289 3479/2037/2301 3478/2036/2300 3466/2024/2288
f 3468/2026/2290 3480/2038/2302 3479/2037/2301 3467/2025/2289
f 3469/2027/2291 3481/2039/2303 3480/2038/2302 3468/2026/2290
f 3470/2028/2292 3482/2040/2304 3481/2039/2303 3469/2027/2291
f 3471/2029/2293 3483/2041/2305 3482/2040/2304 3470/2028/2292
f 3472/2030/2294 3484/2042/2306 3483/2041/2305 3471/2029/2293
f 3474/2031/2295 3486/2043/2307 3485/2044/2308 3473/2032/2296
f 3475/2033/2297 3487/2045/2309 3486/2043/2307 3474/2031/2295
f 3476/2034/2298 3488/2046/2310 3487/2045/2309 3475/2033/2297
f 3477/2035/2299 3489/2047/2311 3488/2046/2310 3476/2034/2298
f 3478/2036/2300 3490/2048/2312 3489/2047/2311 3477/2035/2299
f 3479/2037/2301 3491/2049/2313 3490/2048/2312 3478/2036/2300
f 3480/2038/2302 3492/2050/2314 3491/2049/2313 3479/2037/2301
f 3481/2039/2303 3493/2051/2315 3492/2050/2314 3480/2038/2302
f 3482/2040/2304 3494/2052/2316 3493/2051/2315 3481/2039/2303
f 3483/2041/2305 3495/2053/2317 3494/2052/2316 3482/2040/2304
f 3484/2042/2306 3496/2054/2318 3495/2053/2317 3483/2041/2305
f 3486/2043/2307 3498/2055/2319 3497/2056/2320 3485/2044/2308
f 3487/2045/2309 3499/2057/2321 3498/2055/2319 3486/2043/2307
f 3488/2046/2310 3500/2058/2322 3499/2057/2321 3487/2045/2309
f 3489/2047/2311 3501/2059/2323 3500/2058/2322 3488/2046/2310
f 3490/2048/2312 3502/2060/2324 3501/2059/2323 3489/2047/2311
f 3491/2049/2313 3503/2061/2325 3502/2060/2324 3490/2048/2312
f 3492/2050/2314 3504/2062/2326 3503/2061/2325 3491/2049/2313
f 3493/2051/2315 3505/2063/2327 3504/2062/2326 3492/2050/2314
f 3494/2052/2316 3506/2064/2328 3505/2063/2327 3493/2051/2315
f 3495/2053/2317 3507/2065/2329 3506/2064/2328 3494/2052/2316
f 3496/2054/2318 3508/2066/2330 3507/2065/2329 3495/2053/2317
f 3498/2055/2319 3510/2067/2331 3509/2068/2332 3497/2056/2320
f 3499/2057/2321 3511/2069/2333 3510/2067/2331 3498/2055/2319
f 3500/2058/2322 3512/2070/2334 3511/2069/2333 3499/2057/2321
f 3501/2059/2323 3513/2071/2335 3512/2070/2334 3500/2058/2322
f 3502/2060/2324 3514/2072/2336 3513/2071/2335 3501/2059/2323
f 3503/2061/2325 3515/2073/2337 3514/2072/2336 3502/2060/2324
f 3504/2062/2326 3516/2074/2338 3515/2073/2337 3503/2061/2325
f 3505/2063/2327 3517/2075/2339 3516/2074/2338 3504/2062/2326
f 3506/2064/2328 3518/2076/2340 3517/2075/2339 3505/2063/2327
f 3507/2065/2329 3519/2077/2341 3518/2076/2340 3506/2064/2328
f 3508/2066/2330 3520/2078/2342 3519/2077/2341 3507/2065/2329
f 3510/2067/2331 3522/2079/2343 3521/2080/2344 3509/2068/2332
f 3511/2069/2333 3523/2081/2345 3522/2079/2343 3510/2067/2331
f 3512/2070/2334 3524/2082/2346 3523/2081/2345 3511/2069/2333
f 3513/2071/2335 3525/2083/2347 3524/2082/2346 3512/2070/2334
f 3514/2072/2336 3526/2084/2348 3525/2083/2347 3513/2071/2335
f 3515/2073/2337 3527/2085/2349 3526/2084/2348 3514/2072/2336
f 3516/2074/2338 3528/2086/2350 3527/2085/2349 3515/2073/2337
f 3517/2075/2339 3529/2087/2351 3528/2086/2350 3516/2074/2338
f 3518/2076/2340 3530/2088/2352 3529/2087/2351 3517/2075/2339
f 3519/2077/2341 3531/2089/2353 3530/2088/2352 3518/2076/2340
f 3520/2078/2342 3532/2090/2354 3531/2089/2353 3519/2077/2341
f 3522/2079/2343 3534/2091/2355 3533/2092/2356 3521/2080/2344
f 3523/2081/2345 3535/2093/2357 3534/2091/2355 3522/2079/2343
f 3524/2082/2346 3536/2094/2358 3535/2093/2357 3523/2081/2345
f 3525/2083/2347 3537/2095/2359 3536/2094/2358 3524/2082/2346
f 3526/2084/2348 3538/2096/2360 3537/2095/2359 3525/2083/2347
f 3527/2085/2349 3539/2097/2361 3538/2096/2360 3526/2084/2348
f 3528/2086/2350 3540/2098/2362 3539/2097/2361 3527/2085/2349
f 3529/2087/2351 3541/2099/2363 3540/2098/2362 3528/2086/2350
f 3530/2088/2352 3542/2100/2364 3541/2099/2363 3529/2087/2351
f 3531/2089/2353 3543/2101/2365 3542/2100/2364 3530/2088/2352
f 3532/2090/2354 3544/2102/2366 3543/2101/2365 3531/2089/2353
f 3534/2091/2355 3546/2103/2367 3545/2104/2368 3533/2092/2356
f 3535/2093/2357 3547/2105/2369 3546/2103/2367 3534/2091/2355
f 3536/2094/2358 3548/2106/2370 3547/2105/2369 3535/2093/2357
f 3537/2095/2359 3549/2107/2371 3548/2106/2370 3536/2094/2358
f 3538/2096/2360 3550/2108/2372 3549/2107/2371 3537/2095/2359
f 3539/2097/2361 3551/2109/2373 3550/2108/2372 3538/2096/2360
f 3540/2098/2362 3552/2110/2374 3551/2109/2373 3539/2097/2361
f 3541/2099/2363 3553/2111/2375 3552/2110/2374 3540/2098/2362
f 3542/2100/2364 3554/2112/2376 3553/2111/2375 3541/2099/2363
f 3543/2101/2365 3555/2113/2377 3554/2112/2376 3542/2100/2364
f 3544/2102/2366 3556/2114/2378 3555/2113/2377 3543/2101/2365
f 3546/2103/2367 3558/2115/2379 3557/2116/2380 3545/2104/2368
f 3547/2105/2369 3559/2117/2381 3558/2115/2379 3546/2103/2367
f 3548/2106/2370 3560/2118/2382 3559/2117/2381 3547/2105/2369
f 3549/2107/2371 3561/2119/2383 3560/2118/2382 3548/2106/2370
f 3550/2108/2372 3562/2120/2384 3561/2119/2383 3549/2107/2371
f 3551/2109/2373 3563/2121/2385 3562/2120/2384 3550/2108/2372
f 3552/2110/2374 3564/2122/2386 3563/2121/2385 3551/2109/2373
f 3553/2111/2375 3565/2123/2387 3564/2122/2386 3552/2110/2374
f 3554/2112/2376 3566/2124/2388 3565/2123/2387 3553/2111/2375
f 3555/2113/2377 3567/2125/2389 3566/2124/2388 3554/2112/2376
f 3556/2114/2378 3568/2126/2390 3567/2125/2389 3555/2113/2377
f 3558/2115/2379 3570/2127/2391 3569/2128/2392 3557/2116/2380
f 3559/2117/2381 3571/2129/2393 3570/2127/2391 3558/2115/2379
f 3560/2118/2382 3572/2130/2394 3571/2129/2393 3559/2117/2381
f 3561/2119/2383 3573/2131/2395 3572/2130/2394 3560/2118/2382
f 3562/2120/2384 3574/2132/2396 3573/2131/2395 3561/2119/2383
f 3563/2121/2385 3575/2133/2397 3574/2132/2396 3562/2120/2384
f 3564/2122/2386 3576/2134/2398 3575/2133/2397 3563/2121/2385
f 3565/2123/2387 3577/2135/2399 3576/2134/2398 3564/2122/2386
f 3566/2124/2388 3578/2136/2400 3577/2135/2399 3565/2123/2387
f 3567/2125/2389 3579/2137/2401 3578/2136/2400 3566/2124/2388
f 3568/2126/2390 3580/2138/2402 3579/2137/2401 3567/2125/2389
f 3570/2127/2391 3582/2139/2403 3581/2140/2404 3569/2128/2392
f 3571/2129/2393 3583/2141/2405 3582/2139/2403 3570/2127/2391
f 3572/2130/2394 3584/2142/2406 3583/2141/2405 3571/2129/2393
f 3573/2131/2395 3585/2143/2407 3584/2142/2406 3572/2130/2394
f 3574/2132/2396 3586/2144/2408 3585/2143/2407 3573/2131/2395
f 3575/2133/2397 3587/2145/2409 3586/2144/2408 3574/2132/2396
f 3576/2134/2398 3588/2146/2410 3587/2145/2409 3575/2133/2397
f 3577/2135/2399 3589/2147/2411 3588/2146/2410 3576/2134/2398
f 3578/2136/2400 3590/2148/2412 3589/2147/2411 3577/2135/2399
f 3579/2137/2401 3591/2149/2413 3590/2148/2412 3578/2136/2400
f 3580/2138/2402 3592/2150/2414 3591/2149/2413 3579/2137/2401
f 3582/2139/2403 3594/2151/2415 3593/2152/2416 3581/2140/2404
f 3583/2141/2405 3595/2153/2417 3594/2151/2415 3582/2139/2403
f 3584/2142/2406 3596/2154/2418 3595/2153/2417 3583/2141/2405
f 3585/2143/2407 3597/2155/2419 3596/2154/2418 3584/2142/2406
f 3586/2144/2408 3598/2156/2420 3597/2155/2419 3585/2143/2407
f 3587/2145/2409 3599/2157/2421 3598/2156/2420 3586/2144/2408
f 3588/2146/2410 3600/2158/2422 3599/2157/2421 3587/2145/2409
f 3589/2147/2411 3601/2159/2423 3600/2158/2422 3588/2146/2410
f 3590/2148/2412 3602/2160/2424 3601/2159/2423 3589/2147/2411
f 3591/2149/2413 3603/2161/2425 3602/2160/2424 3590/2148/2412
f 3592/2150/2414 3604/2162/2426 3603/2161/2425 3591/2149/2413
f 3594/2151/2415 3606/2163/2427 3605/2164/2428 3593/2152/2416
f 3595/2153/2417 3607/2165/2429 3606/2163/2427 3594/2151/2415
f 3596/2154/2418 3608/2166/2430 3607/2165/2429 3595/2153/2417
f 3597/2155/2419 3609/2167/2431 3608/2166/2430 3596/2154/2418
f 3598/2156/2420 3610/2168/2432 3609/2167/2431 3597/2155/2419
f 3599/2157/2421 3611/2169/2433 3610/2168/2432 3598/2156/2420
f 3600/2158/2422 3612/2170/2434 3611/2169/2433 3599/2157/2421
f 3601/2159/2423 3613/2171/2435 3612/2170/2434 3600/2158/2422
f 3602/2160/2424 3614/2172/2436 3613/2171/2435 3601/2159/2423
f 3603/2161/2425 3615/2173/2437 3614/2172/2436 3602/2160/2424
f 3604/2162/2426 3616/2174/2438 3615/2173/2437 3603/2161/2425
f 3606/2163/2427 3618/2175/2439 3617/2176/2440 3605/2164/2428
f 3607/2165/2429 3619/2177/2441 3618/2175/2439 3606/2163/2427
f 3608/2166/2430 3620/2178/2442 3619/2177/2441 3607/2165/2429
f 3609/2167/2431 3621/2179/2443 3620/2178/2442 3608/2166/2430
f 3610/2168/2432 3622/2180/2444 3621/2179/2443 3609/2167/2431
f 3611/2169/2433 3623/2181/2445 3622/2180/2444 3610/2168/2432
f 3612/2170/2434 3624/2182/2446 3623/2181/2445 3611/2169/2433
f 3613/2171/2435 3625/2183/2447 3624/2182/2446 3612/2170/2434
f 3614/2172/2436 3626/2184/2448 3625/2183/2447 3613/2171/2435
f 3615/2173/2437 3627/2185/2449 3626/2184/2448 3614/2172/2436
f 3616/2174/2438 3628/2186/2450 3627/2185/2449 3615/2173/2437
f 3618/2175/2439 3630/2187/2451 3629/2188/2452 3617/2176/2440
f 3619/2177/2441 3631/2189/2453 3630/2187/2451 3618/2175/2439
f 3620/2178/2442 3632/2190/2454 3631/2189/2453 3619/2177/2441
f 3621/2179/2443 3633/2191/2455 3632/2190/2454 3620/2178/2442
f 3622/2180/2444 3634/2192/2456 3633/2191/2455 3621/2179/2443
f 3623/2181/2445 3635/2193/2457 3634/2192/2456 3622/2180/2444
f 3624/2182/2446 3636/2194/2458 3635/2193/2457 3623/2181/2445
f 3625/2183/2447 3637/2195/2459 3636/2194/2458 3624/2182/2446
f 3626/2184/2448 3638/2196/2460 3637/2195/2459 3625/2183/2447
f 3627/2185/2449 3639/2197/2461 3638/2196/2460 3626/2184/2448
f 3628/2186/2450 3640/2198/2462 3639/2197/2461 3627/2185/2449
f 3630/2187/2451 3642/2199/2463 3641/2200/2464 3629/2188/2452
f 3631/2189/2453 3643/2201/2465 3642/2199/2463 3630/2187/2451
f 3632/2190/2454 3644/2202/2466 3643/2201/2465 3631/2189/2453
f 3633/2191/2455 3645/2203/2467 3644/2202/2466 3632/2190/2454
f 3634/2192/2456 3646/2204/2468 3645/2203/2467 3633/2191/2455
f 3635/2193/2457 3647/2205/2469 3646/2204/2468 3634/2192/2456
f 3636/2194/2458 3648/2206/2470 3647/2205/2469 3635/2193/2457
f 3637/2195/2459 3649/2207/2471 3648/2206/2470 3636/2194/2458
f 3638/2196/2460 3650/2208/2472 3649/2207/2471 3637/2195/2459
f 3639/2197/2461 3651/2209/2473 3650/2208/2472 3638/2196/2460
f 3640/2198/2462 3652/2210/2474 3651/2209/2473 3639/2197/2461
f 3642/2199/2463 3654/2211/2475 3653/2212/2476 3641/2200/2464
f 3643/2201/2465 3655/2213/2477 3654/2211/2475 3642/2199/2463
f 3644/2202/2466 3656/2214/2478 3655/2213/2477 3643/2201/2465
f 3645/2203/2467 3657/2215/2479 3656/2214/2478 3644/2202/2466
f 3646/2204/2468 3658/2216/2480 3657/2215/2479 3645/2203/2467
f 3647/2205/2469 3659/2217/2481 3658/2216/2480 3646/2204/2468
f 3648/2206/2470 3660/2218/2482 3659/2217/2481 3647/2205/2469
f 3649/2207/2471 3661/2219/2483 3660/2218/2482 3648/2206/2470
f 3650/2208/2472 3662/2220/2484 3661/2219/2483 3649/2207/2471
f 3651/2209/2473 3663/2221/2485 3662/2220/2484 3650/2208/2472
f 3652/2210/2474 3664/2222/2486 3663/2221/2485 3651/2209/2473
f 3654/2211/2475 3666/2223/2487 3665/2224/2488 3653/2212/2476
f 3655/2213/2477 3667/2225/2489 3666/2223/2487 3654/2211/2475
f 3656/2214/2478 3668/2226/2490 3667/2225/2489 3655/2213/2477
f 3657/2215/2479 3669/2227/2491 3668/2226/2490 3656/2214/2478
f 3658/2216/2480 3670/2228/2492 3669/2227/2491 3657/2215/2479
f 3659/2217/2481 3671/2229/2493 3670/2228/2492 3658/2216/2480
f 3660/2218/2482 3672/2230/2494 3671/2229/2493 3659/2217/2481
f 3661/2219/2483 3673/2231/2495 3672/2230/2494 3660/2218/2482
f 3662/2220/2484 3674/2232/2496 3673/2231/2495 3661/2219/2483
f 3663/2221/2485 3675/2233/2497 3674/2232/2496 3662/2220/2484
f 3664/2222/2486 3676/2234/2498 3675/2233/2497 3663/2221/2485
f 3666/2223/2487 3678/2235/2499 3677/2236/2500 3665/2224/2488
f 3667/2225/2489 3679/2237/2501 3678/2235/2499 3666/2223/2487
f 3668/2226/2490 3680/2238/2502 3679/2237/2501 3667/2225/2489
f 3669/2227/2491 3681/2239/2503 3680/2238/2502 3668/2226/2490
f 3670/2228/2492 3682/2240/2504 3681/2239/2503 3669/2227/2491
f 3671/2229/2493 3683/2241/2505 3682/2240/2504 3670/2228/2492
f 3672/2230/2494 3684/2242/2506 3683/2241/2505 3671/2229/2493
f 3673/2231/2495 3685/2243/2507 3684/2242/2506 3672/2230/2494
f 3674/2232/2496 3686/2244/2508 3685/2243/2507 3673/2231/2495
f 3675/2233/2497 3687/2245/2509 3686/2244/2508 3674/2232/2496
f 3676/2234/2498 3688/2246/2510 3687/2245/2509 3675/2233/2497
f 3678/2235/2499 3690/2247/2511 3689/2248/2512 3677/2236/2500
f 3679/2237/2501 3691/2249/2513 3690/2247/2511 3678/2235/2499
f 3680/2238/2502 3692/2250/2514 3691/2249/2513 3679/2237/2501
f 3681/2239/2503 3693/2251/2515 3692/2250/2514 3680/2238/2502
f 3682/2240/2504 3694/2252/2516 3693/2251/2515 3681/2239/2503
f 3683/2241/2505 3695/2253/2517 3694/2252/2516 3682/2240/2504
f 3684/2242/2506 3696/2254/2518 3695/2253/2517 3683/2241/2505
f 3685/2243/2507 3697/2255/2519 3696/2254/2518 3684/2242/2506
f 3686/2244/2508 3698/2256/2520 3697/2255/2519 3685/2243/2507
f 3687/2245/2509 3699/2257/2521 3698/2256/2520 3686/2244/2508
f 3688/2246/2510 3700/2258/2522 3699/2257/2521 3687/2245/2509
f 3690/2247/2511 3702/2259/2523 3701/2260/2524 3689/2248/2512
f 3691/2249/2513 3703/2261/2525 3702/2259/2523 3690/2247/2511
f 3692/2250/2514 3704/2262/2526 3703/2261/2525 3691/2249/2513
f 3693/2251/2515 3705/2263/2527 3704/2262/2526 3692/2250/2514
f 3694/2252/2516 3706/2264/2528 3705/2263/2527 3693/2251/2515
f 3695/2253/2517 3707/2265/2529 3706/2264/2528 3694/2252/2516
f 3696/2254/2518 3708/2266/2530 3707/2265/2529 3695/2253/2517
f 3697/2255/2519 3709/2267/2531 3708/2266/2530 3696/2254/2518
f 3698/2256/2520 3710/2268/2532 3709/2267/2531 3697/2255/2519
f 3699/2257/2521 3711/2269/2533 3710/2268/2532 3698/2256/2520
f 3700/2258/2522 3712/2270/2534 3711/2269/2533 3699/2257/2521
f 3702/2259/2523 3714/2271/2535 3713/2272/2536 3701/2260/2524
f 3703/2261/2525 3715/2273/2537 3714/2271/2535 3702/2259/2523
f 3704/2262/2526 3716/2274/2538 3715/2273/2537 3703/2261/2525
f 3705/2263/2527 3717/2275/2539 3716/2274/2538 3704/2262/2526
f 3706/2264/2528 3718/2276/2540 3717/2275/2539 3705/2263/2527
f 3707/2265/2529 3719/2277/2541 3718/2276/2540 3706/2264/2528
f 3708/2266/2530 3720/2278/2542 3719/2277/2541 3707/2265/2529
f 3709/2267/2531 3721/2279/2543 3720/2278/2542 3708/2266/2530
f 3710/2268/2532 3722/2280/2544 3721/2279/2543 3709/2267/2531
f 3711/2269/2533 3723/2281/2545 3722/2280/2544 3710/2268/2532
f 3712/2270/2534 3724/2282/2546 3723/2281/2545 3711/2269/2533
f 3714/2271/2535 3726/2283/2547 3725/2284/2548 3713/2272/2536
f 3715/2273/2537 3727/2285/2549 3726/2283/2547 3714/2271/2535
f 3716/2274/2538 3728/2286/2550 3727/2285/2549 3715/2273/2537
f 3717/2275/2539 3729/2287/2551 3728/2286/2550 3716/2274/2538
f 3718/2276/2540 3730/2288/2552 3729/2287/2551 3717/2275/2539
f 3719/2277/2541 3731/2289/2553 3730/2288/2552 3718/2276/2540
f 3720/2278/2542 3732/2290/2554 3731/2289/2553 3719/2277/2541
f 3721/2279/2543 3733/2291/2555 3732/2290/2554 3720/2278/2542
f 3722/2280/2544 3734/2292/2556 3733/2291/2555 3721/2279/2543
f 3723/2281/2545 3735/2293/2557 3734/2292/2556 3722/2280/2544
f 3724/2282/2546 3736/2294/2558 3735/2293/2557 3723/2281/2545
f 3726/2283/2547 3738/2295/2559 3737/2296/2560 3725/2284/2548
f 3727/2285/2549 3739/2297/2561 3738/2295/2559 3726/2283/2547
f 3728/2286/2550 3740/2298/2562 3739/2297/2561 3727/2285/2549
f 3729/2287/2551 3741/2299/2563 3740/2298/2562 3728/2286/2550
f 3730/2288/2552 3742/2300/2564 3741/2299/2563 3729/2287/2551
f 3731/2289/2553 3743/2301/2565 3742/2300/2564 3730/2288/2552
f 3732/2290/2554 3744/2302/2566 3743/2301/2565 3731/2289/2553
f 3733/2291/2555 3745/2303/2567 3744/2302/2566 3732/2290/2554
f 3734/2292/2556 3746/2304/2568 3745/2303/2567 3733/2291/2555
f 3735/2293/2557 3747/2305/2569 3746/2304/2568 3734/2292/2556
f 3736/2294/2558 3748/2306/2570 3747/2305/2569 3735/2293/2557
f 3738/2295/2559 3750/2307/2571 3749/2308/2572 3737/2296/2560
f 3739/2297/2561 3751/2309/2573 3750/2307/2571 3738/2295/2559
f 3740/2298/2562 3752/2310/2574 3751/2309/2573 3739/2297/2561
f 3741/2299/2563 3753/2311/2575 3752/2310/2574 3740/2298/2562
f 3742/2300/2564 3754/2312/2576 3753/2311/2575 3741/2299/2563
f 3743/2301/2565 3755/2313/2577 3754/2312/2576 3742/2300/2564
f 3744/2302/2566 3756/2314/2578 3755/2313/2577 3743/2301/2565
f 3745/2303/2567 3757/2315/2579 3756/2314/2578 3744/2302/2566
f 3746/2304/2568 3758/2316/2580 3757/2315/2579 3745/2303/2567
f 3747/2305/2569 3759/2317/2581 3758/2316/2580 3746/2304/2568
f 3748/2306/2570 3760/2318/2582 3759/2317/2581 3747/2305/2569
f 3750/2307/2571 3762/2319/2583 3761/2320/2584 3749/2308/2572
f 3751/2309/2573 3763/2321/2585 3762/2319/2583 3750/2307/2571
f 3752/2310/2574 3764/2322/2586 3763/2321/2585 3751/2309/2573
f 3753/2311/2575 3765/2323/2587 3764/2322/2586 3752/2310/2574
f 3754/2312/2576 3766/2324/2588 3765/2323/2587 3753/2311/2575
f 3755/2313/2577 3767/2325/2589 3766/2324/2588 3754/2312/2576
f 3756/2314/2578 3768/2326/2590 3767/2325/2589 3755/2313/2577
f 3757/2315/2579 3769/2327/2591 3768/2326/2590 3756/2314/2578
f 3758/2316/2580 3770/2328/2592 3769/2327/2591 3757/2315/2579
f 3759/2317/2581 3771/2329/2593 3770/2328/2592 3758/2316/2580
f 3760/2318/2582 3772/2330/2594 3771/2329/2593 3759/2317/2581
f 3762/2319/2583 3774/2331/2595 3773/2332/2596 3761/2320/2584
f 3763/2321/2585 3775/2333/2597 3774/2331/2595 3762/2319/2583
f 3764/2322/2586 3776/2334/2598 3775/2333/2597 3763/2321/2585
f 3765/2323/2587 3777/2335/2599 3776/2334/2598 3764/2322/2586
f 3766/2324/2588 3778/2336/2600 3777/2335/2599 3765/2323/2587
f 3767/2325/2589 3779/2337/2601 3778/2336/2600 3766/2324/2588
f 3768/2326/2590 3780/2338/2602 3779/2337/2601 3767/2325/2589
f 3769/2327/2591 3781/2339/2603 3780/2338/2602 3768/2326/2590
f 3770/2328/2592 3782/2340/2604 3781/2339/2603 3769/2327/2591
f 3771/2329/2593 3783/2341/2605 3782/2340/2604 3770/2328/2592
f 3772/2330/2594 3784/2342/2606 3783/2341/2605 3771/2329/2593
f 3774/2331/2595 3786/2343/2607 3785/2344/2608 3773/2332/2596
f 3775/2333/2597 3787/2345/2609 3786/2343/2607 3774/2331/2595
f 3776/2334/2598 3788/2346/2610 3787/2345/2609 3775/2333/2597
f 3777/2335/2599 3789/2347/2611 3788/2346/2610 3776/2334/2598
f 3778/2336/2600 3790/2348/2612 3789/2347/2611 3777/2335/2599
f 3779/2337/2601 3791/2349/2613 3790/2348/2612 3778/2336/2600
f 3780/2338/2602 3792/2350/2614 3791/2349/2613 3779/2337/2601
f 3781/2339/2603 3793/2351/2615 3792/2350/2614 3780/2338/2602
f 3782/2340/2604 3794/2352/2616 3793/2351/2615 3781/2339/2603
f 3783/2341/2605 3795/2353/2617 3794/2352/2616 3782/2340/2604
f 3784/2342/2606 3796/2354/2618 3795/2353/2617 3783/2341/2605
f 3786/2343/2607 3798/2355/2619 3797/2356/2620 3785/2344/2608
f 3787/2345/2609 3799/2357/2621 3798/2355/2619 3786/2343/2607
f 3788/2346/2610 3800/2358/2622 3799/2357/2621 3787/2345/2609
f 3789/2347/2611 3801/2359/2623 3800/2358/2622 3788/2346/2610
f 3790/2348/2612 3802/2360/2624 3801/2359/2623 3789/2347/2611
f 3791/2349/2613 3803/2361/2625 3802/2360/2624 3790/2348/2612
f 3792/2350/2614 3804/2362/2626 3803/2361/2625 3791/2349/2613
f 3793/2351/2615 3805/2363/2627 3804/2362/2626 3792/2350/2614
f 3794/2352/2616 3806/2364/2628 3805/2363/2627 3793/2351/2615
f 3795/2353/2617 3807/2365/2629 3806/2364/2628 3794/2352/2616
f 3796/2354/2618 3808/2366/2630 3807/2365/2629 3795/2353/2617
f 3798/2355/2619 3810/2367/2631 3809/2368/2632 3797/2356/2620
f 3799/2357/2621 3811/2369/2633 3810/2367/2631 3798/2355/2619
f 3800/2358/2622 3812/2370/2634 3811/2369/2633 3799/2357/2621
f 3801/2359/2623 3813/2371/2635 3812/2370/2634 3800/2358/2622
f 3802/2360/2624 3814/2372/2636 3813/2371/2635 3801/2359/2623
f 3803/2361/2625 3815/2373/2637 3814/2372/2636 3802/2360/2624
f 3804/2362/2626 3816/2374/2638 3815/2373/2637 3803/2361/2625
f 3805/2363/2627 3817/2375/2639 3816/2374/2638 3804/2362/2626
f 3806/2364/2628 3818/2376/2640 3817/2375/2639 3805/2363/2627
f 3807/2365/2629 3819/2377/2641 3818/2376/2640 3806/2364/2628
f 3808/2366/2630 3820/2378/2642 3819/2377/2641 3807/2365/2629
f 3810/2367/2631 3822/2379/2643 3821/2380/2644 3809/2368/2632
f 3811/2369/2633 3823/2381/2645 3822/2379/2643 3810/2367/2631
f 3812/2370/2634 3824/2382/2646 3823/2381/2645 3811/2369/2633
f 3813/2371/2635 3825/2383/2647 3824/2382/2646 3812/2370/2634
f 3814/2372/2636 3826/2384/2648 3825/2383/2647 3813/2371/2635
f 3815/2373/2637 3827/2385/2649 3826/2384/2648 3814/2372/2636
f 3816/2374/2638 3828/2386/2650 3827/2385/2649 3815/2373/2637
f 3817/2375/2639 3829/2387/2651 3828/2386/2650 3816/2374/2638
f 3818/2376/2640 3830/2388/2652 3829/2387/2651 3817/2375/2639
f 3819/2377/2641 3831/2389/2653 3830/2388/2652 3818/2376/2640
f 3820/2378/2642 3832/2390/2654 3831/2389/2653 3819/2377/2641
f 3822/2379/2643 3834/2391/2655 3833/2392/2656 3821/2380/2644
f 3823/2381/2645 3835/2393/2657 3834/2391/2655 3822/2379/2643
f 3824/2382/2646 3836/2394/2658 3835/2393/2657 3823/2381/2645
f 3825/2383/2647 3837/2395/2659 3836/2394/2658 3824/2382/2646
f 3826/2384/2648 3838/2396/2660 3837/2395/2659 3825/2383/2647
f 3827/2385/2649 3839/2397/2661 3838/2396/2660 3826/2384/2648
f 3828/2386/2650 3840/2398/2662 3839/2397/2661 3827/2385/2649
f 3829/2387/2651 3841/2399/2663 3840/2398/2662 3828/2386/2650
f 3830/2388/2652 3842/2400/2664 3841/2399/2663 3829/2387/2651
f 3831/2389/2653 3843/2401/2665 3842/2400/2664 3830/2388/2652
f 3832/2390/2654 3844/2402/2666 3843/2401/2665 3831/2389/2653
f 3834/2391/2655 3846/2403/2667 3845/2404/2668 3833/2392/2656
f 3835/2393/2657 3847/2405/2669 3846/2403/2667 3834/2391/2655
f 3836/2394/2658 3848/2406/2670 3847/2405/2669 3835/2393/2657
f 3837/2395/2659 3849/2407/2671 3848/2406/2670 3836/2394/2658
f 3838/2396/2660 3850/2408/2672 3849/2407/2671 3837/2395/2659
f 3839/2397/2661 3851/2409/2673 3850/2408/2672 3838/2396/2660
f 3840/2398/2662 3852/2410/2674 3851/2409/2673 3839/2397/2661
f 3841/2399/2663 3853/2411/2675 3852/2410/2674 3840/2398/2662
f 3842/2400/2664 3854/2412/2676 3853/2411/2675 3841/2399/2663
f 3843/2401/2665 3855/2413/2677 3854/2412/2676 3842/2400/2664
f 3844/2402/2666 3856/2414/2678 3855/2413/2677 3843/2401/2665
f 3846/2403/2667 3858/2415/2679 3857/2416/2680 3845/2404/2668
f 3847/2405/2669 3859/2417/2681 3858/2415/2679 3846/2403/2667
f 3848/2406/2670 3860/2418/2682 3859/2417/2681 3847/2405/2669
f 3849/2407/2671 3861/2419/2683 3860/2418/2682 3848/2406/2670
f 3850/2408/2672 3862/2420/2684 3861/2419/2683 3849/2407/2671
f 3851/2409/2673 3863/2421/2685 3862/2420/2684 3850/2408/2672
f 3852/2410/2674 3864/2422/2686 3863/2421/2685 3851/2409/2673
f 3853/2411/2675 3865/2423/2687 3864/2422/2686 3852/2410/2674
f 3854/2412/2676 3866/2424/2688 3865/2423/2687 3853/2411/2675
f 3855/2413/2677 3867/2425/2689 3866/2424/2688 3854/2412/2676
f 3856/2414/2678 3868/2426/2690 3867/2425/2689 3855/2413/2677
f 3858/2415/2679 3870/2427/2691 3869/2428/2692 3857/2416/2680
f 3859/2417/2681 3871/2429/2693 3870/2427/2691 3858/2415/2679
f 3860/2418/2682 3872/2430/2694 3871/2429/2693 3859/2417/2681
f 3861/2419/2683 3873/2431/2695 3872/2430/2694 3860/2418/2682
f 3862/2420/2684 3874/2432/2696 3873/2431/2695 3861/2419/2683
f 3863/2421/2685 3875/2433/2697 3874/2432/2696 3862/2420/2684
f 3864/2422/2686 3876/2434/2698 3875/2433/2697 3863/2421/2685
f 3865/2423/2687 3877/2435/2699 3876/2434/2698 3864/2422/2686
f 3866/2424/2688 3878/2436/2700 3877/2435/2699 3865/2423/2687
f 3867/2425/2689 3879/2437/2701 3878/2436/2700 3866/2424/2688
f 3868/2426/2690 3880/2438/2702 3879/2437/2701 3867/2425/2689
f 3870/2427/2691 3882/2439/2703 3881/2440/2704 3869/2428/2692
f 3871/2429/2693 3883/2441/2705 3882/2439/2703 3870/2427/2691
f 3872/2430/2694 3884/2442/2706 3883/2441/2705 3871/2429/2693
f 3873/2431/2695 3885/2443/2707 3884/2442/2706 3872/2430/2694
f 3874/2432/2696 3886/2444/2708 3885/2443/2707 3873/2431/2695
f 3875/2433/2697 3887/2445/2709 3886/2444/2708 3874/2432/2696
f 3876/2434/2698 3888/2446/2710 3887/2445/2709 3875/2433/2697
f 3877/2435/2699 3889/2447/2711 3888/2446/2710 3876/2434/2698
f 3878/2436/2700 3890/2448/2712 3889/2447/2711 3877/2435/2699
f 3879/2437/2701 3891/2449/2713 3890/2448/2712 3878/2436/2700
f 3880/2438/2702 3892/2450/2714 3891/2449/2713 3879/2437/2701
f 3882/2439/2703 3894/2451/2715 3893/2452/2716 3881/2440/2704
f 3883/2441/2705 3895/2453/2717 3894/2451/2715 3882/2439/2703
f 3884/2442/2706 3896/2454/2718 3895/2453/2717 3883/2441/2705
f 3885/2443/2707 3897/2455/2719 3896/2454/2718 3884/2442/2706
f 3886/2444/2708 3898/2456/2720 3897/2455/2719 3885/2443/2707
f 3887/2445/2709 3899/2457/2721 3898/2456/2720 3886/2444/2708
f 3888/2446/2710 3900/2458/2722 3899/2457/2721 3887/2445/2709
f 3889/2447/2711 3901/2459/2723 3900/2458/2722 3888/2446/2710
f 3890/2448/2712 3902/2460/2724 3901/2459/2723 3889/2447/2711
f 3891/2449/2713 3903/2461/2725 3902/2460/2724 3890/2448/2712
f 3892/2450/2714 3904/2462/2726 3903/2461/2725 3891/2449/2713
f 3894/2451/2715 3906/2463/2727 3905/2464/2728 3893/2452/2716
f 3895/2453/2717 3907/2465/2729 3906/2463/2727 3894/2451/2715
f 3896/2454/2718 3908/2466/2730 3907/2465/2729 3895/2453/2717
f 3897/2455/2719 3909/2467/2731 3908/2466/2730 3896/2454/2718
f 3898/2456/2720 3910/2468/2732 3909/2467/2731 3897/2455/2719
f 3899/2457/2721 3911/2469/2733 3910/2468/2732 3898/2456/2720
f 3900/2458/2722 3912/2470/2734 3911/2469/2733 3899/2457/2721
f 3901/2459/2723 3913/2471/2735 3912/2470/2734 3900/2458/2722
f 3902/2460/2724 3914/2472/2736 3913/2471/2735 3901/2459/2723
f 3903/2461/2725 3915/2473/2737 3914/2472/2736 3902/2460/2724
f 3904/2462/2726 3916/2474/2738 3915/2473/2737 3903/2461/2725
f 3906/2463/2727 3918/2475/2739 3917/2476/2740 3905/2464/2728
f 3907/2465/2729 3919/2477/2741 3918/2475/2739 3906/2463/2727
f 3908/2466/2730 3920/2478/2742 3919/2477/2741 3907/2465/2729
f 3909/2467/2731 3921/2479/2743 3920/2478/2742 3908/2466/2730
f 3910/2468/2732 3922/2480/2744 3921/2479/2743 3909/2467/2731
f 3911/2469/2733 3923/2481/2745 3922/2480/2744 3910/2468/2732
f 3912/2470/2734 3924/2482/2746 3923/2481/2745 3911/2469/2733
f 3913/2471/2735 3925/2483/2747 3924/2482/2746 3912/2470/2734
f 3914/2472/2736 3926/2484/2748 3925/2483/2747 3913/2471/2735
f 3915/2473/2737 3927/2485/2749 3926/2484/2748 3914/2472/2736
f 3916/2474/2738 3928/2486/2750 3927/2485/2749 3915/2473/2737
f 3918/2475/2739 3930/2487/2751 3929/2488/2752 3917/2476/2740
f 3919/2477/2741 3931/2489/2753 3930/2487/2751 3918/2475/2739
f 3920/2478/2742 3932/2490/2754 3931/2489/2753 3919/2477/2741
f 3921/2479/2743 3933/2491/2755 3932/2490/2754 3920/2478/2742
f 3922/2480/2744 3934/2492/2756 3933/2491/2755 3921/2479/2743
f 3923/2481/2745 3935/2493/2757 3934/2492/2756 3922/2480/2744
f 3924/2482/2746 3936/2494/2758 3935/2493/2757 3923/2481/2745
f 3925/2483/2747 3937/2495/2759 3936/2494/2758 3924/2482/2746
f 3926/2484/2748 3938/2496/2760 3937/2495/2759 3925/2483/2747
f 3927/2485/2749 3939/2497/2761 3938/2496/2760 3926/2484/2748
f 3928/2486/2750 3940/2498/2762 3939/2497/2761 3927/2485/2749
f 3930/2487/2751 3942/2499/2763 3941/2500/2764 3929/2488/2752
f 3931/2489/2753 3943/2501/2765 3942/2499/2763 3930/2487/2751
f 3932/2490/2754 3944/2502/2766 3943/2501/2765 3931/2489/2753
f 3933/2491/2755 3945/2503/2767 3944/2502/2766 3932/2490/2754
f 3934/2492/2756 3946/2504/2768 3945/2503/2767 3933/2491/2755
f 3935/2493/2757 3947/2505/2769 3946/2504/2768 3934/2492/2756
f 3936/2494/2758 3948/2506/2770 3947/2505/2769 3935/2493/2757
f 3937/2495/2759 3949/2507/2771 3948/2506/2770 3936/2494/2758
f 3938/2496/2760 3950/2508/2772 3949/2507/2771 3937/2495/2759
f 3939/2497/2761 3951/2509/2773 3950/2508/2772 3938/2496/2760
f 3940/2498/2762 3952/2510/2774 3951/2509/2773 3939/2497/2761
f 3942/2499/2763 3954/2511/2775 3953/2512/2776 3941/2500/2764
f 3943/2501/2765 3955/2513/2777 3954/2511/2775 3942/2499/2763
f 3944/2502/2766 3956/2514/2778 3955/2513/2777 3943/2501/2765
f 3945/2503/2767 3957/2515/2779 3956/2514/2778 3944/2502/2766
f 3946/2504/2768 3958/2516/2780 3957/2515/2779 3945/2503/2767
f 3947/2505/2769 3959/2517/2781 3958/2516/2780 3946/2504/2768
f 3948/2506/2770 3960/2518/2782 3959/2517/2781 3947/2505/2769
f 3949/2507/2771 3961/2519/2783 3960/2518/2782 3948/2506/2770
f 3950/2508/2772 3962/2520/2784 3961/2519/2783 3949/2507/2771
f 3951/2509/2773 3963/2521/2785 3962/2520/2784 3950/2508/2772
f 3952/2510/2774 3964/2522/2786 3963/2521/2785 3951/2509/2773
f 3954/2511/2775 3966/2523/2787 3965/2524/2788 3953/2512/2776
f 3955/2513/2777 3967/2525/2789 3966/2523/2787 3954/2511/2775
f 3956/2514/2778 3968/2526/2790 3967/2525/2789 3955/2513/2777
f 3957/2515/2779 3969/2527/2791 3968/2526/2790 3956/2514/2778
f 3958/2516/2780 3970/2528/2792 3969/2527/2791 3957/2515/2779
f 3959/2517/2781 3971/2529/2793 3970/2528/2792 3958/2516/2780
f 3960/2518/2782 3972/2530/2794 3971/2529/2793 3959/2517/2781
f 3961/2519/2783 3973/2531/2795 3972/2530/2794 3960/2518/2782
f 3962/2520/2784 3974/2532/2796 3973/2531/2795 3961/2519/2783
f 3963/2521/2785 3975/2533/2797 3974/2532/2796 3962/2520/2784
f 3964/2522/2786 3976/2534/2798 3975/2533/2797 3963/2521/2785
f 3966/2523/2787 3978/2535/2799 3977/2536/2800 3965/2524/2788
f 3967/2525/2789 3979/2537/2801 3978/2535/2799 3966/2523/2787
f 3968/2526/2790 3980/2538/2802 3979/2537/2801 3967/2525/2789
f 3969/2527/2791 3981/2539/2803 3980/2538/2802 3968/2526/2790
f 3970/2528/2792 3982/2540/2804 3981/2539/2803 3969/2527/2791
f 3971/2529/2793 3983/2541/2805 3982/2540/2804 3970/2528/2792
f 3972/2530/2794 3984/2542/2806 3983/2541/2805 3971/2529/2793
f 3973/2531/2795 3985/2543/2807 3984/2542/2806 3972/2530/2794
f 3974/2532/2796 3986/2544/2808 3985/2543/2807 3973/2531/2795
f 3975/2533/2797 3987/2545/2809 3986/2544/2808 3974/2532/2796
f 3976/2534/2798 3988/2546/2810 3987/2545/2809 3975/2533/2797
f 3978/2535/2799 3990/2547/2811 3989/2548/2812 3977/2536/2800
f 3979/2537/2801 3991/2549/2813 3990/2547/2811 3978/2535/2799
f 3980/2538/2802 3992/2550/2814 3991/2549/2813 3979/2537/2801
f 3981/2539/2803 3993/2551/2815 3992/2550/2814 3980/2538/2802
f 3982/2540/2804 3994/2552/2816 3993/2551/2815 3981/2539/2803
f 3983/2541/2805 3995/2553/2817 3994/2552/2816 3982/2540/2804
f 3984/2542/2806 3996/2554/2818 3995/2553/2817 3983/2541/2805
f 3985/2543/2807 3997/2555/2819 3996/2554/2818 3984/2542/2806
f 3986/2544/2808 3998/2556/2820 3997/2555/2819 3985/2543/2807
f 3987/2545/2809 3999/2557/2821 3998/2556/2820 3986/2544/2808
f 3988/2546/2810 4000/2558/2822 3999/2557/2821 3987/2545/2809
f 3990/2547/2811 4002/2559/2823 4001/2560/2824 3989/2548/2812
f 3991/2549/2813 4003/2561/2825 4002/2559/2823 3990/2547/2811
f 3992/2550/2814 4004/2562/2826 4003/2561/2825 3991/2549/2813
f 3993/2551/2815 4005/2563/2827 4004/2562/2826 3992/2550/2814
f 3994/2552/2816 4006/2564/2828 4005/2563/2827 3993/2551/2815
f 3995/2553/2817 4007/2565/2829 4006/2564/2828 3994/2552/2816
f 3996/2554/2818 4008/2566/2830 4007/2565/2829 3995/2553/2817
f 3997/2555/2819 4009/2567/2831 4008/2566/2830 3996/2554/2818
f 3998/2556/2820 4010/2568/2832 4009/2567/2831 3997/2555/2819
f 3999/2557/2821 4011/2569/2833 4010/2568/2832 3998/2556/2820
f 4000/2558/2822 4012/2570/2834 4011/2569/2833 3999/2557/2821
f 4002/2559/2823 4014/2571/2835 4013/2572/2836 4001/2560/2824
f 4003/2561/2825 4015/2573/2837 4014/2571/2835 4002/2559/2823
f 4004/2562/2826 4016/2574/2838 4015/2573/2837 4003/2561/2825
f 4005/2563/2827 4017/2575/2839 4016/2574/2838 4004/2562/2826
f 4006/2564/2828 4018/2576/2840 4017/2575/2839 4005/2563/2827
f 4007/2565/2829 4019/2577/2841 4018/2576/2840 4006/2564/2828
f 4008/2566/2830 4020/2578/2842 4019/2577/2841 4007/2565/2829
f 4009/2567/2831 4021/2579/2843 4020/2578/2842 4008/2566/2830
f 4010/2568/2832 4022/2580/2844 4021/2579/2843 4009/2567/2831
f 4011/2569/2833 4023/2581/2845 4022/2580/2844 4010/2568/2832
f 4012/2570/2834 4024/2582/2846 4023/2581/2845 4011/2569/2833
f 4014/2571/2835 4026/2583/2847 4025/2584/2848 4013/2572/2836
f 4015/2573/2837 4027/2585/2849 4026/2583/2847 4014/2571/2835
f 4016/2574/2838 4028/2586/2850 4027/2585/2849 4015/2573/2837
f 4017/2575/2839 4029/2587/2851 4028/2586/2850 4016/2574/2838
f 4018/2576/2840 4030/2588/2852 4029/2587/2851 4017/2575/2839
f 4019/2577/2841 4031/2589/2853 4030/2588/2852 4018/2576/2840
f 4020/2578/2842 4032/2590/2854 4031/2589/2853 4019/2577/2841
f 4021/2579/2843 4033/2591/2855 4032/2590/2854 4020/2578/2842
f 4022/2580/2844 4034/2592/2856 4033/2591/2855 4021/2579/2843
f 4023/2581/2845 4035/2593/2857 4034/2592/2856 4022/2580/2844
f 4024/2582/2846 4036/2594/2858 4035/2593/2857 4023/2581/2845
f 4026/2583/2847 4038/2595/2859 4037/2596/2860 4025/2584/2848
f 4027/2585/2849 4039/2597/2861 4038/2595/2859 4026/2583/2847
f 4028/2586/2850 4040/2598/2862 4039/2597/2861 4027/2585/2849
f 4029/2587/2851 4041/2599/2863 4040/2598/2862 4028/2586/2850
f 4030/2588/2852 4042/2600/2864 4041/2599/2863 4029/2587/2851
f 4031/2589/2853 4043/2601/2865 4042/2600/2864 4030/2588/2852
f 4032/2590/2854 4044/2602/2866 4043/2601/2865 4031/2589/2853
f 4033/2591/2855 4045/2603/2867 4044/2602/2866 4032/2590/2854
f 4034/2592/2856 4046/2604/2868 4045/2603/2867 4033/2591/2855
f 4035/2593/2857 4047/2605/2869 4046/2604/2868 4034/2592/2856
f 4036/2594/2858 4048/2606/2870 4047/2605/2869 4035/2593/2857
f 4038/2595/2859 4050/2607/2871 4049/2608/2872 4037/2596/2860
f 4039/2597/2861 4051/2609/2873 4050/2607/2871 4038/2595/2859
f 4040/2598/2862 4052/2610/2874 4051/2609/2873 4039/2597/2861
f 4041/2599/2863 4053/2611/2875 4052/2610/2874 4040/2598/2862
f 4042/2600/2864 4054/2612/2876 4053/2611/2875 4041/2599/2863
f 4043/2601/2865 4055/2613/2877 4054/2612/2876 4042/2600/2864
f 4044/2602/2866 4056/2614/2878 4055/2613/2877 4043/2601/2865
f 4045/2603/2867 4057/2615/2879 4056/2614/2878 4044/2602/2866
f 4046/2604/2868 4058/2616/2880 4057/2615/2879 4045/2603/2867
f 4047/2605/2869 4059/2617/2881 4058/2616/2880 4046/2604/2868
f 4048/2606/2870 4060/2618/2882 4059/2617/2881 4047/2605/2869
f 4050/2607/2871 4062/2619/2883 4061/2620/2884 4049/2608/2872
f 4051/2609/2873 4063/2621/2885 4062/2619/2883 4050/2607/2871
f 4052/2610/2874 4064/2622/2886 4063/2621/2885 4051/2609/2873
f 4053/2611/2875 4065/2623/2887 4064/2622/2886 4052/2610/2874
f 4054/2612/2876 4066/2624/2888 4065/2623/2887 4053/2611/2875
f 4055/2613/2877 4067/2625/2889 4066/2624/2888 4054/2612/2876
f 4056/2614/2878 4068/2626/2890 4067/2625/2889 4055/2613/2877
f 4057/2615/2879 4069/2627/2891 4068/2626/2890 4056/2614/2878
f 4058/2616/2880 4070/2628/2892 4069/2627/2891 4057/2615/2879
f 4059/2617/2881 4071/2629/2893 4070/2628/2892 4058/2616/2880
f 4060/2618/2882 4072/2630/2894 4071/2629/2893 4059/2617/2881
f 4062/2619/2883 4074/2631/2895 4073/2632/2896 4061/2620/2884
f 4063/2621/2885 4075/2633/2897 4074/2631/2895 4062/2619/2883
f 4064/2622/2886 4076/2634/2898 4075/2633/2897 4063/2621/2885
f 4065/2623/2887 4077/2635/2899 4076/2634/2898 4064/2622/2886
f 4066/2624/2888 4078/2636/2900 4077/2635/2899 4065/2623/2887
f 4067/2625/2889 4079/2637/2901 4078/2636/2900 4066/2624/2888
f 4068/2626/2890 4080/2638/2902 4079/2637/2901 4067/2625/2889
f 4069/2627/2891 4081/2639/2903 4080/2638/2902 4068/2626/2890
f 4070/2628/2892 4082/2640/2904 4081/2639/2903 4069/2627/2891
f 4071/2629/2893 4083/2641/2905 4082/2640/2904 4070/2628/2892
f 4072/2630/2894 4084/2642/2906 4083/2641/2905 4071/2629/2893
f 4074/2631/2895 4086/2643/2907 4085/2644/2908 4073/2632/2896
f 4075/2633/2897 4087/2645/2909 4086/2643/2907 4074/2631/2895
f 4076/2634/2898 4088/2646/2910 4087/2645/2909 4075/2633/2897
f 4077/2635/2899 4089/2647/2911 4088/2646/2910 4076/2634/2898
f 4078/2636/2900 4090/2648/2912 4089/2647/2911 4077/2635/2899
f 4079/2637/2901 4091/2649/2913 4090/2648/2912 4078/2636/2900
f 4080/2638/2902 4092/2650/2914 4091/2649/2913 4079/2637/2901
f 4081/2639/2903 4093/2651/2915 4092/2650/2914 4080/2638/2902
f 4082/2640/2904 4094/2652/2916 4093/2651/2915 4081/2639/2903
f 4083/2641/2905 4095/2653/2917 4094/2652/2916 4082/2640/2904
f 4084/2642/2906 4096/2654/2918 4095/2653/2917 4083/2641/2905
f 4086/2643/2907 4098/2655/2919 4097/2656/2920 4085/2644/2908
f 4087/2645/2909 4099/2657/2921 4098/2655/2919 4086/2643/2907
f 4088/2646/2910 4100/2658/2922 4099/2657/2921 4087/2645/2909
f 4089/2647/2911 4101/2659/2923 4100/2658/2922 4088/2646/2910
f 4090/2648/2912 4102/2660/2924 4101/2659/2923 4089/2647/2911
f 4091/2649/2913 4103/2661/2925 4102/2660/2924 4090/2648/2912
f 4092/2650/2914 4104/2662/2926 4103/2661/2925 4091/2649/2913
f 4093/2651/2915 4105/2663/2927 4104/2662/2926 4092/2650/2914
f 4094/2652/2916 4106/2664/2928 4105/2663/2927 4093/2651/2915
f 4095/2653/2917 4107/2665/2929 4106/2664/2928 4094/2652/2916
f 4096/2654/2918 4108/2666/2930 4107/2665/2929 4095/2653/2917
f 4098/2655/2919 4110/2667/2931 4109/2668/2932 4097/2656/2920
f 4099/2657/2921 4111/2669/2933 4110/2667/2931 4098/2655/2919
f 4100/2658/2922 4112/2670/2934 4111/2669/2933 4099/2657/2921
f 4101/2659/2923 4113/2671/2935 4112/2670/2934 4100/2658/2922
f 4102/2660/2924 4114/2672/2936 4113/2671/2935 4101/2659/2923
f 4103/2661/2925 4115/2673/2937 4114/2672/2936 4102/2660/2924
f 4104/2662/2926 4116/2674/2938 4115/2673/2937 4103/2661/2925
f 4105/2663/2927 4117/2675/2939 4116/2674/2938 4104/2662/2926
f 4106/2664/2928 4118/2676/2940 4117/2675/2939 4105/2663/2927
f 4107/2665/2929 4119/2677/2941 4118/2676/2940 4106/2664/2928
f 4108/2666/2930 4120/2678/2942 4119/2677/2941 4107/2665/2929
f 4110/2667/2931 4122/2679/2943 4121/2680/2944 4109/2668/2932
f 4111/2669/2933 4123/2681/2945 4122/2679/2943 4110/2667/2931
f 4112/2670/2934 4124/2682/2946 4123/2681/2945 4111/2669/2933
f 4113/2671/2935 4125/2683/2947 4124/2682/2946 4112/2670/2934
f 4114/2672/2936 4126/2684/2948 4125/2683/2947 4113/2671/2935
f 4115/2673/2937 4127/2685/2949 4126/2684/2948 4114/2672/2936
f 4116/2674/2938 4128/2686/2950 4127/2685/2949 4115/2673/2937
f 4117/2675/2939 4129/2687/2951 4128/2686/2950 4116/2674/2938
f 4118/2676/2940 4130/2688/2952 4129/2687/2951 4117/2675/2939
f 4119/2677/2941 4131/2689/2953 4130/2688/2952 4118/2676/2940
f 4120/2678/2942 4132/2690/2954 4131/2689/2953 4119/2677/2941
f 4122/2679/2943 4134/2691/2955 4133/2692/2956 4121/2680/2944
f 4123/2681/2945 4135/2693/2957 4134/2691/2955 4122/2679/2943
f 4124/2682/2946 4136/2694/2958 4135/2693/2957 4123/2681/2945
f 4125/2683/2947 4137/2695/2959 4136/2694/2958 4124/2682/2946
f 4126/2684/2948 4138/2696/2960 4137/2695/2959 4125/2683/2947
f 4127/2685/2949 4139/2697/2961 4138/2696/2960 4126/2684/2948
f 4128/2686/2950 4140/2698/2962 4139/2697/2961 4127/2685/2949
f 4129/2687/2951 4141/2699/2963 4140/2698/2962 4128/2686/2950
f 4130/2688/2952 4142/2700/2964 4141/2699/2963 4129/2687/2951
f 4131/2689/2953 4143/2701/2965 4142/2700/2964 4130/2688/2952
f 4132/2690/2954 4144/2702/2966 4143/2701/2965 4131/2689/2953
f 4134/2691/2955 4146/2703/2967 4145/2704/2968 4133/2692/2956
f 4135/2693/2957 4147/2705/2969 4146/2703/2967 4134/2691/2955
f 4136/2694/2958 4148/2706/2970 4147/2705/2969 4135/2693/2957
f 4137/2695/2959 4149/2707/2971 4148/2706/2970 4136/2694/2958
f 4138/2696/2960 4150/2708/2972 4149/2707/2971 4137/2695/2959
f 4139/2697/2961 4151/2709/2973 4150/2708/2972 4138/2696/2960
f 4140/2698/2962 4152/2710/2974 4151/2709/2973 4139/2697/2961
f 4141/2699/2963 4153/2711/2975 4152/2710/2974 4140/2698/2962
f 4142/2700/2964 4154/2712/2976 4153/2711/2975 4141/2699/2963
f 4143/2701/2965 4155/2713/2977 4154/2712/2976 4142/2700/2964
f 4144/2702/2966 4156/2714/2978 4155/2713/2977 4143/2701/2965
f 4146/2703/2967 4158/2715/2979 4157/2716/2980 4145/2704/2968
f 4147/2705/2969 4159/2717/2981 4158/2715/2979 4146/2703/2967
f 4148/2706/2970 4160/2718/2982 4159/2717/2981 4147/2705/2969
f 4149/2707/2971 4161/2719/2983 4160/2718/2982 4148/2706/2970
f 4150/2708/2972 4162/2720/2984 4161/2719/2983 4149/2707/2971
f 4151/2709/2973 4163/2721/2985 4162/2720/2984 4150/2708/2972
f 4152/2710/2974 4164/2722/2986 4163/2721/2985 4151/2709/2973
f 4153/2711/2975 4165/2723/2987 4164/2722/2986 4152/2710/2974
f 4154/2712/2976 4166/2724/2988 4165/2723/2987 4153/2711/2975
f 4155/2713/2977 4167/2725/2989 4166/2724/2988 4154/2712/2976
f 4156/2714/2978 4168/2726/2990 4167/2725/2989 4155/2713/2977
f 4158/2715/2979 4170/2727/2991 4169/2728/2992 4157/2716/2980
f 4159/2717/2981 4171/2729/2993 4170/2727/2991 4158/2715/2979
f 4160/2718/2982 4172/2730/2994 4171/2729/2993 4159/2717/2981
f 4161/2719/2983 4173/2731/2995 4172/2730/2994 4160/2718/2982
f 4162/2720/2984 4174/2732/2996 4173/2731/2995 4161/2719/2983
f 4163/2721/2985 4175/2733/2997 4174/2732/2996 4162/2720/2984
f 4164/2722/2986 4176/2734/2998 4175/2733/2997 4163/2721/2985
f 4165/2723/2987 4177/2735/2999 4176/2734/2998 4164/2722/2986
f 4166/2724/2988 4178/2736/3000 4177/2735/2999 4165/2723/2987
f 4167/2725/2989 4179/2737/3001 4178/2736/3000 4166/2724/2988
f 4168/2726/2990 4180/2738/3002 4179/2737/3001 4167/2725/2989
f 4170/2727/2991 4182/2739/3003 4181/2740/3004 4169/2728/2992
f 4171/2729/2993 4183/2741/3005 4182/2739/3003 4170/2727/2991
f 4172/2730/2994 4184/2742/3006 4183/2741/3005 4171/2729/2993
f 4173/2731/2995 4185/2743/3007 4184/2742/3006 4172/2730/2994
f 4174/2732/2996 4186/2744/3008 4185/2743/3007 4173/2731/2995
f 4175/2733/2997 4187/2745/3009 4186/2744/3008 4174/2732/2996
f 4176/2734/2998 4188/2746/3010 4187/2745/3009 4175/2733/2997
f 4177/2735/2999 4189/2747/3011 4188/2746/3010 4176/2734/2998
f 4178/2736/3000 4190/2748/3012 4189/2747/3011 4177/2735/2999
f 4179/2737/3001 4191/2749/3013 4190/2748/3012 4178/2736/3000
f 4180/2738/3002 4192/2750/3014 4191/2749/3013 4179/2737/3001
f 4182/2739/3003 4194/2751/3015 4193/2752/3016 4181/2740/3004
f 4183/2741/3005 4195/2753/3017 4194/2751/3015 4182/2739/3003
f 4184/2742/3006 4196/2754/3018 4195/2753/3017 4183/2741/3005
f 4185/2743/3007 4197/2755/3019 4196/2754/3018 4184/2742/3006
f 4186/2744/3008 4198/2756/3020 4197/2755/3019 4185/2743/3007
f 4187/2745/3009 4199/2757/3021 4198/2756/3020 4186/2744/3008
f 4188/2746/3010 4200/2758/3022 4199/2757/3021 4187/2745/3009
f 4189/2747/3011 4201/2759/3023 4200/2758/3022 4188/2746/3010
f 4190/2748/3012 4202/2760/3024 4201/2759/3023 4189/2747/3011
f 4191/2749/3013 4203/2761/3025 4202/2760/3024 4190/2748/3012
f 4192/2750/3014 4204/2762/3026 4203/2761/3025 4191/2749/3013
f 4194/2751/3015 4206/2763/3027 4205/2764/3028 4193/2752/3016
f 4195/2753/3017 4207/2765/3029 4206/2763/3027 4194/2751/3015
f 4196/2754/3018 4208/2766/3030 4207/2765/3029 4195/2753/3017
f 4197/2755/3019 4209/2767/3031 4208/2766/3030 4196/2754/3018
f 4198/2756/3020 4210/2768/3032 4209/2767/3031 4197/2755/3019
f 4199/2757/3021 4211/2769/3033 4210/2768/3032 4198/2756/3020
f 4200/2758/3022 4212/2770/3034 4211/2769/3033 4199/2757/3021
f 4201/2759/3023 4213/2771/3035 4212/2770/3034 4200/2758/3022
f 4202/2760/3024 4214/2772/3036 4213/2771/3035 4201/2759/3023
f 4203/2761/3025 4215/2773/3037 4214/2772/3036 4202/2760/3024
f 4204/2762/3026 4216/2774/3038 4215/2773/3037 4203/2761/3025
f 4206/2763/3027 4218/2775/3039 4217/2776/3040 4205/2764/3028
f 4207/2765/3029 4219/2777/3041 4218/2775/3039 4206/2763/3027
f 4208/2766/3030 4220/2778/3042 4219/2777/3041 4207/2765/3029
f 4209/2767/3031 4221/2779/3043 4220/2778/3042 4208/2766/3030
f 4210/2768/3032 4222/2780/3044 4221/2779/3043 4209/2767/3031
f 4211/2769/3033 4223/2781/3045 4222/2780/3044 4210/2768/3032
f 4212/2770/3034 4224/2782/3046 4223/2781/3045 4211/2769/3033
f 4213/2771/3035 4225/2783/3047 4224/2782/3046 4212/2770/3034
f 4214/2772/3036 4226/2784/3048 4225/2783/3047 4213/2771/3035
f 4215/2773/3037 4227/2785/3049 4226/2784/3048 4214/2772/3036
f 4216/2774/3038 4228/2786/3050 4227/2785/3049 4215/2773/3037
f 4218/2775/3039 4230/2787/3051 4229/2788/3052 4217/2776/3040
f 4219/2777/3041 4231/2789/3053 4230/2787/3051 4218/2775/3039
f 4220/2778/3042 4232/2790/3054 4231/2789/3053 4219/2777/3041
f 4221/2779/3043 4233/2791/3055 4232/2790/3054 4220/2778/3042
f 4222/2780/3044 4234/2792/3056 4233/2791/3055 4221/2779/3043
f 4223/2781/3045 4235/2793/3057 4234/2792/3056 4222/2780/3044
f 4224/2782/3046 4236/2794/3058 4235/2793/3057 4223/2781/3045
f 4225/2783/3047 4237/2795/3059 4236/2794/3058 4224/2782/3046
f 4226/2784/3048 4238/2796/3060 4237/2795/3059 4225/2783/3047
f 4227/2785/3049 4239/2797/3061 4238/2796/3060 4226/2784/3048
f 4228/2786/3050 4240/2798/3062 4239/2797/3061 4227/2785/3049
f 4230/2787/3051 2598/485/1419 2597/13/1422 4229/2788/3052
f 4231/2789/3053 2599/486/1423 2598/485/1419 4230/2787/3051
f 4232/2790/3054 2600/487/1425 2599/486/1423 4231/2789/3053
f 4233/2791/3055 2601/488/1427 2600/487/1425 4232/2790/3054
f 4234/2792/3056 2602/489/1429 2601/488/1427 4233/2791/3055
f 4235/2793/3057 2603/490/1431 2602/489/1429 4234/2792/3056
f 4236/2794/3058 2604/491/1433 2603/490/1431 4235/2793/3057
f 4237/2795/3059 2605/492/1435 2604/491/1433 4236/2794/3058
f 4238/2796/3060 2606/493/1437 2605/492/1435 4237/2795/3059
f 4239/2797/3061 2607/494/1439 2606/493/1437 4238/2796/3060
f 4240/2798/3062 2608/495/1441 2607/494/1439 4239/2797/3061
f 4242/380/3063 4254/2799/3064 4253/2800/3065 4241/24/3066
f 4243/383/3067 4255/2801/3068 4254/2799/3064 4242/380/3063
f 4244/385/3069 4256/2802/3070 4255/2801/3068 4243/383/3067
f 4245/387/3071 4257/2803/3072 4256/2802/3070 4244/385/3069
f 4246/389/3073 4258/2804/3074 4257/2803/3072 4245/387/3071
f 4247/391/3075 4259/2805/3076 4258/2804/3074 4246/389/3073
f 4248/393/3077 4260/2806/3078 4259/2805/3076 4247/391/3075
f 4249/395/3079 4261/2807/3080 4260/2806/3078 4248/393/3077
f 4250/397/3081 4262/2808/3082 4261/2807/3080 4249/395/3079
f 4251/399/3083 4263/2809/3084 4262/2808/3082 4250/397/3081
f 4252/401/3085 4264/2810/3086 4263/2809/3084 4251/399/3083
f 4254/2799/3064 4266/2811/3087 4265/2812/3088 4253/2800/3065
f 4255/2801/3068 4267/2813/3089 4266/2811/3087 4254/2799/3064
f 4256/2802/3070 4268/2814/3090 4267/2813/3089 4255/2801/3068
f 4257/2803/3072 4269/2815/3091 4268/2814/3090 4256/2802/3070
f 4258/2804/3074 4270/2816/3092 4269/2815/3091 4257/2803/3072
f 4259/2805/3076 4271/2817/3093 4270/2816/3092 4258/2804/3074
f 4260/2806/3078 4272/2818/3094 4271/2817/3093 4259/2805/3076
f 4261/2807/3080 4273/2819/3095 4272/2818/3094 4260/2806/3078
f 4262/2808/3082 4274/2820/3096 4273/2819/3095 4261/2807/3080
f 4263/2809/3084 4275/2821/3097 4274/2820/3096 4262/2808/3082
f 4264/2810/3086 4276/2822/3098 4275/2821/3097 4263/2809/3084
f 4266/2811/3087 4278/2823/3099 4277/2824/3100 4265/2812/3088
f 4267/2813/3089 4279/2825/3101 4278/2823/3099 4266/2811/3087
f 4268/2814/3090 4280/2826/3102 4279/2825/3101 4267/2813/3089
f 4269/2815/3091 4281/2827/3103 4280/2826/3102 4268/2814/3090
f 4270/2816/3092 4282/2828/3104 4281/2827/3103 4269/2815/3091
f 4271/2817/3093 4283/2829/3105 4282/2828/3104 4270/2816/3092
f 4272/2818/3094 4284/2830/3106 4283/2829/3105 4271/2817/3093
f 4273/2819/3095 4285/2831/3107 4284/2830/3106 4272/2818/3094
f 4274/2820/3096 4286/2832/3108 4285/2831/3107 4273/2819/3095
f 4275/2821/3097 4287/2833/3109 4286/2832/3108 4274/2820/3096
f 4276/2822/3098 4288/2834/3110 4287/2833/3109 4275/2821/3097
f 4278/2823/3099 4290/2835/3111 4289/2836/3112 4277/2824/3100
f 4279/2825/3101 4291/2837/3113 4290/2835/3111 4278/2823/3099
f 4280/2826/3102 4292/2838/3114 4291/2837/3113 4279/2825/3101
f 4281/2827/3103 4293/2839/3115 4292/2838/3114 4280/2826/3102
f 4282/2828/3104 4294/2840/3116 4293/2839/3115 4281/2827/3103
f 4283/2829/3105 4295/2841/3117 4294/2840/3116 4282/2828/3104
f 4284/2830/3106 4296/2842/3118 4295/2841/3117 4283/2829/3105
f 4285/2831/3107 4297/2843/3119 4296/2842/3118 4284/2830/3106
f 4286/2832/3108 4298/2844/3120 4297/2843/3119 4285/2831/3107
f 4287/2833/3109 4299/2845/3121 4298/2844/3120 4286/2832/3108
f 4288/2834/3110 4300/2846/3122 4299/2845/3121 4287/2833/3109
f 4290/2835/3111 4302/2847/3123 4301/2848/3124 4289/2836/3112
f 4291/2837/3113 4303/2849/3125 4302/2847/3123 4290/2835/3111
f 4292/2838/3114 4304/2850/3126 4303/2849/3125 4291/2837/3113
f 4293/2839/3115 4305/2851/3127 4304/2850/3126 4292/2838/3114
f 4294/2840/3116 4306/2852/3128 4305/2851/3127 4293/2839/3115
f 4295/2841/3117 4307/2853/3129 4306/2852/3128 4294/2840/3116
f 4296/2842/3118 4308/2854/3130 4307/2853/3129 4295/2841/3117
f 4297/2843/3119 4309/2855/3131 4308/2854/3130 4296/2842/3118
f 4298/2844/3120 4310/2856/3132 4309/2855/3131 4297/2843/3119
f 4299/2845/3121 4311/2857/3133 4310/2856/3132 4298/2844/3120
f 4300/2846/3122 4312/2858/3134 4311/2857/3133 4299/2845/3121
f 4302/2847/3123 4314/2859/3135 4313/2860/3136 4301/2848/3124
f 4303/2849/3125 4315/2861/3137 4314/2859/3135 4302/2847/3123
f 4304/2850/3126 4316/2862/3138 4315/2861/3137 4303/2849/3125
f 4305/2851/3127 4317/2863/3139 4316/2862/3138 4304/2850/3126
f 4306/2852/3128 4318/2864/3140 4317/2863/3139 4305/2851/3127
f 4307/2853/3129 4319/2865/3141 4318/2864/3140 4306/2852/3128
f 4308/2854/3130 4320/2866/3142 4319/2865/3141 4307/2853/3129
f 4309/2855/3131 4321/2867/3143 4320/2866/3142 4308/2854/3130
f 4310/2856/3132 4322/2868/3144 4321/2867/3143 4309/2855/3131
f 4311/2857/3133 4323/2869/3145 4322/2868/3144 4310/2856/3132
f 4312/2858/3134 4324/2870/3146 4323/2869/3145 4311/2857/3133
f 4314/2859/3135 4326/2871/3147 4325/2872/3148 4313/2860/3136
f 4315/2861/3137 4327/2873/3149 4326/2871/3147 4314/2859/3135
f 4316/2862/3138 4328/2874/3150 4327/2873/3149 4315/2861/3137
f 4317/2863/3139 4329/2875/3151 4328/2874/3150 4316/2862/3138
f 4318/2864/3140 4330/2876/3152 4329/2875/3151 4317/2863/3139
f 4319/2865/3141 4331/2877/3153 4330/2876/3152 4318/2864/3140
f 4320/2866/3142 4332/2878/3154 4331/2877/3153 4319/2865/3141
f 4321/2867/3143 4333/2879/3155 4332/2878/3154 4320/2866/3142
f 4322/2868/3144 4334/2880/3156 4333/2879/3155 4321/2867/3143
f 4323/2869/3145 4335/2881/3157 4334/2880/3156 4322/2868/3144
f 4324/2870/3146 4336/2882/3158 4335/2881/3157 4323/2869/3145
f 4326/2871/3147 4338/2883/3159 4337/2884/3160 4325/2872/3148
f 4327/2873/3149 4339/2885/3161 4338/2883/3159 4326/2871/3147
f 4328/2874/3150 4340/2886/3162 4339/2885/3161 4327/2873/3149
f 4329/2875/3151 4341/2887/3163 4340/2886/3162 4328/2874/3150
f 4330/2876/3152 4342/2888/3164 4341/2887/3163 4329/2875/3151
f 4331/2877/3153 4343/2889/3165 4342/2888/3164 4330/2876/3152
f 4332/2878/3154 4344/2890/3166 4343/2889/3165 4331/2877/3153
f 4333/2879/3155 4345/2891/3167 4344/2890/3166 4332/2878/3154
f 4334/2880/3156 4346/2892/3168 4345/2891/3167 4333/2879/3155
f 4335/2881/3157 4347/2893/3169 4346/2892/3168 4334/2880/3156
f 4336/2882/3158 4348/2894/3170 4347/2893/3169 4335/2881/3157
f 4338/2883/3159 4350/2895/3171 4349/2896/3172 4337/2884/3160
f 4339/2885/3161 4351/2897/3173 4350/2895/3171 4338/2883/3159
f 4340/2886/3162 4352/2898/3174 4351/2897/3173 4339/2885/3161
f 4341/2887/3163 4353/2899/3175 4352/2898/3174 4340/2886/3162
f 4342/2888/3164 4354/2900/3176 4353/2899/3175 4341/2887/3163
f 4343/2889/3165 4355/2901/3177 4354/2900/3176 4342/2888/3164
f 4344/2890/3166 4356/2902/3178 4355/2901/3177 4343/2889/3165
f 4345/2891/3167 4357/2903/3179 4356/2902/3178 4344/2890/3166
f 4346/2892/3168 4358/2904/3180 4357/2903/3179 4345/2891/3167
f 4347/2893/3169 4359/2905/3181 4358/2904/3180 4346/2892/3168
f 4348/2894/3170 4360/2906/3182 4359/2905/3181 4347/2893/3169
f 4350/2895/3171 4362/2907/3183 4361/2908/3184 4349/2896/3172
f 4351/2897/3173 4363/2909/3185 4362/2907/3183 4350/2895/3171
f 4352/2898/3174 4364/2910/3186 4363/2909/3185 4351/2897/3173
f 4353/2899/3175 4365/2911/3187 4364/2910/3186 4352/2898/3174
f 4354/2900/3176 4366/2912/3188 4365/2911/3187 4353/2899/3175
f 4355/2901/3177 4367/2913/3189 4366/2912/3188 4354/2900/3176
f 4356/2902/3178 4368/2914/3190 4367/2913/3189 4355/2901/3177
f 4357/2903/3179 4369/2915/3191 4368/2914/3190 4356/2902/3178
f 4358/2904/3180 4370/2916/3192 4369/2915/3191 4357/2903/3179
f 4359/2905/3181 4371/2917/3193 4370/2916/3192 4358/2904/3180
f 4360/2906/3182 4372/2918/3194 4371/2917/3193 4359/2905/3181
f 4362/2907/3183 4374/2919/3195 4373/2920/3196 4361/2908/3184
f 4363/2909/3185 4375/2921/3197 4374/2919/3195 4362/2907/3183
f 4364/2910/3186 4376/2922/3198 4375/2921/3197 4363/2909/3185
f 4365/2911/3187 4377/2923/3199 4376/2922/3198 4364/2910/3186
f 4366/2912/3188 4378/2924/3200 4377/2923/3199 4365/2911/3187
f 4367/2913/3189 4379/2925/3201 4378/2924/3200 4366/2912/3188
f 4368/2914/3190 4380/2926/3202 4379/2925/3201 4367/2913/3189
f 4369/2915/3191 4381/2927/3203 4380/2926/3202 4368/2914/3190
f 4370/2916/3192 4382/2928/3204 4381/2927/3203 4369/2915/3191
f 4371/2917/3193 4383/2929/3205 4382/2928/3204 4370/2916/3192
f 4372/2918/3194 4384/2930/3206 4383/2929/3205 4371/2917/3193
f 4374/2919/3195 4386/2931/3207 4385/2932/3208 4373/2920/3196
f 4375/2921/3197 4387/2933/3209 4386/2931/3207 4374/2919/3195
f 4376/2922/3198 4388/2934/3210 4387/2933/3209 4375/2921/3197
f 4377/2923/3199 4389/2935/3211 4388/2934/3210 4376/2922/3198
f 4378/2924/3200 4390/2936/3212 4389/2935/3211 4377/2923/3199
f 4379/2925/3201 4391/2937/3213 4390/2936/3212 4378/2924/3200
f 4380/2926/3202 4392/2938/3214 4391/2937/3213 4379/2925/3201
f 4381/2927/3203 4393/2939/3215 4392/2938/3214 4380/2926/3202
f 4382/2928/3204 4394/2940/3216 4393/2939/3215 4381/2927/3203
f 4383/2929/3205 4395/2941/3217 4394/2940/3216 4382/2928/3204
f 4384/2930/3206 4396/2942/3218 4395/2941/3217 4383/2929/3205
f 4386/2931/3207 4398/2943/3219 4397/2944/3220 4385/2932/3208
f 4387/2933/3209 4399/2945/3221 4398/2943/3219 4386/2931/3207
f 4388/2934/3210 4400/2946/3222 4399/2945/3221 4387/2933/3209
f 4389/2935/3211 4401/2947/3223 4400/2946/3222 4388/2934/3210
f 4390/2936/3212 4402/2948/3224 4401/2947/3223 4389/2935/3211
f 4391/2937/3213 4403/2949/3225 4402/2948/3224 4390/2936/3212
f 4392/2938/3214 4404/2950/3226 4403/2949/3225 4391/2937/3213
f 4393/2939/3215 4405/2951/3227 4404/2950/3226 4392/2938/3214
f 4394/2940/3216 4406/2952/3228 4405/2951/3227 4393/2939/3215
f 4395/2941/3217 4407/2953/3229 4406/2952/3228 4394/2940/3216
f 4396/2942/3218 4408/2954/3230 4407/2953/3229 4395/2941/3217
f 4398/2943/3219 4410/2955/3231 4409/2956/3232 4397/2944/3220
f 4399/2945/3221 4411/2957/3233 4410/2955/3231 4398/2943/3219
f 4400/2946/3222 4412/2958/3234 4411/2957/3233 4399/2945/3221
f 4401/2947/3223 4413/2959/3235 4412/2958/3234 4400/2946/3222
f 4402/2948/3224 4414/2960/3236 4413/2959/3235 4401/2947/3223
f 4403/2949/3225 4415/2961/3237 4414/2960/3236 4402/2948/3224
f 4404/2950/3226 4416/2962/3238 4415/2961/3237 4403/2949/3225
f 4405/2951/3227 4417/2963/3239 4416/2962/3238 4404/2950/3226
f 4406/2952/3228 4418/2964/3240 4417/2963/3239 4405/2951/3227
f 4407/2953/3229 4419/2965/3241 4418/2964/3240 4406/2952/3228
f 4408/2954/3230 4420/2966/3242 4419/2965/3241 4407/2953/3229
f 4410/2955/3231 4422/2967/3243 4421/2968/3244 4409/2956/3232
f 4411/2957/3233 4423/2969/3245 4422/2967/3243 4410/2955/3231
f 4412/2958/3234 4424/2970/3246 4423/2969/3245 4411/2957/3233
f 4413/2959/3235 4425/2971/3247 4424/2970/3246 4412/2958/3234
f 4414/2960/3236 4426/2972/3248 4425/2971/3247 4413/2959/3235
f 4415/2961/3237 4427/2973/3249 4426/2972/3248 4414/2960/3236
f 4416/2962/3238 4428/2974/3250 4427/2973/3249 4415/2961/3237
f 4417/2963/3239 4429/2975/3251 4428/2974/3250 4416/2962/3238
f 4418/2964/3240 4430/2976/3252 4429/2975/3251 4417/2963/3239
f 4419/2965/3241 4431/2977/3253 4430/2976/3252 4418/2964/3240
f 4420/2966/3242 4432/2978/3254 4431/2977/3253 4419/2965/3241
f 4422/2967/3243 4434/2979/3255 4433/2980/3256 4421/2968/3244
f 4423/2969/3245 4435/2981/3257 4434/2979/3255 4422/2967/3243
f 4424/2970/3246 4436/2982/3258 4435/2981/3257 4423/2969/3245
f 4425/2971/3247 4437/2983/3259 4436/2982/3258 4424/2970/3246
f 4426/2972/3248 4438/2984/3260 4437/2983/3259 4425/2971/3247
f 4427/2973/3249 4439/2985/3261 4438/2984/3260 4426/2972/3248
f 4428/2974/3250 4440/2986/3262 4439/2985/3261 4427/2973/3249
f 4429/2975/3251 4441/2987/3263 4440/2986/3262 4428/2974/3250
f 4430/2976/3252 4442/2988/3264 4441/2987/3263 4429/2975/3251
f 4431/2977/3253 4443/2989/3265 4442/2988/3264 4430/2976/3252
f 4432/2978/3254 4444/2990/3266 4443/2989/3265 4431/2977/3253
f 4434/2979/3255 4446/2991/3267 4445/2992/3268 4433/2980/3256
f 4435/2981/3257 4447/2993/3269 4446/2991/3267 4434/2979/3255
f 4436/2982/3258 4448/2994/3270 4447/2993/3269 4435/2981/3257
f 4437/2983/3259 4449/2995/3271 4448/2994/3270 4436/2982/3258
f 4438/2984/3260 4450/2996/3272 4449/2995/3271 4437/2983/3259
f 4439/2985/3261 4451/2997/3273 4450/2996/3272 4438/2984/3260
f 4440/2986/3262 4452/2998/3274 4451/2997/3273 4439/2985/3261
f 4441/2987/3263 4453/2999/3275 4452/2998/3274 4440/2986/3262
f 4442/2988/3264 4454/3000/3276 4453/2999/3275 4441/2987/3263
f 4443/2989/3265 4455/3001/3277 4454/3000/3276 4442/2988/3264
f 4444/2990/3266 4456/3002/3278 4455/3001/3277 4443/2989/3265
f 4446/2991/3267 4458/3003/3279 4457/3004/3280 4445/2992/3268
f 4447/2993/3269 4459/3005/3281 4458/3003/3279 4446/2991/3267
f 4448/2994/3270 4460/3006/3282 4459/3005/3281 4447/2993/3269
f 4449/2995/3271 4461/3007/3283 4460/3006/3282 4448/2994/3270
f 4450/2996/3272 4462/3008/3284 4461/3007/3283 4449/2995/3271
f 4451/2997/3273 4463/3009/3285 4462/3008/3284 4450/2996/3272
f 4452/2998/3274 4464/3010/3286 4463/3009/3285 4451/2997/3273
f 4453/2999/3275 4465/3011/3287 4464/3010/3286 4452/2998/3274
f 4454/3000/3276 4466/3012/3288 4465/3011/3287 4453/2999/3275
f 4455/3001/3277 4467/3013/3289 4466/3012/3288 4454/3000/3276
f 4456/3002/3278 4468/3014/3290 4467/3013/3289 4455/3001/3277
f 4458/3003/3279 4470/3015/3291 4469/3016/3292 4457/3004/3280
f 4459/3005/3281 4471/3017/3293 4470/3015/3291 4458/3003/3279
f 4460/3006/3282 4472/3018/3294 4471/3017/3293 4459/3005/3281
f 4461/3007/3283 4473/3019/3295 4472/3018/3294 4460/3006/3282
f 4462/3008/3284 4474/3020/3296 4473/3019/3295 4461/3007/3283
f 4463/3009/3285 4475/3021/3297 4474/3020/3296 4462/3008/3284
f 4464/3010/3286 4476/3022/3298 4475/3021/3297 4463/3009/3285
f 4465/3011/3287 4477/3023/3299 4476/3022/3298 4464/3010/3286
f 4466/3012/3288 4478/3024/3300 4477/3023/3299 4465/3011/3287
f 4467/3013/3289 4479/3025/3301 4478/3024/3300 4466/3012/3288
f 4468/3014/3290 4480/3026/3302 4479/3025/3301 4467/3013/3289
f 4470/3015/3291 4482/3027/3303 4481/3028/3304 4469/3016/3292
f 4471/3017/3293 4483/3029/3305 4482/3027/3303 4470/3015/3291
f 4472/3018/3294 4484/3030/3306 4483/3029/3305 4471/3017/3293
f 4473/3019/3295 4485/3031/3307 4484/3030/3306 4472/3018/3294
f 4474/3020/3296 4486/3032/3308 4485/3031/3307 4473/3019/3295
f 4475/3021/3297 4487/3033/3309 4486/3032/3308 4474/3020/3296
f 4476/3022/3298 4488/3034/3310 4487/3033/3309 4475/3021/3297
f 4477/3023/3299 4489/3035/3311 4488/3034/3310 4476/3022/3298
f 4478/3024/3300 4490/3036/3312 4489/3035/3311 4477/3023/3299
f 4479/3025/3301 4491/3037/3313 4490/3036/3312 4478/3024/3300
f 4480/3026/3302 4492/3038/3314 4491/3037/3313 4479/3025/3301
f 4482/3027/3303 4494/3039/3315 4493/3040/3316 4481/3028/3304
f 4483/3029/3305 4495/3041/3317 4494/3039/3315 4482/3027/3303
f 4484/3030/3306 4496/3042/3318 4495/3041/3317 4483/3029/3305
f 4485/3031/3307 4497/3043/3319 4496/3042/3318 4484/3030/3306
f 4486/3032/3308 4498/3044/3320 4497/3043/3319 4485/3031/3307
f 4487/3033/3309 4499/3045/3321 4498/3044/3320 4486/3032/3308
f 4488/3034/3310 4500/3046/3322 4499/3045/3321 4487/3033/3309
f 4489/3035/3311 4501/3047/3323 4500/3046/3322 4488/3034/3310
f 4490/3036/3312 4502/3048/3324 4501/3047/3323 4489/3035/3311
f 4491/3037/3313 4503/3049/3325 4502/3048/3324 4490/3036/3312
f 4492/3038/3314 4504/3050/3326 4503/3049/3325 4491/3037/3313
f 4494/3039/3315 4506/3051/3327 4505/3052/3328 4493/3040/3316
f 4495/3041/3317 4507/3053/3329 4506/3051/3327 4494/3039/3315
f 4496/3042/3318 4508/3054/3330 4507/3053/3329 4495/3041/3317
f 4497/3043/3319 4509/3055/3331 4508/3054/3330 4496/3042/3318
f 4498/3044/3320 4510/3056/3332 4509/3055/3331 4497/3043/3319
f 4499/3045/3321 4511/3057/3333 4510/3056/3332 4498/3044/3320
f 4500/3046/3322 4512/3058/3334 4511/3057/3333 4499/3045/3321
f 4501/3047/3323 4513/3059/3335 4512/3058/3334 4500/3046/3322
f 4502/3048/3324 4514/3060/3336 4513/3059/3335 4501/3047/3323
f 4503/3049/3325 4515/3061/3337 4514/3060/3336 4502/3048/3324
f 4504/3050/3326 4516/3062/3338 4515/3061/3337 4503/3049/3325
f 4506/3051/3327 4518/3063/3339 4517/3064/3340 4505/3052/3328
f 4507/3053/3329 4519/3065/3341 4518/3063/3339 4506/3051/3327
f 4508/3054/3330 4520/3066/3342 4519/3065/3341 4507/3053/3329
f 4509/3055/3331 4521/3067/3343 4520/3066/3342 4508/3054/3330
f 4510/3056/3332 4522/3068/3344 4521/3067/3343 4509/3055/3331
f 4511/3057/3333 4523/3069/3345 4522/3068/3344 4510/3056/3332
f 4512/3058/3334 4524/3070/3346 4523/3069/3345 4511/3057/3333
f 4513/3059/3335 4525/3071/3347 4524/3070/3346 4512/3058/3334
f 4514/3060/3336 4526/3072/3348 4525/3071/3347 4513/3059/3335
f 4515/3061/3337 4527/3073/3349 4526/3072/3348 4514/3060/3336
f 4516/3062/3338 4528/3074/3350 4527/3073/3349 4515/3061/3337
f 4518/3063/3339 4530/3075/3351 4529/3076/3352 4517/3064/3340
f 4519/3065/3341 4531/3077/3353 4530/3075/3351 4518/3063/3339
f 4520/3066/3342 4532/3078/3354 4531/3077/3353 4519/3065/3341
f 4521/3067/3343 4533/3079/3355 4532/3078/3354 4520/3066/3342
f 4522/3068/3344 4534/3080/3356 4533/3079/3355 4521/3067/3343
f 4523/3069/3345 4535/3081/3357 4534/3080/3356 4522/3068/3344
f 4524/3070/3346 4536/3082/3358 4535/3081/3357 4523/3069/3345
f 4525/3071/3347 4537/3083/3359 4536/3082/3358 4524/3070/3346
f 4526/3072/3348 4538/3084/3360 4537/3083/3359 4525/3071/3347
f 4527/3073/3349 4539/3085/3361 4538/3084/3360 4526/3072/3348
f 4528/3074/3350 4540/3086/3362 4539/3085/3361 4527/3073/3349
f 4530/3075/3351 4542/3087/3363 4541/3088/3364 4529/3076/3352
f 4531/3077/3353 4543/3089/3365 4542/3087/3363 4530/3075/3351
f 4532/3078/3354 4544/3090/3366 4543/3089/3365 4531/3077/3353
f 4533/3079/3355 4545/3091/3367 4544/3090/3366 4532/3078/3354
f 4534/3080/3356 4546/3092/3368 4545/3091/3367 4533/3079/3355
f 4535/3081/3357 4547/3093/3369 4546/3092/3368 4534/3080/3356
f 4536/3082/3358 4548/3094/3370 4547/3093/3369 4535/3081/3357
f 4537/3083/3359 4549/3095/3371 4548/3094/3370 4536/3082/3358
f 4538/3084/3360 4550/3096/3372 4549/3095/3371 4537/3083/3359
f 4539/3085/3361 4551/3097/3373 4550/3096/3372 4538/3084/3360
f 4540/3086/3362 4552/3098/3374 4551/3097/3373 4539/3085/3361
f 4542/3087/3363 4554/3099/3375 4553/3100/2548 4541/3088/3364
f 4543/3089/3365 4555/3101/3376 4554/3099/3375 4542/3087/3363
f 4544/3090/3366 4556/3102/3377 4555/3101/3376 4543/3089/3365
f 4545/3091/3367 4557/3103/3378 4556/3102/3377 4544/3090/3366
f 4546/3092/3368 4558/3104/3379 4557/3103/3378 4545/3091/3367
f 4547/3093/3369 4559/3105/3380 4558/3104/3379 4546/3092/3368
f 4548/3094/3370 4560/3106/3381 4559/3105/3380 4547/3093/3369
f 4549/3095/3371 4561/3107/3382 4560/3106/3381 4548/3094/3370
f 4550/3096/3372 4562/3108/3383 4561/3107/3382 4549/3095/3371
f 4551/3097/3373 4563/3109/3384 4562/3108/3383 4550/3096/3372
f 4552/3098/3374 4564/3110/2558 4563/3109/3384 4551/3097/3373
f 4554/3099/3375 4566/3111/3385 4565/3112/3386 4553/3100/2548
f 4555/3101/3376 4567/3113/3387 4566/3111/3385 4554/3099/3375
f 4556/3102/3377 4568/3114/3388 4567/3113/3387 4555/3101/3376
f 4557/3103/3378 4569/3115/3389 4568/3114/3388 4556/3102/3377
f 4558/3104/3379 4570/3116/3390 4569/3115/3389 4557/3103/3378
f 4559/3105/3380 4571/3117/3391 4570/3116/3390 4558/3104/3379
f 4560/3106/3381 4572/3118/3392 4571/3117/3391 4559/3105/3380
f 4561/3107/3382 4573/3119/3393 4572/3118/3392 4560/3106/3381
f 4562/3108/3383 4574/3120/3394 4573/3119/3393 4561/3107/3382
f 4563/3109/3384 4575/3121/3395 4574/3120/3394 4562/3108/3383
f 4564/3110/2558 4576/3122/3396 4575/3121/3395 4563/3109/3384
f 4566/3111/3385 4578/3123/3397 4577/3124/2524 4565/3112/3386
f 4567/3113/3387 4579/3125/3398 4578/3123/3397 4566/3111/3385
f 4568/3114/3388 4580/3126/3399 4579/3125/3398 4567/3113/3387
f 4569/3115/3389 4581/3127/3400 4580/3126/3399 4568/3114/3388
f 4570/3116/3390 4582/3128/3401 4581/3127/3400 4569/3115/3389
f 4571/3117/3391 4583/3129/3402 4582/3128/3401 4570/3116/3390
f 4572/3118/3392 4584/3130/3403 4583/3129/3402 4571/3117/3391
f 4573/3119/3393 4585/3131/3404 4584/3130/3403 4572/3118/3392
f 4574/3120/3394 4586/3132/3405 4585/3131/3404 4573/3119/3393
f 4575/3121/3395 4587/3133/3406 4586/3132/3405 4574/3120/3394
f 4576/3122/3396 4588/3134/2534 4587/3133/3406 4575/3121/3395
f 4578/3123/3397 4590/3135/3407 4589/3136/3408 4577/3124/2524
f 4579/3125/3398 4591/3137/3409 4590/3135/3407 4578/3123/3397
f 4580/3126/3399 4592/3138/3410 4591/3137/3409 4579/3125/3398
f 4581/3127/3400 4593/3139/3411 4592/3138/3410 4580/3126/3399
f 4582/3128/3401 4594/3140/3412 4593/3139/3411 4581/3127/3400
f 4583/3129/3402 4595/3141/3413 4594/3140/3412 4582/3128/3401
f 4584/3130/3403 4596/3142/3414 4595/3141/3413 4583/3129/3402
f 4585/3131/3404 4597/3143/3415 4596/3142/3414 4584/3130/3403
f 4586/3132/3405 4598/3144/3416 4597/3143/3415 4585/3131/3404
f 4587/3133/3406 4599/3145/3417 4598/3144/3416 4586/3132/3405
f 4588/3134/2534 4600/3146/3418 4599/3145/3417 4587/3133/3406
f 4590/3135/3407 4602/3147/3419 4601/3148/3420 4589/3136/3408
f 4591/3137/3409 4603/3149/3421 4602/3147/3419 4590/3135/3407
f 4592/3138/3410 4604/3150/3422 4603/3149/3421 4591/3137/3409
f 4593/3139/3411 4605/3151/3423 4604/3150/3422 4592/3138/3410
f 4594/3140/3412 4606/3152/3424 4605/3151/3423 4593/3139/3411
f 4595/3141/3413 4607/3153/3425 4606/3152/3424 4594/3140/3412
f 4596/3142/3414 4608/3154/3426 4607/3153/3425 4595/3141/3413
f 4597/3143/3415 4609/3155/3427 4608/3154/3426 4596/3142/3414
f 4598/3144/3416 4610/3156/3428 4609/3155/3427 4597/3143/3415
f 4599/3145/3417 4611/3157/3429 4610/3156/3428 4598/3144/3416
f 4600/3146/3418 4612/3158/3430 4611/3157/3429 4599/3145/3417
f 4602/3147/3419 4614/3159/3431 4613/3160/3432 4601/3148/3420
f 4603/3149/3421 4615/3161/3433 4614/3159/3431 4602/3147/3419
f 4604/3150/3422 4616/3162/3434 4615/3161/3433 4603/3149/3421
f 4605/3151/3423 4617/3163/3435 4616/3162/3434 4604/3150/3422
f 4606/3152/3424 4618/3164/3436 4617/3163/3435 4605/3151/3423
f 4607/3153/3425 4619/3165/3437 4618/3164/3436 4606/3152/3424
f 4608/3154/3426 4620/3166/3438 4619/3165/3437 4607/3153/3425
f 4609/3155/3427 4621/3167/3439 4620/3166/3438 4608/3154/3426
f 4610/3156/3428 4622/3168/3440 4621/3167/3439 4609/3155/3427
f 4611/3157/3429 4623/3169/3441 4622/3168/3440 4610/3156/3428
f 4612/3158/3430 4624/3170/3442 4623/3169/3441 4611/3157/3429
f 4614/3159/3431 4626/3171/3443 4625/3172/3444 4613/3160/3432
f 4615/3161/3433 4627/3173/3445 4626/3171/3443 4614/3159/3431
f 4616/3162/3434 4628/3174/3446 4627/3173/3445 4615/3161/3433
f 4617/3163/3435 4629/3175/3447 4628/3174/3446 4616/3162/3434
f 4618/3164/3436 4630/3176/3448 4629/3175/3447 4617/3163/3435
f 4619/3165/3437 4631/3177/3449 4630/3176/3448 4618/3164/3436
f 4620/3166/3438 4632/3178/3450 4631/3177/3449 4619/3165/3437
f 4621/3167/3439 4633/3179/3451 4632/3178/3450 4620/3166/3438
f 4622/3168/3440 4634/3180/3452 4633/3179/3451 4621/3167/3439
f 4623/3169/3441 4635/3181/3453 4634/3180/3452 4622/3168/3440
f 4624/3170/3442 4636/3182/3454 4635/3181/3453 4623/3169/3441
f 4626/3171/3443 4638/3183/3455 4637/3184/3456 4625/3172/3444
f 4627/3173/3445 4639/3185/3457 4638/3183/3455 4626/3171/3443
f 4628/3174/3446 4640/3186/3458 4639/3185/3457 4627/3173/3445
f 4629/3175/3447 4641/3187/3459 4640/3186/3458 4628/3174/3446
f 4630/3176/3448 4642/3188/3460 4641/3187/3459 4629/3175/3447
f 4631/3177/3449 4643/3189/3461 4642/3188/3460 4630/3176/3448
f 4632/3178/3450 4644/3190/3462 4643/3189/3461 4631/3177/3449
f 4633/3179/3451 4645/3191/3463 4644/3190/3462 4632/3178/3450
f 4634/3180/3452 4646/3192/3464 4645/3191/3463 4633/3179/3451
f 4635/3181/3453 4647/3193/3465 4646/3192/3464 4634/3180/3452
f 4636/3182/3454 4648/3194/3466 4647/3193/3465 4635/3181/3453
f 4638/3183/3455 4650/3195/3467 4649/3196/3468 4637/3184/3456
f 4639/3185/3457 4651/3197/3469 4650/3195/3467 4638/3183/3455
f 4640/3186/3458 4652/3198/3470 4651/3197/3469 4639/3185/3457
f 4641/3187/3459 4653/3199/3471 4652/3198/3470 4640/3186/3458
f 4642/3188/3460 4654/3200/3472 4653/3199/3471 4641/3187/3459
f 4643/3189/3461 4655/3201/3473 4654/3200/3472 4642/3188/3460
f 4644/3190/3462 4656/3202/3474 4655/3201/3473 4643/3189/3461
f 4645/3191/3463 4657/3203/3475 4656/3202/3474 4644/3190/3462
f 4646/3192/3464 4658/3204/3476 4657/3203/3475 4645/3191/3463
f 4647/3193/3465 4659/3205/3477 4658/3204/3476 4646/3192/3464
f 4648/3194/3466 4660/3206/3478 4659/3205/3477 4647/3193/3465
f 4650/3195/3467 4662/3207/3479 4661/3208/3480 4649/3196/3468
f 4651/3197/3469 4663/3209/3481 4662/3207/3479 4650/3195/3467
f 4652/3198/3470 4664/3210/3482 4663/3209/3481 4651/3197/3469
f 4653/3199/3471 4665/3211/3483 4664/3210/3482 4652/3198/3470
f 4654/3200/3472 4666/3212/3484 4665/3211/3483 4653/3199/3471
f 4655/3201/3473 4667/3213/3485 4666/3212/3484 4654/3200/3472
f 4656/3202/3474 4668/3214/3486 4667/3213/3485 4655/3201/3473
f 4657/3203/3475 4669/3215/3487 4668/3214/3486 4656/3202/3474
f 4658/3204/3476 4670/3216/3488 4669/3215/3487 4657/3203/3475
f 4659/3205/3477 4671/3217/3489 4670/3216/3488 4658/3204/3476
f 4660/3206/3478 4672/3218/3490 4671/3217/3489 4659/3205/3477
f 4662/3207/3479 4674/3219/3491 4673/3220/3492 4661/3208/3480
f 4663/3209/3481 4675/3221/3493 4674/3219/3491 4662/3207/3479
f 4664/3210/3482 4676/3222/3494 4675/3221/3493 4663/3209/3481
f 4665/3211/3483 4677/3223/3495 4676/3222/3494 4664/3210/3482
f 4666/3212/3484 4678/3224/3496 4677/3223/3495 4665/3211/3483
f 4667/3213/3485 4679/3225/3497 4678/3224/3496 4666/3212/3484
f 4668/3214/3486 4680/3226/3498 4679/3225/3497 4667/3213/3485
f 4669/3215/3487 4681/3227/3499 4680/3226/3498 4668/3214/3486
f 4670/3216/3488 4682/3228/3500 4681/3227/3499 4669/3215/3487
f 4671/3217/3489 4683/3229/3501 4682/3228/3500 4670/3216/3488
f 4672/3218/3490 4684/3230/3502 4683/3229/3501 4671/3217/3489
f 4674/3219/3491 4242/485/3063 4241/13/3066 4673/3220/3492
f 4675/3221/3493 4243/486/3067 4242/485/3063 4674/3219/3491
f 4676/3222/3494 4244/487/3069 4243/486/3067 4675/3221/3493
f 4677/3223/3495 4245/488/3071 4244/487/3069 4676/3222/3494
f 4678/3224/3496 4246/489/3073 4245/488/3071 4677/3223/3495
f 4679/3225/3497 4247/490/3075 4246/489/3073 4678/3224/3496
f 4680/3226/3498 4248/491/3077 4247/490/3075 4679/3225/3497
f 4681/3227/3499 4249/492/3079 4248/491/3077 4680/3226/3498
f 4682/3228/3500 4250/493/3081 4249/492/3079 4681/3227/3499
f 4683/3229/3501 4251/494/3083 4250/493/3081 4682/3228/3500
f 4684/3230/3502 4252/495/3085 4251/494/3083 4683/3229/3501
f 4686/380/39 4698/625/3503 4697/5/3504 4685/24/40
f 4687/383/41 4699/626/3505 4698/625/3503 4686/380/39
f 4688/385/3506 4700/627/3507 4699/626/3505 4687/383/41
f 4689/387/43 4701/628/3508 4700/627/3507 4688/385/3506
f 4690/389/44 4702/629/3509 4701/628/3508 4689/387/43
f 4691/391/45 4703/630/3510 4702/629/3509 4690/389/44
f 4692/393/46 4704/631/3511 4703/630/3510 4691/391/45
f 4693/395/3512 4705/632/3513 4704/631/3511 4692/393/46
f 4694/397/48 4706/633/3514 4705/632/3513 4693/395/3512
f 4695/399/49 4707/634/3515 4706/633/3514 4694/397/48
f 4696/401/50 4708/635/3516 4707/634/3515 4695/399/49
f 4698/625/3503 4710/754/3517 4709/53/3518 4697/5/3504
f 4699/626/3505 4711/755/3519 4710/754/3517 4698/625/3503
f 4700/627/3507 4712/756/3520 4711/755/3519 4699/626/3505
f 4701/628/3508 4713/757/3521 4712/756/3520 4700/627/3507
f 4702/629/3509 4714/758/3522 4713/757/3521 4701/628/3508
f 4703/630/3510 4715/759/3523 4714/758/3522 4702/629/3509
f 4704/631/3511 4716/760/3524 4715/759/3523 4703/630/3510
f 4705/632/3513 4717/761/3525 4716/760/3524 4704/631/3511
f 4706/633/3514 4718/762/3526 4717/761/3525 4705/632/3513
f 4707/634/3515 4719/763/3527 4718/762/3526 4706/633/3514
f 4708/635/3516 4720/764/3528 4719/763/3527 4707/634/3515
f 4710/754/3517 4722/883/27 4721/36/28 4709/53/3518
f 4711/755/3519 4723/884/29 4722/883/27 4710/754/3517
f 4712/756/3520 4724/885/30 4723/884/29 4711/755/3519
f 4713/757/3521 4725/886/31 4724/885/30 4712/756/3520
f 4714/758/3522 4726/887/32 4725/886/31 4713/757/3521
f 4715/759/3523 4727/888/33 4726/887/32 4714/758/3522
f 4716/760/3524 4728/889/34 4727/888/33 4715/759/3523
f 4717/761/3525 4729/890/35 4728/889/34 4716/760/3524
f 4718/762/3526 4730/891/36 4729/890/35 4717/761/3525
f 4719/763/3527 4731/892/37 4730/891/36 4718/762/3526
f 4720/764/3528 4732/893/38 4731/892/37 4719/763/3527
f 4722/883/27 4686/485/39 4685/13/40 4721/36/28
f 4723/884/29 4687/486/41 4686/485/39 4722/883/27
f 4724/885/30 4688/487/3506 4687/486/41 4723/884/29
f 4725/886/31 4689/488/43 4688/487/3506 4724/885/30
f 4726/887/32 4690/489/44 4689/488/43 4725/886/31
f 4727/888/33 4691/490/45 4690/489/44 4726/887/32
f 4728/889/34 4692/491/46 4691/490/45 4727/888/33
f 4729/890/35 4693/492/3512 4692/491/46 4728/889/34
f 4730/891/36 4694/493/48 4693/492/3512 4729/890/35
f 4731/892/37 4695/494/49 4694/493/48 4730/891/36
f 4732/893/38 4696/495/50 4695/494/49 4731/892/37
f 4734/380/3529 4746/496/3530 4745/497/3531 4733/24/3532
f 4735/383/3533 4747/498/3534 4746/496/3530 4734/380/3529
f 4736/385/3535 4748/499/3536 4747/498/3534 4735/383/3533
f 4737/387/3537 4749/500/3538 4748/499/3536 4736/385/3535
f 4738/389/3539 4750/501/3540 4749/500/3538 4737/387/3537
f 4739/391/3541 4751/502/3542 4750/501/3540 4738/389/3539
f 4740/393/3543 4752/503/3544 4751/502/3542 4739/391/3541
f 4741/395/3545 4753/504/3546 4752/503/3544 4740/393/3543
f 4742/397/3547 4754/505/3548 4753/504/3546 4741/395/3545
f 4743/399/3549 4755/506/3550 4754/505/3548 4742/397/3547
f 4744/401/3551 4756/507/3552 4755/506/3550 4743/399/3549
f 4746/496/3530 4758/508/3553 4757/509/3554 4745/497/3531
f 4747/498/3534 4759/510/3555 4758/508/3553 4746/496/3530
f 4748/499/3536 4760/511/3556 4759/510/3555 4747/498/3534
f 4749/500/3538 4761/512/3557 4760/511/3556 4748/499/3536
f 4750/501/3540 4762/513/3558 4761/512/3557 4749/500/3538
f 4751/502/3542 4763/514/3559 4762/513/3558 4750/501/3540
f 4752/503/3544 4764/515/3560 4763/514/3559 4751/502/3542
f 4753/504/3546 4765/516/3561 4764/515/3560 4752/503/3544
f 4754/505/3548 4766/517/3562 4765/516/3561 4753/504/3546
f 4755/506/3550 4767/518/3563 4766/517/3562 4754/505/3548
f 4756/507/3552 4768/519/3564 4767/518/3563 4755/506/3550
f 4758/508/3553 4770/520/3565 4769/521/3566 4757/509/3554
f 4759/510/3555 4771/522/3567 4770/520/3565 4758/508/3553
f 4760/511/3556 4772/523/3568 4771/522/3567 4759/510/3555
f 4761/512/3557 4773/524/3569 4772/523/3568 4760/511/3556
f 4762/513/3558 4774/525/3570 4773/524/3569 4761/512/3557
f 4763/514/3559 4775/526/3571 4774/525/3570 4762/513/3558
f 4764/515/3560 4776/527/3572 4775/526/3571 4763/514/3559
f 4765/516/3561 4777/528/3573 4776/527/3572 4764/515/3560
f 4766/517/3562 4778/529/3574 4777/528/3573 4765/516/3561
f 4767/518/3563 4779/530/3575 4778/529/3574 4766/517/3562
f 4768/519/3564 4780/531/3576 4779/530/3575 4767/518/3563
f 4770/520/3565 4782/532/3577 4781/283/3578 4769/521/3566
f 4771/522/3567 4783/533/3579 4782/532/3577 4770/520/3565
f 4772/523/3568 4784/534/3580 4783/533/3579 4771/522/3567
f 4773/524/3569 4785/535/3581 4784/534/3580 4772/523/3568
f 4774/525/3570 4786/536/3582 4785/535/3581 4773/524/3569
f 4775/526/3571 4787/537/3583 4786/536/3582 4774/525/3570
f 4776/527/3572 4788/538/3584 4787/537/3583 4775/526/3571
f 4777/528/3573 4789/539/3585 4788/538/3584 4776/527/3572
f 4778/529/3574 4790/540/3586 4789/539/3585 4777/528/3573
f 4779/530/3575 4791/541/3587 4790/540/3586 4778/529/3574
f 4780/531/3576 4792/542/3588 4791/541/3587 4779/530/3575
f 4782/532/3577 4794/543/3589 4793/544/3590 4781/283/3578
f 4783/533/3579 4795/545/3591 4794/543/3589 4782/532/3577
f 4784/534/3580 4796/546/3592 4795/545/3591 4783/533/3579
f 4785/535/3581 4797/547/3593 4796/546/3592 4784/534/3580
f 4786/536/3582 4798/548/3594 4797/547/3593 4785/535/3581
f 4787/537/3583 4799/549/3595 4798/548/3594 4786/536/3582
f 4788/538/3584 4800/550/3596 4799/549/3595 4787/537/3583
f 4789/539/3585 4801/551/3597 4800/550/3596 4788/538/3584
f 4790/540/3586 4802/552/3598 4801/551/3597 4789/539/3585
f 4791/541/3587 4803/553/3599 4802/552/3598 4790/540/3586
f 4792/542/3588 4804/554/3600 4803/553/3599 4791/541/3587
f 4794/543/3589 4806/555/3601 4805/9/3602 4793/544/3590
f 4795/545/3591 4807/556/3603 4806/555/3601 4794/543/3589
f 4796/546/3592 4808/557/3604 4807/556/3603 4795/545/3591
f 4797/547/3593 4809/558/3605 4808/557/3604 4796/546/3592
f 4798/548/3594 4810/559/3606 4809/558/3605 4797/547/3593
f 4799/549/3595 4811/560/3607 4810/559/3606 4798/548/3594
f 4800/550/3596 4812/561/3608 4811/560/3607 4799/549/3595
f 4801/551/3597 4813/562/3609 4812/561/3608 4800/550/3596
f 4802/552/3598 4814/563/3610 4813/562/3609 4801/551/3597
f 4803/553/3599 4815/564/3611 4814/563/3610 4802/552/3598
f 4804/554/3600 4816/565/3612 4815/564/3611 4803/553/3599
f 4806/555/3601 4818/566/3613 4817/567/3614 4805/9/3602
f 4807/556/3603 4819/568/3615 4818/566/3613 4806/555/3601
f 4808/557/3604 4820/569/3616 4819/568/3615 4807/556/3603
f 4809/558/3605 4821/570/3617 4820/569/3616 4808/557/3604
f 4810/559/3606 4822/571/3618 4821/570/3617 4809/558/3605
f 4811/560/3607 4823/572/3619 4822/571/3618 4810/559/3606
f 4812/561/3608 4824/573/3620 4823/572/3619 4811/560/3607
f 4813/562/3609 4825/574/3621 4824/573/3620 4812/561/3608
f 4814/563/3610 4826/575/3622 4825/574/3621 4813/562/3609
f 4815/564/3611 4827/576/3623 4826/575/3622 4814/563/3610
f 4816/565/3612 4828/577/3624 4827/576/3623 4815/564/3611
f 4818/566/3613 4830/578/3625 4829/284/3626 4817/567/3614
f 4819/568/3615 4831/579/3627 4830/578/3625 4818/566/3613
f 4820/569/3616 4832/580/3628 4831/579/3627 4819/568/3615
f 4821/570/3617 4833/581/3629 4832/580/3628 4820/569/3616
f 4822/571/3618 4834/582/3630 4833/581/3629 4821/570/3617
f 4823/572/3619 4835/583/3631 4834/582/3630 4822/571/3618
f 4824/573/3620 4836/584/3632 4835/583/3631 4823/572/3619
f 4825/574/3621 4837/585/3633 4836/584/3632 4824/573/3620
f 4826/575/3622 4838/586/3634 4837/585/3633 4825/574/3621
f 4827/576/3623 4839/587/3635 4838/586/3634 4826/575/3622
f 4828/577/3624 4840/588/3636 4839/587/3635 4827/576/3623
f 4830/578/3625 4842/589/3637 4841/590/3638 4829/284/3626
f 4831/579/3627 4843/591/3639 4842/589/3637 4830/578/3625
f 4832/580/3628 4844/592/3640 4843/591/3639 4831/579/3627
f 4833/581/3629 4845/593/3641 4844/592/3640 4832/580/3628
f 4834/582/3630 4846/594/3642 4845/593/3641 4833/581/3629
f 4835/583/3631 4847/595/3643 4846/594/3642 4834/582/3630
f 4836/584/3632 4848/596/3644 4847/595/3643 4835/583/3631
f 4837/585/3633 4849/597/3645 4848/596/3644 4836/584/3632
f 4838/586/3634 4850/598/3646 4849/597/3645 4837/585/3633
f 4839/587/3635 4851/599/3647 4850/598/3646 4838/586/3634
f 4840/588/3636 4852/600/3648 4851/599/3647 4839/587/3635
f 4842/589/3637 4854/601/3649 4853/602/3650 4841/590/3638
f 4843/591/3639 4855/603/3651 4854/601/3649 4842/589/3637
f 4844/592/3640 4856/604/3652 4855/603/3651 4843/591/3639
f 4845/593/3641 4857/605/3653 4856/604/3652 4844/592/3640
f 4846/594/3642 4858/606/3654 4857/605/3653 4845/593/3641
f 4847/595/3643 4859/607/3655 4858/606/3654 4846/594/3642
f 4848/596/3644 4860/608/3656 4859/607/3655 4847/595/3643
f 4849/597/3645 4861/609/3657 4860/608/3656 4848/596/3644
f 4850/598/3646 4862/610/3658 4861/609/3657 4849/597/3645
f 4851/599/3647 4863/611/3659 4862/610/3658 4850/598/3646
f 4852/600/3648 4864/612/3660 4863/611/3659 4851/599/3647
f 4854/601/3649 4866/613/3661 4865/614/3662 4853/602/3650
f 4855/603/3651 4867/615/3663 4866/613/3661 4854/601/3649
f 4856/604/3652 4868/616/3664 4867/615/3663 4855/603/3651
f 4857/605/3653 4869/617/3665 4868/616/3664 4856/604/3652
f 4858/606/3654 4870/618/3666 4869/617/3665 4857/605/3653
f 4859/607/3655 4871/619/3667 4870/618/3666 4858/606/3654
f 4860/608/3656 4872/620/3668 4871/619/3667 4859/607/3655
f 4861/609/3657 4873/621/3669 4872/620/3668 4860/608/3656
f 4862/610/3658 4874/622/3670 4873/621/3669 4861/609/3657
f 4863/611/3659 4875/623/3671 4874/622/3670 4862/610/3658
f 4864/612/3660 4876/624/3672 4875/623/3671 4863/611/3659
f 4866/613/3661 4878/625/3673 4877/5/3674 4865/614/3662
f 4867/615/3663 4879/626/3675 4878/625/3673 4866/613/3661
f 4868/616/3664 4880/627/3676 4879/626/3675 4867/615/3663
f 4869/617/3665 4881/628/3677 4880/627/3676 4868/616/3664
f 4870/618/3666 4882/629/3678 4881/628/3677 4869/617/3665
f 4871/619/3667 4883/630/3679 4882/629/3678 4870/618/3666
f 4872/620/3668 4884/631/3680 4883/630/3679 4871/619/3667
f 4873/621/3669 4885/632/3681 4884/631/3680 4872/620/3668
f 4874/622/3670 4886/633/3682 4885/632/3681 4873/621/3669
f 4875/623/3671 4887/634/3683 4886/633/3682 4874/622/3670
f 4876/624/3672 4888/635/3684 4887/634/3683 4875/623/3671
f 4878/625/3673 4890/636/3685 4889/637/3686 4877/5/3674
f 4879/626/3675 4891/638/3687 4890/636/3685 4878/625/3673
f 4880/627/3676 4892/639/3688 4891/638/3687 4879/626/3675
f 4881/628/3677 4893/640/3689 4892/639/3688 4880/627/3676
f 4882/629/3678 4894/641/3690 4893/640/3689 4881/628/3677
f 4883/630/3679 4895/642/3691 4894/641/3690 4882/629/3678
f 4884/631/3680 4896/643/3692 4895/642/3691 4883/630/3679
f 4885/632/3681 4897/644/3693 4896/643/3692 4884/631/3680
f 4886/633/3682 4898/645/3694 4897/644/3693 4885/632/3681
f 4887/634/3683 4899/646/3695 4898/645/3694 4886/633/3682
f 4888/635/3684 4900/647/3696 4899/646/3695 4887/634/3683
f 4890/636/3685 4902/648/3697 4901/649/424 4889/637/3686
f 4891/638/3687 4903/650/3698 4902/648/3697 4890/636/3685
f 4892/639/3688 4904/651/3699 4903/650/3698 4891/638/3687
f 4893/640/3689 4905/652/3700 4904/651/3699 4892/639/3688
f 4894/641/3690 4906/653/3701 4905/652/3700 4893/640/3689
f 4895/642/3691 4907/654/3702 4906/653/3701 4894/641/3690
f 4896/643/3692 4908/655/3703 4907/654/3702 4895/642/3691
f 4897/644/3693 4909/656/3704 4908/655/3703 4896/643/3692
f 4898/645/3694 4910/657/3705 4909/656/3704 4897/644/3693
f 4899/646/3695 4911/658/3706 4910/657/3705 4898/645/3694
f 4900/647/3696 4912/659/434 4911/658/3706 4899/646/3695
f 4902/648/3697 4914/660/3707 4913/661/3708 4901/649/424
f 4903/650/3698 4915/662/3709 4914/660/3707 4902/648/3697
f 4904/651/3699 4916/663/3710 4915/662/3709 4903/650/3698
f 4905/652/3700 4917/664/3711 4916/663/3710 4904/651/3699
f 4906/653/3701 4918/665/3712 4917/664/3711 4905/652/3700
f 4907/654/3702 4919/666/3713 4918/665/3712 4906/653/3701
f 4908/655/3703 4920/667/3714 4919/666/3713 4907/654/3702
f 4909/656/3704 4921/668/3715 4920/667/3714 4908/655/3703
f 4910/657/3705 4922/669/3716 4921/668/3715 4909/656/3704
f 4911/658/3706 4923/670/3717 4922/669/3716 4910/657/3705
f 4912/659/434 4924/671/3718 4923/670/3717 4911/658/3706
f 4914/660/3707 4926/415/3719 4925/244/3720 4913/661/3708
f 4915/662/3709 4927/416/3721 4926/415/3719 4914/660/3707
f 4916/663/3710 4928/417/3722 4927/416/3721 4915/662/3709
f 4917/664/3711 4929/418/3723 4928/417/3722 4916/663/3710
f 4918/665/3712 4930/419/3724 4929/418/3723 4917/664/3711
f 4919/666/3713 4931/420/3725 4930/419/3724 4918/665/3712
f 4920/667/3714 4932/421/3726 4931/420/3725 4919/666/3713
f 4921/668/3715 4933/422/3727 4932/421/3726 4920/667/3714
f 4922/669/3716 4934/423/3728 4933/422/3727 4921/668/3715
f 4923/670/3717 4935/424/3729 4934/423/3728 4922/669/3716
f 4924/671/3718 4936/425/3730 4935/424/3729 4923/670/3717
f 4926/415/3719 4938/672/3731 4937/673/3732 4925/244/3720
f 4927/416/3721 4939/674/3733 4938/672/3731 4926/415/3719
f 4928/417/3722 4940/675/3734 4939/674/3733 4927/416/3721
f 4929/418/3723 4941/676/3735 4940/675/3734 4928/417/3722
f 4930/419/3724 4942/677/3736 4941/676/3735 4929/418/3723
f 4931/420/3725 4943/678/3737 4942/677/3736 4930/419/3724
f 4932/421/3726 4944/679/3738 4943/678/3737 4931/420/3725
f 4933/422/3727 4945/680/3739 4944/679/3738 4932/421/3726
f 4934/423/3728 4946/681/3740 4945/680/3739 4933/422/3727
f 4935/424/3729 4947/682/3741 4946/681/3740 4934/423/3728
f 4936/425/3730 4948/683/3742 4947/682/3741 4935/424/3729
f 4938/672/3731 4950/684/3743 4949/43/3744 4937/673/3732
f 4939/674/3733 4951/685/3745 4950/684/3743 4938/672/3731
f 4940/675/3734 4952/686/3746 4951/685/3745 4939/674/3733
f 4941/676/3735 4953/687/3747 4952/686/3746 4940/675/3734
f 4942/677/3736 4954/688/3748 4953/687/3747 4941/676/3735
f 4943/678/3737 4955/689/3749 4954/688/3748 4942/677/3736
f 4944/679/3738 4956/690/3750 4955/689/3749 4943/678/3737
f 4945/680/3739 4957/691/3751 4956/690/3750 4944/679/3738
f 4946/681/3740 4958/692/3752 4957/691/3751 4945/680/3739
f 4947/682/3741 4959/693/3753 4958/692/3752 4946/681/3740
f 4948/683/3742 4960/694/3754 4959/693/3753 4947/682/3741
f 4950/684/3743 4962/695/3755 4961/696/3756 4949/43/3744
f 4951/685/3745 4963/697/3757 4962/695/3755 4950/684/3743
f 4952/686/3746 4964/698/3758 4963/697/3757 4951/685/3745
f 4953/687/3747 4965/699/3759 4964/698/3758 4952/686/3746
f 4954/688/3748 4966/700/3760 4965/699/3759 4953/687/3747
f 4955/689/3749 4967/701/3761 4966/700/3760 4954/688/3748
f 4956/690/3750 4968/702/3762 4967/701/3761 4955/689/3749
f 4957/691/3751 4969/703/3763 4968/702/3762 4956/690/3750
f 4958/692/3752 4970/704/3764 4969/703/3763 4957/691/3751
f 4959/693/3753 4971/705/3765 4970/704/3764 4958/692/3752
f 4960/694/3754 4972/706/3766 4971/705/3765 4959/693/3753
f 4962/695/3755 4974/707/3767 4973/285/3768 4961/696/3756
f 4963/697/3757 4975/708/3769 4974/707/3767 4962/695/3755
f 4964/698/3758 4976/709/3770 4975/708/3769 4963/697/3757
f 4965/699/3759 4977/710/3771 4976/709/3770 4964/698/3758
f 4966/700/3760 4978/711/3772 4977/710/3771 4965/699/3759
f 4967/701/3761 4979/712/3773 4978/711/3772 4966/700/3760
f 4968/702/3762 4980/713/3774 4979/712/3773 4967/701/3761
f 4969/703/3763 4981/714/3775 4980/713/3774 4968/702/3762
f 4970/704/3764 4982/715/3776 4981/714/3775 4969/703/3763
f 4971/705/3765 4983/716/3777 4982/715/3776 4970/704/3764
f 4972/706/3766 4984/717/3778 4983/716/3777 4971/705/3765
f 4974/707/3767 4986/718/3779 4985/719/3780 4973/285/3768
f 4975/708/3769 4987/720/3781 4986/718/3779 4974/707/3767
f 4976/709/3770 4988/721/3782 4987/720/3781 4975/708/3769
f 4977/710/3771 4989/722/3783 4988/721/3782 4976/709/3770
f 4978/711/3772 4990/723/3784 4989/722/3783 4977/710/3771
f 4979/712/3773 4991/724/3785 4990/723/3784 4978/711/3772
f 4980/713/3774 4992/725/3786 4991/724/3785 4979/712/3773
f 4981/714/3775 4993/726/3787 4992/725/3786 4980/713/3774
f 4982/715/3776 4994/727/3788 4993/726/3787 4981/714/3775
f 4983/716/3777 4995/728/3789 4994/727/3788 4982/715/3776
f 4984/717/3778 4996/729/3790 4995/728/3789 4983/716/3777
f 4986/718/3779 4998/730/3791 4997/731/3792 4985/719/3780
f 4987/720/3781 4999/732/3793 4998/730/3791 4986/718/3779
f 4988/721/3782 5000/733/3794 4999/732/3793 4987/720/3781
f 4989/722/3783 5001/734/3795 5000/733/3794 4988/721/3782
f 4990/723/3784 5002/735/3796 5001/734/3795 4989/722/3783
f 4991/724/3785 5003/736/3797 5002/735/3796 4990/723/3784
f 4992/725/3786 5004/737/3798 5003/736/3797 4991/724/3785
f 4993/726/3787 5005/738/3799 5004/737/3798 4992/725/3786
f 4994/727/3788 5006/739/3800 5005/738/3799 4993/726/3787
f 4995/728/3789 5007/740/3801 5006/739/3800 4994/727/3788
f 4996/729/3790 5008/741/3802 5007/740/3801 4995/728/3789
f 4998/730/3791 5010/742/3803 5009/743/3804 4997/731/3792
f 4999/732/3793 5011/744/3805 5010/742/3803 4998/730/3791
f 5000/733/3794 5012/745/3806 5011/744/3805 4999/732/3793
f 5001/734/3795 5013/746/3807 5012/745/3806 5000/733/3794
f 5002/735/3796 5014/747/3808 5013/746/3807 5001/734/3795
f 5003/736/3797 5015/748/3809 5014/747/3808 5002/735/3796
f 5004/737/3798 5016/749/3810 5015/748/3809 5003/736/3797
f 5005/738/3799 5017/750/3811 5016/749/3810 5004/737/3798
f 5006/739/3800 5018/751/3812 5017/750/3811 5005/738/3799
f 5007/740/3801 5019/752/3813 5018/751/3812 5006/739/3800
f 5008/741/3802 5020/753/3814 5019/752/3813 5007/740/3801
f 5010/742/3803 5022/754/3815 5021/53/3816 5009/743/3804
f 5011/744/3805 5023/755/3817 5022/754/3815 5010/742/3803
f 5012/745/3806 5024/756/3818 5023/755/3817 5011/744/3805
f 5013/746/3807 5025/757/3819 5024/756/3818 5012/745/3806
f 5014/747/3808 5026/758/3820 5025/757/3819 5013/746/3807
f 5015/748/3809 5027/759/3821 5026/758/3820 5014/747/3808
f 5016/749/3810 5028/760/3822 5027/759/3821 5015/748/3809
f 5017/750/3811 5029/761/3823 5028/760/3822 5016/749/3810
f 5018/751/3812 5030/762/3824 5029/761/3823 5017/750/3811
f 5019/752/3813 5031/763/3825 5030/762/3824 5018/751/3812
f 5020/753/3814 5032/764/3826 5031/763/3825 5019/752/3813
f 5022/754/3815 5034/765/3827 5033/766/3828 5021/53/3816
f 5023/755/3817 5035/767/3829 5034/765/3827 5022/754/3815
f 5024/756/3818 5036/768/3830 5035/767/3829 5023/755/3817
f 5025/757/3819 5037/769/3831 5036/768/3830 5024/756/3818
f 5026/758/3820 5038/770/3832 5037/769/3831 5025/757/3819
f 5027/759/3821 5039/771/3833 5038/770/3832 5026/758/3820
f 5028/760/3822 5040/772/3834 5039/771/3833 5027/759/3821
f 5029/761/3823 5041/773/3835 5040/772/3834 5028/760/3822
f 5030/762/3824 5042/774/3836 5041/773/3835 5029/761/3823
f 5031/763/3825 5043/775/3837 5042/774/3836 5030/762/3824
f 5032/764/3826 5044/776/3838 5043/775/3837 5031/763/3825
f 5034/765/3827 5046/777/3839 5045/778/3840 5033/766/3828
f 5035/767/3829 5047/779/3841 5046/777/3839 5034/765/3827
f 5036/768/3830 5048/780/3842 5047/779/3841 5035/767/3829
f 5037/769/3831 5049/781/3843 5048/780/3842 5036/768/3830
f 5038/770/3832 5050/782/3844 5049/781/3843 5037/769/3831
f 5039/771/3833 5051/783/3845 5050/782/3844 5038/770/3832
f 5040/772/3834 5052/784/3846 5051/783/3845 5039/771/3833
f 5041/773/3835 5053/785/3847 5052/784/3846 5040/772/3834
f 5042/774/3836 5054/786/3848 5053/785/3847 5041/773/3835
f 5043/775/3837 5055/787/3849 5054/786/3848 5042/774/3836
f 5044/776/3838 5056/788/3850 5055/787/3849 5043/775/3837
f 5046/777/3839 5058/789/3851 5057/790/3852 5045/778/3840
f 5047/779/3841 5059/791/3853 5058/789/3851 5046/777/3839
f 5048/780/3842 5060/792/3854 5059/791/3853 5047/779/3841
f 5049/781/3843 5061/793/3855 5060/792/3854 5048/780/3842
f 5050/782/3844 5062/794/3856 5061/793/3855 5049/781/3843
f 5051/783/3845 5063/795/3857 5062/794/3856 5050/782/3844
f 5052/784/3846 5064/796/3858 5063/795/3857 5051/783/3845
f 5053/785/3847 5065/797/3859 5064/796/3858 5052/784/3846
f 5054/786/3848 5066/798/3860 5065/797/3859 5053/785/3847
f 5055/787/3849 5067/799/3861 5066/798/3860 5054/786/3848
f 5056/788/3850 5068/800/3862 5067/799/3861 5055/787/3849
f 5058/789/3851 5070/801/3863 5069/280/3864 5057/790/3852
f 5059/791/3853 5071/802/3865 5070/801/3863 5058/789/3851
f 5060/792/3854 5072/803/3866 5071/802/3865 5059/791/3853
f 5061/793/3855 5073/804/3867 5072/803/3866 5060/792/3854
f 5062/794/3856 5074/805/3868 5073/804/3867 5061/793/3855
f 5063/795/3857 5075/806/3869 5074/805/3868 5062/794/3856
f 5064/796/3858 5076/807/3870 5075/806/3869 5063/795/3857
f 5065/797/3859 5077/808/3871 5076/807/3870 5064/796/3858
f 5066/798/3860 5078/809/3872 5077/808/3871 5065/797/3859
f 5067/799/3861 5079/810/3873 5078/809/3872 5066/798/3860
f 5068/800/3862 5080/811/3874 5079/810/3873 5067/799/3861
f 5070/801/3863 5082/812/3875 5081/813/3876 5069/280/3864
f 5071/802/3865 5083/814/3877 5082/812/3875 5070/801/3863
f 5072/803/3866 5084/815/3878 5083/814/3877 5071/802/3865
f 5073/804/3867 5085/816/3879 5084/815/3878 5072/803/3866
f 5074/805/3868 5086/817/3880 5085/816/3879 5073/804/3867
f 5075/806/3869 5087/818/3881 5086/817/3880 5074/805/3868
f 5076/807/3870 5088/819/3882 5087/818/3881 5075/806/3869
f 5077/808/3871 5089/820/3883 5088/819/3882 5076/807/3870
f 5078/809/3872 5090/821/3884 5089/820/3883 5077/808/3871
f 5079/810/3873 5091/822/3885 5090/821/3884 5078/809/3872
f 5080/811/3874 5092/823/3886 5091/822/3885 5079/810/3873
f 5082/812/3875 5094/824/3887 5093/42/3888 5081/813/3876
f 5083/814/3877 5095/825/3889 5094/824/3887 5082/812/3875
f 5084/815/3878 5096/826/3890 5095/825/3889 5083/814/3877
f 5085/816/3879 5097/827/3891 5096/826/3890 5084/815/3878
f 5086/817/3880 5098/828/3892 5097/827/3891 5085/816/3879
f 5087/818/3881 5099/829/3893 5098/828/3892 5086/817/3880
f 5088/819/3882 5100/830/3894 5099/829/3893 5087/818/3881
f 5089/820/3883 5101/831/3895 5100/830/3894 5088/819/3882
f 5090/821/3884 5102/832/3896 5101/831/3895 5089/820/3883
f 5091/822/3885 5103/833/3897 5102/832/3896 5090/821/3884
f 5092/823/3886 5104/834/3898 5103/833/3897 5091/822/3885
f 5094/824/3887 5106/835/3899 5105/836/3900 5093/42/3888
f 5095/825/3889 5107/837/3901 5106/835/3899 5094/824/3887
f 5096/826/3890 5108/838/3902 5107/837/3901 5095/825/3889
f 5097/827/3891 5109/839/3903 5108/838/3902 5096/826/3890
f 5098/828/3892 5110/840/3904 5109/839/3903 5097/827/3891
f 5099/829/3893 5111/841/3905 5110/840/3904 5098/828/3892
f 5100/830/3894 5112/842/3906 5111/841/3905 5099/829/3893
f 5101/831/3895 5113/843/3907 5112/842/3906 5100/830/3894
f 5102/832/3896 5114/844/3908 5113/843/3907 5101/831/3895
f 5103/833/3897 5115/845/3909 5114/844/3908 5102/832/3896
f 5104/834/3898 5116/846/3910 5115/845/3909 5103/833/3897
f 5106/835/3899 5118/450/3911 5117/255/3912 5105/836/3900
f 5107/837/3901 5119/451/3913 5118/450/3911 5106/835/3899
f 5108/838/3902 5120/452/3914 5119/451/3913 5107/837/3901
f 5109/839/3903 5121/453/3915 5120/452/3914 5108/838/3902
f 5110/840/3904 5122/454/3916 5121/453/3915 5109/839/3903
f 5111/841/3905 5123/455/3917 5122/454/3916 5110/840/3904
f 5112/842/3906 5124/456/3918 5123/455/3917 5111/841/3905
f 5113/843/3907 5125/457/3919 5124/456/3918 5112/842/3906
f 5114/844/3908 5126/458/3920 5125/457/3919 5113/843/3907
f 5115/845/3909 5127/459/3921 5126/458/3920 5114/844/3908
f 5116/846/3910 5128/460/3922 5127/459/3921 5115/845/3909
f 5118/450/3911 5130/847/3923 5129/848/3924 5117/255/3912
f 5119/451/3913 5131/849/3925 5130/847/3923 5118/450/3911
f 5120/452/3914 5132/850/3926 5131/849/3925 5119/451/3913
f 5121/453/3915 5133/851/3927 5132/850/3926 5120/452/3914
f 5122/454/3916 5134/852/3928 5133/851/3927 5121/453/3915
f 5123/455/3917 5135/853/3929 5134/852/3928 5122/454/3916
f 5124/456/3918 5136/854/3930 5135/853/3929 5123/455/3917
f 5125/457/3919 5137/855/3931 5136/854/3930 5124/456/3918
f 5126/458/3920 5138/856/3932 5137/855/3931 5125/457/3919
f 5127/459/3921 5139/857/3933 5138/856/3932 5126/458/3920
f 5128/460/3922 5140/858/3934 5139/857/3933 5127/459/3921
f 5130/847/3923 5142/859/3935 5141/860/3936 5129/848/3924
f 5131/849/3925 5143/861/3937 5142/859/3935 5130/847/3923
f 5132/850/3926 5144/862/3938 5143/861/3937 5131/849/3925
f 5133/851/3927 5145/863/3939 5144/862/3938 5132/850/3926
f 5134/852/3928 5146/864/3940 5145/863/3939 5133/851/3927
f 5135/853/3929 5147/865/3941 5146/864/3940 5134/852/3928
f 5136/854/3930 5148/866/3942 5147/865/3941 5135/853/3929
f 5137/855/3931 5149/867/3943 5148/866/3942 5136/854/3930
f 5138/856/3932 5150/868/3944 5149/867/3943 5137/855/3931
f 5139/857/3933 5151/869/3945 5150/868/3944 5138/856/3932
f 5140/858/3934 5152/870/3946 5151/869/3945 5139/857/3933
f 5142/859/3935 5154/871/3947 5153/872/3948 5141/860/3936
f 5143/861/3937 5155/873/3949 5154/871/3947 5142/859/3935
f 5144/862/3938 5156/874/3950 5155/873/3949 5143/861/3937
f 5145/863/3939 5157/875/3951 5156/874/3950 5144/862/3938
f 5146/864/3940 5158/876/3952 5157/875/3951 5145/863/3939
f 5147/865/3941 5159/877/3953 5158/876/3952 5146/864/3940
f 5148/866/3942 5160/878/3954 5159/877/3953 5147/865/3941
f 5149/867/3943 5161/879/3955 5160/878/3954 5148/866/3942
f 5150/868/3944 5162/880/3956 5161/879/3955 5149/867/3943
f 5151/869/3945 5163/881/3957 5162/880/3956 5150/868/3944
f 5152/870/3946 5164/882/3958 5163/881/3957 5151/869/3945
f 5154/871/3947 5166/883/3959 5165/36/3960 5153/872/3948
f 5155/873/3949 5167/884/3961 5166/883/3959 5154/871/3947
f 5156/874/3950 5168/885/3962 5167/884/3961 5155/873/3949
f 5157/875/3951 5169/886/3963 5168/885/3962 5156/874/3950
f 5158/876/3952 5170/887/3964 5169/886/3963 5157/875/3951
f 5159/877/3953 5171/888/3965 5170/887/3964 5158/876/3952
f 5160/878/3954 5172/889/3966 5171/888/3965 5159/877/3953
f 5161/879/3955 5173/890/3967 5172/889/3966 5160/878/3954
f 5162/880/3956 5174/891/3968 5173/890/3967 5161/879/3955
f 5163/881/3957 5175/892/3969 5174/891/3968 5162/880/3956
f 5164/882/3958 5176/893/3970 5175/892/3969 5163/881/3957
f 5166/883/3959 5178/894/3971 5177/895/3972 5165/36/3960
f 5167/884/3961 5179/896/3973 5178/894/3971 5166/883/3959
f 5168/885/3962 5180/897/3974 5179/896/3973 5167/884/3961
f 5169/886/3963 5181/898/3975 5180/897/3974 5168/885/3962
f 5170/887/3964 5182/899/3976 5181/898/3975 5169/886/3963
f 5171/888/3965 5183/900/3977 5182/899/3976 5170/887/3964
f 5172/889/3966 5184/901/3978 5183/900/3977 5171/888/3965
f 5173/890/3967 5185/902/3979 5184/901/3978 5172/889/3966
f 5174/891/3968 5186/903/3980 5185/902/3979 5173/890/3967
f 5175/892/3969 5187/904/3981 5186/903/3980 5174/891/3968
f 5176/893/3970 5188/905/3982 5187/904/3981 5175/892/3969
f 5178/894/3971 5190/906/3983 5189/907/3984 5177/895/3972
f 5179/896/3973 5191/908/3985 5190/906/3983 5178/894/3971
f 5180/897/3974 5192/909/3986 5191/908/3985 5179/896/3973
f 5181/898/3975 5193/910/3987 5192/909/3986 5180/897/3974
f 5182/899/3976 5194/911/3988 5193/910/3987 5181/898/3975
f 5183/900/3977 5195/912/3989 5194/911/3988 5182/899/3976
f 5184/901/3978 5196/913/3990 5195/912/3989 5183/900/3977
f 5185/902/3979 5197/914/3991 5196/913/3990 5184/901/3978
f 5186/903/3980 5198/915/3992 5197/914/3991 5185/902/3979
f 5187/904/3981 5199/916/3993 5198/915/3992 5186/903/3980
f 5188/905/3982 5200/917/3994 5199/916/3993 5187/904/3981
f 5190/906/3983 5202/918/3995 5201/919/3996 5189/907/3984
f 5191/908/3985 5203/920/3997 5202/918/3995 5190/906/3983
f 5192/909/3986 5204/921/3998 5203/920/3997 5191/908/3985
f 5193/910/3987 5205/922/3999 5204/921/3998 5192/909/3986
f 5194/911/3988 5206/923/4000 5205/922/3999 5193/910/3987
f 5195/912/3989 5207/924/4001 5206/923/4000 5194/911/3988
f 5196/913/3990 5208/925/4002 5207/924/4001 5195/912/3989
f 5197/914/3991 5209/926/4003 5208/925/4002 5196/913/3990
f 5198/915/3992 5210/927/4004 5209/926/4003 5197/914/3991
f 5199/916/3993 5211/928/4005 5210/927/4004 5198/915/3992
f 5200/917/3994 5212/929/4006 5211/928/4005 5199/916/3993
f 5202/918/3995 5214/930/4007 5213/282/4008 5201/919/3996
f 5203/920/3997 5215/931/4009 5214/930/4007 5202/918/3995
f 5204/921/3998 5216/932/4010 5215/931/4009 5203/920/3997
f 5205/922/3999 5217/933/4011 5216/932/4010 5204/921/3998
f 5206/923/4000 5218/934/4012 5217/933/4011 5205/922/3999
f 5207/924/4001 5219/935/4013 5218/934/4012 5206/923/4000
f 5208/925/4002 5220/936/4014 5219/935/4013 5207/924/4001
f 5209/926/4003 5221/937/4015 5220/936/4014 5208/925/4002
f 5210/927/4004 5222/938/4016 5221/937/4015 5209/926/4003
f 5211/928/4005 5223/939/4017 5222/938/4016 5210/927/4004
f 5212/929/4006 5224/940/4018 5223/939/4017 5211/928/4005
f 5214/930/4007 5226/941/4019 5225/942/4020 5213/282/4008
f 5215/931/4009 5227/943/4021 5226/941/4019 5214/930/4007
f 5216/932/4010 5228/944/4022 5227/943/4021 5215/931/4009
f 5217/933/4011 5229/945/4023 5228/944/4022 5216/932/4010
f 5218/934/4012 5230/946/4024 5229/945/4023 5217/933/4011
f 5219/935/4013 5231/947/4025 5230/946/4024 5218/934/4012
f 5220/936/4014 5232/948/4026 5231/947/4025 5219/935/4013
f 5221/937/4015 5233/949/4027 5232/948/4026 5220/936/4014
f 5222/938/4016 5234/950/4028 5233/949/4027 5221/937/4015
f 5223/939/4017 5235/951/4029 5234/950/4028 5222/938/4016
f 5224/940/4018 5236/952/4030 5235/951/4029 5223/939/4017
f 5226/941/4019 5238/953/4031 5237/29/4032 5225/942/4020
f 5227/943/4021 5239/954/4033 5238/953/4031 5226/941/4019
f 5228/944/4022 5240/955/4034 5239/954/4033 5227/943/4021
f 5229/945/4023 5241/956/4035 5240/955/4034 5228/944/4022
f 5230/946/4024 5242/957/4036 5241/956/4035 5229/945/4023
f 5231/947/4025 5243/958/4037 5242/957/4036 5230/946/4024
f 5232/948/4026 5244/959/4038 5243/958/4037 5231/947/4025
f 5233/949/4027 5245/960/4039 5244/959/4038 5232/948/4026
f 5234/950/4028 5246/961/4040 5245/960/4039 5233/949/4027
f 5235/951/4029 5247/962/4041 5246/961/4040 5234/950/4028
f 5236/952/4030 5248/963/4042 5247/962/4041 5235/951/4029
f 5238/953/4031 5250/964/4043 5249/965/4044 5237/29/4032
f 5239/954/4033 5251/966/4045 5250/964/4043 5238/953/4031
f 5240/955/4034 5252/967/4046 5251/966/4045 5239/954/4033
f 5241/956/4035 5253/968/4047 5252/967/4046 5240/955/4034
f 5242/957/4036 5254/969/4048 5253/968/4047 5241/956/4035
f 5243/958/4037 5255/970/4049 5254/969/4048 5242/957/4036
f 5244/959/4038 5256/971/4050 5255/970/4049 5243/958/4037
f 5245/960/4039 5257/972/4051 5256/971/4050 5244/959/4038
f 5246/961/4040 5258/973/4052 5257/972/4051 5245/960/4039
f 5247/962/4041 5259/974/4053 5258/973/4052 5246/961/4040
f 5248/963/4042 5260/975/4054 5259/974/4053 5247/962/4041
f 5250/964/4043 5262/976/4055 5261/281/4056 5249/965/4044
f 5251/966/4045 5263/977/4057 5262/976/4055 5250/964/4043
f 5252/967/4046 5264/978/4058 5263/977/4057 5251/966/4045
f 5253/968/4047 5265/979/4059 5264/978/4058 5252/967/4046
f 5254/969/4048 5266/980/4060 5265/979/4059 5253/968/4047
f 5255/970/4049 5267/981/4061 5266/980/4060 5254/969/4048
f 5256/971/4050 5268/982/4062 5267/981/4061 5255/970/4049
f 5257/972/4051 5269/983/4063 5268/982/4062 5256/971/4050
f 5258/973/4052 5270/984/4064 5269/983/4063 5257/972/4051
f 5259/974/4053 5271/985/4065 5270/984/4064 5258/973/4052
f 5260/975/4054 5272/986/4066 5271/985/4065 5259/974/4053
f 5262/976/4055 5274/987/4067 5273/988/4068 5261/281/4056
f 5263/977/4057 5275/989/4069 5274/987/4067 5262/976/4055
f 5264/978/4058 5276/990/4070 5275/989/4069 5263/977/4057
f 5265/979/4059 5277/991/4071 5276/990/4070 5264/978/4058
f 5266/980/4060 5278/992/4072 5277/991/4071 5265/979/4059
f 5267/981/4061 5279/993/4073 5278/992/4072 5266/980/4060
f 5268/982/4062 5280/994/4074 5279/993/4073 5267/981/4061
f 5269/983/4063 5281/995/4075 5280/994/4074 5268/982/4062
f 5270/984/4064 5282/996/4076 5281/995/4075 5269/983/4063
f 5271/985/4065 5283/997/4077 5282/996/4076 5270/984/4064
f 5272/986/4066 5284/998/4078 5283/997/4077 5271/985/4065
f 5274/987/4067 5286/999/4079 5285/1000/4080 5273/988/4068
f 5275/989/4069 5287/1001/4081 5286/999/4079 5274/987/4067
f 5276/990/4070 5288/1002/4082 5287/1001/4081 5275/989/4069
f 5277/991/4071 5289/1003/4083 5288/1002/4082 5276/990/4070
f 5278/992/4072 5290/1004/4084 5289/1003/4083 5277/991/4071
f 5279/993/4073 5291/1005/4085 5290/1004/4084 5278/992/4072
f 5280/994/4074 5292/1006/4086 5291/1005/4085 5279/993/4073
f 5281/995/4075 5293/1007/4087 5292/1006/4086 5280/994/4074
f 5282/996/4076 5294/1008/4088 5293/1007/4087 5281/995/4075
f 5283/997/4077 5295/1009/4089 5294/1008/4088 5282/996/4076
f 5284/998/4078 5296/1010/4090 5295/1009/4089 5283/997/4077
f 5286/999/4079 5298/1011/4091 5297/1012/4092 5285/1000/4080
f 5287/1001/4081 5299/1013/4093 5298/1011/4091 5286/999/4079
f 5288/1002/4082 5300/1014/4094 5299/1013/4093 5287/1001/4081
f 5289/1003/4083 5301/1015/4095 5300/1014/4094 5288/1002/4082
f 5290/1004/4084 5302/1016/4096 5301/1015/4095 5289/1003/4083
f 5291/1005/4085 5303/1017/4097 5302/1016/4096 5290/1004/4084
f 5292/1006/4086 5304/1018/4098 5303/1017/4097 5291/1005/4085
f 5293/1007/4087 5305/1019/4099 5304/1018/4098 5292/1006/4086
f 5294/1008/4088 5306/1020/4100 5305/1019/4099 5293/1007/4087
f 5295/1009/4089 5307/1021/4101 5306/1020/4100 5294/1008/4088
f 5296/1010/4090 5308/1022/4102 5307/1021/4101 5295/1009/4089
f 5298/1011/4091 4734/485/3529 4733/13/3532 5297/1012/4092
f 5299/1013/4093 4735/486/3533 4734/485/3529 5298/1011/4091
f 5300/1014/4094 4736/487/3535 4735/486/3533 5299/1013/4093
f 5301/1015/4095 4737/488/3537 4736/487/3535 5300/1014/4094
f 5302/1016/4096 4738/489/3539 4737/488/3537 5301/1015/4095
f 5303/1017/4097 4739/490/3541 4738/489/3539 5302/1016/4096
f 5304/1018/4098 4740/491/3543 4739/490/3541 5303/1017/4097
f 5305/1019/4099 4741/492/3545 4740/491/3543 5304/1018/4098
f 5306/1020/4100 4742/493/3547 4741/492/3545 5305/1019/4099
f 5307/1021/4101 4743/494/3549 4742/493/3547 5306/1020/4100
f 5308/1022/4102 4744/495/3551 4743/494/3549 5307/1021/4101
f 5310/380/39 5322/3231/4103 5321/3232/4104 5309/24/40
f 5311/383/41 5323/3233/4105 5322/3231/4103 5310/380/39
f 5312/385/3506 5324/3234/4106 5323/3233/4105 5311/383/41
f 5313/387/43 5325/3235/4107 5324/3234/4106 5312/385/3506
f 5314/389/44 5326/3236/4108 5325/3235/4107 5313/387/43
f 5315/391/45 5327/3237/4109 5326/3236/4108 5314/389/44
f 5316/393/46 5328/3238/4110 5327/3237/4109 5315/391/45
f 5317/395/3512 5329/3239/4111 5328/3238/4110 5316/393/46
f 5318/397/48 5330/3240/4112 5329/3239/4111 5317/395/3512
f 5319/399/49 5331/3241/4113 5330/3240/4112 5318/397/48
f 5320/401/50 5332/3242/4104 5331/3241/4113 5319/399/49
f 5322/3231/4103 5334/3243/4114 5333/3244/4115 5321/3232/4104
f 5323/3233/4105 5335/3245/4116 5334/3243/4114 5322/3231/4103
f 5324/3234/4106 5336/3246/4117 5335/3245/4116 5323/3233/4105
f 5325/3235/4107 5337/3247/4118 5336/3246/4117 5324/3234/4106
f 5326/3236/4108 5338/3248/4119 5337/3247/4118 5325/3235/4107
f 5327/3237/4109 5339/3249/4120 5338/3248/4119 5326/3236/4108
f 5328/3238/4110 5340/3250/4121 5339/3249/4120 5327/3237/4109
f 5329/3239/4111 5341/3251/4122 5340/3250/4121 5328/3238/4110
f 5330/3240/4112 5342/3252/4123 5341/3251/4122 5329/3239/4111
f 5331/3241/4113 5343/3253/4124 5342/3252/4123 5330/3240/4112
f 5332/3242/4104 5344/3254/4125 5343/3253/4124 5331/3241/4113
f 5334/3243/4114 5346/3255/4126 5345/350/4127 5333/3244/4115
f 5335/3245/4116 5347/3256/4128 5346/3255/4126 5334/3243/4114
f 5336/3246/4117 5348/3257/4129 5347/3256/4128 5335/3245/4116
f 5337/3247/4118 5349/3258/4130 5348/3257/4129 5336/3246/4117
f 5338/3248/4119 5350/3259/4131 5349/3258/4130 5337/3247/4118
f 5339/3249/4120 5351/3260/4132 5350/3259/4131 5338/3248/4119
f 5340/3250/4121 5352/3261/4133 5351/3260/4132 5339/3249/4120
f 5341/3251/4122 5353/3262/4134 5352/3261/4133 5340/3250/4121
f 5342/3252/4123 5354/3263/4135 5353/3262/4134 5341/3251/4122
f 5343/3253/4124 5355/3264/4136 5354/3263/4135 5342/3252/4123
f 5344/3254/4125 5356/3265/4137 5355/3264/4136 5343/3253/4124
f 5346/3255/4126 5358/3266/4138 5357/3267/4139 5345/350/4127
f 5347/3256/4128 5359/3268/4140 5358/3266/4138 5346/3255/4126
f 5348/3257/4129 5360/3269/4141 5359/3268/4140 5347/3256/4128
f 5349/3258/4130 5361/3270/4142 5360/3269/4141 5348/3257/4129
f 5350/3259/4131 5362/3271/4143 5361/3270/4142 5349/3258/4130
f 5351/3260/4132 5363/3272/4144 5362/3271/4143 5350/3259/4131
f 5352/3261/4133 5364/3273/4145 5363/3272/4144 5351/3260/4132
f 5353/3262/4134 5365/3274/4146 5364/3273/4145 5352/3261/4133
f 5354/3263/4135 5366/3275/4147 5365/3274/4146 5353/3262/4134
f 5355/3264/4136 5367/3276/4148 5366/3275/4147 5354/3263/4135
f 5356/3265/4137 5368/3277/4149 5367/3276/4148 5355/3264/4136
f 5358/3266/4138 5370/415/4150 5369/244/4151 5357/3267/4139
f 5359/3268/4140 5371/416/4152 5370/415/4150 5358/3266/4138
f 5360/3269/4141 5372/417/4153 5371/416/4152 5359/3268/4140
f 5361/3270/4142 5373/418/4154 5372/417/4153 5360/3269/4141
f 5362/3271/4143 5374/419/4155 5373/418/4154 5361/3270/4142
f 5363/3272/4144 5375/420/4156 5374/419/4155 5362/3271/4143
f 5364/3273/4145 5376/421/4157 5375/420/4156 5363/3272/4144
f 5365/3274/4146 5377/422/4158 5376/421/4157 5364/3273/4145
f 5366/3275/4147 5378/423/4159 5377/422/4158 5365/3274/4146
f 5367/3276/4148 5379/424/4160 5378/423/4159 5366/3275/4147
f 5368/3277/4149 5380/425/4161 5379/424/4160 5367/3276/4148
f 5370/415/4150 5382/3278/4162 5381/291/4163 5369/244/4151
f 5371/416/4152 5383/3279/4164 5382/3278/4162 5370/415/4150
f 5372/417/4153 5384/3280/4165 5383/3279/4164 5371/416/4152
f 5373/418/4154 5385/3281/4166 5384/3280/4165 5372/417/4153
f 5374/419/4155 5386/3282/4167 5385/3281/4166 5373/418/4154
f 5375/420/4156 5387/3283/4168 5386/3282/4167 5374/419/4155
f 5376/421/4157 5388/3284/4169 5387/3283/4168 5375/420/4156
f 5377/422/4158 5389/3285/4170 5388/3284/4169 5376/421/4157
f 5378/423/4159 5390/3286/4171 5389/3285/4170 5377/422/4158
f 5379/424/4160 5391/3287/4172 5390/3286/4171 5378/423/4159
f 5380/425/4161 5392/3288/4163 5391/3287/4172 5379/424/4160
f 5382/3278/4162 5394/3289/27 5393/3290/28 5381/291/4163
f 5383/3279/4164 5395/3291/29 5394/3289/27 5382/3278/4162
f 5384/3280/4165 5396/3292/30 5395/3291/29 5383/3279/4164
f 5385/3281/4166 5397/3293/31 5396/3292/30 5384/3280/4165
f 5386/3282/4167 5398/3294/32 5397/3293/31 5385/3281/4166
f 5387/3283/4168 5399/3295/33 5398/3294/32 5386/3282/4167
f 5388/3284/4169 5400/3296/34 5399/3295/33 5387/3283/4168
f 5389/3285/4170 5401/3297/35 5400/3296/34 5388/3284/4169
f 5390/3286/4171 5402/3298/36 5401/3297/35 5389/3285/4170
f 5391/3287/4172 5403/3299/37 5402/3298/36 5390/3286/4171
f 5392/3288/4163 5404/3300/38 5403/3299/37 5391/3287/4172
f 5394/3289/27 5406/3301/39 5405/3302/40 5393/3290/28
f 5395/3291/29 5407/3303/41 5406/3301/39 5394/3289/27
f 5396/3292/30 5408/3304/3506 5407/3303/41 5395/3291/29
f 5397/3293/31 5409/3305/43 5408/3304/3506 5396/3292/30
f 5398/3294/32 5410/3306/44 5409/3305/43 5397/3293/31
f 5399/3295/33 5411/3307/45 5410/3306/44 5398/3294/32
f 5400/3296/34 5412/3308/46 5411/3307/45 5399/3295/33
f 5401/3297/35 5413/3309/3512 5412/3308/46 5400/3296/34
f 5402/3298/36 5414/3310/48 5413/3309/3512 5401/3297/35
f 5403/3299/37 5415/3311/49 5414/3310/48 5402/3298/36
f 5404/3300/38 5416/3312/50 5415/3311/49 5403/3299/37
f 5406/3301/39 5418/3313/3503 5417/362/3504 5405/3302/40
f 5407/3303/41 5419/3314/3505 5418/3313/3503 5406/3301/39
f 5408/3304/3506 5420/3315/3507 5419/3314/3505 5407/3303/41
f 5409/3305/43 5421/3316/3508 5420/3315/3507 5408/3304/3506
f 5410/3306/44 5422/3317/3509 5421/3316/3508 5409/3305/43
f 5411/3307/45 5423/3318/3510 5422/3317/3509 5410/3306/44
f 5412/3308/46 5424/3319/3511 5423/3318/3510 5411/3307/45
f 5413/3309/3512 5425/3320/3513 5424/3319/3511 5412/3308/46
f 5414/3310/48 5426/3321/3514 5425/3320/3513 5413/3309/3512
f 5415/3311/49 5427/3322/3515 5426/3321/3514 5414/3310/48
f 5416/3312/50 5428/3323/3516 5427/3322/3515 5415/3311/49
f 5418/3313/3503 5430/450/4173 5429/255/4174 5417/362/3504
f 5419/3314/3505 5431/451/4175 5430/450/4173 5418/3313/3503
f 5420/3315/3507 5432/452/4176 5431/451/4175 5419/3314/3505
f 5421/3316/3508 5433/453/4177 5432/452/4176 5420/3315/3507
f 5422/3317/3509 5434/454/4178 5433/453/4177 5421/3316/3508
f 5423/3318/3510 5435/455/4179 5434/454/4178 5422/3317/3509
f 5424/3319/3511 5436/456/4180 5435/455/4179 5423/3318/3510
f 5425/3320/3513 5437/457/4181 5436/456/4180 5424/3319/3511
f 5426/3321/3514 5438/458/4182 5437/457/4181 5425/3320/3513
f 5427/3322/3515 5439/459/4183 5438/458/4182 5426/3321/3514
f 5428/3323/3516 5440/460/4184 5439/459/4183 5427/3322/3515
f 5430/450/4173 5442/3324/4185 5441/3325/4186 5429/255/4174
f 5431/451/4175 5443/3326/4187 5442/3324/4185 5430/450/4173
f 5432/452/4176 5444/3327/4188 5443/3326/4187 5431/451/4175
f 5433/453/4177 5445/3328/4189 5444/3327/4188 5432/452/4176
f 5434/454/4178 5446/3329/4190 5445/3328/4189 5433/453/4177
f 5435/455/4179 5447/3330/4191 5446/3329/4190 5434/454/4178
f 5436/456/4180 5448/3331/4192 5447/3330/4191 5435/455/4179
f 5437/457/4181 5449/3332/4193 5448/3331/4192 5436/456/4180
f 5438/458/4182 5450/3333/4194 5449/3332/4193 5437/457/4181
f 5439/459/4183 5451/3334/4195 5450/3333/4194 5438/458/4182
f 5440/460/4184 5452/3335/4196 5451/3334/4195 5439/459/4183
f 5442/3324/4185 5454/3336/4197 5453/319/4198 5441/3325/4186
f 5443/3326/4187 5455/3337/4199 5454/3336/4197 5442/3324/4185
f 5444/3327/4188 5456/3338/4200 5455/3337/4199 5443/3326/4187
f 5445/3328/4189 5457/3339/4201 5456/3338/4200 5444/3327/4188
f 5446/3329/4190 5458/3340/4202 5457/3339/4201 5445/3328/4189
f 5447/3330/4191 5459/3341/4203 5458/3340/4202 5446/3329/4190
f 5448/3331/4192 5460/3342/4204 5459/3341/4203 5447/3330/4191
f 5449/3332/4193 5461/3343/4205 5460/3342/4204 5448/3331/4192
f 5450/3333/4194 5462/3344/4206 5461/3343/4205 5449/3332/4193
f 5451/3334/4195 5463/3345/4207 5462/3344/4206 5450/3333/4194
f 5452/3335/4196 5464/3346/4208 5463/3345/4207 5451/3334/4195
f 5454/3336/4197 5466/3347/3517 5465/3348/3518 5453/319/4198
f 5455/3337/4199 5467/3349/3519 5466/3347/3517 5454/3336/4197
f 5456/3338/4200 5468/3350/3520 5467/3349/3519 5455/3337/4199
f 5457/3339/4201 5469/3351/3521 5468/3350/3520 5456/3338/4200
f 5458/3340/4202 5470/3352/3522 5469/3351/3521 5457/3339/4201
f 5459/3341/4203 5471/3353/3523 5470/3352/3522 5458/3340/4202
f 5460/3342/4204 5472/3354/3524 5471/3353/3523 5459/3341/4203
f 5461/3343/4205 5473/3355/3525 5472/3354/3524 5460/3342/4204
f 5462/3344/4206 5474/3356/3526 5473/3355/3525 5461/3343/4205
f 5463/3345/4207 5475/3357/3527 5474/3356/3526 5462/3344/4206
f 5464/3346/4208 5476/3358/3528 5475/3357/3527 5463/3345/4207
f 5466/3347/3517 5478/3359/27 5477/3360/28 5465/3348/3518
f 5467/3349/3519 5479/3361/29 5478/3359/27 5466/3347/3517
f 5468/3350/3520 5480/3362/30 5479/3361/29 5467/3349/3519
f 5469/3351/3521 5481/3363/31 5480/3362/30 5468/3350/3520
f 5470/3352/3522 5482/3364/32 5481/3363/31 5469/3351/3521
f 5471/3353/3523 5483/3365/33 5482/3364/32 5470/3352/3522
f 5472/3354/3524 5484/3366/34 5483/3365/33 5471/3353/3523
f 5473/3355/3525 5485/3367/35 5484/3366/34 5472/3354/3524
f 5474/3356/3526 5486/3368/36 5485/3367/35 5473/3355/3525
f 5475/3357/3527 5487/3369/37 5486/3368/36 5474/3356/3526
f 5476/3358/3528 5488/3370/38 5487/3369/37 5475/3357/3527
f 5478/3359/27 5310/485/39 5309/13/40 5477/3360/28
f 5479/3361/29 5311/486/41 5310/485/39 5478/3359/27
f 5480/3362/30 5312/487/3506 5311/486/41 5479/3361/29
f 5481/3363/31 5313/488/43 5312/487/3506 5480/3362/30
f 5482/3364/32 5314/489/44 5313/488/43 5481/3363/31
f 5483/3365/33 5315/490/45 5314/489/44 5482/3364/32
f 5484/3366/34 5316/491/46 5315/490/45 5483/3365/33
f 5485/3367/35 5317/492/3512 5316/491/46 5484/3366/34
f 5486/3368/36 5318/493/48 5317/492/3512 5485/3367/35
f 5487/3369/37 5319/494/49 5318/493/48 5486/3368/36
f 5488/3370/38 5320/495/50 5319/494/49 5487/3369/37
f 5490/380/1419 5502/1167/1420 5501/1168/1421 5489/24/1422
f 5491/383/1423 5503/1169/1424 5502/1167/1420 5490/380/1419
f 5492/385/1425 5504/1170/1426 5503/1169/1424 5491/383/1423
f 5493/387/1427 5505/1171/1428 5504/1170/1426 5492/385/1425
f 5494/389/1429 5506/1172/1430 5505/1171/1428 5493/387/1427
f 5495/391/1431 5507/1173/1432 5506/1172/1430 5494/389/1429
f 5496/393/1433 5508/1174/1434 5507/1173/1432 5495/391/1431
f 5497/395/1435 5509/1175/1436 5508/1174/1434 5496/393/1433
f 5498/397/1437 5510/1176/1438 5509/1175/1436 5497/395/1435
f 5499/399/1439 5511/1177/1440 5510/1176/1438 5498/397/1437
f 5500/401/1441 5512/1178/1442 5511/1177/1440 5499/399/1439
f 5502/1167/1420 5514/1179/1443 5513/1180/1444 5501/1168/1421
f 5503/1169/1424 5515/1181/1445 5514/1179/1443 5502/1167/1420
f 5504/1170/1426 5516/1182/1446 5515/1181/1445 5503/1169/1424
f 5505/1171/1428 5517/1183/1447 5516/1182/1446 5504/1170/1426
f 5506/1172/1430 5518/1184/1448 5517/1183/1447 5505/1171/1428
f 5507/1173/1432 5519/1185/1449 5518/1184/1448 5506/1172/1430
f 5508/1174/1434 5520/1186/1450 5519/1185/1449 5507/1173/1432
f 5509/1175/1436 5521/1187/1451 5520/1186/1450 5508/1174/1434
f 5510/1176/1438 5522/1188/1452 5521/1187/1451 5509/1175/1436
f 5511/1177/1440 5523/1189/1453 5522/1188/1452 5510/1176/1438
f 5512/1178/1442 5524/1190/1454 5523/1189/1453 5511/1177/1440
f 5514/1179/1443 5526/1191/1455 5525/1192/1456 5513/1180/1444
f 5515/1181/1445 5527/1193/1457 5526/1191/1455 5514/1179/1443
f 5516/1182/1446 5528/1194/1458 5527/1193/1457 5515/1181/1445
f 5517/1183/1447 5529/1195/1459 5528/1194/1458 5516/1182/1446
f 5518/1184/1448 5530/1196/1460 5529/1195/1459 5517/1183/1447
f 5519/1185/1449 5531/1197/1461 5530/1196/1460 5518/1184/1448
f 5520/1186/1450 5532/1198/1462 5531/1197/1461 5519/1185/1449
f 5521/1187/1451 5533/1199/1463 5532/1198/1462 5520/1186/1450
f 5522/1188/1452 5534/1200/1464 5533/1199/1463 5521/1187/1451
f 5523/1189/1453 5535/1201/1465 5534/1200/1464 5522/1188/1452
f 5524/1190/1454 5536/1202/1466 5535/1201/1465 5523/1189/1453
f 5526/1191/1455 5538/1203/1467 5537/1204/1468 5525/1192/1456
f 5527/1193/1457 5539/1205/1469 5538/1203/1467 5526/1191/1455
f 5528/1194/1458 5540/1206/1470 5539/1205/1469 5527/1193/1457
f 5529/1195/1459 5541/1207/1471 5540/1206/1470 5528/1194/1458
f 5530/1196/1460 5542/1208/1472 5541/1207/1471 5529/1195/1459
f 5531/1197/1461 5543/1209/1473 5542/1208/1472 5530/1196/1460
f 5532/1198/1462 5544/1210/1474 5543/1209/1473 5531/1197/1461
f 5533/1199/1463 5545/1211/1475 5544/1210/1474 5532/1198/1462
f 5534/1200/1464 5546/1212/1476 5545/1211/1475 5533/1199/1463
f 5535/1201/1465 5547/1213/4209 5546/1212/1476 5534/1200/1464
f 5536/1202/1466 5548/1214/1478 5547/1213/4209 5535/1201/1465
f 5538/1203/1467 5550/1215/1479 5549/1216/1480 5537/1204/1468
f 5539/1205/1469 5551/1217/1481 5550/1215/1479 5538/1203/1467
f 5540/1206/1470 5552/1218/1482 5551/1217/1481 5539/1205/1469
f 5541/1207/1471 5553/1219/1483 5552/1218/1482 5540/1206/1470
f 5542/1208/1472 5554/1220/1484 5553/1219/1483 5541/1207/1471
f 5543/1209/1473 5555/1221/1485 5554/1220/1484 5542/1208/1472
f 5544/1210/1474 5556/1222/1486 5555/1221/1485 5543/1209/1473
f 5545/1211/1475 5557/1223/1487 5556/1222/1486 5544/1210/1474
f 5546/1212/1476 5558/1224/1488 5557/1223/1487 5545/1211/1475
f 5547/1213/4209 5559/1225/1489 5558/1224/1488 5546/1212/1476
f 5548/1214/1478 5560/1226/1490 5559/1225/1489 5547/1213/4209
f 5550/1215/1479 5562/1227/1491 5561/1228/1492 5549/1216/1480
f 5551/1217/1481 5563/1229/1493 5562/1227/1491 5550/1215/1479
f 5552/1218/1482 5564/1230/1494 5563/1229/1493 5551/1217/1481
f 5553/1219/1483 5565/1231/1495 5564/1230/1494 5552/1218/1482
f 5554/1220/1484 5566/1232/1496 5565/1231/1495 5553/1219/1483
f 5555/1221/1485 5567/1233/1497 5566/1232/1496 5554/1220/1484
f 5556/1222/1486 5568/1234/1498 5567/1233/1497 5555/1221/1485
f 5557/1223/1487 5569/1235/1499 5568/1234/1498 5556/1222/1486
f 5558/1224/1488 5570/1236/1500 5569/1235/1499 5557/1223/1487
f 5559/1225/1489 5571/1237/1501 5570/1236/1500 5558/1224/1488
f 5560/1226/1490 5572/1238/1502 5571/1237/1501 5559/1225/1489
f 5562/1227/1491 5574/1239/1503 5573/1240/1504 5561/1228/1492
f 5563/1229/1493 5575/1241/1505 5574/1239/1503 5562/1227/1491
f 5564/1230/1494 5576/1242/1506 5575/1241/1505 5563/1229/1493
f 5565/1231/1495 5577/1243/1507 5576/1242/1506 5564/1230/1494
f 5566/1232/1496 5578/1244/1508 5577/1243/1507 5565/1231/1495
f 5567/1233/1497 5579/1245/1509 5578/1244/1508 5566/1232/1496
f 5568/1234/1498 5580/1246/1510 5579/1245/1509 5567/1233/1497
f 5569/1235/1499 5581/1247/1511 5580/1246/1510 5568/1234/1498
f 5570/1236/1500 5582/1248/1512 5581/1247/1511 5569/1235/1499
f 5571/1237/1501 5583/1249/1513 5582/1248/1512 5570/1236/1500
f 5572/1238/1502 5584/1250/1514 5583/1249/1513 5571/1237/1501
f 5574/1239/1503 5586/1251/1515 5585/1252/1516 5573/1240/1504
f 5575/1241/1505 5587/1253/1517 5586/1251/1515 5574/1239/1503
f 5576/1242/1506 5588/1254/1518 5587/1253/1517 5575/1241/1505
f 5577/1243/1507 5589/1255/1519 5588/1254/1518 5576/1242/1506
f 5578/1244/1508 5590/1256/1520 5589/1255/1519 5577/1243/1507
f 5579/1245/1509 5591/1257/1521 5590/1256/1520 5578/1244/1508
f 5580/1246/1510 5592/1258/1522 5591/1257/1521 5579/1245/1509
f 5581/1247/1511 5593/1259/1523 5592/1258/1522 5580/1246/1510
f 5582/1248/1512 5594/1260/1524 5593/1259/1523 5581/1247/1511
f 5583/1249/1513 5595/1261/1525 5594/1260/1524 5582/1248/1512
f 5584/1250/1514 5596/1262/1526 5595/1261/1525 5583/1249/1513
f 5586/1251/1515 5598/1263/1527 5597/1264/1528 5585/1252/1516
f 5587/1253/1517 5599/1265/1529 5598/1263/1527 5586/1251/1515
f 5588/1254/1518 5600/1266/1530 5599/1265/1529 5587/1253/1517
f 5589/1255/1519 5601/1267/1531 5600/1266/1530 5588/1254/1518
f 5590/1256/1520 5602/1268/1532 5601/1267/1531 5589/1255/1519
f 5591/1257/1521 5603/1269/1533 5602/1268/1532 5590/1256/1520
f 5592/1258/1522 5604/1270/1534 5603/1269/1533 5591/1257/1521
f 5593/1259/1523 5605/1271/1535 5604/1270/1534 5592/1258/1522
f 5594/1260/1524 5606/1272/1536 5605/1271/1535 5593/1259/1523
f 5595/1261/1525 5607/1273/1537 5606/1272/1536 5594/1260/1524
f 5596/1262/1526 5608/1274/1538 5607/1273/1537 5595/1261/1525
f 5598/1263/1527 5610/1275/1539 5609/1276/1540 5597/1264/1528
f 5599/1265/1529 5611/1277/1541 5610/1275/1539 5598/1263/1527
f 5600/1266/1530 5612/1278/1542 5611/1277/1541 5599/1265/1529
f 5601/1267/1531 5613/1279/1543 5612/1278/1542 5600/1266/1530
f 5602/1268/1532 5614/1280/1544 5613/1279/1543 5601/1267/1531
f 5603/1269/1533 5615/1281/1545 5614/1280/1544 5602/1268/1532
f 5604/1270/1534 5616/1282/1546 5615/1281/1545 5603/1269/1533
f 5605/1271/1535 5617/1283/1547 5616/1282/1546 5604/1270/1534
f 5606/1272/1536 5618/1284/1548 5617/1283/1547 5605/1271/1535
f 5607/1273/1537 5619/1285/1549 5618/1284/1548 5606/1272/1536
f 5608/1274/1538 5620/1286/1550 5619/1285/1549 5607/1273/1537
f 5610/1275/1539 5622/1287/1551 5621/1288/1552 5609/1276/1540
f 5611/1277/1541 5623/1289/1553 5622/1287/1551 5610/1275/1539
f 5612/1278/1542 5624/1290/1554 5623/1289/1553 5611/1277/1541
f 5613/1279/1543 5625/1291/1555 5624/1290/1554 5612/1278/1542
f 5614/1280/1544 5626/1292/1556 5625/1291/1555 5613/1279/1543
f 5615/1281/1545 5627/1293/1557 5626/1292/1556 5614/1280/1544
f 5616/1282/1546 5628/1294/1558 5627/1293/1557 5615/1281/1545
f 5617/1283/1547 5629/1295/1559 5628/1294/1558 5616/1282/1546
f 5618/1284/1548 5630/1296/1560 5629/1295/1559 5617/1283/1547
f 5619/1285/1549 5631/1297/1561 5630/1296/1560 5618/1284/1548
f 5620/1286/1550 5632/1298/1562 5631/1297/1561 5619/1285/1549
f 5622/1287/1551 5634/1299/1563 5633/1300/1564 5621/1288/1552
f 5623/1289/1553 5635/1301/1565 5634/1299/1563 5622/1287/1551
f 5624/1290/1554 5636/1302/1566 5635/1301/1565 5623/1289/1553
f 5625/1291/1555 5637/1303/1567 5636/1302/1566 5624/1290/1554
f 5626/1292/1556 5638/1304/1568 5637/1303/1567 5625/1291/1555
f 5627/1293/1557 5639/1305/1569 5638/1304/1568 5626/1292/1556
f 5628/1294/1558 5640/1306/1570 5639/1305/1569 5627/1293/1557
f 5629/1295/1559 5641/1307/1571 5640/1306/1570 5628/1294/1558
f 5630/1296/1560 5642/1308/1572 5641/1307/1571 5629/1295/1559
f 5631/1297/1561 5643/1309/1573 5642/1308/1572 5630/1296/1560
f 5632/1298/1562 5644/1310/1574 5643/1309/1573 5631/1297/1561
f 5634/1299/1563 5646/1311/1575 5645/1312/1576 5633/1300/1564
f 5635/1301/1565 5647/1313/1577 5646/1311/1575 5634/1299/1563
f 5636/1302/1566 5648/1314/1578 5647/1313/1577 5635/1301/1565
f 5637/1303/1567 5649/1315/1579 5648/1314/1578 5636/1302/1566
f 5638/1304/1568 5650/1316/1580 5649/1315/1579 5637/1303/1567
f 5639/1305/1569 5651/1317/1581 5650/1316/1580 5638/1304/1568
f 5640/1306/1570 5652/1318/1582 5651/1317/1581 5639/1305/1569
f 5641/1307/1571 5653/1319/1583 5652/1318/1582 5640/1306/1570
f 5642/1308/1572 5654/1320/1584 5653/1319/1583 5641/1307/1571
f 5643/1309/1573 5655/1321/1585 5654/1320/1584 5642/1308/1572
f 5644/1310/1574 5656/1322/1586 5655/1321/1585 5643/1309/1573
f 5646/1311/1575 5658/1323/1587 5657/1324/1588 5645/1312/1576
f 5647/1313/1577 5659/1325/1589 5658/1323/1587 5646/1311/1575
f 5648/1314/1578 5660/1326/1590 5659/1325/1589 5647/1313/1577
f 5649/1315/1579 5661/1327/1591 5660/1326/1590 5648/1314/1578
f 5650/1316/1580 5662/1328/1592 5661/1327/1591 5649/1315/1579
f 5651/1317/1581 5663/1329/1593 5662/1328/1592 5650/1316/1580
f 5652/1318/1582 5664/1330/1594 5663/1329/1593 5651/1317/1581
f 5653/1319/1583 5665/1331/1595 5664/1330/1594 5652/1318/1582
f 5654/1320/1584 5666/1332/1596 5665/1331/1595 5653/1319/1583
f 5655/1321/1585 5667/1333/1597 5666/1332/1596 5654/1320/1584
f 5656/1322/1586 5668/1334/1598 5667/1333/1597 5655/1321/1585
f 5658/1323/1587 5670/1335/1599 5669/1336/1600 5657/1324/1588
f 5659/1325/1589 5671/1337/4210 5670/1335/1599 5658/1323/1587
f 5660/1326/1590 5672/1338/1602 5671/1337/4210 5659/1325/1589
f 5661/1327/1591 5673/1339/1603 5672/1338/1602 5660/1326/1590
f 5662/1328/1592 5674/1340/1604 5673/1339/1603 5661/1327/1591
f 5663/1329/1593 5675/1341/1605 5674/1340/1604 5662/1328/1592
f 5664/1330/1594 5676/1342/1606 5675/1341/1605 5663/1329/1593
f 5665/1331/1595 5677/1343/1607 5676/1342/1606 5664/1330/1594
f 5666/1332/1596 5678/1344/4211 5677/1343/1607 5665/1331/1595
f 5667/1333/1597 5679/1345/1609 5678/1344/4211 5666/1332/1596
f 5668/1334/1598 5680/1346/1610 5679/1345/1609 5667/1333/1597
f 5670/1335/1599 5682/1347/1611 5681/1348/1612 5669/1336/1600
f 5671/1337/4210 5683/1349/1613 5682/1347/1611 5670/1335/1599
f 5672/1338/1602 5684/1350/1614 5683/1349/1613 5671/1337/4210
f 5673/1339/1603 5685/1351/4212 5684/1350/1614 5672/1338/1602
f 5674/1340/1604 5686/1352/1616 5685/1351/4212 5673/1339/1603
f 5675/1341/1605 5687/1353/1617 5686/1352/1616 5674/1340/1604
f 5676/1342/1606 5688/1354/4213 5687/1353/1617 5675/1341/1605
f 5677/1343/1607 5689/1355/1619 5688/1354/4213 5676/1342/1606
f 5678/1344/4211 5690/1356/1620 5689/1355/1619 5677/1343/1607
f 5679/1345/1609 5691/1357/1621 5690/1356/1620 5678/1344/4211
f 5680/1346/1610 5692/1358/1622 5691/1357/1621 5679/1345/1609
f 5682/1347/1611 5694/1359/1623 5693/1360/1624 5681/1348/1612
f 5683/1349/1613 5695/1361/1625 5694/1359/1623 5682/1347/1611
f 5684/1350/1614 5696/1362/1626 5695/1361/1625 5683/1349/1613
f 5685/1351/4212 5697/1363/1627 5696/1362/1626 5684/1350/1614
f 5686/1352/1616 5698/1364/1628 5697/1363/1627 5685/1351/4212
f 5687/1353/1617 5699/1365/1629 5698/1364/1628 5686/1352/1616
f 5688/1354/4213 5700/1366/1630 5699/1365/1629 5687/1353/1617
f 5689/1355/1619 5701/1367/1631 5700/1366/1630 5688/1354/4213
f 5690/1356/1620 5702/1368/1632 5701/1367/1631 5689/1355/1619
f 5691/1357/1621 5703/1369/1633 5702/1368/1632 5690/1356/1620
f 5692/1358/1622 5704/1370/1634 5703/1369/1633 5691/1357/1621
f 5694/1359/1623 5706/1371/1635 5705/1372/1636 5693/1360/1624
f 5695/1361/1625 5707/1373/1637 5706/1371/1635 5694/1359/1623
f 5696/1362/1626 5708/1374/1638 5707/1373/1637 5695/1361/1625
f 5697/1363/1627 5709/1375/1639 5708/1374/1638 5696/1362/1626
f 5698/1364/1628 5710/1376/1640 5709/1375/1639 5697/1363/1627
f 5699/1365/1629 5711/1377/1641 5710/1376/1640 5698/1364/1628
f 5700/1366/1630 5712/1378/1642 5711/1377/1641 5699/1365/1629
f 5701/1367/1631 5713/1379/1643 5712/1378/1642 5700/1366/1630
f 5702/1368/1632 5714/1380/1644 5713/1379/1643 5701/1367/1631
f 5703/1369/1633 5715/1381/1645 5714/1380/1644 5702/1368/1632
f 5704/1370/1634 5716/1382/1646 5715/1381/1645 5703/1369/1633
f 5706/1371/1635 5718/1383/1647 5717/1384/1648 5705/1372/1636
f 5707/1373/1637 5719/1385/1649 5718/1383/1647 5706/1371/1635
f 5708/1374/1638 5720/1386/1650 5719/1385/1649 5707/1373/1637
f 5709/1375/1639 5721/1387/1651 5720/1386/1650 5708/1374/1638
f 5710/1376/1640 5722/1388/4214 5721/1387/1651 5709/1375/1639
f 5711/1377/1641 5723/1389/4215 5722/1388/4214 5710/1376/1640
f 5712/1378/1642 5724/1390/1654 5723/1389/4215 5711/1377/1641
f 5713/1379/1643 5725/1391/1655 5724/1390/1654 5712/1378/1642
f 5714/1380/1644 5726/1392/1656 5725/1391/1655 5713/1379/1643
f 5715/1381/1645 5727/1393/1657 5726/1392/1656 5714/1380/1644
f 5716/1382/1646 5728/1394/1658 5727/1393/1657 5715/1381/1645
f 5718/1383/1647 5730/1395/1659 5729/1396/1660 5717/1384/1648
f 5719/1385/1649 5731/1397/1661 5730/1395/1659 5718/1383/1647
f 5720/1386/1650 5732/1398/1662 5731/1397/1661 5719/1385/1649
f 5721/1387/1651 5733/1399/1663 5732/1398/1662 5720/1386/1650
f 5722/1388/4214 5734/1400/1664 5733/1399/1663 5721/1387/1651
f 5723/1389/4215 5735/1401/1665 5734/1400/1664 5722/1388/4214
f 5724/1390/1654 5736/1402/1666 5735/1401/1665 5723/1389/4215
f 5725/1391/1655 5737/1403/1667 5736/1402/1666 5724/1390/1654
f 5726/1392/1656 5738/1404/1668 5737/1403/1667 5725/1391/1655
f 5727/1393/1657 5739/1405/1669 5738/1404/1668 5726/1392/1656
f 5728/1394/1658 5740/1406/1670 5739/1405/1669 5727/1393/1657
f 5730/1395/1659 5742/1407/1671 5741/1408/1672 5729/1396/1660
f 5731/1397/1661 5743/1409/4216 5742/1407/1671 5730/1395/1659
f 5732/1398/1662 5744/1410/1674 5743/1409/4216 5731/1397/1661
f 5733/1399/1663 5745/1411/1675 5744/1410/1674 5732/1398/1662
f 5734/1400/1664 5746/1412/1676 5745/1411/1675 5733/1399/1663
f 5735/1401/1665 5747/1413/1677 5746/1412/1676 5734/1400/1664
f 5736/1402/1666 5748/1414/1678 5747/1413/1677 5735/1401/1665
f 5737/1403/1667 5749/1415/1679 5748/1414/1678 5736/1402/1666
f 5738/1404/1668 5750/1416/4217 5749/1415/1679 5737/1403/1667
f 5739/1405/1669 5751/1417/1681 5750/1416/4217 5738/1404/1668
f 5740/1406/1670 5752/1418/1682 5751/1417/1681 5739/1405/1669
f 5742/1407/1671 5754/1419/1683 5753/1420/1684 5741/1408/1672
f 5743/1409/4216 5755/1421/4218 5754/1419/1683 5742/1407/1671
f 5744/1410/1674 5756/1422/1686 5755/1421/4218 5743/1409/4216
f 5745/1411/1675 5757/1423/1687 5756/1422/1686 5744/1410/1674
f 5746/1412/1676 5758/1424/1688 5757/1423/1687 5745/1411/1675
f 5747/1413/1677 5759/1425/1689 5758/1424/1688 5746/1412/1676
f 5748/1414/1678 5760/1426/1690 5759/1425/1689 5747/1413/1677
f 5749/1415/1679 5761/1427/1691 5760/1426/1690 5748/1414/1678
f 5750/1416/4217 5762/1428/4219 5761/1427/1691 5749/1415/1679
f 5751/1417/1681 5763/1429/1693 5762/1428/4219 5750/1416/4217
f 5752/1418/1682 5764/1430/1694 5763/1429/1693 5751/1417/1681
f 5754/1419/1683 5766/1431/4220 5765/1432/1696 5753/1420/1684
f 5755/1421/4218 5767/1433/1697 5766/1431/4220 5754/1419/1683
f 5756/1422/1686 5768/1434/1698 5767/1433/1697 5755/1421/4218
f 5757/1423/1687 5769/1435/1699 5768/1434/1698 5756/1422/1686
f 5758/1424/1688 5770/1436/1700 5769/1435/1699 5757/1423/1687
f 5759/1425/1689 5771/1437/1701 5770/1436/1700 5758/1424/1688
f 5760/1426/1690 5772/1438/1702 5771/1437/1701 5759/1425/1689
f 5761/1427/1691 5773/1439/1703 5772/1438/1702 5760/1426/1690
f 5762/1428/4219 5774/1440/1704 5773/1439/1703 5761/1427/1691
f 5763/1429/1693 5775/1441/4221 5774/1440/1704 5762/1428/4219
f 5764/1430/1694 5776/1442/1706 5775/1441/4221 5763/1429/1693
f 5766/1431/4220 5778/1443/1707 5777/1444/1708 5765/1432/1696
f 5767/1433/1697 5779/1445/1709 5778/1443/1707 5766/1431/4220
f 5768/1434/1698 5780/1446/1710 5779/1445/1709 5767/1433/1697
f 5769/1435/1699 5781/1447/1711 5780/1446/1710 5768/1434/1698
f 5770/1436/1700 5782/1448/1712 5781/1447/1711 5769/1435/1699
f 5771/1437/1701 5783/1449/1713 5782/1448/1712 5770/1436/1700
f 5772/1438/1702 5784/1450/1714 5783/1449/1713 5771/1437/1701
f 5773/1439/1703 5785/1451/1715 5784/1450/1714 5772/1438/1702
f 5774/1440/1704 5786/1452/1716 5785/1451/1715 5773/1439/1703
f 5775/1441/4221 5787/1453/1717 5786/1452/1716 5774/1440/1704
f 5776/1442/1706 5788/1454/1718 5787/1453/1717 5775/1441/4221
f 5778/1443/1707 5790/1455/1719 5789/1456/1720 5777/1444/1708
f 5779/1445/1709 5791/1457/1721 5790/1455/1719 5778/1443/1707
f 5780/1446/1710 5792/1458/1722 5791/1457/1721 5779/1445/1709
f 5781/1447/1711 5793/1459/1723 5792/1458/1722 5780/1446/1710
f 5782/1448/1712 5794/1460/1724 5793/1459/1723 5781/1447/1711
f 5783/1449/1713 5795/1461/1725 5794/1460/1724 5782/1448/1712
f 5784/1450/1714 5796/1462/1726 5795/1461/1725 5783/1449/1713
f 5785/1451/1715 5797/1463/1727 5796/1462/1726 5784/1450/1714
f 5786/1452/1716 5798/1464/1728 5797/1463/1727 5785/1451/1715
f 5787/1453/1717 5799/1465/1729 5798/1464/1728 5786/1452/1716
f 5788/1454/1718 5800/1466/1730 5799/1465/1729 5787/1453/1717
f 5790/1455/1719 5802/1467/1731 5801/1468/1732 5789/1456/1720
f 5791/1457/1721 5803/1469/1733 5802/1467/1731 5790/1455/1719
f 5792/1458/1722 5804/1470/1734 5803/1469/1733 5791/1457/1721
f 5793/1459/1723 5805/1471/1735 5804/1470/1734 5792/1458/1722
f 5794/1460/1724 5806/1472/4222 5805/1471/1735 5793/1459/1723
f 5795/1461/1725 5807/1473/4223 5806/1472/4222 5794/1460/1724
f 5796/1462/1726 5808/1474/1738 5807/1473/4223 5795/1461/1725
f 5797/1463/1727 5809/1475/1739 5808/1474/1738 5796/1462/1726
f 5798/1464/1728 5810/1476/1740 5809/1475/1739 5797/1463/1727
f 5799/1465/1729 5811/1477/1741 5810/1476/1740 5798/1464/1728
f 5800/1466/1730 5812/1478/1742 5811/1477/1741 5799/1465/1729
f 5802/1467/1731 5814/1479/1743 5813/1480/1744 5801/1468/1732
f 5803/1469/1733 5815/1481/1745 5814/1479/1743 5802/1467/1731
f 5804/1470/1734 5816/1482/1746 5815/1481/1745 5803/1469/1733
f 5805/1471/1735 5817/1483/1747 5816/1482/1746 5804/1470/1734
f 5806/1472/4222 5818/1484/1748 5817/1483/1747 5805/1471/1735
f 5807/1473/4223 5819/1485/1749 5818/1484/1748 5806/1472/4222
f 5808/1474/1738 5820/1486/1750 5819/1485/1749 5807/1473/4223
f 5809/1475/1739 5821/1487/1751 5820/1486/1750 5808/1474/1738
f 5810/1476/1740 5822/1488/1752 5821/1487/1751 5809/1475/1739
f 5811/1477/1741 5823/1489/1753 5822/1488/1752 5810/1476/1740
f 5812/1478/1742 5824/1490/1754 5823/1489/1753 5811/1477/1741
f 5814/1479/1743 5826/1491/1755 5825/1492/1756 5813/1480/1744
f 5815/1481/1745 5827/1493/1757 5826/1491/1755 5814/1479/1743
f 5816/1482/1746 5828/1494/1758 5827/1493/1757 5815/1481/1745
f 5817/1483/1747 5829/1495/1759 5828/1494/1758 5816/1482/1746
f 5818/1484/1748 5830/1496/1760 5829/1495/1759 5817/1483/1747
f 5819/1485/1749 5831/1497/1761 5830/1496/1760 5818/1484/1748
f 5820/1486/1750 5832/1498/1762 5831/1497/1761 5819/1485/1749
f 5821/1487/1751 5833/1499/1763 5832/1498/1762 5820/1486/1750
f 5822/1488/1752 5834/1500/1764 5833/1499/1763 5821/1487/1751
f 5823/1489/1753 5835/1501/1765 5834/1500/1764 5822/1488/1752
f 5824/1490/1754 5836/1502/1766 5835/1501/1765 5823/1489/1753
f 5826/1491/1755 5838/1503/1767 5837/1504/1768 5825/1492/1756
f 5827/1493/1757 5839/1505/1769 5838/1503/1767 5826/1491/1755
f 5828/1494/1758 5840/1506/1770 5839/1505/1769 5827/1493/1757
f 5829/1495/1759 5841/1507/1771 5840/1506/1770 5828/1494/1758
f 5830/1496/1760 5842/1508/1772 5841/1507/1771 5829/1495/1759
f 5831/1497/1761 5843/1509/1773 5842/1508/1772 5830/1496/1760
f 5832/1498/1762 5844/1510/1774 5843/1509/1773 5831/1497/1761
f 5833/1499/1763 5845/1511/1775 5844/1510/1774 5832/1498/1762
f 5834/1500/1764 5846/1512/1776 5845/1511/1775 5833/1499/1763
f 5835/1501/1765 5847/1513/1777 5846/1512/1776 5834/1500/1764
f 5836/1502/1766 5848/1514/1778 5847/1513/1777 5835/1501/1765
f 5838/1503/1767 5850/1515/1779 5849/1516/1780 5837/1504/1768
f 5839/1505/1769 5851/1517/1781 5850/1515/1779 5838/1503/1767
f 5840/1506/1770 5852/1518/1782 5851/1517/1781 5839/1505/1769
f 5841/1507/1771 5853/1519/1783 5852/1518/1782 5840/1506/1770
f 5842/1508/1772 5854/1520/1784 5853/1519/1783 5841/1507/1771
f 5843/1509/1773 5855/1521/1785 5854/1520/1784 5842/1508/1772
f 5844/1510/1774 5856/1522/1786 5855/1521/1785 5843/1509/1773
f 5845/1511/1775 5857/1523/1787 5856/1522/1786 5844/1510/1774
f 5846/1512/1776 5858/1524/1788 5857/1523/1787 5845/1511/1775
f 5847/1513/1777 5859/1525/1789 5858/1524/1788 5846/1512/1776
f 5848/1514/1778 5860/1526/1790 5859/1525/1789 5847/1513/1777
f 5850/1515/1779 5862/1527/1791 5861/1528/1792 5849/1516/1780
f 5851/1517/1781 5863/1529/1793 5862/1527/1791 5850/1515/1779
f 5852/1518/1782 5864/1530/1794 5863/1529/1793 5851/1517/1781
f 5853/1519/1783 5865/1531/1795 5864/1530/1794 5852/1518/1782
f 5854/1520/1784 5866/1532/1796 5865/1531/1795 5853/1519/1783
f 5855/1521/1785 5867/1533/1797 5866/1532/1796 5854/1520/1784
f 5856/1522/1786 5868/1534/1798 5867/1533/1797 5855/1521/1785
f 5857/1523/1787 5869/1535/1799 5868/1534/1798 5856/1522/1786
f 5858/1524/1788 5870/1536/1800 5869/1535/1799 5857/1523/1787
f 5859/1525/1789 5871/1537/1801 5870/1536/1800 5858/1524/1788
f 5860/1526/1790 5872/1538/1802 5871/1537/1801 5859/1525/1789
f 5862/1527/1791 5874/1539/1803 5873/1540/1804 5861/1528/1792
f 5863/1529/1793 5875/1541/1805 5874/1539/1803 5862/1527/1791
f 5864/1530/1794 5876/1542/1806 5875/1541/1805 5863/1529/1793
f 5865/1531/1795 5877/1543/1807 5876/1542/1806 5864/1530/1794
f 5866/1532/1796 5878/1544/1808 5877/1543/1807 5865/1531/1795
f 5867/1533/1797 5879/1545/1809 5878/1544/1808 5866/1532/1796
f 5868/1534/1798 5880/1546/1810 5879/1545/1809 5867/1533/1797
f 5869/1535/1799 5881/1547/1811 5880/1546/1810 5868/1534/1798
f 5870/1536/1800 5882/1548/1812 5881/1547/1811 5869/1535/1799
f 5871/1537/1801 5883/1549/1813 5882/1548/1812 5870/1536/1800
f 5872/1538/1802 5884/1550/1814 5883/1549/1813 5871/1537/1801
f 5874/1539/1803 5886/1551/1815 5885/1552/1816 5873/1540/1804
f 5875/1541/1805 5887/1553/1817 5886/1551/1815 5874/1539/1803
f 5876/1542/1806 5888/1554/1818 5887/1553/1817 5875/1541/1805
f 5877/1543/1807 5889/1555/1819 5888/1554/1818 5876/1542/1806
f 5878/1544/1808 5890/1556/1820 5889/1555/1819 5877/1543/1807
f 5879/1545/1809 5891/1557/1821 5890/1556/1820 5878/1544/1808
f 5880/1546/1810 5892/1558/1822 5891/1557/1821 5879/1545/1809
f 5881/1547/1811 5893/1559/1823 5892/1558/1822 5880/1546/1810
f 5882/1548/1812 5894/1560/1824 5893/1559/1823 5881/1547/1811
f 5883/1549/1813 5895/1561/1825 5894/1560/1824 5882/1548/1812
f 5884/1550/1814 5896/1562/1826 5895/1561/1825 5883/1549/1813
f 5886/1551/1815 5898/1563/1827 5897/1564/1828 5885/1552/1816
f 5887/1553/1817 5899/1565/1829 5898/1563/1827 5886/1551/1815
f 5888/1554/1818 5900/1566/1830 5899/1565/1829 5887/1553/1817
f 5889/1555/1819 5901/1567/1831 5900/1566/1830 5888/1554/1818
f 5890/1556/1820 5902/1568/1832 5901/1567/1831 5889/1555/1819
f 5891/1557/1821 5903/1569/1833 5902/1568/1832 5890/1556/1820
f 5892/1558/1822 5904/1570/1834 5903/1569/1833 5891/1557/1821
f 5893/1559/1823 5905/1571/1835 5904/1570/1834 5892/1558/1822
f 5894/1560/1824 5906/1572/1836 5905/1571/1835 5893/1559/1823
f 5895/1561/1825 5907/1573/1837 5906/1572/1836 5894/1560/1824
f 5896/1562/1826 5908/1574/1838 5907/1573/1837 5895/1561/1825
f 5898/1563/1827 5910/1575/1839 5909/1576/1840 5897/1564/1828
f 5899/1565/1829 5911/1577/1841 5910/1575/1839 5898/1563/1827
f 5900/1566/1830 5912/1578/1842 5911/1577/1841 5899/1565/1829
f 5901/1567/1831 5913/1579/1843 5912/1578/1842 5900/1566/1830
f 5902/1568/1832 5914/1580/1844 5913/1579/1843 5901/1567/1831
f 5903/1569/1833 5915/1581/1845 5914/1580/1844 5902/1568/1832
f 5904/1570/1834 5916/1582/1846 5915/1581/1845 5903/1569/1833
f 5905/1571/1835 5917/1583/1847 5916/1582/1846 5904/1570/1834
f 5906/1572/1836 5918/1584/1848 5917/1583/1847 5905/1571/1835
f 5907/1573/1837 5919/1585/1849 5918/1584/1848 5906/1572/1836
f 5908/1574/1838 5920/1586/1850 5919/1585/1849 5907/1573/1837
f 5910/1575/1839 5922/1587/1851 5921/1588/1852 5909/1576/1840
f 5911/1577/1841 5923/1589/1853 5922/1587/1851 5910/1575/1839
f 5912/1578/1842 5924/1590/1854 5923/1589/1853 5911/1577/1841
f 5913/1579/1843 5925/1591/1855 5924/1590/1854 5912/1578/1842
f 5914/1580/1844 5926/1592/1856 5925/1591/1855 5913/1579/1843
f 5915/1581/1845 5927/1593/1857 5926/1592/1856 5914/1580/1844
f 5916/1582/1846 5928/1594/1858 5927/1593/1857 5915/1581/1845
f 5917/1583/1847 5929/1595/1859 5928/1594/1858 5916/1582/1846
f 5918/1584/1848 5930/1596/1860 5929/1595/1859 5917/1583/1847
f 5919/1585/1849 5931/1597/1861 5930/1596/1860 5918/1584/1848
f 5920/1586/1850 5932/1598/1862 5931/1597/1861 5919/1585/1849
f 5922/1587/1851 5934/1599/1863 5933/1600/1864 5921/1588/1852
f 5923/1589/1853 5935/1601/1865 5934/1599/1863 5922/1587/1851
f 5924/1590/1854 5936/1602/1866 5935/1601/1865 5923/1589/1853
f 5925/1591/1855 5937/1603/1867 5936/1602/1866 5924/1590/1854
f 5926/1592/1856 5938/1604/1868 5937/1603/1867 5925/1591/1855
f 5927/1593/1857 5939/1605/1869 5938/1604/1868 5926/1592/1856
f 5928/1594/1858 5940/1606/1870 5939/1605/1869 5927/1593/1857
f 5929/1595/1859 5941/1607/1871 5940/1606/1870 5928/1594/1858
f 5930/1596/1860 5942/1608/1872 5941/1607/1871 5929/1595/1859
f 5931/1597/1861 5943/1609/1873 5942/1608/1872 5930/1596/1860
f 5932/1598/1862 5944/1610/1874 5943/1609/1873 5931/1597/1861
f 5934/1599/1863 5946/1611/1875 5945/1612/1876 5933/1600/1864
f 5935/1601/1865 5947/1613/1877 5946/1611/1875 5934/1599/1863
f 5936/1602/1866 5948/1614/1878 5947/1613/1877 5935/1601/1865
f 5937/1603/1867 5949/1615/1879 5948/1614/1878 5936/1602/1866
f 5938/1604/1868 5950/1616/1880 5949/1615/1879 5937/1603/1867
f 5939/1605/1869 5951/1617/1881 5950/1616/1880 5938/1604/1868
f 5940/1606/1870 5952/1618/1882 5951/1617/1881 5939/1605/1869
f 5941/1607/1871 5953/1619/1883 5952/1618/1882 5940/1606/1870
f 5942/1608/1872 5954/1620/1884 5953/1619/1883 5941/1607/1871
f 5943/1609/1873 5955/1621/1885 5954/1620/1884 5942/1608/1872
f 5944/1610/1874 5956/1622/1886 5955/1621/1885 5943/1609/1873
f 5946/1611/1875 5958/1623/1887 5957/1624/1888 5945/1612/1876
f 5947/1613/1877 5959/1625/1889 5958/1623/1887 5946/1611/1875
f 5948/1614/1878 5960/1626/1890 5959/1625/1889 5947/1613/1877
f 5949/1615/1879 5961/1627/1891 5960/1626/1890 5948/1614/1878
f 5950/1616/1880 5962/1628/1892 5961/1627/1891 5949/1615/1879
f 5951/1617/1881 5963/1629/1893 5962/1628/1892 5950/1616/1880
f 5952/1618/1882 5964/1630/1894 5963/1629/1893 5951/1617/1881
f 5953/1619/1883 5965/1631/1895 5964/1630/1894 5952/1618/1882
f 5954/1620/1884 5966/1632/4224 5965/1631/1895 5953/1619/1883
f 5955/1621/1885 5967/1633/1897 5966/1632/4224 5954/1620/1884
f 5956/1622/1886 5968/1634/1898 5967/1633/1897 5955/1621/1885
f 5958/1623/1887 5970/1635/1899 5969/1636/1900 5957/1624/1888
f 5959/1625/1889 5971/1637/1901 5970/1635/1899 5958/1623/1887
f 5960/1626/1890 5972/1638/1902 5971/1637/1901 5959/1625/1889
f 5961/1627/1891 5973/1639/1903 5972/1638/1902 5960/1626/1890
f 5962/1628/1892 5974/1640/1904 5973/1639/1903 5961/1627/1891
f 5963/1629/1893 5975/1641/1905 5974/1640/1904 5962/1628/1892
f 5964/1630/1894 5976/1642/1906 5975/1641/1905 5963/1629/1893
f 5965/1631/1895 5977/1643/1907 5976/1642/1906 5964/1630/1894
f 5966/1632/4224 5978/1644/1908 5977/1643/1907 5965/1631/1895
f 5967/1633/1897 5979/1645/1909 5978/1644/1908 5966/1632/4224
f 5968/1634/1898 5980/1646/1910 5979/1645/1909 5967/1633/1897
f 5970/1635/1899 5982/1647/1911 5981/1648/1912 5969/1636/1900
f 5971/1637/1901 5983/1649/1913 5982/1647/1911 5970/1635/1899
f 5972/1638/1902 5984/1650/1914 5983/1649/1913 5971/1637/1901
f 5973/1639/1903 5985/1651/1915 5984/1650/1914 5972/1638/1902
f 5974/1640/1904 5986/1652/1916 5985/1651/1915 5973/1639/1903
f 5975/1641/1905 5987/1653/1917 5986/1652/1916 5974/1640/1904
f 5976/1642/1906 5988/1654/1918 5987/1653/1917 5975/1641/1905
f 5977/1643/1907 5989/1655/1919 5988/1654/1918 5976/1642/1906
f 5978/1644/1908 5990/1656/1920 5989/1655/1919 5977/1643/1907
f 5979/1645/1909 5991/1657/1921 5990/1656/1920 5978/1644/1908
f 5980/1646/1910 5992/1658/1922 5991/1657/1921 5979/1645/1909
f 5982/1647/1911 5994/1659/1923 5993/1660/1924 5981/1648/1912
f 5983/1649/1913 5995/1661/1925 5994/1659/1923 5982/1647/1911
f 5984/1650/1914 5996/1662/1926 5995/1661/1925 5983/1649/1913
f 5985/1651/1915 5997/1663/1927 5996/1662/1926 5984/1650/1914
f 5986/1652/1916 5998/1664/1928 5997/1663/1927 5985/1651/1915
f 5987/1653/1917 5999/1665/1929 5998/1664/1928 5986/1652/1916
f 5988/1654/1918 6000/1666/1930 5999/1665/1929 5987/1653/1917
f 5989/1655/1919 6001/1667/1931 6000/1666/1930 5988/1654/1918
f 5990/1656/1920 6002/1668/1932 6001/1667/1931 5989/1655/1919
f 5991/1657/1921 6003/1669/1933 6002/1668/1932 5990/1656/1920
f 5992/1658/1922 6004/1670/1934 6003/1669/1933 5991/1657/1921
f 5994/1659/1923 6006/1671/1935 6005/1672/1936 5993/1660/1924
f 5995/1661/1925 6007/1673/1937 6006/1671/1935 5994/1659/1923
f 5996/1662/1926 6008/1674/1938 6007/1673/1937 5995/1661/1925
f 5997/1663/1927 6009/1675/4225 6008/1674/1938 5996/1662/1926
f 5998/1664/1928 6010/1676/1940 6009/1675/4225 5997/1663/1927
f 5999/1665/1929 6011/1677/1941 6010/1676/1940 5998/1664/1928
f 6000/1666/1930 6012/1678/1942 6011/1677/1941 5999/1665/1929
f 6001/1667/1931 6013/1679/1943 6012/1678/1942 6000/1666/1930
f 6002/1668/1932 6014/1680/1944 6013/1679/1943 6001/1667/1931
f 6003/1669/1933 6015/1681/1945 6014/1680/1944 6002/1668/1932
f 6004/1670/1934 6016/1682/1946 6015/1681/1945 6003/1669/1933
f 6006/1671/1935 6018/1683/1947 6017/1684/1948 6005/1672/1936
f 6007/1673/1937 6019/1685/1949 6018/1683/1947 6006/1671/1935
f 6008/1674/1938 6020/1686/1950 6019/1685/1949 6007/1673/1937
f 6009/1675/4225 6021/1687/1951 6020/1686/1950 6008/1674/1938
f 6010/1676/1940 6022/1688/1952 6021/1687/1951 6009/1675/4225
f 6011/1677/1941 6023/1689/1953 6022/1688/1952 6010/1676/1940
f 6012/1678/1942 6024/1690/1954 6023/1689/1953 6011/1677/1941
f 6013/1679/1943 6025/1691/1955 6024/1690/1954 6012/1678/1942
f 6014/1680/1944 6026/1692/1956 6025/1691/1955 6013/1679/1943
f 6015/1681/1945 6027/1693/1957 6026/1692/1956 6014/1680/1944
f 6016/1682/1946 6028/1694/1958 6027/1693/1957 6015/1681/1945
f 6018/1683/1947 6030/1695/1959 6029/1696/1960 6017/1684/1948
f 6019/1685/1949 6031/1697/1961 6030/1695/1959 6018/1683/1947
f 6020/1686/1950 6032/1698/1962 6031/1697/1961 6019/1685/1949
f 6021/1687/1951 6033/1699/1963 6032/1698/1962 6020/1686/1950
f 6022/1688/1952 6034/1700/1964 6033/1699/1963 6021/1687/1951
f 6023/1689/1953 6035/1701/1965 6034/1700/1964 6022/1688/1952
f 6024/1690/1954 6036/1702/1966 6035/1701/1965 6023/1689/1953
f 6025/1691/1955 6037/1703/1967 6036/1702/1966 6024/1690/1954
f 6026/1692/1956 6038/1704/1968 6037/1703/1967 6025/1691/1955
f 6027/1693/1957 6039/1705/1969 6038/1704/1968 6026/1692/1956
f 6028/1694/1958 6040/1706/1970 6039/1705/1969 6027/1693/1957
f 6030/1695/1959 6042/1707/1971 6041/1708/1972 6029/1696/1960
f 6031/1697/1961 6043/1709/1973 6042/1707/1971 6030/1695/1959
f 6032/1698/1962 6044/1710/1974 6043/1709/1973 6031/1697/1961
f 6033/1699/1963 6045/1711/1975 6044/1710/1974 6032/1698/1962
f 6034/1700/1964 6046/1712/1976 6045/1711/1975 6033/1699/1963
f 6035/1701/1965 6047/1713/1977 6046/1712/1976 6034/1700/1964
f 6036/1702/1966 6048/1714/1978 6047/1713/1977 6035/1701/1965
f 6037/1703/1967 6049/1715/1979 6048/1714/1978 6036/1702/1966
f 6038/1704/1968 6050/1716/1980 6049/1715/1979 6037/1703/1967
f 6039/1705/1969 6051/1717/1981 6050/1716/1980 6038/1704/1968
f 6040/1706/1970 6052/1718/1982 6051/1717/1981 6039/1705/1969
f 6042/1707/1971 6054/1719/1983 6053/1720/1984 6041/1708/1972
f 6043/1709/1973 6055/1721/1985 6054/1719/1983 6042/1707/1971
f 6044/1710/1974 6056/1722/4226 6055/1721/1985 6043/1709/1973
f 6045/1711/1975 6057/1723/1987 6056/1722/4226 6044/1710/1974
f 6046/1712/1976 6058/1724/1988 6057/1723/1987 6045/1711/1975
f 6047/1713/1977 6059/1725/1989 6058/1724/1988 6046/1712/1976
f 6048/1714/1978 6060/1726/1990 6059/1725/1989 6047/1713/1977
f 6049/1715/1979 6061/1727/4227 6060/1726/1990 6048/1714/1978
f 6050/1716/1980 6062/1728/1992 6061/1727/4227 6049/1715/1979
f 6051/1717/1981 6063/1729/1993 6062/1728/1992 6050/1716/1980
f 6052/1718/1982 6064/1730/1994 6063/1729/1993 6051/1717/1981
f 6054/1719/1983 6066/1731/1995 6065/1732/1996 6053/1720/1984
f 6055/1721/1985 6067/1733/1997 6066/1731/1995 6054/1719/1983
f 6056/1722/4226 6068/1734/1998 6067/1733/1997 6055/1721/1985
f 6057/1723/1987 6069/1735/1999 6068/1734/1998 6056/1722/4226
f 6058/1724/1988 6070/1736/2000 6069/1735/1999 6057/1723/1987
f 6059/1725/1989 6071/1737/2001 6070/1736/2000 6058/1724/1988
f 6060/1726/1990 6072/1738/2002 6071/1737/2001 6059/1725/1989
f 6061/1727/4227 6073/1739/2003 6072/1738/2002 6060/1726/1990
f 6062/1728/1992 6074/1740/2004 6073/1739/2003 6061/1727/4227
f 6063/1729/1993 6075/1741/2005 6074/1740/2004 6062/1728/1992
f 6064/1730/1994 6076/1742/2006 6075/1741/2005 6063/1729/1993
f 6066/1731/1995 6078/1743/2007 6077/1744/4228 6065/1732/1996
f 6067/1733/1997 6079/1745/2009 6078/1743/2007 6066/1731/1995
f 6068/1734/1998 6080/1746/2010 6079/1745/2009 6067/1733/1997
f 6069/1735/1999 6081/1747/2011 6080/1746/2010 6068/1734/1998
f 6070/1736/2000 6082/1748/2012 6081/1747/2011 6069/1735/1999
f 6071/1737/2001 6083/1749/2013 6082/1748/2012 6070/1736/2000
f 6072/1738/2002 6084/1750/2014 6083/1749/2013 6071/1737/2001
f 6073/1739/2003 6085/1751/2015 6084/1750/2014 6072/1738/2002
f 6074/1740/2004 6086/1752/2016 6085/1751/2015 6073/1739/2003
f 6075/1741/2005 6087/1753/2017 6086/1752/2016 6074/1740/2004
f 6076/1742/2006 6088/1754/4229 6087/1753/2017 6075/1741/2005
f 6078/1743/2007 6090/1755/2019 6089/1756/2020 6077/1744/4228
f 6079/1745/2009 6091/1757/2021 6090/1755/2019 6078/1743/2007
f 6080/1746/2010 6092/1758/2022 6091/1757/2021 6079/1745/2009
f 6081/1747/2011 6093/1759/2023 6092/1758/2022 6080/1746/2010
f 6082/1748/2012 6094/1760/2024 6093/1759/2023 6081/1747/2011
f 6083/1749/2013 6095/1761/2025 6094/1760/2024 6082/1748/2012
f 6084/1750/2014 6096/1762/2026 6095/1761/2025 6083/1749/2013
f 6085/1751/2015 6097/1763/2027 6096/1762/2026 6084/1750/2014
f 6086/1752/2016 6098/1764/2028 6097/1763/2027 6085/1751/2015
f 6087/1753/2017 6099/1765/2029 6098/1764/2028 6086/1752/2016
f 6088/1754/4229 6100/1766/2030 6099/1765/2029 6087/1753/2017
f 6090/1755/2019 6102/1767/2031 6101/1768/2032 6089/1756/2020
f 6091/1757/2021 6103/1769/2033 6102/1767/2031 6090/1755/2019
f 6092/1758/2022 6104/1770/2034 6103/1769/2033 6091/1757/2021
f 6093/1759/2023 6105/1771/2035 6104/1770/2034 6092/1758/2022
f 6094/1760/2024 6106/1772/2036 6105/1771/2035 6093/1759/2023
f 6095/1761/2025 6107/1773/2037 6106/1772/2036 6094/1760/2024
f 6096/1762/2026 6108/1774/2038 6107/1773/2037 6095/1761/2025
f 6097/1763/2027 6109/1775/2039 6108/1774/2038 6096/1762/2026
f 6098/1764/2028 6110/1776/2040 6109/1775/2039 6097/1763/2027
f 6099/1765/2029 6111/1777/2041 6110/1776/2040 6098/1764/2028
f 6100/1766/2030 6112/1778/2042 6111/1777/2041 6099/1765/2029
f 6102/1767/2031 6114/1779/2043 6113/1780/2044 6101/1768/2032
f 6103/1769/2033 6115/1781/2045 6114/1779/2043 6102/1767/2031
f 6104/1770/2034 6116/1782/2046 6115/1781/2045 6103/1769/2033
f 6105/1771/2035 6117/1783/2047 6116/1782/2046 6104/1770/2034
f 6106/1772/2036 6118/1784/2048 6117/1783/2047 6105/1771/2035
f 6107/1773/2037 6119/1785/2049 6118/1784/2048 6106/1772/2036
f 6108/1774/2038 6120/1786/2050 6119/1785/2049 6107/1773/2037
f 6109/1775/2039 6121/1787/2051 6120/1786/2050 6108/1774/2038
f 6110/1776/2040 6122/1788/2052 6121/1787/2051 6109/1775/2039
f 6111/1777/2041 6123/1789/2053 6122/1788/2052 6110/1776/2040
f 6112/1778/2042 6124/1790/2054 6123/1789/2053 6111/1777/2041
f 6114/1779/2043 6126/1791/2055 6125/1792/2056 6113/1780/2044
f 6115/1781/2045 6127/1793/2057 6126/1791/2055 6114/1779/2043
f 6116/1782/2046 6128/1794/2058 6127/1793/2057 6115/1781/2045
f 6117/1783/2047 6129/1795/2059 6128/1794/2058 6116/1782/2046
f 6118/1784/2048 6130/1796/2060 6129/1795/2059 6117/1783/2047
f 6119/1785/2049 6131/1797/2061 6130/1796/2060 6118/1784/2048
f 6120/1786/2050 6132/1798/2062 6131/1797/2061 6119/1785/2049
f 6121/1787/2051 6133/1799/2063 6132/1798/2062 6120/1786/2050
f 6122/1788/2052 6134/1800/2064 6133/1799/2063 6121/1787/2051
f 6123/1789/2053 6135/1801/2065 6134/1800/2064 6122/1788/2052
f 6124/1790/2054 6136/1802/2066 6135/1801/2065 6123/1789/2053
f 6126/1791/2055 6138/1803/2067 6137/1804/2068 6125/1792/2056
f 6127/1793/2057 6139/1805/2069 6138/1803/2067 6126/1791/2055
f 6128/1794/2058 6140/1806/2070 6139/1805/2069 6127/1793/2057
f 6129/1795/2059 6141/1807/2071 6140/1806/2070 6128/1794/2058
f 6130/1796/2060 6142/1808/2072 6141/1807/2071 6129/1795/2059
f 6131/1797/2061 6143/1809/2073 6142/1808/2072 6130/1796/2060
f 6132/1798/2062 6144/1810/2074 6143/1809/2073 6131/1797/2061
f 6133/1799/2063 6145/1811/2075 6144/1810/2074 6132/1798/2062
f 6134/1800/2064 6146/1812/2076 6145/1811/2075 6133/1799/2063
f 6135/1801/2065 6147/1813/2077 6146/1812/2076 6134/1800/2064
f 6136/1802/2066 6148/1814/2078 6147/1813/2077 6135/1801/2065
f 6138/1803/2067 6150/1815/2079 6149/1816/2080 6137/1804/2068
f 6139/1805/2069 6151/1817/2081 6150/1815/2079 6138/1803/2067
f 6140/1806/2070 6152/1818/2082 6151/1817/2081 6139/1805/2069
f 6141/1807/2071 6153/1819/2083 6152/1818/2082 6140/1806/2070
f 6142/1808/2072 6154/1820/2084 6153/1819/2083 6141/1807/2071
f 6143/1809/2073 6155/1821/2085 6154/1820/2084 6142/1808/2072
f 6144/1810/2074 6156/1822/2086 6155/1821/2085 6143/1809/2073
f 6145/1811/2075 6157/1823/2087 6156/1822/2086 6144/1810/2074
f 6146/1812/2076 6158/1824/2088 6157/1823/2087 6145/1811/2075
f 6147/1813/2077 6159/1825/2089 6158/1824/2088 6146/1812/2076
f 6148/1814/2078 6160/1826/2090 6159/1825/2089 6147/1813/2077
f 6150/1815/2079 6162/1827/2091 6161/1828/2092 6149/1816/2080
f 6151/1817/2081 6163/1829/2093 6162/1827/2091 6150/1815/2079
f 6152/1818/2082 6164/1830/2094 6163/1829/2093 6151/1817/2081
f 6153/1819/2083 6165/1831/2095 6164/1830/2094 6152/1818/2082
f 6154/1820/2084 6166/1832/2096 6165/1831/2095 6153/1819/2083
f 6155/1821/2085 6167/1833/2097 6166/1832/2096 6154/1820/2084
f 6156/1822/2086 6168/1834/2098 6167/1833/2097 6155/1821/2085
f 6157/1823/2087 6169/1835/2099 6168/1834/2098 6156/1822/2086
f 6158/1824/2088 6170/1836/2100 6169/1835/2099 6157/1823/2087
f 6159/1825/2089 6171/1837/2101 6170/1836/2100 6158/1824/2088
f 6160/1826/2090 6172/1838/2102 6171/1837/2101 6159/1825/2089
f 6162/1827/2091 6174/1839/2103 6173/1840/2104 6161/1828/2092
f 6163/1829/2093 6175/1841/2105 6174/1839/2103 6162/1827/2091
f 6164/1830/2094 6176/1842/2106 6175/1841/2105 6163/1829/2093
f 6165/1831/2095 6177/1843/2107 6176/1842/2106 6164/1830/2094
f 6166/1832/2096 6178/1844/2108 6177/1843/2107 6165/1831/2095
f 6167/1833/2097 6179/1845/2109 6178/1844/2108 6166/1832/2096
f 6168/1834/2098 6180/1846/2110 6179/1845/2109 6167/1833/2097
f 6169/1835/2099 6181/1847/2111 6180/1846/2110 6168/1834/2098
f 6170/1836/2100 6182/1848/2112 6181/1847/2111 6169/1835/2099
f 6171/1837/2101 6183/1849/2113 6182/1848/2112 6170/1836/2100
f 6172/1838/2102 6184/1850/2114 6183/1849/2113 6171/1837/2101
f 6174/1839/2103 6186/1851/2115 6185/1852/2116 6173/1840/2104
f 6175/1841/2105 6187/1853/2117 6186/1851/2115 6174/1839/2103
f 6176/1842/2106 6188/1854/2118 6187/1853/2117 6175/1841/2105
f 6177/1843/2107 6189/1855/2119 6188/1854/2118 6176/1842/2106
f 6178/1844/2108 6190/1856/2120 6189/1855/2119 6177/1843/2107
f 6179/1845/2109 6191/1857/2121 6190/1856/2120 6178/1844/2108
f 6180/1846/2110 6192/1858/2122 6191/1857/2121 6179/1845/2109
f 6181/1847/2111 6193/1859/2123 6192/1858/2122 6180/1846/2110
f 6182/1848/2112 6194/1860/2124 6193/1859/2123 6181/1847/2111
f 6183/1849/2113 6195/1861/2125 6194/1860/2124 6182/1848/2112
f 6184/1850/2114 6196/1862/2126 6195/1861/2125 6183/1849/2113
f 6186/1851/2115 6198/1863/2127 6197/1864/2128 6185/1852/2116
f 6187/1853/2117 6199/1865/2129 6198/1863/2127 6186/1851/2115
f 6188/1854/2118 6200/1866/2130 6199/1865/2129 6187/1853/2117
f 6189/1855/2119 6201/1867/2131 6200/1866/2130 6188/1854/2118
f 6190/1856/2120 6202/1868/2132 6201/1867/2131 6189/1855/2119
f 6191/1857/2121 6203/1869/2133 6202/1868/2132 6190/1856/2120
f 6192/1858/2122 6204/1870/2134 6203/1869/2133 6191/1857/2121
f 6193/1859/2123 6205/1871/2135 6204/1870/2134 6192/1858/2122
f 6194/1860/2124 6206/1872/2136 6205/1871/2135 6193/1859/2123
f 6195/1861/2125 6207/1873/2137 6206/1872/2136 6194/1860/2124
f 6196/1862/2126 6208/1874/2138 6207/1873/2137 6195/1861/2125
f 6198/1863/2127 6210/1875/2139 6209/1876/2140 6197/1864/2128
f 6199/1865/2129 6211/1877/2141 6210/1875/2139 6198/1863/2127
f 6200/1866/2130 6212/1878/2142 6211/1877/2141 6199/1865/2129
f 6201/1867/2131 6213/1879/2143 6212/1878/2142 6200/1866/2130
f 6202/1868/2132 6214/1880/2144 6213/1879/2143 6201/1867/2131
f 6203/1869/2133 6215/1881/2145 6214/1880/2144 6202/1868/2132
f 6204/1870/2134 6216/1882/2146 6215/1881/2145 6203/1869/2133
f 6205/1871/2135 6217/1883/2147 6216/1882/2146 6204/1870/2134
f 6206/1872/2136 6218/1884/2148 6217/1883/2147 6205/1871/2135
f 6207/1873/2137 6219/1885/2149 6218/1884/2148 6206/1872/2136
f 6208/1874/2138 6220/1886/2150 6219/1885/2149 6207/1873/2137
f 6210/1875/2139 6222/1887/2151 6221/1888/2152 6209/1876/2140
f 6211/1877/2141 6223/1889/2153 6222/1887/2151 6210/1875/2139
f 6212/1878/2142 6224/1890/2154 6223/1889/2153 6211/1877/2141
f 6213/1879/2143 6225/1891/2155 6224/1890/2154 6212/1878/2142
f 6214/1880/2144 6226/1892/2156 6225/1891/2155 6213/1879/2143
f 6215/1881/2145 6227/1893/2157 6226/1892/2156 6214/1880/2144
f 6216/1882/2146 6228/1894/2158 6227/1893/2157 6215/1881/2145
f 6217/1883/2147 6229/1895/2159 6228/1894/2158 6216/1882/2146
f 6218/1884/2148 6230/1896/2160 6229/1895/2159 6217/1883/2147
f 6219/1885/2149 6231/1897/2161 6230/1896/2160 6218/1884/2148
f 6220/1886/2150 6232/1898/2162 6231/1897/2161 6219/1885/2149
f 6222/1887/2151 6234/1899/2163 6233/1900/2164 6221/1888/2152
f 6223/1889/2153 6235/1901/2165 6234/1899/2163 6222/1887/2151
f 6224/1890/2154 6236/1902/2166 6235/1901/2165 6223/1889/2153
f 6225/1891/2155 6237/1903/2167 6236/1902/2166 6224/1890/2154
f 6226/1892/2156 6238/1904/2168 6237/1903/2167 6225/1891/2155
f 6227/1893/2157 6239/1905/2169 6238/1904/2168 6226/1892/2156
f 6228/1894/2158 6240/1906/2170 6239/1905/2169 6227/1893/2157
f 6229/1895/2159 6241/1907/2171 6240/1906/2170 6228/1894/2158
f 6230/1896/2160 6242/1908/2172 6241/1907/2171 6229/1895/2159
f 6231/1897/2161 6243/1909/2173 6242/1908/2172 6230/1896/2160
f 6232/1898/2162 6244/1910/2174 6243/1909/2173 6231/1897/2161
f 6234/1899/2163 6246/1911/2175 6245/1912/2176 6233/1900/2164
f 6235/1901/2165 6247/1913/2177 6246/1911/2175 6234/1899/2163
f 6236/1902/2166 6248/1914/2178 6247/1913/2177 6235/1901/2165
f 6237/1903/2167 6249/1915/2179 6248/1914/2178 6236/1902/2166
f 6238/1904/2168 6250/1916/2180 6249/1915/2179 6237/1903/2167
f 6239/1905/2169 6251/1917/2181 6250/1916/2180 6238/1904/2168
f 6240/1906/2170 6252/1918/2182 6251/1917/2181 6239/1905/2169
f 6241/1907/2171 6253/1919/2183 6252/1918/2182 6240/1906/2170
f 6242/1908/2172 6254/1920/2184 6253/1919/2183 6241/1907/2171
f 6243/1909/2173 6255/1921/2185 6254/1920/2184 6242/1908/2172
f 6244/1910/2174 6256/1922/2186 6255/1921/2185 6243/1909/2173
f 6246/1911/2175 6258/1923/2187 6257/1924/2188 6245/1912/2176
f 6247/1913/2177 6259/1925/2189 6258/1923/2187 6246/1911/2175
f 6248/1914/2178 6260/1926/2190 6259/1925/2189 6247/1913/2177
f 6249/1915/2179 6261/1927/2191 6260/1926/2190 6248/1914/2178
f 6250/1916/2180 6262/1928/2192 6261/1927/2191 6249/1915/2179
f 6251/1917/2181 6263/1929/2193 6262/1928/2192 6250/1916/2180
f 6252/1918/2182 6264/1930/2194 6263/1929/2193 6251/1917/2181
f 6253/1919/2183 6265/1931/2195 6264/1930/2194 6252/1918/2182
f 6254/1920/2184 6266/1932/2196 6265/1931/2195 6253/1919/2183
f 6255/1921/2185 6267/1933/2197 6266/1932/2196 6254/1920/2184
f 6256/1922/2186 6268/1934/2198 6267/1933/2197 6255/1921/2185
f 6258/1923/2187 6270/1935/2199 6269/1936/2200 6257/1924/2188
f 6259/1925/2189 6271/1937/2201 6270/1935/2199 6258/1923/2187
f 6260/1926/2190 6272/1938/2202 6271/1937/2201 6259/1925/2189
f 6261/1927/2191 6273/1939/2203 6272/1938/2202 6260/1926/2190
f 6262/1928/2192 6274/1940/4230 6273/1939/2203 6261/1927/2191
f 6263/1929/2193 6275/1941/4231 6274/1940/4230 6262/1928/2192
f 6264/1930/2194 6276/1942/2206 6275/1941/4231 6263/1929/2193
f 6265/1931/2195 6277/1943/2207 6276/1942/2206 6264/1930/2194
f 6266/1932/2196 6278/1944/2208 6277/1943/2207 6265/1931/2195
f 6267/1933/2197 6279/1945/2209 6278/1944/2208 6266/1932/2196
f 6268/1934/2198 6280/1946/2210 6279/1945/2209 6267/1933/2197
f 6270/1935/2199 6282/1947/2211 6281/1948/2212 6269/1936/2200
f 6271/1937/2201 6283/1949/2213 6282/1947/2211 6270/1935/2199
f 6272/1938/2202 6284/1950/2214 6283/1949/2213 6271/1937/2201
f 6273/1939/2203 6285/1951/4232 6284/1950/2214 6272/1938/2202
f 6274/1940/4230 6286/1952/4233 6285/1951/4232 6273/1939/2203
f 6275/1941/4231 6287/1953/4234 6286/1952/4233 6274/1940/4230
f 6276/1942/2206 6288/1954/4235 6287/1953/4234 6275/1941/4231
f 6277/1943/2207 6289/1955/2219 6288/1954/4235 6276/1942/2206
f 6278/1944/2208 6290/1956/2220 6289/1955/2219 6277/1943/2207
f 6279/1945/2209 6291/1957/2221 6290/1956/2220 6278/1944/2208
f 6280/1946/2210 6292/1958/2222 6291/1957/2221 6279/1945/2209
f 6282/1947/2211 6294/1959/2223 6293/1960/2224 6281/1948/2212
f 6283/1949/2213 6295/1961/2225 6294/1959/2223 6282/1947/2211
f 6284/1950/2214 6296/1962/2226 6295/1961/2225 6283/1949/2213
f 6285/1951/4232 6297/1963/2227 6296/1962/2226 6284/1950/2214
f 6286/1952/4233 6298/1964/4236 6297/1963/2227 6285/1951/4232
f 6287/1953/4234 6299/1965/4237 6298/1964/4236 6286/1952/4233
f 6288/1954/4235 6300/1966/2230 6299/1965/4237 6287/1953/4234
f 6289/1955/2219 6301/1967/2231 6300/1966/2230 6288/1954/4235
f 6290/1956/2220 6302/1968/2232 6301/1967/2231 6289/1955/2219
f 6291/1957/2221 6303/1969/2233 6302/1968/2232 6290/1956/2220
f 6292/1958/2222 6304/1970/2234 6303/1969/2233 6291/1957/2221
f 6294/1959/2223 6306/1971/2235 6305/1972/2236 6293/1960/2224
f 6295/1961/2225 6307/1973/2237 6306/1971/2235 6294/1959/2223
f 6296/1962/2226 6308/1974/2238 6307/1973/2237 6295/1961/2225
f 6297/1963/2227 6309/1975/4238 6308/1974/2238 6296/1962/2226
f 6298/1964/4236 6310/1976/2240 6309/1975/4238 6297/1963/2227
f 6299/1965/4237 6311/1977/2241 6310/1976/2240 6298/1964/4236
f 6300/1966/2230 6312/1978/4239 6311/1977/2241 6299/1965/4237
f 6301/1967/2231 6313/1979/2243 6312/1978/4239 6300/1966/2230
f 6302/1968/2232 6314/1980/2244 6313/1979/2243 6301/1967/2231
f 6303/1969/2233 6315/1981/2245 6314/1980/2244 6302/1968/2232
f 6304/1970/2234 6316/1982/2246 6315/1981/2245 6303/1969/2233
f 6306/1971/2235 6318/1983/2247 6317/1984/2248 6305/1972/2236
f 6307/1973/2237 6319/1985/2249 6318/1983/2247 6306/1971/2235
f 6308/1974/2238 6320/1986/2250 6319/1985/2249 6307/1973/2237
f 6309/1975/4238 6321/1987/2251 6320/1986/2250 6308/1974/2238
f 6310/1976/2240 6322/1988/2252 6321/1987/2251 6309/1975/4238
f 6311/1977/2241 6323/1989/2253 6322/1988/2252 6310/1976/2240
f 6312/1978/4239 6324/1990/2254 6323/1989/2253 6311/1977/2241
f 6313/1979/2243 6325/1991/2255 6324/1990/2254 6312/1978/4239
f 6314/1980/2244 6326/1992/2256 6325/1991/2255 6313/1979/2243
f 6315/1981/2245 6327/1993/2257 6326/1992/2256 6314/1980/2244
f 6316/1982/2246 6328/1994/2258 6327/1993/2257 6315/1981/2245
f 6318/1983/2247 6330/1995/2259 6329/1996/2260 6317/1984/2248
f 6319/1985/2249 6331/1997/2261 6330/1995/2259 6318/1983/2247
f 6320/1986/2250 6332/1998/2262 6331/1997/2261 6319/1985/2249
f 6321/1987/2251 6333/1999/2263 6332/1998/2262 6320/1986/2250
f 6322/1988/2252 6334/2000/2264 6333/1999/2263 6321/1987/2251
f 6323/1989/2253 6335/2001/2265 6334/2000/2264 6322/1988/2252
f 6324/1990/2254 6336/2002/2266 6335/2001/2265 6323/1989/2253
f 6325/1991/2255 6337/2003/2267 6336/2002/2266 6324/1990/2254
f 6326/1992/2256 6338/2004/2268 6337/2003/2267 6325/1991/2255
f 6327/1993/2257 6339/2005/2269 6338/2004/2268 6326/1992/2256
f 6328/1994/2258 6340/2006/2270 6339/2005/2269 6327/1993/2257
f 6330/1995/2259 6342/2007/2271 6341/2008/2272 6329/1996/2260
f 6331/1997/2261 6343/2009/2273 6342/2007/2271 6330/1995/2259
f 6332/1998/2262 6344/2010/2274 6343/2009/2273 6331/1997/2261
f 6333/1999/2263 6345/2011/2275 6344/2010/2274 6332/1998/2262
f 6334/2000/2264 6346/2012/2276 6345/2011/2275 6333/1999/2263
f 6335/2001/2265 6347/2013/2277 6346/2012/2276 6334/2000/2264
f 6336/2002/2266 6348/2014/2278 6347/2013/2277 6335/2001/2265
f 6337/2003/2267 6349/2015/2279 6348/2014/2278 6336/2002/2266
f 6338/2004/2268 6350/2016/2280 6349/2015/2279 6337/2003/2267
f 6339/2005/2269 6351/2017/2281 6350/2016/2280 6338/2004/2268
f 6340/2006/2270 6352/2018/2282 6351/2017/2281 6339/2005/2269
f 6342/2007/2271 6354/2019/2283 6353/2020/2284 6341/2008/2272
f 6343/2009/2273 6355/2021/2285 6354/2019/2283 6342/2007/2271
f 6344/2010/2274 6356/2022/2286 6355/2021/2285 6343/2009/2273
f 6345/2011/2275 6357/2023/2287 6356/2022/2286 6344/2010/2274
f 6346/2012/2276 6358/2024/2288 6357/2023/2287 6345/2011/2275
f 6347/2013/2277 6359/2025/2289 6358/2024/2288 6346/2012/2276
f 6348/2014/2278 6360/2026/2290 6359/2025/2289 6347/2013/2277
f 6349/2015/2279 6361/2027/2291 6360/2026/2290 6348/2014/2278
f 6350/2016/2280 6362/2028/2292 6361/2027/2291 6349/2015/2279
f 6351/2017/2281 6363/2029/2293 6362/2028/2292 6350/2016/2280
f 6352/2018/2282 6364/2030/2294 6363/2029/2293 6351/2017/2281
f 6354/2019/2283 6366/2031/2295 6365/2032/2296 6353/2020/2284
f 6355/2021/2285 6367/2033/2297 6366/2031/2295 6354/2019/2283
f 6356/2022/2286 6368/2034/2298 6367/2033/2297 6355/2021/2285
f 6357/2023/2287 6369/2035/2299 6368/2034/2298 6356/2022/2286
f 6358/2024/2288 6370/2036/2300 6369/2035/2299 6357/2023/2287
f 6359/2025/2289 6371/2037/2301 6370/2036/2300 6358/2024/2288
f 6360/2026/2290 6372/2038/2302 6371/2037/2301 6359/2025/2289
f 6361/2027/2291 6373/2039/2303 6372/2038/2302 6360/2026/2290
f 6362/2028/2292 6374/2040/2304 6373/2039/2303 6361/2027/2291
f 6363/2029/2293 6375/2041/2305 6374/2040/2304 6362/2028/2292
f 6364/2030/2294 6376/2042/2306 6375/2041/2305 6363/2029/2293
f 6366/2031/2295 6378/2043/2307 6377/2044/2308 6365/2032/2296
f 6367/2033/2297 6379/2045/2309 6378/2043/2307 6366/2031/2295
f 6368/2034/2298 6380/2046/2310 6379/2045/2309 6367/2033/2297
f 6369/2035/2299 6381/2047/2311 6380/2046/2310 6368/2034/2298
f 6370/2036/2300 6382/2048/2312 6381/2047/2311 6369/2035/2299
f 6371/2037/2301 6383/2049/2313 6382/2048/2312 6370/2036/2300
f 6372/2038/2302 6384/2050/2314 6383/2049/2313 6371/2037/2301
f 6373/2039/2303 6385/2051/2315 6384/2050/2314 6372/2038/2302
f 6374/2040/2304 6386/2052/2316 6385/2051/2315 6373/2039/2303
f 6375/2041/2305 6387/2053/2317 6386/2052/2316 6374/2040/2304
f 6376/2042/2306 6388/2054/2318 6387/2053/2317 6375/2041/2305
f 6378/2043/2307 6390/2055/2319 6389/2056/2320 6377/2044/2308
f 6379/2045/2309 6391/2057/2321 6390/2055/2319 6378/2043/2307
f 6380/2046/2310 6392/2058/2322 6391/2057/2321 6379/2045/2309
f 6381/2047/2311 6393/2059/2323 6392/2058/2322 6380/2046/2310
f 6382/2048/2312 6394/2060/2324 6393/2059/2323 6381/2047/2311
f 6383/2049/2313 6395/2061/2325 6394/2060/2324 6382/2048/2312
f 6384/2050/2314 6396/2062/2326 6395/2061/2325 6383/2049/2313
f 6385/2051/2315 6397/2063/2327 6396/2062/2326 6384/2050/2314
f 6386/2052/2316 6398/2064/2328 6397/2063/2327 6385/2051/2315
f 6387/2053/2317 6399/2065/2329 6398/2064/2328 6386/2052/2316
f 6388/2054/2318 6400/2066/2330 6399/2065/2329 6387/2053/2317
f 6390/2055/2319 6402/2067/2331 6401/2068/2332 6389/2056/2320
f 6391/2057/2321 6403/2069/2333 6402/2067/2331 6390/2055/2319
f 6392/2058/2322 6404/2070/2334 6403/2069/2333 6391/2057/2321
f 6393/2059/2323 6405/2071/2335 6404/2070/2334 6392/2058/2322
f 6394/2060/2324 6406/2072/2336 6405/2071/2335 6393/2059/2323
f 6395/2061/2325 6407/2073/2337 6406/2072/2336 6394/2060/2324
f 6396/2062/2326 6408/2074/2338 6407/2073/2337 6395/2061/2325
f 6397/2063/2327 6409/2075/2339 6408/2074/2338 6396/2062/2326
f 6398/2064/2328 6410/2076/2340 6409/2075/2339 6397/2063/2327
f 6399/2065/2329 6411/2077/2341 6410/2076/2340 6398/2064/2328
f 6400/2066/2330 6412/2078/2342 6411/2077/2341 6399/2065/2329
f 6402/2067/2331 6414/2079/2343 6413/2080/2344 6401/2068/2332
f 6403/2069/2333 6415/2081/2345 6414/2079/2343 6402/2067/2331
f 6404/2070/2334 6416/2082/2346 6415/2081/2345 6403/2069/2333
f 6405/2071/2335 6417/2083/2347 6416/2082/2346 6404/2070/2334
f 6406/2072/2336 6418/2084/2348 6417/2083/2347 6405/2071/2335
f 6407/2073/2337 6419/2085/2349 6418/2084/2348 6406/2072/2336
f 6408/2074/2338 6420/2086/4240 6419/2085/2349 6407/2073/2337
f 6409/2075/2339 6421/2087/2351 6420/2086/4240 6408/2074/2338
f 6410/2076/2340 6422/2088/2352 6421/2087/2351 6409/2075/2339
f 6411/2077/2341 6423/2089/2353 6422/2088/2352 6410/2076/2340
f 6412/2078/2342 6424/2090/2354 6423/2089/2353 6411/2077/2341
f 6414/2079/2343 6426/2091/2355 6425/2092/2356 6413/2080/2344
f 6415/2081/2345 6427/2093/2357 6426/2091/2355 6414/2079/2343
f 6416/2082/2346 6428/2094/2358 6427/2093/2357 6415/2081/2345
f 6417/2083/2347 6429/2095/2359 6428/2094/2358 6416/2082/2346
f 6418/2084/2348 6430/2096/2360 6429/2095/2359 6417/2083/2347
f 6419/2085/2349 6431/2097/2361 6430/2096/2360 6418/2084/2348
f 6420/2086/4240 6432/2098/2362 6431/2097/2361 6419/2085/2349
f 6421/2087/2351 6433/2099/2363 6432/2098/2362 6420/2086/4240
f 6422/2088/2352 6434/2100/2364 6433/2099/2363 6421/2087/2351
f 6423/2089/2353 6435/2101/2365 6434/2100/2364 6422/2088/2352
f 6424/2090/2354 6436/2102/2366 6435/2101/2365 6423/2089/2353
f 6426/2091/2355 6438/2103/2367 6437/2104/2368 6425/2092/2356
f 6427/2093/2357 6439/2105/2369 6438/2103/2367 6426/2091/2355
f 6428/2094/2358 6440/2106/4241 6439/2105/2369 6427/2093/2357
f 6429/2095/2359 6441/2107/2371 6440/2106/4241 6428/2094/2358
f 6430/2096/2360 6442/2108/2372 6441/2107/2371 6429/2095/2359
f 6431/2097/2361 6443/2109/2373 6442/2108/2372 6430/2096/2360
f 6432/2098/2362 6444/2110/2374 6443/2109/2373 6431/2097/2361
f 6433/2099/2363 6445/2111/4242 6444/2110/2374 6432/2098/2362
f 6434/2100/2364 6446/2112/2376 6445/2111/4242 6433/2099/2363
f 6435/2101/2365 6447/2113/2377 6446/2112/2376 6434/2100/2364
f 6436/2102/2366 6448/2114/2378 6447/2113/2377 6435/2101/2365
f 6438/2103/2367 6450/2115/2379 6449/2116/2380 6437/2104/2368
f 6439/2105/2369 6451/2117/2381 6450/2115/2379 6438/2103/2367
f 6440/2106/4241 6452/2118/2382 6451/2117/2381 6439/2105/2369
f 6441/2107/2371 6453/2119/2383 6452/2118/2382 6440/2106/4241
f 6442/2108/2372 6454/2120/2384 6453/2119/2383 6441/2107/2371
f 6443/2109/2373 6455/2121/2385 6454/2120/2384 6442/2108/2372
f 6444/2110/2374 6456/2122/2386 6455/2121/2385 6443/2109/2373
f 6445/2111/4242 6457/2123/2387 6456/2122/2386 6444/2110/2374
f 6446/2112/2376 6458/2124/2388 6457/2123/2387 6445/2111/4242
f 6447/2113/2377 6459/2125/2389 6458/2124/2388 6446/2112/2376
f 6448/2114/2378 6460/2126/2390 6459/2125/2389 6447/2113/2377
f 6450/2115/2379 6462/2127/2391 6461/2128/2392 6449/2116/2380
f 6451/2117/2381 6463/2129/2393 6462/2127/2391 6450/2115/2379
f 6452/2118/2382 6464/2130/2394 6463/2129/2393 6451/2117/2381
f 6453/2119/2383 6465/2131/2395 6464/2130/2394 6452/2118/2382
f 6454/2120/2384 6466/2132/2396 6465/2131/2395 6453/2119/2383
f 6455/2121/2385 6467/2133/2397 6466/2132/2396 6454/2120/2384
f 6456/2122/2386 6468/2134/2398 6467/2133/2397 6455/2121/2385
f 6457/2123/2387 6469/2135/2399 6468/2134/2398 6456/2122/2386
f 6458/2124/2388 6470/2136/2400 6469/2135/2399 6457/2123/2387
f 6459/2125/2389 6471/2137/2401 6470/2136/2400 6458/2124/2388
f 6460/2126/2390 6472/2138/2402 6471/2137/2401 6459/2125/2389
f 6462/2127/2391 6474/2139/2403 6473/2140/2404 6461/2128/2392
f 6463/2129/2393 6475/2141/2405 6474/2139/2403 6462/2127/2391
f 6464/2130/2394 6476/2142/2406 6475/2141/2405 6463/2129/2393
f 6465/2131/2395 6477/2143/2407 6476/2142/2406 6464/2130/2394
f 6466/2132/2396 6478/2144/2408 6477/2143/2407 6465/2131/2395
f 6467/2133/2397 6479/2145/2409 6478/2144/2408 6466/2132/2396
f 6468/2134/2398 6480/2146/2410 6479/2145/2409 6467/2133/2397
f 6469/2135/2399 6481/2147/2411 6480/2146/2410 6468/2134/2398
f 6470/2136/2400 6482/2148/2412 6481/2147/2411 6469/2135/2399
f 6471/2137/2401 6483/2149/2413 6482/2148/2412 6470/2136/2400
f 6472/2138/2402 6484/2150/2414 6483/2149/2413 6471/2137/2401
f 6474/2139/2403 6486/2151/2415 6485/2152/2416 6473/2140/2404
f 6475/2141/2405 6487/2153/2417 6486/2151/2415 6474/2139/2403
f 6476/2142/2406 6488/2154/2418 6487/2153/2417 6475/2141/2405
f 6477/2143/2407 6489/2155/2419 6488/2154/2418 6476/2142/2406
f 6478/2144/2408 6490/2156/2420 6489/2155/2419 6477/2143/2407
f 6479/2145/2409 6491/2157/2421 6490/2156/2420 6478/2144/2408
f 6480/2146/2410 6492/2158/2422 6491/2157/2421 6479/2145/2409
f 6481/2147/2411 6493/2159/2423 6492/2158/2422 6480/2146/2410
f 6482/2148/2412 6494/2160/2424 6493/2159/2423 6481/2147/2411
f 6483/2149/2413 6495/2161/2425 6494/2160/2424 6482/2148/2412
f 6484/2150/2414 6496/2162/2426 6495/2161/2425 6483/2149/2413
f 6486/2151/2415 6498/2163/2427 6497/2164/2428 6485/2152/2416
f 6487/2153/2417 6499/2165/2429 6498/2163/2427 6486/2151/2415
f 6488/2154/2418 6500/2166/2430 6499/2165/2429 6487/2153/2417
f 6489/2155/2419 6501/2167/2431 6500/2166/2430 6488/2154/2418
f 6490/2156/2420 6502/2168/2432 6501/2167/2431 6489/2155/2419
f 6491/2157/2421 6503/2169/2433 6502/2168/2432 6490/2156/2420
f 6492/2158/2422 6504/2170/2434 6503/2169/2433 6491/2157/2421
f 6493/2159/2423 6505/2171/2435 6504/2170/2434 6492/2158/2422
f 6494/2160/2424 6506/2172/2436 6505/2171/2435 6493/2159/2423
f 6495/2161/2425 6507/2173/2437 6506/2172/2436 6494/2160/2424
f 6496/2162/2426 6508/2174/2438 6507/2173/2437 6495/2161/2425
f 6498/2163/2427 6510/2175/2439 6509/2176/2440 6497/2164/2428
f 6499/2165/2429 6511/2177/2441 6510/2175/2439 6498/2163/2427
f 6500/2166/2430 6512/2178/2442 6511/2177/2441 6499/2165/2429
f 6501/2167/2431 6513/2179/2443 6512/2178/2442 6500/2166/2430
f 6502/2168/2432 6514/2180/2444 6513/2179/2443 6501/2167/2431
f 6503/2169/2433 6515/2181/2445 6514/2180/2444 6502/2168/2432
f 6504/2170/2434 6516/2182/2446 6515/2181/2445 6503/2169/2433
f 6505/2171/2435 6517/2183/2447 6516/2182/2446 6504/2170/2434
f 6506/2172/2436 6518/2184/2448 6517/2183/2447 6505/2171/2435
f 6507/2173/2437 6519/2185/2449 6518/2184/2448 6506/2172/2436
f 6508/2174/2438 6520/2186/2450 6519/2185/2449 6507/2173/2437
f 6510/2175/2439 6522/2187/2451 6521/2188/2452 6509/2176/2440
f 6511/2177/2441 6523/2189/2453 6522/2187/2451 6510/2175/2439
f 6512/2178/2442 6524/2190/2454 6523/2189/2453 6511/2177/2441
f 6513/2179/2443 6525/2191/2455 6524/2190/2454 6512/2178/2442
f 6514/2180/2444 6526/2192/2456 6525/2191/2455 6513/2179/2443
f 6515/2181/2445 6527/2193/2457 6526/2192/2456 6514/2180/2444
f 6516/2182/2446 6528/2194/2458 6527/2193/2457 6515/2181/2445
f 6517/2183/2447 6529/2195/2459 6528/2194/2458 6516/2182/2446
f 6518/2184/2448 6530/2196/2460 6529/2195/2459 6517/2183/2447
f 6519/2185/2449 6531/2197/2461 6530/2196/2460 6518/2184/2448
f 6520/2186/2450 6532/2198/2462 6531/2197/2461 6519/2185/2449
f 6522/2187/2451 6534/2199/2463 6533/2200/2464 6521/2188/2452
f 6523/2189/2453 6535/2201/2465 6534/2199/2463 6522/2187/2451
f 6524/2190/2454 6536/2202/2466 6535/2201/2465 6523/2189/2453
f 6525/2191/2455 6537/2203/2467 6536/2202/2466 6524/2190/2454
f 6526/2192/2456 6538/2204/2468 6537/2203/2467 6525/2191/2455
f 6527/2193/2457 6539/2205/2469 6538/2204/2468 6526/2192/2456
f 6528/2194/2458 6540/2206/2470 6539/2205/2469 6527/2193/2457
f 6529/2195/2459 6541/2207/2471 6540/2206/2470 6528/2194/2458
f 6530/2196/2460 6542/2208/2472 6541/2207/2471 6529/2195/2459
f 6531/2197/2461 6543/2209/2473 6542/2208/2472 6530/2196/2460
f 6532/2198/2462 6544/2210/2474 6543/2209/2473 6531/2197/2461
f 6534/2199/2463 6546/2211/2475 6545/2212/2476 6533/2200/2464
f 6535/2201/2465 6547/2213/2477 6546/2211/2475 6534/2199/2463
f 6536/2202/2466 6548/2214/2478 6547/2213/2477 6535/2201/2465
f 6537/2203/2467 6549/2215/2479 6548/2214/2478 6536/2202/2466
f 6538/2204/2468 6550/2216/2480 6549/2215/2479 6537/2203/2467
f 6539/2205/2469 6551/2217/2481 6550/2216/2480 6538/2204/2468
f 6540/2206/2470 6552/2218/2482 6551/2217/2481 6539/2205/2469
f 6541/2207/2471 6553/2219/2483 6552/2218/2482 6540/2206/2470
f 6542/2208/2472 6554/2220/2484 6553/2219/2483 6541/2207/2471
f 6543/2209/2473 6555/2221/2485 6554/2220/2484 6542/2208/2472
f 6544/2210/2474 6556/2222/2486 6555/2221/2485 6543/2209/2473
f 6546/2211/2475 6558/2223/2487 6557/2224/2488 6545/2212/2476
f 6547/2213/2477 6559/2225/2489 6558/2223/2487 6546/2211/2475
f 6548/2214/2478 6560/2226/2490 6559/2225/2489 6547/2213/2477
f 6549/2215/2479 6561/2227/2491 6560/2226/2490 6548/2214/2478
f 6550/2216/2480 6562/2228/2492 6561/2227/2491 6549/2215/2479
f 6551/2217/2481 6563/2229/2493 6562/2228/2492 6550/2216/2480
f 6552/2218/2482 6564/2230/2494 6563/2229/2493 6551/2217/2481
f 6553/2219/2483 6565/2231/2495 6564/2230/2494 6552/2218/2482
f 6554/2220/2484 6566/2232/2496 6565/2231/2495 6553/2219/2483
f 6555/2221/2485 6567/2233/2497 6566/2232/2496 6554/2220/2484
f 6556/2222/2486 6568/2234/2498 6567/2233/2497 6555/2221/2485
f 6558/2223/2487 6570/2235/2499 6569/2236/2500 6557/2224/2488
f 6559/2225/2489 6571/2237/2501 6570/2235/2499 6558/2223/2487
f 6560/2226/2490 6572/2238/2502 6571/2237/2501 6559/2225/2489
f 6561/2227/2491 6573/2239/2503 6572/2238/2502 6560/2226/2490
f 6562/2228/2492 6574/2240/2504 6573/2239/2503 6561/2227/2491
f 6563/2229/2493 6575/2241/2505 6574/2240/2504 6562/2228/2492
f 6564/2230/2494 6576/2242/2506 6575/2241/2505 6563/2229/2493
f 6565/2231/2495 6577/2243/2507 6576/2242/2506 6564/2230/2494
f 6566/2232/2496 6578/2244/2508 6577/2243/2507 6565/2231/2495
f 6567/2233/2497 6579/2245/2509 6578/2244/2508 6566/2232/2496
f 6568/2234/2498 6580/2246/2510 6579/2245/2509 6567/2233/2497
f 6570/2235/2499 6582/2247/2511 6581/2248/2512 6569/2236/2500
f 6571/2237/2501 6583/2249/2513 6582/2247/2511 6570/2235/2499
f 6572/2238/2502 6584/2250/2514 6583/2249/2513 6571/2237/2501
f 6573/2239/2503 6585/2251/2515 6584/2250/2514 6572/2238/2502
f 6574/2240/2504 6586/2252/2516 6585/2251/2515 6573/2239/2503
f 6575/2241/2505 6587/2253/2517 6586/2252/2516 6574/2240/2504
f 6576/2242/2506 6588/2254/2518 6587/2253/2517 6575/2241/2505
f 6577/2243/2507 6589/2255/2519 6588/2254/2518 6576/2242/2506
f 6578/2244/2508 6590/2256/2520 6589/2255/2519 6577/2243/2507
f 6579/2245/2509 6591/2257/2521 6590/2256/2520 6578/2244/2508
f 6580/2246/2510 6592/2258/2522 6591/2257/2521 6579/2245/2509
f 6582/2247/2511 6594/2259/2523 6593/2260/2524 6581/2248/2512
f 6583/2249/2513 6595/2261/2525 6594/2259/2523 6582/2247/2511
f 6584/2250/2514 6596/2262/2526 6595/2261/2525 6583/2249/2513
f 6585/2251/2515 6597/2263/2527 6596/2262/2526 6584/2250/2514
f 6586/2252/2516 6598/2264/2528 6597/2263/2527 6585/2251/2515
f 6587/2253/2517 6599/2265/2529 6598/2264/2528 6586/2252/2516
f 6588/2254/2518 6600/2266/2530 6599/2265/2529 6587/2253/2517
f 6589/2255/2519 6601/2267/2531 6600/2266/2530 6588/2254/2518
f 6590/2256/2520 6602/2268/2532 6601/2267/2531 6589/2255/2519
f 6591/2257/2521 6603/2269/2533 6602/2268/2532 6590/2256/2520
f 6592/2258/2522 6604/2270/2534 6603/2269/2533 6591/2257/2521
f 6594/2259/2523 6606/2271/2535 6605/2272/2536 6593/2260/2524
f 6595/2261/2525 6607/2273/2537 6606/2271/2535 6594/2259/2523
f 6596/2262/2526 6608/2274/2538 6607/2273/2537 6595/2261/2525
f 6597/2263/2527 6609/2275/2539 6608/2274/2538 6596/2262/2526
f 6598/2264/2528 6610/2276/2540 6609/2275/2539 6597/2263/2527
f 6599/2265/2529 6611/2277/2541 6610/2276/2540 6598/2264/2528
f 6600/2266/2530 6612/2278/2542 6611/2277/2541 6599/2265/2529
f 6601/2267/2531 6613/2279/2543 6612/2278/2542 6600/2266/2530
f 6602/2268/2532 6614/2280/2544 6613/2279/2543 6601/2267/2531
f 6603/2269/2533 6615/2281/2545 6614/2280/2544 6602/2268/2532
f 6604/2270/2534 6616/2282/2546 6615/2281/2545 6603/2269/2533
f 6606/2271/2535 6618/2283/2547 6617/2284/2548 6605/2272/2536
f 6607/2273/2537 6619/2285/2549 6618/2283/2547 6606/2271/2535
f 6608/2274/2538 6620/2286/2550 6619/2285/2549 6607/2273/2537
f 6609/2275/2539 6621/2287/2551 6620/2286/2550 6608/2274/2538
f 6610/2276/2540 6622/2288/2552 6621/2287/2551 6609/2275/2539
f 6611/2277/2541 6623/2289/2553 6622/2288/2552 6610/2276/2540
f 6612/2278/2542 6624/2290/2554 6623/2289/2553 6611/2277/2541
f 6613/2279/2543 6625/2291/2555 6624/2290/2554 6612/2278/2542
f 6614/2280/2544 6626/2292/2556 6625/2291/2555 6613/2279/2543
f 6615/2281/2545 6627/2293/2557 6626/2292/2556 6614/2280/2544
f 6616/2282/2546 6628/2294/2558 6627/2293/2557 6615/2281/2545
f 6618/2283/2547 6630/2295/2559 6629/2296/2560 6617/2284/2548
f 6619/2285/2549 6631/2297/2561 6630/2295/2559 6618/2283/2547
f 6620/2286/2550 6632/2298/2562 6631/2297/2561 6619/2285/2549
f 6621/2287/2551 6633/2299/2563 6632/2298/2562 6620/2286/2550
f 6622/2288/2552 6634/2300/2564 6633/2299/2563 6621/2287/2551
f 6623/2289/2553 6635/2301/2565 6634/2300/2564 6622/2288/2552
f 6624/2290/2554 6636/2302/2566 6635/2301/2565 6623/2289/2553
f 6625/2291/2555 6637/2303/2567 6636/2302/2566 6624/2290/2554
f 6626/2292/2556 6638/2304/2568 6637/2303/2567 6625/2291/2555
f 6627/2293/2557 6639/2305/2569 6638/2304/2568 6626/2292/2556
f 6628/2294/2558 6640/2306/2570 6639/2305/2569 6627/2293/2557
f 6630/2295/2559 6642/2307/2571 6641/2308/2572 6629/2296/2560
f 6631/2297/2561 6643/2309/2573 6642/2307/2571 6630/2295/2559
f 6632/2298/2562 6644/2310/2574 6643/2309/2573 6631/2297/2561
f 6633/2299/2563 6645/2311/2575 6644/2310/2574 6632/2298/2562
f 6634/2300/2564 6646/2312/2576 6645/2311/2575 6633/2299/2563
f 6635/2301/2565 6647/2313/2577 6646/2312/2576 6634/2300/2564
f 6636/2302/2566 6648/2314/2578 6647/2313/2577 6635/2301/2565
f 6637/2303/2567 6649/2315/2579 6648/2314/2578 6636/2302/2566
f 6638/2304/2568 6650/2316/2580 6649/2315/2579 6637/2303/2567
f 6639/2305/2569 6651/2317/2581 6650/2316/2580 6638/2304/2568
f 6640/2306/2570 6652/2318/2582 6651/2317/2581 6639/2305/2569
f 6642/2307/2571 6654/2319/2583 6653/2320/2584 6641/2308/2572
f 6643/2309/2573 6655/2321/2585 6654/2319/2583 6642/2307/2571
f 6644/2310/2574 6656/2322/2586 6655/2321/2585 6643/2309/2573
f 6645/2311/2575 6657/2323/2587 6656/2322/2586 6644/2310/2574
f 6646/2312/2576 6658/2324/2588 6657/2323/2587 6645/2311/2575
f 6647/2313/2577 6659/2325/2589 6658/2324/2588 6646/2312/2576
f 6648/2314/2578 6660/2326/2590 6659/2325/2589 6647/2313/2577
f 6649/2315/2579 6661/2327/2591 6660/2326/2590 6648/2314/2578
f 6650/2316/2580 6662/2328/2592 6661/2327/2591 6649/2315/2579
f 6651/2317/2581 6663/2329/2593 6662/2328/2592 6650/2316/2580
f 6652/2318/2582 6664/2330/2594 6663/2329/2593 6651/2317/2581
f 6654/2319/2583 6666/2331/2595 6665/2332/2596 6653/2320/2584
f 6655/2321/2585 6667/2333/2597 6666/2331/2595 6654/2319/2583
f 6656/2322/2586 6668/2334/2598 6667/2333/2597 6655/2321/2585
f 6657/2323/2587 6669/2335/2599 6668/2334/2598 6656/2322/2586
f 6658/2324/2588 6670/2336/2600 6669/2335/2599 6657/2323/2587
f 6659/2325/2589 6671/2337/2601 6670/2336/2600 6658/2324/2588
f 6660/2326/2590 6672/2338/2602 6671/2337/2601 6659/2325/2589
f 6661/2327/2591 6673/2339/2603 6672/2338/2602 6660/2326/2590
f 6662/2328/2592 6674/2340/2604 6673/2339/2603 6661/2327/2591
f 6663/2329/2593 6675/2341/2605 6674/2340/2604 6662/2328/2592
f 6664/2330/2594 6676/2342/2606 6675/2341/2605 6663/2329/2593
f 6666/2331/2595 6678/2343/2607 6677/2344/2608 6665/2332/2596
f 6667/2333/2597 6679/2345/2609 6678/2343/2607 6666/2331/2595
f 6668/2334/2598 6680/2346/2610 6679/2345/2609 6667/2333/2597
f 6669/2335/2599 6681/2347/2611 6680/2346/2610 6668/2334/2598
f 6670/2336/2600 6682/2348/2612 6681/2347/2611 6669/2335/2599
f 6671/2337/2601 6683/2349/2613 6682/2348/2612 6670/2336/2600
f 6672/2338/2602 6684/2350/2614 6683/2349/2613 6671/2337/2601
f 6673/2339/2603 6685/2351/2615 6684/2350/2614 6672/2338/2602
f 6674/2340/2604 6686/2352/2616 6685/2351/2615 6673/2339/2603
f 6675/2341/2605 6687/2353/2617 6686/2352/2616 6674/2340/2604
f 6676/2342/2606 6688/2354/2618 6687/2353/2617 6675/2341/2605
f 6678/2343/2607 6690/2355/2619 6689/2356/2620 6677/2344/2608
f 6679/2345/2609 6691/2357/2621 6690/2355/2619 6678/2343/2607
f 6680/2346/2610 6692/2358/2622 6691/2357/2621 6679/2345/2609
f 6681/2347/2611 6693/2359/2623 6692/2358/2622 6680/2346/2610
f 6682/2348/2612 6694/2360/2624 6693/2359/2623 6681/2347/2611
f 6683/2349/2613 6695/2361/2625 6694/2360/2624 6682/2348/2612
f 6684/2350/2614 6696/2362/2626 6695/2361/2625 6683/2349/2613
f 6685/2351/2615 6697/2363/2627 6696/2362/2626 6684/2350/2614
f 6686/2352/2616 6698/2364/2628 6697/2363/2627 6685/2351/2615
f 6687/2353/2617 6699/2365/2629 6698/2364/2628 6686/2352/2616
f 6688/2354/2618 6700/2366/2630 6699/2365/2629 6687/2353/2617
f 6690/2355/2619 6702/2367/2631 6701/2368/2632 6689/2356/2620
f 6691/2357/2621 6703/2369/2633 6702/2367/2631 6690/2355/2619
f 6692/2358/2622 6704/2370/2634 6703/2369/2633 6691/2357/2621
f 6693/2359/2623 6705/2371/2635 6704/2370/2634 6692/2358/2622
f 6694/2360/2624 6706/2372/2636 6705/2371/2635 6693/2359/2623
f 6695/2361/2625 6707/2373/2637 6706/2372/2636 6694/2360/2624
f 6696/2362/2626 6708/2374/2638 6707/2373/2637 6695/2361/2625
f 6697/2363/2627 6709/2375/2639 6708/2374/2638 6696/2362/2626
f 6698/2364/2628 6710/2376/2640 6709/2375/2639 6697/2363/2627
f 6699/2365/2629 6711/2377/2641 6710/2376/2640 6698/2364/2628
f 6700/2366/2630 6712/2378/2642 6711/2377/2641 6699/2365/2629
f 6702/2367/2631 6714/2379/2643 6713/2380/2644 6701/2368/2632
f 6703/2369/2633 6715/2381/2645 6714/2379/2643 6702/2367/2631
f 6704/2370/2634 6716/2382/2646 6715/2381/2645 6703/2369/2633
f 6705/2371/2635 6717/2383/2647 6716/2382/2646 6704/2370/2634
f 6706/2372/2636 6718/2384/2648 6717/2383/2647 6705/2371/2635
f 6707/2373/2637 6719/2385/2649 6718/2384/2648 6706/2372/2636
f 6708/2374/2638 6720/2386/2650 6719/2385/2649 6707/2373/2637
f 6709/2375/2639 6721/2387/2651 6720/2386/2650 6708/2374/2638
f 6710/2376/2640 6722/2388/2652 6721/2387/2651 6709/2375/2639
f 6711/2377/2641 6723/2389/2653 6722/2388/2652 6710/2376/2640
f 6712/2378/2642 6724/2390/2654 6723/2389/2653 6711/2377/2641
f 6714/2379/2643 6726/2391/2655 6725/2392/2656 6713/2380/2644
f 6715/2381/2645 6727/2393/2657 6726/2391/2655 6714/2379/2643
f 6716/2382/2646 6728/2394/2658 6727/2393/2657 6715/2381/2645
f 6717/2383/2647 6729/2395/2659 6728/2394/2658 6716/2382/2646
f 6718/2384/2648 6730/2396/2660 6729/2395/2659 6717/2383/2647
f 6719/2385/2649 6731/2397/2661 6730/2396/2660 6718/2384/2648
f 6720/2386/2650 6732/2398/2662 6731/2397/2661 6719/2385/2649
f 6721/2387/2651 6733/2399/2663 6732/2398/2662 6720/2386/2650
f 6722/2388/2652 6734/2400/2664 6733/2399/2663 6721/2387/2651
f 6723/2389/2653 6735/2401/2665 6734/2400/2664 6722/2388/2652
f 6724/2390/2654 6736/2402/2666 6735/2401/2665 6723/2389/2653
f 6726/2391/2655 6738/2403/2667 6737/2404/2668 6725/2392/2656
f 6727/2393/2657 6739/2405/2669 6738/2403/2667 6726/2391/2655
f 6728/2394/2658 6740/2406/2670 6739/2405/2669 6727/2393/2657
f 6729/2395/2659 6741/2407/2671 6740/2406/2670 6728/2394/2658
f 6730/2396/2660 6742/2408/2672 6741/2407/2671 6729/2395/2659
f 6731/2397/2661 6743/2409/2673 6742/2408/2672 6730/2396/2660
f 6732/2398/2662 6744/2410/2674 6743/2409/2673 6731/2397/2661
f 6733/2399/2663 6745/2411/2675 6744/2410/2674 6732/2398/2662
f 6734/2400/2664 6746/2412/2676 6745/2411/2675 6733/2399/2663
f 6735/2401/2665 6747/2413/2677 6746/2412/2676 6734/2400/2664
f 6736/2402/2666 6748/2414/2678 6747/2413/2677 6735/2401/2665
f 6738/2403/2667 6750/2415/2679 6749/2416/2680 6737/2404/2668
f 6739/2405/2669 6751/2417/2681 6750/2415/2679 6738/2403/2667
f 6740/2406/2670 6752/2418/2682 6751/2417/2681 6739/2405/2669
f 6741/2407/2671 6753/2419/2683 6752/2418/2682 6740/2406/2670
f 6742/2408/2672 6754/2420/2684 6753/2419/2683 6741/2407/2671
f 6743/2409/2673 6755/2421/2685 6754/2420/2684 6742/2408/2672
f 6744/2410/2674 6756/2422/2686 6755/2421/2685 6743/2409/2673
f 6745/2411/2675 6757/2423/2687 6756/2422/2686 6744/2410/2674
f 6746/2412/2676 6758/2424/2688 6757/2423/2687 6745/2411/2675
f 6747/2413/2677 6759/2425/2689 6758/2424/2688 6746/2412/2676
f 6748/2414/2678 6760/2426/2690 6759/2425/2689 6747/2413/2677
f 6750/2415/2679 6762/2427/2691 6761/2428/2692 6749/2416/2680
f 6751/2417/2681 6763/2429/2693 6762/2427/2691 6750/2415/2679
f 6752/2418/2682 6764/2430/2694 6763/2429/2693 6751/2417/2681
f 6753/2419/2683 6765/2431/2695 6764/2430/2694 6752/2418/2682
f 6754/2420/2684 6766/2432/2696 6765/2431/2695 6753/2419/2683
f 6755/2421/2685 6767/2433/2697 6766/2432/2696 6754/2420/2684
f 6756/2422/2686 6768/2434/2698 6767/2433/2697 6755/2421/2685
f 6757/2423/2687 6769/2435/2699 6768/2434/2698 6756/2422/2686
f 6758/2424/2688 6770/2436/2700 6769/2435/2699 6757/2423/2687
f 6759/2425/2689 6771/2437/2701 6770/2436/2700 6758/2424/2688
f 6760/2426/2690 6772/2438/2702 6771/2437/2701 6759/2425/2689
f 6762/2427/2691 6774/2439/2703 6773/2440/2704 6761/2428/2692
f 6763/2429/2693 6775/2441/2705 6774/2439/2703 6762/2427/2691
f 6764/2430/2694 6776/2442/4243 6775/2441/2705 6763/2429/2693
f 6765/2431/2695 6777/2443/2707 6776/2442/4243 6764/2430/2694
f 6766/2432/2696 6778/2444/2708 6777/2443/2707 6765/2431/2695
f 6767/2433/2697 6779/2445/2709 6778/2444/2708 6766/2432/2696
f 6768/2434/2698 6780/2446/2710 6779/2445/2709 6767/2433/2697
f 6769/2435/2699 6781/2447/2711 6780/2446/2710 6768/2434/2698
f 6770/2436/2700 6782/2448/2712 6781/2447/2711 6769/2435/2699
f 6771/2437/2701 6783/2449/2713 6782/2448/2712 6770/2436/2700
f 6772/2438/2702 6784/2450/2714 6783/2449/2713 6771/2437/2701
f 6774/2439/2703 6786/2451/2715 6785/2452/2716 6773/2440/2704
f 6775/2441/2705 6787/2453/2717 6786/2451/2715 6774/2439/2703
f 6776/2442/4243 6788/2454/2718 6787/2453/2717 6775/2441/2705
f 6777/2443/2707 6789/2455/2719 6788/2454/2718 6776/2442/4243
f 6778/2444/2708 6790/2456/2720 6789/2455/2719 6777/2443/2707
f 6779/2445/2709 6791/2457/2721 6790/2456/2720 6778/2444/2708
f 6780/2446/2710 6792/2458/2722 6791/2457/2721 6779/2445/2709
f 6781/2447/2711 6793/2459/2723 6792/2458/2722 6780/2446/2710
f 6782/2448/2712 6794/2460/2724 6793/2459/2723 6781/2447/2711
f 6783/2449/2713 6795/2461/2725 6794/2460/2724 6782/2448/2712
f 6784/2450/2714 6796/2462/2726 6795/2461/2725 6783/2449/2713
f 6786/2451/2715 6798/2463/2727 6797/2464/2728 6785/2452/2716
f 6787/2453/2717 6799/2465/2729 6798/2463/2727 6786/2451/2715
f 6788/2454/2718 6800/2466/2730 6799/2465/2729 6787/2453/2717
f 6789/2455/2719 6801/2467/2731 6800/2466/2730 6788/2454/2718
f 6790/2456/2720 6802/2468/2732 6801/2467/2731 6789/2455/2719
f 6791/2457/2721 6803/2469/2733 6802/2468/2732 6790/2456/2720
f 6792/2458/2722 6804/2470/2734 6803/2469/2733 6791/2457/2721
f 6793/2459/2723 6805/2471/2735 6804/2470/2734 6792/2458/2722
f 6794/2460/2724 6806/2472/2736 6805/2471/2735 6793/2459/2723
f 6795/2461/2725 6807/2473/2737 6806/2472/2736 6794/2460/2724
f 6796/2462/2726 6808/2474/2738 6807/2473/2737 6795/2461/2725
f 6798/2463/2727 6810/2475/2739 6809/2476/2740 6797/2464/2728
f 6799/2465/2729 6811/2477/2741 6810/2475/2739 6798/2463/2727
f 6800/2466/2730 6812/2478/2742 6811/2477/2741 6799/2465/2729
f 6801/2467/2731 6813/2479/2743 6812/2478/2742 6800/2466/2730
f 6802/2468/2732 6814/2480/2744 6813/2479/2743 6801/2467/2731
f 6803/2469/2733 6815/2481/2745 6814/2480/2744 6802/2468/2732
f 6804/2470/2734 6816/2482/2746 6815/2481/2745 6803/2469/2733
f 6805/2471/2735 6817/2483/2747 6816/2482/2746 6804/2470/2734
f 6806/2472/2736 6818/2484/2748 6817/2483/2747 6805/2471/2735
f 6807/2473/2737 6819/2485/2749 6818/2484/2748 6806/2472/2736
f 6808/2474/2738 6820/2486/2750 6819/2485/2749 6807/2473/2737
f 6810/2475/2739 6822/2487/2751 6821/2488/2752 6809/2476/2740
f 6811/2477/2741 6823/2489/2753 6822/2487/2751 6810/2475/2739
f 6812/2478/2742 6824/2490/2754 6823/2489/2753 6811/2477/2741
f 6813/2479/2743 6825/2491/2755 6824/2490/2754 6812/2478/2742
f 6814/2480/2744 6826/2492/2756 6825/2491/2755 6813/2479/2743
f 6815/2481/2745 6827/2493/2757 6826/2492/2756 6814/2480/2744
f 6816/2482/2746 6828/2494/2758 6827/2493/2757 6815/2481/2745
f 6817/2483/2747 6829/2495/2759 6828/2494/2758 6816/2482/2746
f 6818/2484/2748 6830/2496/2760 6829/2495/2759 6817/2483/2747
f 6819/2485/2749 6831/2497/2761 6830/2496/2760 6818/2484/2748
f 6820/2486/2750 6832/2498/2762 6831/2497/2761 6819/2485/2749
f 6822/2487/2751 6834/2499/2763 6833/2500/2764 6821/2488/2752
f 6823/2489/2753 6835/2501/2765 6834/2499/2763 6822/2487/2751
f 6824/2490/2754 6836/2502/2766 6835/2501/2765 6823/2489/2753
f 6825/2491/2755 6837/2503/2767 6836/2502/2766 6824/2490/2754
f 6826/2492/2756 6838/2504/2768 6837/2503/2767 6825/2491/2755
f 6827/2493/2757 6839/2505/2769 6838/2504/2768 6826/2492/2756
f 6828/2494/2758 6840/2506/2770 6839/2505/2769 6827/2493/2757
f 6829/2495/2759 6841/2507/2771 6840/2506/2770 6828/2494/2758
f 6830/2496/2760 6842/2508/2772 6841/2507/2771 6829/2495/2759
f 6831/2497/2761 6843/2509/2773 6842/2508/2772 6830/2496/2760
f 6832/2498/2762 6844/2510/4244 6843/2509/2773 6831/2497/2761
f 6834/2499/2763 6846/2511/2775 6845/2512/2776 6833/2500/2764
f 6835/2501/2765 6847/2513/2777 6846/2511/2775 6834/2499/2763
f 6836/2502/2766 6848/2514/4245 6847/2513/2777 6835/2501/2765
f 6837/2503/2767 6849/2515/2779 6848/2514/4245 6836/2502/2766
f 6838/2504/2768 6850/2516/2780 6849/2515/2779 6837/2503/2767
f 6839/2505/2769 6851/2517/2781 6850/2516/2780 6838/2504/2768
f 6840/2506/2770 6852/2518/2782 6851/2517/2781 6839/2505/2769
f 6841/2507/2771 6853/2519/4246 6852/2518/2782 6840/2506/2770
f 6842/2508/2772 6854/2520/2784 6853/2519/4246 6841/2507/2771
f 6843/2509/2773 6855/2521/2785 6854/2520/2784 6842/2508/2772
f 6844/2510/4244 6856/2522/2786 6855/2521/2785 6843/2509/2773
f 6846/2511/2775 6858/2523/2787 6857/2524/2788 6845/2512/2776
f 6847/2513/2777 6859/2525/2789 6858/2523/2787 6846/2511/2775
f 6848/2514/4245 6860/2526/2790 6859/2525/2789 6847/2513/2777
f 6849/2515/2779 6861/2527/4247 6860/2526/2790 6848/2514/4245
f 6850/2516/2780 6862/2528/4248 6861/2527/4247 6849/2515/2779
f 6851/2517/2781 6863/2529/4249 6862/2528/4248 6850/2516/2780
f 6852/2518/2782 6864/2530/4250 6863/2529/4249 6851/2517/2781
f 6853/2519/4246 6865/2531/2795 6864/2530/4250 6852/2518/2782
f 6854/2520/2784 6866/2532/2796 6865/2531/2795 6853/2519/4246
f 6855/2521/2785 6867/2533/2797 6866/2532/2796 6854/2520/2784
f 6856/2522/2786 6868/2534/2798 6867/2533/2797 6855/2521/2785
f 6858/2523/2787 6870/2535/4251 6869/2536/2800 6857/2524/2788
f 6859/2525/2789 6871/2537/4252 6870/2535/4251 6858/2523/2787
f 6860/2526/2790 6872/2538/4253 6871/2537/4252 6859/2525/2789
f 6861/2527/4247 6873/2539/4254 6872/2538/4253 6860/2526/2790
f 6862/2528/4248 6874/2540/4255 6873/2539/4254 6861/2527/4247
f 6863/2529/4249 6875/2541/4256 6874/2540/4255 6862/2528/4248
f 6864/2530/4250 6876/2542/4257 6875/2541/4256 6863/2529/4249
f 6865/2531/2795 6877/2543/4258 6876/2542/4257 6864/2530/4250
f 6866/2532/2796 6878/2544/4259 6877/2543/4258 6865/2531/2795
f 6867/2533/2797 6879/2545/4260 6878/2544/4259 6866/2532/2796
f 6868/2534/2798 6880/2546/2810 6879/2545/4260 6867/2533/2797
f 6870/2535/4251 6882/2547/4261 6881/2548/2812 6869/2536/2800
f 6871/2537/4252 6883/2549/4262 6882/2547/4261 6870/2535/4251
f 6872/2538/4253 6884/2550/4263 6883/2549/4262 6871/2537/4252
f 6873/2539/4254 6885/2551/2815 6884/2550/4263 6872/2538/4253
f 6874/2540/4255 6886/2552/2816 6885/2551/2815 6873/2539/4254
f 6875/2541/4256 6887/2553/2817 6886/2552/2816 6874/2540/4255
f 6876/2542/4257 6888/2554/2818 6887/2553/2817 6875/2541/4256
f 6877/2543/4258 6889/2555/4264 6888/2554/2818 6876/2542/4257
f 6878/2544/4259 6890/2556/4265 6889/2555/4264 6877/2543/4258
f 6879/2545/4260 6891/2557/4266 6890/2556/4265 6878/2544/4259
f 6880/2546/2810 6892/2558/2822 6891/2557/4266 6879/2545/4260
f 6882/2547/4261 6894/2559/4267 6893/2560/2824 6881/2548/2812
f 6883/2549/4262 6895/2561/4268 6894/2559/4267 6882/2547/4261
f 6884/2550/4263 6896/2562/2826 6895/2561/4268 6883/2549/4262
f 6885/2551/2815 6897/2563/2827 6896/2562/2826 6884/2550/4263
f 6886/2552/2816 6898/2564/2828 6897/2563/2827 6885/2551/2815
f 6887/2553/2817 6899/2565/2829 6898/2564/2828 6886/2552/2816
f 6888/2554/2818 6900/2566/2830 6899/2565/2829 6887/2553/2817
f 6889/2555/4264 6901/2567/2831 6900/2566/2830 6888/2554/2818
f 6890/2556/4265 6902/2568/4269 6901/2567/2831 6889/2555/4264
f 6891/2557/4266 6903/2569/4270 6902/2568/4269 6890/2556/4265
f 6892/2558/2822 6904/2570/2834 6903/2569/4270 6891/2557/4266
f 6894/2559/4267 6906/2571/2835 6905/2572/2836 6893/2560/2824
f 6895/2561/4268 6907/2573/4271 6906/2571/2835 6894/2559/4267
f 6896/2562/2826 6908/2574/2838 6907/2573/4271 6895/2561/4268
f 6897/2563/2827 6909/2575/2839 6908/2574/2838 6896/2562/2826
f 6898/2564/2828 6910/2576/2840 6909/2575/2839 6897/2563/2827
f 6899/2565/2829 6911/2577/2841 6910/2576/2840 6898/2564/2828
f 6900/2566/2830 6912/2578/2842 6911/2577/2841 6899/2565/2829
f 6901/2567/2831 6913/2579/2843 6912/2578/2842 6900/2566/2830
f 6902/2568/4269 6914/2580/4272 6913/2579/2843 6901/2567/2831
f 6903/2569/4270 6915/2581/4273 6914/2580/4272 6902/2568/4269
f 6904/2570/2834 6916/2582/2846 6915/2581/4273 6903/2569/4270
f 6906/2571/2835 6918/2583/4274 6917/2584/2848 6905/2572/2836
f 6907/2573/4271 6919/2585/4275 6918/2583/4274 6906/2571/2835
f 6908/2574/2838 6920/2586/4276 6919/2585/4275 6907/2573/4271
f 6909/2575/2839 6921/2587/2851 6920/2586/4276 6908/2574/2838
f 6910/2576/2840 6922/2588/2852 6921/2587/2851 6909/2575/2839
f 6911/2577/2841 6923/2589/2853 6922/2588/2852 6910/2576/2840
f 6912/2578/2842 6924/2590/2854 6923/2589/2853 6911/2577/2841
f 6913/2579/2843 6925/2591/4277 6924/2590/2854 6912/2578/2842
f 6914/2580/4272 6926/2592/4278 6925/2591/4277 6913/2579/2843
f 6915/2581/4273 6927/2593/4279 6926/2592/4278 6914/2580/4272
f 6916/2582/2846 6928/2594/2858 6927/2593/4279 6915/2581/4273
f 6918/2583/4274 6930/2595/2859 6929/2596/2860 6917/2584/2848
f 6919/2585/4275 6931/2597/4280 6930/2595/2859 6918/2583/4274
f 6920/2586/4276 6932/2598/4281 6931/2597/4280 6919/2585/4275
f 6921/2587/2851 6933/2599/2863 6932/2598/4281 6920/2586/4276
f 6922/2588/2852 6934/2600/2864 6933/2599/2863 6921/2587/2851
f 6923/2589/2853 6935/2601/2865 6934/2600/2864 6922/2588/2852
f 6924/2590/2854 6936/2602/2866 6935/2601/2865 6923/2589/2853
f 6925/2591/4277 6937/2603/4282 6936/2602/2866 6924/2590/2854
f 6926/2592/4278 6938/2604/4283 6937/2603/4282 6925/2591/4277
f 6927/2593/4279 6939/2605/4284 6938/2604/4283 6926/2592/4278
f 6928/2594/2858 6940/2606/2870 6939/2605/4284 6927/2593/4279
f 6930/2595/2859 6942/2607/2871 6941/2608/4285 6929/2596/2860
f 6931/2597/4280 6943/2609/4286 6942/2607/2871 6930/2595/2859
f 6932/2598/4281 6944/2610/4287 6943/2609/4286 6931/2597/4280
f 6933/2599/2863 6945/2611/4288 6944/2610/4287 6932/2598/4281
f 6934/2600/2864 6946/2612/2876 6945/2611/4288 6933/2599/2863
f 6935/2601/2865 6947/2613/2877 6946/2612/2876 6934/2600/2864
f 6936/2602/2866 6948/2614/4289 6947/2613/2877 6935/2601/2865
f 6937/2603/4282 6949/2615/4290 6948/2614/4289 6936/2602/2866
f 6938/2604/4283 6950/2616/4291 6949/2615/4290 6937/2603/4282
f 6939/2605/4284 6951/2617/2881 6950/2616/4291 6938/2604/4283
f 6940/2606/2870 6952/2618/4292 6951/2617/2881 6939/2605/4284
f 6942/2607/2871 6954/2619/2883 6953/2620/2884 6941/2608/4285
f 6943/2609/4286 6955/2621/4293 6954/2619/2883 6942/2607/2871
f 6944/2610/4287 6956/2622/4294 6955/2621/4293 6943/2609/4286
f 6945/2611/4288 6957/2623/4295 6956/2622/4294 6944/2610/4287
f 6946/2612/2876 6958/2624/4296 6957/2623/4295 6945/2611/4288
f 6947/2613/2877 6959/2625/4297 6958/2624/4296 6946/2612/2876
f 6948/2614/4289 6960/2626/4298 6959/2625/4297 6947/2613/2877
f 6949/2615/4290 6961/2627/4299 6960/2626/4298 6948/2614/4289
f 6950/2616/4291 6962/2628/4300 6961/2627/4299 6949/2615/4290
f 6951/2617/2881 6963/2629/2893 6962/2628/4300 6950/2616/4291
f 6952/2618/4292 6964/2630/2894 6963/2629/2893 6951/2617/2881
f 6954/2619/2883 6966/2631/2895 6965/2632/2896 6953/2620/2884
f 6955/2621/4293 6967/2633/4301 6966/2631/2895 6954/2619/2883
f 6956/2622/4294 6968/2634/4302 6967/2633/4301 6955/2621/4293
f 6957/2623/4295 6969/2635/4303 6968/2634/4302 6956/2622/4294
f 6958/2624/4296 6970/2636/4304 6969/2635/4303 6957/2623/4295
f 6959/2625/4297 6971/2637/4305 6970/2636/4304 6958/2624/4296
f 6960/2626/4298 6972/2638/4306 6971/2637/4305 6959/2625/4297
f 6961/2627/4299 6973/2639/4307 6972/2638/4306 6960/2626/4298
f 6962/2628/4300 6974/2640/4308 6973/2639/4307 6961/2627/4299
f 6963/2629/2893 6975/2641/2905 6974/2640/4308 6962/2628/4300
f 6964/2630/2894 6976/2642/2906 6975/2641/2905 6963/2629/2893
f 6966/2631/2895 6978/2643/2907 6977/2644/2908 6965/2632/2896
f 6967/2633/4301 6979/2645/2909 6978/2643/2907 6966/2631/2895
f 6968/2634/4302 6980/2646/4309 6979/2645/2909 6967/2633/4301
f 6969/2635/4303 6981/2647/4310 6980/2646/4309 6968/2634/4302
f 6970/2636/4304 6982/2648/4311 6981/2647/4310 6969/2635/4303
f 6971/2637/4305 6983/2649/4312 6982/2648/4311 6970/2636/4304
f 6972/2638/4306 6984/2650/4313 6983/2649/4312 6971/2637/4305
f 6973/2639/4307 6985/2651/4314 6984/2650/4313 6972/2638/4306
f 6974/2640/4308 6986/2652/2916 6985/2651/4314 6973/2639/4307
f 6975/2641/2905 6987/2653/2917 6986/2652/2916 6974/2640/4308
f 6976/2642/2906 6988/2654/2918 6987/2653/2917 6975/2641/2905
f 6978/2643/2907 6990/2655/2919 6989/2656/2920 6977/2644/2908
f 6979/2645/2909 6991/2657/4315 6990/2655/2919 6978/2643/2907
f 6980/2646/4309 6992/2658/4316 6991/2657/4315 6979/2645/2909
f 6981/2647/4310 6993/2659/2923 6992/2658/4316 6980/2646/4309
f 6982/2648/4311 6994/2660/2924 6993/2659/2923 6981/2647/4310
f 6983/2649/4312 6995/2661/2925 6994/2660/2924 6982/2648/4311
f 6984/2650/4313 6996/2662/2926 6995/2661/2925 6983/2649/4312
f 6985/2651/4314 6997/2663/4317 6996/2662/2926 6984/2650/4313
f 6986/2652/2916 6998/2664/4318 6997/2663/4317 6985/2651/4314
f 6987/2653/2917 6999/2665/2929 6998/2664/4318 6986/2652/2916
f 6988/2654/2918 7000/2666/2930 6999/2665/2929 6987/2653/2917
f 6990/2655/2919 7002/2667/2931 7001/2668/2932 6989/2656/2920
f 6991/2657/4315 7003/2669/2933 7002/2667/2931 6990/2655/2919
f 6992/2658/4316 7004/2670/2934 7003/2669/2933 6991/2657/4315
f 6993/2659/2923 7005/2671/2935 7004/2670/2934 6992/2658/4316
f 6994/2660/2924 7006/2672/2936 7005/2671/2935 6993/2659/2923
f 6995/2661/2925 7007/2673/2937 7006/2672/2936 6994/2660/2924
f 6996/2662/2926 7008/2674/2938 7007/2673/2937 6995/2661/2925
f 6997/2663/4317 7009/2675/2939 7008/2674/2938 6996/2662/2926
f 6998/2664/4318 7010/2676/2940 7009/2675/2939 6997/2663/4317
f 6999/2665/2929 7011/2677/2941 7010/2676/2940 6998/2664/4318
f 7000/2666/2930 7012/2678/2942 7011/2677/2941 6999/2665/2929
f 7002/2667/2931 7014/2679/2943 7013/2680/2944 7001/2668/2932
f 7003/2669/2933 7015/2681/2945 7014/2679/2943 7002/2667/2931
f 7004/2670/2934 7016/2682/2946 7015/2681/2945 7003/2669/2933
f 7005/2671/2935 7017/2683/2947 7016/2682/2946 7004/2670/2934
f 7006/2672/2936 7018/2684/4319 7017/2683/2947 7005/2671/2935
f 7007/2673/2937 7019/2685/4320 7018/2684/4319 7006/2672/2936
f 7008/2674/2938 7020/2686/2950 7019/2685/4320 7007/2673/2937
f 7009/2675/2939 7021/2687/2951 7020/2686/2950 7008/2674/2938
f 7010/2676/2940 7022/2688/2952 7021/2687/2951 7009/2675/2939
f 7011/2677/2941 7023/2689/2953 7022/2688/2952 7010/2676/2940
f 7012/2678/2942 7024/2690/2954 7023/2689/2953 7011/2677/2941
f 7014/2679/2943 7026/2691/2955 7025/2692/2956 7013/2680/2944
f 7015/2681/2945 7027/2693/2957 7026/2691/2955 7014/2679/2943
f 7016/2682/2946 7028/2694/2958 7027/2693/2957 7015/2681/2945
f 7017/2683/2947 7029/2695/2959 7028/2694/2958 7016/2682/2946
f 7018/2684/4319 7030/2696/2960 7029/2695/2959 7017/2683/2947
f 7019/2685/4320 7031/2697/2961 7030/2696/2960 7018/2684/4319
f 7020/2686/2950 7032/2698/2962 7031/2697/2961 7019/2685/4320
f 7021/2687/2951 7033/2699/2963 7032/2698/2962 7020/2686/2950
f 7022/2688/2952 7034/2700/2964 7033/2699/2963 7021/2687/2951
f 7023/2689/2953 7035/2701/2965 7034/2700/2964 7022/2688/2952
f 7024/2690/2954 7036/2702/2966 7035/2701/2965 7023/2689/2953
f 7026/2691/2955 7038/2703/2967 7037/2704/2968 7025/2692/2956
f 7027/2693/2957 7039/2705/2969 7038/2703/2967 7026/2691/2955
f 7028/2694/2958 7040/2706/2970 7039/2705/2969 7027/2693/2957
f 7029/2695/2959 7041/2707/2971 7040/2706/2970 7028/2694/2958
f 7030/2696/2960 7042/2708/2972 7041/2707/2971 7029/2695/2959
f 7031/2697/2961 7043/2709/2973 7042/2708/2972 7030/2696/2960
f 7032/2698/2962 7044/2710/2974 7043/2709/2973 7031/2697/2961
f 7033/2699/2963 7045/2711/2975 7044/2710/2974 7032/2698/2962
f 7034/2700/2964 7046/2712/2976 7045/2711/2975 7033/2699/2963
f 7035/2701/2965 7047/2713/2977 7046/2712/2976 7034/2700/2964
f 7036/2702/2966 7048/2714/2978 7047/2713/2977 7035/2701/2965
f 7038/2703/2967 7050/2715/2979 7049/2716/2980 7037/2704/2968
f 7039/2705/2969 7051/2717/2981 7050/2715/2979 7038/2703/2967
f 7040/2706/2970 7052/2718/2982 7051/2717/2981 7039/2705/2969
f 7041/2707/2971 7053/2719/2983 7052/2718/2982 7040/2706/2970
f 7042/2708/2972 7054/2720/2984 7053/2719/2983 7041/2707/2971
f 7043/2709/2973 7055/2721/2985 7054/2720/2984 7042/2708/2972
f 7044/2710/2974 7056/2722/2986 7055/2721/2985 7043/2709/2973
f 7045/2711/2975 7057/2723/2987 7056/2722/2986 7044/2710/2974
f 7046/2712/2976 7058/2724/2988 7057/2723/2987 7045/2711/2975
f 7047/2713/2977 7059/2725/2989 7058/2724/2988 7046/2712/2976
f 7048/2714/2978 7060/2726/2990 7059/2725/2989 7047/2713/2977
f 7050/2715/2979 7062/2727/2991 7061/2728/2992 7049/2716/2980
f 7051/2717/2981 7063/2729/2993 7062/2727/2991 7050/2715/2979
f 7052/2718/2982 7064/2730/2994 7063/2729/2993 7051/2717/2981
f 7053/2719/2983 7065/2731/2995 7064/2730/2994 7052/2718/2982
f 7054/2720/2984 7066/2732/2996 7065/2731/2995 7053/2719/2983
f 7055/2721/2985 7067/2733/2997 7066/2732/2996 7054/2720/2984
f 7056/2722/2986 7068/2734/2998 7067/2733/2997 7055/2721/2985
f 7057/2723/2987 7069/2735/2999 7068/2734/2998 7056/2722/2986
f 7058/2724/2988 7070/2736/3000 7069/2735/2999 7057/2723/2987
f 7059/2725/2989 7071/2737/3001 7070/2736/3000 7058/2724/2988
f 7060/2726/2990 7072/2738/3002 7071/2737/3001 7059/2725/2989
f 7062/2727/2991 7074/2739/3003 7073/2740/3004 7061/2728/2992
f 7063/2729/2993 7075/2741/3005 7074/2739/3003 7062/2727/2991
f 7064/2730/2994 7076/2742/3006 7075/2741/3005 7063/2729/2993
f 7065/2731/2995 7077/2743/3007 7076/2742/3006 7064/2730/2994
f 7066/2732/2996 7078/2744/3008 7077/2743/3007 7065/2731/2995
f 7067/2733/2997 7079/2745/3009 7078/2744/3008 7066/2732/2996
f 7068/2734/2998 7080/2746/3010 7079/2745/3009 7067/2733/2997
f 7069/2735/2999 7081/2747/3011 7080/2746/3010 7068/2734/2998
f 7070/2736/3000 7082/2748/3012 7081/2747/3011 7069/2735/2999
f 7071/2737/3001 7083/2749/3013 7082/2748/3012 7070/2736/3000
f 7072/2738/3002 7084/2750/3014 7083/2749/3013 7071/2737/3001
f 7074/2739/3003 7086/2751/3015 7085/2752/3016 7073/2740/3004
f 7075/2741/3005 7087/2753/3017 7086/2751/3015 7074/2739/3003
f 7076/2742/3006 7088/2754/3018 7087/2753/3017 7075/2741/3005
f 7077/2743/3007 7089/2755/3019 7088/2754/3018 7076/2742/3006
f 7078/2744/3008 7090/2756/3020 7089/2755/3019 7077/2743/3007
f 7079/2745/3009 7091/2757/3021 7090/2756/3020 7078/2744/3008
f 7080/2746/3010 7092/2758/3022 7091/2757/3021 7079/2745/3009
f 7081/2747/3011 7093/2759/3023 7092/2758/3022 7080/2746/3010
f 7082/2748/3012 7094/2760/3024 7093/2759/3023 7081/2747/3011
f 7083/2749/3013 7095/2761/3025 7094/2760/3024 7082/2748/3012
f 7084/2750/3014 7096/2762/3026 7095/2761/3025 7083/2749/3013
f 7086/2751/3015 7098/2763/3027 7097/2764/3028 7085/2752/3016
f 7087/2753/3017 7099/2765/3029 7098/2763/3027 7086/2751/3015
f 7088/2754/3018 7100/2766/3030 7099/2765/3029 7087/2753/3017
f 7089/2755/3019 7101/2767/3031 7100/2766/3030 7088/2754/3018
f 7090/2756/3020 7102/2768/3032 7101/2767/3031 7089/2755/3019
f 7091/2757/3021 7103/2769/3033 7102/2768/3032 7090/2756/3020
f 7092/2758/3022 7104/2770/3034 7103/2769/3033 7091/2757/3021
f 7093/2759/3023 7105/2771/3035 7104/2770/3034 7092/2758/3022
f 7094/2760/3024 7106/2772/3036 7105/2771/3035 7093/2759/3023
f 7095/2761/3025 7107/2773/3037 7106/2772/3036 7094/2760/3024
f 7096/2762/3026 7108/2774/3038 7107/2773/3037 7095/2761/3025
f 7098/2763/3027 7110/2775/3039 7109/2776/3040 7097/2764/3028
f 7099/2765/3029 7111/2777/3041 7110/2775/3039 7098/2763/3027
f 7100/2766/3030 7112/2778/3042 7111/2777/3041 7099/2765/3029
f 7101/2767/3031 7113/2779/3043 7112/2778/3042 7100/2766/3030
f 7102/2768/3032 7114/2780/3044 7113/2779/3043 7101/2767/3031
f 7103/2769/3033 7115/2781/3045 7114/2780/3044 7102/2768/3032
f 7104/2770/3034 7116/2782/3046 7115/2781/3045 7103/2769/3033
f 7105/2771/3035 7117/2783/3047 7116/2782/3046 7104/2770/3034
f 7106/2772/3036 7118/2784/3048 7117/2783/3047 7105/2771/3035
f 7107/2773/3037 7119/2785/3049 7118/2784/3048 7106/2772/3036
f 7108/2774/3038 7120/2786/3050 7119/2785/3049 7107/2773/3037
f 7110/2775/3039 7122/2787/3051 7121/2788/3052 7109/2776/3040
f 7111/2777/3041 7123/2789/3053 7122/2787/3051 7110/2775/3039
f 7112/2778/3042 7124/2790/4321 7123/2789/3053 7111/2777/3041
f 7113/2779/3043 7125/2791/3055 7124/2790/4321 7112/2778/3042
f 7114/2780/3044 7126/2792/3056 7125/2791/3055 7113/2779/3043
f 7115/2781/3045 7127/2793/3057 7126/2792/3056 7114/2780/3044
f 7116/2782/3046 7128/2794/3058 7127/2793/3057 7115/2781/3045
f 7117/2783/3047 7129/2795/4322 7128/2794/3058 7116/2782/3046
f 7118/2784/3048 7130/2796/3060 7129/2795/4322 7117/2783/3047
f 7119/2785/3049 7131/2797/3061 7130/2796/3060 7118/2784/3048
f 7120/2786/3050 7132/2798/3062 7131/2797/3061 7119/2785/3049
f 7122/2787/3051 5490/485/1419 5489/13/1422 7121/2788/3052
f 7123/2789/3053 5491/486/1423 5490/485/1419 7122/2787/3051
f 7124/2790/4321 5492/487/1425 5491/486/1423 7123/2789/3053
f 7125/2791/3055 5493/488/1427 5492/487/1425 7124/2790/4321
f 7126/2792/3056 5494/489/1429 5493/488/1427 7125/2791/3055
f 7127/2793/3057 5495/490/1431 5494/489/1429 7126/2792/3056
f 7128/2794/3058 5496/491/1433 5495/490/1431 7127/2793/3057
f 7129/2795/4322 5497/492/1435 5496/491/1433 7128/2794/3058
f 7130/2796/3060 5498/493/1437 5497/492/1435 7129/2795/4322
f 7131/2797/3061 5499/494/1439 5498/493/1437 7130/2796/3060
f 7132/2798/3062 5500/495/1441 5499/494/1439 7131/2797/3061
f 7134/380/3063 7146/2799/3064 7145/2800/3065 7133/24/3066
f 7135/383/3067 7147/2801/3068 7146/2799/3064 7134/380/3063
f 7136/385/4323 7148/2802/3070 7147/2801/3068 7135/383/3067
f 7137/387/4324 7149/2803/3072 7148/2802/3070 7136/385/4323
f 7138/389/4325 7150/2804/3074 7149/2803/3072 7137/387/4324
f 7139/391/4326 7151/2805/3076 7150/2804/3074 7138/389/4325
f 7140/393/4327 7152/2806/3078 7151/2805/3076 7139/391/4326
f 7141/395/4328 7153/2807/3080 7152/2806/3078 7140/393/4327
f 7142/397/3081 7154/2808/3082 7153/2807/3080 7141/395/4328
f 7143/399/3083 7155/2809/3084 7154/2808/3082 7142/397/3081
f 7144/401/3085 7156/2810/3086 7155/2809/3084 7143/399/3083
f 7146/2799/3064 7158/2811/3087 7157/2812/3088 7145/2800/3065
f 7147/2801/3068 7159/2813/3089 7158/2811/3087 7146/2799/3064
f 7148/2802/3070 7160/2814/3090 7159/2813/3089 7147/2801/3068
f 7149/2803/3072 7161/2815/3091 7160/2814/3090 7148/2802/3070
f 7150/2804/3074 7162/2816/3092 7161/2815/3091 7149/2803/3072
f 7151/2805/3076 7163/2817/3093 7162/2816/3092 7150/2804/3074
f 7152/2806/3078 7164/2818/3094 7163/2817/3093 7151/2805/3076
f 7153/2807/3080 7165/2819/3095 7164/2818/3094 7152/2806/3078
f 7154/2808/3082 7166/2820/3096 7165/2819/3095 7153/2807/3080
f 7155/2809/3084 7167/2821/3097 7166/2820/3096 7154/2808/3082
f 7156/2810/3086 7168/2822/3098 7167/2821/3097 7155/2809/3084
f 7158/2811/3087 7170/2823/3099 7169/2824/3100 7157/2812/3088
f 7159/2813/3089 7171/2825/3101 7170/2823/3099 7158/2811/3087
f 7160/2814/3090 7172/2826/3102 7171/2825/3101 7159/2813/3089
f 7161/2815/3091 7173/2827/3103 7172/2826/3102 7160/2814/3090
f 7162/2816/3092 7174/2828/3104 7173/2827/3103 7161/2815/3091
f 7163/2817/3093 7175/2829/3105 7174/2828/3104 7162/2816/3092
f 7164/2818/3094 7176/2830/3106 7175/2829/3105 7163/2817/3093
f 7165/2819/3095 7177/2831/4329 7176/2830/3106 7164/2818/3094
f 7166/2820/3096 7178/2832/4330 7177/2831/4329 7165/2819/3095
f 7167/2821/3097 7179/2833/3109 7178/2832/4330 7166/2820/3096
f 7168/2822/3098 7180/2834/3110 7179/2833/3109 7167/2821/3097
f 7170/2823/3099 7182/2835/3111 7181/2836/3112 7169/2824/3100
f 7171/2825/3101 7183/2837/3113 7182/2835/3111 7170/2823/3099
f 7172/2826/3102 7184/2838/3114 7183/2837/3113 7171/2825/3101
f 7173/2827/3103 7185/2839/3115 7184/2838/3114 7172/2826/3102
f 7174/2828/3104 7186/2840/3116 7185/2839/3115 7173/2827/3103
f 7175/2829/3105 7187/2841/3117 7186/2840/3116 7174/2828/3104
f 7176/2830/3106 7188/2842/3118 7187/2841/3117 7175/2829/3105
f 7177/2831/4329 7189/2843/3119 7188/2842/3118 7176/2830/3106
f 7178/2832/4330 7190/2844/3120 7189/2843/3119 7177/2831/4329
f 7179/2833/3109 7191/2845/3121 7190/2844/3120 7178/2832/4330
f 7180/2834/3110 7192/2846/3122 7191/2845/3121 7179/2833/3109
f 7182/2835/3111 7194/2847/3123 7193/2848/3124 7181/2836/3112
f 7183/2837/3113 7195/2849/3125 7194/2847/3123 7182/2835/3111
f 7184/2838/3114 7196/2850/3126 7195/2849/3125 7183/2837/3113
f 7185/2839/3115 7197/2851/3127 7196/2850/3126 7184/2838/3114
f 7186/2840/3116 7198/2852/3128 7197/2851/3127 7185/2839/3115
f 7187/2841/3117 7199/2853/3129 7198/2852/3128 7186/2840/3116
f 7188/2842/3118 7200/2854/3130 7199/2853/3129 7187/2841/3117
f 7189/2843/3119 7201/2855/3131 7200/2854/3130 7188/2842/3118
f 7190/2844/3120 7202/2856/3132 7201/2855/3131 7189/2843/3119
f 7191/2845/3121 7203/2857/3133 7202/2856/3132 7190/2844/3120
f 7192/2846/3122 7204/2858/3134 7203/2857/3133 7191/2845/3121
f 7194/2847/3123 7206/2859/3135 7205/2860/3136 7193/2848/3124
f 7195/2849/3125 7207/2861/3137 7206/2859/3135 7194/2847/3123
f 7196/2850/3126 7208/2862/3138 7207/2861/3137 7195/2849/3125
f 7197/2851/3127 7209/2863/3139 7208/2862/3138 7196/2850/3126
f 7198/2852/3128 7210/2864/3140 7209/2863/3139 7197/2851/3127
f 7199/2853/3129 7211/2865/3141 7210/2864/3140 7198/2852/3128
f 7200/2854/3130 7212/2866/3142 7211/2865/3141 7199/2853/3129
f 7201/2855/3131 7213/2867/3143 7212/2866/3142 7200/2854/3130
f 7202/2856/3132 7214/2868/3144 7213/2867/3143 7201/2855/3131
f 7203/2857/3133 7215/2869/3145 7214/2868/3144 7202/2856/3132
f 7204/2858/3134 7216/2870/3146 7215/2869/3145 7203/2857/3133
f 7206/2859/3135 7218/2871/3147 7217/2872/3148 7205/2860/3136
f 7207/2861/3137 7219/2873/3149 7218/2871/3147 7206/2859/3135
f 7208/2862/3138 7220/2874/3150 7219/2873/3149 7207/2861/3137
f 7209/2863/3139 7221/2875/3151 7220/2874/3150 7208/2862/3138
f 7210/2864/3140 7222/2876/3152 7221/2875/3151 7209/2863/3139
f 7211/2865/3141 7223/2877/3153 7222/2876/3152 7210/2864/3140
f 7212/2866/3142 7224/2878/3154 7223/2877/3153 7211/2865/3141
f 7213/2867/3143 7225/2879/3155 7224/2878/3154 7212/2866/3142
f 7214/2868/3144 7226/2880/3156 7225/2879/3155 7213/2867/3143
f 7215/2869/3145 7227/2881/3157 7226/2880/3156 7214/2868/3144
f 7216/2870/3146 7228/2882/3158 7227/2881/3157 7215/2869/3145
f 7218/2871/3147 7230/2883/3159 7229/2884/3160 7217/2872/3148
f 7219/2873/3149 7231/2885/3161 7230/2883/3159 7218/2871/3147
f 7220/2874/3150 7232/2886/3162 7231/2885/3161 7219/2873/3149
f 7221/2875/3151 7233/2887/3163 7232/2886/3162 7220/2874/3150
f 7222/2876/3152 7234/2888/3164 7233/2887/3163 7221/2875/3151
f 7223/2877/3153 7235/2889/3165 7234/2888/3164 7222/2876/3152
f 7224/2878/3154 7236/2890/3166 7235/2889/3165 7223/2877/3153
f 7225/2879/3155 7237/2891/3167 7236/2890/3166 7224/2878/3154
f 7226/2880/3156 7238/2892/3168 7237/2891/3167 7225/2879/3155
f 7227/2881/3157 7239/2893/3169 7238/2892/3168 7226/2880/3156
f 7228/2882/3158 7240/2894/3170 7239/2893/3169 7227/2881/3157
f 7230/2883/3159 7242/2895/3171 7241/2896/3172 7229/2884/3160
f 7231/2885/3161 7243/2897/3173 7242/2895/3171 7230/2883/3159
f 7232/2886/3162 7244/2898/3174 7243/2897/3173 7231/2885/3161
f 7233/2887/3163 7245/2899/3175 7244/2898/3174 7232/2886/3162
f 7234/2888/3164 7246/2900/3176 7245/2899/3175 7233/2887/3163
f 7235/2889/3165 7247/2901/3177 7246/2900/3176 7234/2888/3164
f 7236/2890/3166 7248/2902/3178 7247/2901/3177 7235/2889/3165
f 7237/2891/3167 7249/2903/3179 7248/2902/3178 7236/2890/3166
f 7238/2892/3168 7250/2904/3180 7249/2903/3179 7237/2891/3167
f 7239/2893/3169 7251/2905/3181 7250/2904/3180 7238/2892/3168
f 7240/2894/3170 7252/2906/3182 7251/2905/3181 7239/2893/3169
f 7242/2895/3171 7254/2907/3183 7253/2908/3184 7241/2896/3172
f 7243/2897/3173 7255/2909/3185 7254/2907/3183 7242/2895/3171
f 7244/2898/3174 7256/2910/3186 7255/2909/3185 7243/2897/3173
f 7245/2899/3175 7257/2911/3187 7256/2910/3186 7244/2898/3174
f 7246/2900/3176 7258/2912/3188 7257/2911/3187 7245/2899/3175
f 7247/2901/3177 7259/2913/3189 7258/2912/3188 7246/2900/3176
f 7248/2902/3178 7260/2914/3190 7259/2913/3189 7247/2901/3177
f 7249/2903/3179 7261/2915/3191 7260/2914/3190 7248/2902/3178
f 7250/2904/3180 7262/2916/3192 7261/2915/3191 7249/2903/3179
f 7251/2905/3181 7263/2917/3193 7262/2916/3192 7250/2904/3180
f 7252/2906/3182 7264/2918/3194 7263/2917/3193 7251/2905/3181
f 7254/2907/3183 7266/2919/3195 7265/2920/3196 7253/2908/3184
f 7255/2909/3185 7267/2921/3197 7266/2919/3195 7254/2907/3183
f 7256/2910/3186 7268/2922/3198 7267/2921/3197 7255/2909/3185
f 7257/2911/3187 7269/2923/3199 7268/2922/3198 7256/2910/3186
f 7258/2912/3188 7270/2924/3200 7269/2923/3199 7257/2911/3187
f 7259/2913/3189 7271/2925/3201 7270/2924/3200 7258/2912/3188
f 7260/2914/3190 7272/2926/3202 7271/2925/3201 7259/2913/3189
f 7261/2915/3191 7273/2927/3203 7272/2926/3202 7260/2914/3190
f 7262/2916/3192 7274/2928/3204 7273/2927/3203 7261/2915/3191
f 7263/2917/3193 7275/2929/3205 7274/2928/3204 7262/2916/3192
f 7264/2918/3194 7276/2930/3206 7275/2929/3205 7263/2917/3193
f 7266/2919/3195 7278/2931/3207 7277/2932/3208 7265/2920/3196
f 7267/2921/3197 7279/2933/3209 7278/2931/3207 7266/2919/3195
f 7268/2922/3198 7280/2934/4331 7279/2933/3209 7267/2921/3197
f 7269/2923/3199 7281/2935/4332 7280/2934/4331 7268/2922/3198
f 7270/2924/3200 7282/2936/4333 7281/2935/4332 7269/2923/3199
f 7271/2925/3201 7283/2937/4334 7282/2936/4333 7270/2924/3200
f 7272/2926/3202 7284/2938/4335 7283/2937/4334 7271/2925/3201
f 7273/2927/3203 7285/2939/4336 7284/2938/4335 7272/2926/3202
f 7274/2928/3204 7286/2940/3216 7285/2939/4336 7273/2927/3203
f 7275/2929/3205 7287/2941/3217 7286/2940/3216 7274/2928/3204
f 7276/2930/3206 7288/2942/3218 7287/2941/3217 7275/2929/3205
f 7278/2931/3207 7290/2943/3219 7289/2944/3220 7277/2932/3208
f 7279/2933/3209 7291/2945/4337 7290/2943/3219 7278/2931/3207
f 7280/2934/4331 7292/2946/3222 7291/2945/4337 7279/2933/3209
f 7281/2935/4332 7293/2947/3223 7292/2946/3222 7280/2934/4331
f 7282/2936/4333 7294/2948/3224 7293/2947/3223 7281/2935/4332
f 7283/2937/4334 7295/2949/3225 7294/2948/3224 7282/2936/4333
f 7284/2938/4335 7296/2950/3226 7295/2949/3225 7283/2937/4334
f 7285/2939/4336 7297/2951/3227 7296/2950/3226 7284/2938/4335
f 7286/2940/3216 7298/2952/4338 7297/2951/3227 7285/2939/4336
f 7287/2941/3217 7299/2953/3229 7298/2952/4338 7286/2940/3216
f 7288/2942/3218 7300/2954/3230 7299/2953/3229 7287/2941/3217
f 7290/2943/3219 7302/2955/3231 7301/2956/3232 7289/2944/3220
f 7291/2945/4337 7303/2957/3233 7302/2955/3231 7290/2943/3219
f 7292/2946/3222 7304/2958/3234 7303/2957/3233 7291/2945/4337
f 7293/2947/3223 7305/2959/3235 7304/2958/3234 7292/2946/3222
f 7294/2948/3224 7306/2960/4339 7305/2959/3235 7293/2947/3223
f 7295/2949/3225 7307/2961/4340 7306/2960/4339 7294/2948/3224
f 7296/2950/3226 7308/2962/3238 7307/2961/4340 7295/2949/3225
f 7297/2951/3227 7309/2963/3239 7308/2962/3238 7296/2950/3226
f 7298/2952/4338 7310/2964/3240 7309/2963/3239 7297/2951/3227
f 7299/2953/3229 7311/2965/3241 7310/2964/3240 7298/2952/4338
f 7300/2954/3230 7312/2966/3242 7311/2965/3241 7299/2953/3229
f 7302/2955/3231 7314/2967/3243 7313/2968/3244 7301/2956/3232
f 7303/2957/3233 7315/2969/3245 7314/2967/3243 7302/2955/3231
f 7304/2958/3234 7316/2970/3246 7315/2969/3245 7303/2957/3233
f 7305/2959/3235 7317/2971/3247 7316/2970/3246 7304/2958/3234
f 7306/2960/4339 7318/2972/3248 7317/2971/3247 7305/2959/3235
f 7307/2961/4340 7319/2973/3249 7318/2972/3248 7306/2960/4339
f 7308/2962/3238 7320/2974/3250 7319/2973/3249 7307/2961/4340
f 7309/2963/3239 7321/2975/3251 7320/2974/3250 7308/2962/3238
f 7310/2964/3240 7322/2976/3252 7321/2975/3251 7309/2963/3239
f 7311/2965/3241 7323/2977/3253 7322/2976/3252 7310/2964/3240
f 7312/2966/3242 7324/2978/3254 7323/2977/3253 7311/2965/3241
f 7314/2967/3243 7326/2979/4341 7325/2980/3256 7313/2968/3244
f 7315/2969/3245 7327/2981/3257 7326/2979/4341 7314/2967/3243
f 7316/2970/3246 7328/2982/3258 7327/2981/3257 7315/2969/3245
f 7317/2971/3247 7329/2983/3259 7328/2982/3258 7316/2970/3246
f 7318/2972/3248 7330/2984/3260 7329/2983/3259 7317/2971/3247
f 7319/2973/3249 7331/2985/3261 7330/2984/3260 7318/2972/3248
f 7320/2974/3250 7332/2986/3262 7331/2985/3261 7319/2973/3249
f 7321/2975/3251 7333/2987/3263 7332/2986/3262 7320/2974/3250
f 7322/2976/3252 7334/2988/3264 7333/2987/3263 7321/2975/3251
f 7323/2977/3253 7335/2989/3265 7334/2988/3264 7322/2976/3252
f 7324/2978/3254 7336/2990/3266 7335/2989/3265 7323/2977/3253
f 7326/2979/4341 7338/2991/3267 7337/2992/3268 7325/2980/3256
f 7327/2981/3257 7339/2993/3269 7338/2991/3267 7326/2979/4341
f 7328/2982/3258 7340/2994/3270 7339/2993/3269 7327/2981/3257
f 7329/2983/3259 7341/2995/3271 7340/2994/3270 7328/2982/3258
f 7330/2984/3260 7342/2996/3272 7341/2995/3271 7329/2983/3259
f 7331/2985/3261 7343/2997/3273 7342/2996/3272 7330/2984/3260
f 7332/2986/3262 7344/2998/3274 7343/2997/3273 7331/2985/3261
f 7333/2987/3263 7345/2999/3275 7344/2998/3274 7332/2986/3262
f 7334/2988/3264 7346/3000/3276 7345/2999/3275 7333/2987/3263
f 7335/2989/3265 7347/3001/3277 7346/3000/3276 7334/2988/3264
f 7336/2990/3266 7348/3002/3278 7347/3001/3277 7335/2989/3265
f 7338/2991/3267 7350/3003/3279 7349/3004/3280 7337/2992/3268
f 7339/2993/3269 7351/3005/3281 7350/3003/3279 7338/2991/3267
f 7340/2994/3270 7352/3006/3282 7351/3005/3281 7339/2993/3269
f 7341/2995/3271 7353/3007/4342 7352/3006/3282 7340/2994/3270
f 7342/2996/3272 7354/3008/3284 7353/3007/4342 7341/2995/3271
f 7343/2997/3273 7355/3009/3285 7354/3008/3284 7342/2996/3272
f 7344/2998/3274 7356/3010/3286 7355/3009/3285 7343/2997/3273
f 7345/2999/3275 7357/3011/3287 7356/3010/3286 7344/2998/3274
f 7346/3000/3276 7358/3012/3288 7357/3011/3287 7345/2999/3275
f 7347/3001/3277 7359/3013/3289 7358/3012/3288 7346/3000/3276
f 7348/3002/3278 7360/3014/3290 7359/3013/3289 7347/3001/3277
f 7350/3003/3279 7362/3015/3291 7361/3016/3292 7349/3004/3280
f 7351/3005/3281 7363/3017/3293 7362/3015/3291 7350/3003/3279
f 7352/3006/3282 7364/3018/3294 7363/3017/3293 7351/3005/3281
f 7353/3007/4342 7365/3019/3295 7364/3018/3294 7352/3006/3282
f 7354/3008/3284 7366/3020/3296 7365/3019/3295 7353/3007/4342
f 7355/3009/3285 7367/3021/3297 7366/3020/3296 7354/3008/3284
f 7356/3010/3286 7368/3022/3298 7367/3021/3297 7355/3009/3285
f 7357/3011/3287 7369/3023/3299 7368/3022/3298 7356/3010/3286
f 7358/3012/3288 7370/3024/3300 7369/3023/3299 7357/3011/3287
f 7359/3013/3289 7371/3025/3301 7370/3024/3300 7358/3012/3288
f 7360/3014/3290 7372/3026/3302 7371/3025/3301 7359/3013/3289
f 7362/3015/3291 7374/3027/3303 7373/3028/3304 7361/3016/3292
f 7363/3017/3293 7375/3029/3305 7374/3027/3303 7362/3015/3291
f 7364/3018/3294 7376/3030/3306 7375/3029/3305 7363/3017/3293
f 7365/3019/3295 7377/3031/3307 7376/3030/3306 7364/3018/3294
f 7366/3020/3296 7378/3032/3308 7377/3031/3307 7365/3019/3295
f 7367/3021/3297 7379/3033/3309 7378/3032/3308 7366/3020/3296
f 7368/3022/3298 7380/3034/3310 7379/3033/3309 7367/3021/3297
f 7369/3023/3299 7381/3035/3311 7380/3034/3310 7368/3022/3298
f 7370/3024/3300 7382/3036/3312 7381/3035/3311 7369/3023/3299
f 7371/3025/3301 7383/3037/3313 7382/3036/3312 7370/3024/3300
f 7372/3026/3302 7384/3038/3314 7383/3037/3313 7371/3025/3301
f 7374/3027/3303 7386/3039/3315 7385/3040/3316 7373/3028/3304
f 7375/3029/3305 7387/3041/3317 7386/3039/3315 7374/3027/3303
f 7376/3030/3306 7388/3042/3318 7387/3041/3317 7375/3029/3305
f 7377/3031/3307 7389/3043/3319 7388/3042/3318 7376/3030/3306
f 7378/3032/3308 7390/3044/3320 7389/3043/3319 7377/3031/3307
f 7379/3033/3309 7391/3045/3321 7390/3044/3320 7378/3032/3308
f 7380/3034/3310 7392/3046/3322 7391/3045/3321 7379/3033/3309
f 7381/3035/3311 7393/3047/3323 7392/3046/3322 7380/3034/3310
f 7382/3036/3312 7394/3048/3324 7393/3047/3323 7381/3035/3311
f 7383/3037/3313 7395/3049/3325 7394/3048/3324 7382/3036/3312
f 7384/3038/3314 7396/3050/3326 7395/3049/3325 7383/3037/3313
f 7386/3039/3315 7398/3051/3327 7397/3052/3328 7385/3040/3316
f 7387/3041/3317 7399/3053/3329 7398/3051/3327 7386/3039/3315
f 7388/3042/3318 7400/3054/3330 7399/3053/3329 7387/3041/3317
f 7389/3043/3319 7401/3055/3331 7400/3054/3330 7388/3042/3318
f 7390/3044/3320 7402/3056/3332 7401/3055/3331 7389/3043/3319
f 7391/3045/3321 7403/3057/3333 7402/3056/3332 7390/3044/3320
f 7392/3046/3322 7404/3058/3334 7403/3057/3333 7391/3045/3321
f 7393/3047/3323 7405/3059/3335 7404/3058/3334 7392/3046/3322
f 7394/3048/3324 7406/3060/3336 7405/3059/3335 7393/3047/3323
f 7395/3049/3325 7407/3061/3337 7406/3060/3336 7394/3048/3324
f 7396/3050/3326 7408/3062/3338 7407/3061/3337 7395/3049/3325
f 7398/3051/3327 7410/3063/3339 7409/3064/3340 7397/3052/3328
f 7399/3053/3329 7411/3065/3341 7410/3063/3339 7398/3051/3327
f 7400/3054/3330 7412/3066/3342 7411/3065/3341 7399/3053/3329
f 7401/3055/3331 7413/3067/3343 7412/3066/3342 7400/3054/3330
f 7402/3056/3332 7414/3068/3344 7413/3067/3343 7401/3055/3331
f 7403/3057/3333 7415/3069/3345 7414/3068/3344 7402/3056/3332
f 7404/3058/3334 7416/3070/3346 7415/3069/3345 7403/3057/3333
f 7405/3059/3335 7417/3071/3347 7416/3070/3346 7404/3058/3334
f 7406/3060/3336 7418/3072/3348 7417/3071/3347 7405/3059/3335
f 7407/3061/3337 7419/3073/3349 7418/3072/3348 7406/3060/3336
f 7408/3062/3338 7420/3074/3350 7419/3073/3349 7407/3061/3337
f 7410/3063/3339 7422/3075/3351 7421/3076/3352 7409/3064/3340
f 7411/3065/3341 7423/3077/3353 7422/3075/3351 7410/3063/3339
f 7412/3066/3342 7424/3078/3354 7423/3077/3353 7411/3065/3341
f 7413/3067/3343 7425/3079/3355 7424/3078/3354 7412/3066/3342
f 7414/3068/3344 7426/3080/3356 7425/3079/3355 7413/3067/3343
f 7415/3069/3345 7427/3081/3357 7426/3080/3356 7414/3068/3344
f 7416/3070/3346 7428/3082/3358 7427/3081/3357 7415/3069/3345
f 7417/3071/3347 7429/3083/3359 7428/3082/3358 7416/3070/3346
f 7418/3072/3348 7430/3084/3360 7429/3083/3359 7417/3071/3347
f 7419/3073/3349 7431/3085/3361 7430/3084/3360 7418/3072/3348
f 7420/3074/3350 7432/3086/3362 7431/3085/3361 7419/3073/3349
f 7422/3075/3351 7434/3087/3363 7433/3088/3364 7421/3076/3352
f 7423/3077/3353 7435/3089/3365 7434/3087/3363 7422/3075/3351
f 7424/3078/3354 7436/3090/3366 7435/3089/3365 7423/3077/3353
f 7425/3079/3355 7437/3091/3367 7436/3090/3366 7424/3078/3354
f 7426/3080/3356 7438/3092/3368 7437/3091/3367 7425/3079/3355
f 7427/3081/3357 7439/3093/3369 7438/3092/3368 7426/3080/3356
f 7428/3082/3358 7440/3094/3370 7439/3093/3369 7427/3081/3357
f 7429/3083/3359 7441/3095/3371 7440/3094/3370 7428/3082/3358
f 7430/3084/3360 7442/3096/3372 7441/3095/3371 7429/3083/3359
f 7431/3085/3361 7443/3097/3373 7442/3096/3372 7430/3084/3360
f 7432/3086/3362 7444/3098/3374 7443/3097/3373 7431/3085/3361
f 7434/3087/3363 7446/3099/3375 7445/3100/2548 7433/3088/3364
f 7435/3089/3365 7447/3101/3376 7446/3099/3375 7434/3087/3363
f 7436/3090/3366 7448/3102/3377 7447/3101/3376 7435/3089/3365
f 7437/3091/3367 7449/3103/3378 7448/3102/3377 7436/3090/3366
f 7438/3092/3368 7450/3104/3379 7449/3103/3378 7437/3091/3367
f 7439/3093/3369 7451/3105/3380 7450/3104/3379 7438/3092/3368
f 7440/3094/3370 7452/3106/3381 7451/3105/3380 7439/3093/3369
f 7441/3095/3371 7453/3107/3382 7452/3106/3381 7440/3094/3370
f 7442/3096/3372 7454/3108/3383 7453/3107/3382 7441/3095/3371
f 7443/3097/3373 7455/3109/3384 7454/3108/3383 7442/3096/3372
f 7444/3098/3374 7456/3110/2558 7455/3109/3384 7443/3097/3373
f 7446/3099/3375 7458/3111/3385 7457/3112/3386 7445/3100/2548
f 7447/3101/3376 7459/3113/3387 7458/3111/3385 7446/3099/3375
f 7448/3102/3377 7460/3114/3388 7459/3113/3387 7447/3101/3376
f 7449/3103/3378 7461/3115/3389 7460/3114/3388 7448/3102/3377
f 7450/3104/3379 7462/3116/3390 7461/3115/3389 7449/3103/3378
f 7451/3105/3380 7463/3117/3391 7462/3116/3390 7450/3104/3379
f 7452/3106/3381 7464/3118/3392 7463/3117/3391 7451/3105/3380
f 7453/3107/3382 7465/3119/3393 7464/3118/3392 7452/3106/3381
f 7454/3108/3383 7466/3120/3394 7465/3119/3393 7453/3107/3382
f 7455/3109/3384 7467/3121/3395 7466/3120/3394 7454/3108/3383
f 7456/3110/2558 7468/3122/3396 7467/3121/3395 7455/3109/3384
f 7458/3111/3385 7470/3123/3397 7469/3124/2524 7457/3112/3386
f 7459/3113/3387 7471/3125/3398 7470/3123/3397 7458/3111/3385
f 7460/3114/3388 7472/3126/3399 7471/3125/3398 7459/3113/3387
f 7461/3115/3389 7473/3127/3400 7472/3126/3399 7460/3114/3388
f 7462/3116/3390 7474/3128/3401 7473/3127/3400 7461/3115/3389
f 7463/3117/3391 7475/3129/3402 7474/3128/3401 7462/3116/3390
f 7464/3118/3392 7476/3130/3403 7475/3129/3402 7463/3117/3391
f 7465/3119/3393 7477/3131/3404 7476/3130/3403 7464/3118/3392
f 7466/3120/3394 7478/3132/3405 7477/3131/3404 7465/3119/3393
f 7467/3121/3395 7479/3133/3406 7478/3132/3405 7466/3120/3394
f 7468/3122/3396 7480/3134/2534 7479/3133/3406 7467/3121/3395
f 7470/3123/3397 7482/3135/3407 7481/3136/3408 7469/3124/2524
f 7471/3125/3398 7483/3137/3409 7482/3135/3407 7470/3123/3397
f 7472/3126/3399 7484/3138/3410 7483/3137/3409 7471/3125/3398
f 7473/3127/3400 7485/3139/3411 7484/3138/3410 7472/3126/3399
f 7474/3128/3401 7486/3140/3412 7485/3139/3411 7473/3127/3400
f 7475/3129/3402 7487/3141/3413 7486/3140/3412 7474/3128/3401
f 7476/3130/3403 7488/3142/3414 7487/3141/3413 7475/3129/3402
f 7477/3131/3404 7489/3143/3415 7488/3142/3414 7476/3130/3403
f 7478/3132/3405 7490/3144/3416 7489/3143/3415 7477/3131/3404
f 7479/3133/3406 7491/3145/3417 7490/3144/3416 7478/3132/3405
f 7480/3134/2534 7492/3146/3418 7491/3145/3417 7479/3133/3406
f 7482/3135/3407 7494/3147/3419 7493/3148/3420 7481/3136/3408
f 7483/3137/3409 7495/3149/3421 7494/3147/3419 7482/3135/3407
f 7484/3138/3410 7496/3150/3422 7495/3149/3421 7483/3137/3409
f 7485/3139/3411 7497/3151/3423 7496/3150/3422 7484/3138/3410
f 7486/3140/3412 7498/3152/3424 7497/3151/3423 7485/3139/3411
f 7487/3141/3413 7499/3153/3425 7498/3152/3424 7486/3140/3412
f 7488/3142/3414 7500/3154/3426 7499/3153/3425 7487/3141/3413
f 7489/3143/3415 7501/3155/3427 7500/3154/3426 7488/3142/3414
f 7490/3144/3416 7502/3156/3428 7501/3155/3427 7489/3143/3415
f 7491/3145/3417 7503/3157/3429 7502/3156/3428 7490/3144/3416
f 7492/3146/3418 7504/3158/3430 7503/3157/3429 7491/3145/3417
f 7494/3147/3419 7506/3159/3431 7505/3160/3432 7493/3148/3420
f 7495/3149/3421 7507/3161/3433 7506/3159/3431 7494/3147/3419
f 7496/3150/3422 7508/3162/3434 7507/3161/3433 7495/3149/3421
f 7497/3151/3423 7509/3163/3435 7508/3162/3434 7496/3150/3422
f 7498/3152/3424 7510/3164/3436 7509/3163/3435 7497/3151/3423
f 7499/3153/3425 7511/3165/3437 7510/3164/3436 7498/3152/3424
f 7500/3154/3426 7512/3166/3438 7511/3165/3437 7499/3153/3425
f 7501/3155/3427 7513/3167/3439 7512/3166/3438 7500/3154/3426
f 7502/3156/3428 7514/3168/3440 7513/3167/3439 7501/3155/3427
f 7503/3157/3429 7515/3169/3441 7514/3168/3440 7502/3156/3428
f 7504/3158/3430 7516/3170/3442 7515/3169/3441 7503/3157/3429
f 7506/3159/3431 7518/3171/3443 7517/3172/3444 7505/3160/3432
f 7507/3161/3433 7519/3173/3445 7518/3171/3443 7506/3159/3431
f 7508/3162/3434 7520/3174/3446 7519/3173/3445 7507/3161/3433
f 7509/3163/3435 7521/3175/3447 7520/3174/3446 7508/3162/3434
f 7510/3164/3436 7522/3176/3448 7521/3175/3447 7509/3163/3435
f 7511/3165/3437 7523/3177/3449 7522/3176/3448 7510/3164/3436
f 7512/3166/3438 7524/3178/3450 7523/3177/3449 7511/3165/3437
f 7513/3167/3439 7525/3179/3451 7524/3178/3450 7512/3166/3438
f 7514/3168/3440 7526/3180/3452 7525/3179/3451 7513/3167/3439
f 7515/3169/3441 7527/3181/3453 7526/3180/3452 7514/3168/3440
f 7516/3170/3442 7528/3182/3454 7527/3181/3453 7515/3169/3441
f 7518/3171/3443 7530/3183/3455 7529/3184/3456 7517/3172/3444
f 7519/3173/3445 7531/3185/3457 7530/3183/3455 7518/3171/3443
f 7520/3174/3446 7532/3186/3458 7531/3185/3457 7519/3173/3445
f 7521/3175/3447 7533/3187/3459 7532/3186/3458 7520/3174/3446
f 7522/3176/3448 7534/3188/3460 7533/3187/3459 7521/3175/3447
f 7523/3177/3449 7535/3189/3461 7534/3188/3460 7522/3176/3448
f 7524/3178/3450 7536/3190/3462 7535/3189/3461 7523/3177/3449
f 7525/3179/3451 7537/3191/3463 7536/3190/3462 7524/3178/3450
f 7526/3180/3452 7538/3192/3464 7537/3191/3463 7525/3179/3451
f 7527/3181/3453 7539/3193/3465 7538/3192/3464 7526/3180/3452
f 7528/3182/3454 7540/3194/3466 7539/3193/3465 7527/3181/3453
f 7530/3183/3455 7542/3195/3467 7541/3196/3468 7529/3184/3456
f 7531/3185/3457 7543/3197/3469 7542/3195/3467 7530/3183/3455
f 7532/3186/3458 7544/3198/4343 7543/3197/3469 7531/3185/3457
f 7533/3187/3459 7545/3199/4344 7544/3198/4343 7532/3186/3458
f 7534/3188/3460 7546/3200/3472 7545/3199/4344 7533/3187/3459
f 7535/3189/3461 7547/3201/3473 7546/3200/3472 7534/3188/3460
f 7536/3190/3462 7548/3202/4345 7547/3201/3473 7535/3189/3461
f 7537/3191/3463 7549/3203/4346 7548/3202/4345 7536/3190/3462
f 7538/3192/3464 7550/3204/3476 7549/3203/4346 7537/3191/3463
f 7539/3193/3465 7551/3205/3477 7550/3204/3476 7538/3192/3464
f 7540/3194/3466 7552/3206/3478 7551/3205/3477 7539/3193/3465
f 7542/3195/3467 7554/3207/3479 7553/3208/3480 7541/3196/3468
f 7543/3197/3469 7555/3209/3481 7554/3207/3479 7542/3195/3467
f 7544/3198/4343 7556/3210/4347 7555/3209/3481 7543/3197/3469
f 7545/3199/4344 7557/3211/4348 7556/3210/4347 7544/3198/4343
f 7546/3200/3472 7558/3212/3484 7557/3211/4348 7545/3199/4344
f 7547/3201/3473 7559/3213/3485 7558/3212/3484 7546/3200/3472
f 7548/3202/4345 7560/3214/4349 7559/3213/3485 7547/3201/3473
f 7549/3203/4346 7561/3215/4350 7560/3214/4349 7548/3202/4345
f 7550/3204/3476 7562/3216/3488 7561/3215/4350 7549/3203/4346
f 7551/3205/3477 7563/3217/3489 7562/3216/3488 7550/3204/3476
f 7552/3206/3478 7564/3218/3490 7563/3217/3489 7551/3205/3477
f 7554/3207/3479 7566/3219/3491 7565/3220/3492 7553/3208/3480
f 7555/3209/3481 7567/3221/3493 7566/3219/3491 7554/3207/3479
f 7556/3210/4347 7568/3222/3494 7567/3221/3493 7555/3209/3481
f 7557/3211/4348 7569/3223/3495 7568/3222/3494 7556/3210/4347
f 7558/3212/3484 7570/3224/3496 7569/3223/3495 7557/3211/4348
f 7559/3213/3485 7571/3225/3497 7570/3224/3496 7558/3212/3484
f 7560/3214/4349 7572/3226/3498 7571/3225/3497 7559/3213/3485
f 7561/3215/4350 7573/3227/3499 7572/3226/3498 7560/3214/4349
f 7562/3216/3488 7574/3228/3500 7573/3227/3499 7561/3215/4350
f 7563/3217/3489 7575/3229/3501 7574/3228/3500 7562/3216/3488
f 7564/3218/3490 7576/3230/3502 7575/3229/3501 7563/3217/3489
f 7566/3219/3491 7134/485/3063 7133/13/3066 7565/3220/3492
f 7567/3221/3493 7135/486/3067 7134/485/3063 7566/3219/3491
f 7568/3222/3494 7136/487/4323 7135/486/3067 7567/3221/3493
f 7569/3223/3495 7137/488/4324 7136/487/4323 7568/3222/3494
f 7570/3224/3496 7138/489/4325 7137/488/4324 7569/3223/3495
f 7571/3225/3497 7139/490/4326 7138/489/4325 7570/3224/3496
f 7572/3226/3498 7140/491/4327 7139/490/4326 7571/3225/3497
f 7573/3227/3499 7141/492/4328 7140/491/4327 7572/3226/3498
f 7574/3228/3500 7142/493/3081 7141/492/4328 7573/3227/3499
f 7575/3229/3501 7143/494/3083 7142/493/3081 7574/3228/3500
f 7576/3230/3502 7144/495/3085 7143/494/3083 7575/3229/3501
f 7578/380/4351 7590/3371/4352 7589/3372/4353 7577/24/4354
f 7579/383/4355 7591/3373/4356 7590/3371/4352 7578/380/4351
f 7580/385/4357 7592/3374/4358 7591/3373/4356 7579/383/4355
f 7581/387/4359 7593/3375/4360 7592/3374/4358 7580/385/4357
f 7582/389/4361 7594/3376/4362 7593/3375/4360 7581/387/4359
f 7583/391/4363 7595/3377/4364 7594/3376/4362 7582/389/4361
f 7584/393/4365 7596/3378/4366 7595/3377/4364 7583/391/4363
f 7585/395/4367 7597/3379/4368 7596/3378/4366 7584/393/4365
f 7586/397/4369 7598/3380/4370 7597/3379/4368 7585/395/4367
f 7587/399/4371 7599/3381/4372 7598/3380/4370 7586/397/4369
f 7588/401/4373 7600/3382/4374 7599/3381/4372 7587/399/4371
f 7590/3371/4352 7602/3383/4375 7601/3384/4376 7589/3372/4353
f 7591/3373/4356 7603/3385/4377 7602/3383/4375 7590/3371/4352
f 7592/3374/4358 7604/3386/4378 7603/3385/4377 7591/3373/4356
f 7593/3375/4360 7605/3387/4379 7604/3386/4378 7592/3374/4358
f 7594/3376/4362 7606/3388/4380 7605/3387/4379 7593/3375/4360
f 7595/3377/4364 7607/3389/4381 7606/3388/4380 7594/3376/4362
f 7596/3378/4366 7608/3390/4382 7607/3389/4381 7595/3377/4364
f 7597/3379/4368 7609/3391/4383 7608/3390/4382 7596/3378/4366
f 7598/3380/4370 7610/3392/4384 7609/3391/4383 7597/3379/4368
f 7599/3381/4372 7611/3393/4385 7610/3392/4384 7598/3380/4370
f 7600/3382/4374 7612/3394/4386 7611/3393/4385 7599/3381/4372
f 7602/3383/4375 7614/3395/4387 7613/365/4388 7601/3384/4376
f 7603/3385/4377 7615/3396/4389 7614/3395/4387 7602/3383/4375
f 7604/3386/4378 7616/3397/4390 7615/3396/4389 7603/3385/4377
f 7605/3387/4379 7617/3398/4391 7616/3397/4390 7604/3386/4378
f 7606/3388/4380 7618/3399/4392 7617/3398/4391 7605/3387/4379
f 7607/3389/4381 7619/3400/4393 7618/3399/4392 7606/3388/4380
f 7608/3390/4382 7620/3401/4394 7619/3400/4393 7607/3389/4381
f 7609/3391/4383 7621/3402/4395 7620/3401/4394 7608/3390/4382
f 7610/3392/4384 7622/3403/4396 7621/3402/4395 7609/3391/4383
f 7611/3393/4385 7623/3404/4397 7622/3403/4396 7610/3392/4384
f 7612/3394/4386 7624/3405/4398 7623/3404/4397 7611/3393/4385
f 7614/3395/4387 7626/3406/4399 7625/3407/4400 7613/365/4388
f 7615/3396/4389 7627/3408/4401 7626/3406/4399 7614/3395/4387
f 7616/3397/4390 7628/3409/4402 7627/3408/4401 7615/3396/4389
f 7617/3398/4391 7629/3410/4403 7628/3409/4402 7616/3397/4390
f 7618/3399/4392 7630/3411/4404 7629/3410/4403 7617/3398/4391
f 7619/3400/4393 7631/3412/4405 7630/3411/4404 7618/3399/4392
f 7620/3401/4394 7632/3413/4406 7631/3412/4405 7619/3400/4393
f 7621/3402/4395 7633/3414/4407 7632/3413/4406 7620/3401/4394
f 7622/3403/4396 7634/3415/4408 7633/3414/4407 7621/3402/4395
f 7623/3404/4397 7635/3416/4409 7634/3415/4408 7622/3403/4396
f 7624/3405/4398 7636/3417/4410 7635/3416/4409 7623/3404/4397
f 7626/3406/4399 7638/3418/4411 7637/3419/4412 7625/3407/4400
f 7627/3408/4401 7639/3420/4413 7638/3418/4411 7626/3406/4399
f 7628/3409/4402 7640/3421/4414 7639/3420/4413 7627/3408/4401
f 7629/3410/4403 7641/3422/4415 7640/3421/4414 7628/3409/4402
f 7630/3411/4404 7642/3423/4416 7641/3422/4415 7629/3410/4403
f 7631/3412/4405 7643/3424/4417 7642/3423/4416 7630/3411/4404
f 7632/3413/4406 7644/3425/4418 7643/3424/4417 7631/3412/4405
f 7633/3414/4407 7645/3426/4419 7644/3425/4418 7632/3413/4406
f 7634/3415/4408 7646/3427/4420 7645/3426/4419 7633/3414/4407
f 7635/3416/4409 7647/3428/4421 7646/3427/4420 7634/3415/4408
f 7636/3417/4410 7648/3429/4422 7647/3428/4421 7635/3416/4409
f 7638/3418/4411 7650/3430/4423 7649/378/4424 7637/3419/4412
f 7639/3420/4413 7651/3431/4425 7650/3430/4423 7638/3418/4411
f 7640/3421/4414 7652/3432/4426 7651/3431/4425 7639/3420/4413
f 7641/3422/4415 7653/3433/4427 7652/3432/4426 7640/3421/4414
f 7642/3423/4416 7654/3434/4428 7653/3433/4427 7641/3422/4415
f 7643/3424/4417 7655/3435/4429 7654/3434/4428 7642/3423/4416
f 7644/3425/4418 7656/3436/4430 7655/3435/4429 7643/3424/4417
f 7645/3426/4419 7657/3437/4431 7656/3436/4430 7644/3425/4418
f 7646/3427/4420 7658/3438/4432 7657/3437/4431 7645/3426/4419
f 7647/3428/4421 7659/3439/4433 7658/3438/4432 7646/3427/4420
f 7648/3429/4422 7660/3440/4434 7659/3439/4433 7647/3428/4421
f 7650/3430/4423 7662/3441/4435 7661/3442/4436 7649/378/4424
f 7651/3431/4425 7663/3443/4437 7662/3441/4435 7650/3430/4423
f 7652/3432/4426 7664/3444/4438 7663/3443/4437 7651/3431/4425
f 7653/3433/4427 7665/3445/4439 7664/3444/4438 7652/3432/4426
f 7654/3434/4428 7666/3446/4440 7665/3445/4439 7653/3433/4427
f 7655/3435/4429 7667/3447/4441 7666/3446/4440 7654/3434/4428
f 7656/3436/4430 7668/3448/4442 7667/3447/4441 7655/3435/4429
f 7657/3437/4431 7669/3449/4443 7668/3448/4442 7656/3436/4430
f 7658/3438/4432 7670/3450/4444 7669/3449/4443 7657/3437/4431
f 7659/3439/4433 7671/3451/4445 7670/3450/4444 7658/3438/4432
f 7660/3440/4434 7672/3452/4446 7671/3451/4445 7659/3439/4433
f 7662/3441/4435 7674/3453/4447 7673/3454/4448 7661/3442/4436
f 7663/3443/4437 7675/3455/4449 7674/3453/4447 7662/3441/4435
f 7664/3444/4438 7676/3456/4450 7675/3455/4449 7663/3443/4437
f 7665/3445/4439 7677/3457/4451 7676/3456/4450 7664/3444/4438
f 7666/3446/4440 7678/3458/4452 7677/3457/4451 7665/3445/4439
f 7667/3447/4441 7679/3459/4453 7678/3458/4452 7666/3446/4440
f 7668/3448/4442 7680/3460/4454 7679/3459/4453 7667/3447/4441
f 7669/3449/4443 7681/3461/4455 7680/3460/4454 7668/3448/4442
f 7670/3450/4444 7682/3462/4456 7681/3461/4455 7669/3449/4443
f 7671/3451/4445 7683/3463/4457 7682/3462/4456 7670/3450/4444
f 7672/3452/4446 7684/3464/4458 7683/3463/4457 7671/3451/4445
f 7674/3453/4447 7686/3465/4459 7685/371/4460 7673/3454/4448
f 7675/3455/4449 7687/3466/4461 7686/3465/4459 7674/3453/4447
f 7676/3456/4450 7688/3467/4462 7687/3466/4461 7675/3455/4449
f 7677/3457/4451 7689/3468/4463 7688/3467/4462 7676/3456/4450
f 7678/3458/4452 7690/3469/4464 7689/3468/4463 7677/3457/4451
f 7679/3459/4453 7691/3470/4465 7690/3469/4464 7678/3458/4452
f 7680/3460/4454 7692/3471/4466 7691/3470/4465 7679/3459/4453
f 7681/3461/4455 7693/3472/4467 7692/3471/4466 7680/3460/4454
f 7682/3462/4456 7694/3473/4468 7693/3472/4467 7681/3461/4455
f 7683/3463/4457 7695/3474/4469 7694/3473/4468 7682/3462/4456
f 7684/3464/4458 7696/3475/4470 7695/3474/4469 7683/3463/4457
f 7686/3465/4459 7698/3476/4471 7697/3477/4472 7685/371/4460
f 7687/3466/4461 7699/3478/4473 7698/3476/4471 7686/3465/4459
f 7688/3467/4462 7700/3479/4474 7699/3478/4473 7687/3466/4461
f 7689/3468/4463 7701/3480/4475 7700/3479/4474 7688/3467/4462
f 7690/3469/4464 7702/3481/4476 7701/3480/4475 7689/3468/4463
f 7691/3470/4465 7703/3482/4477 7702/3481/4476 7690/3469/4464
f 7692/3471/4466 7704/3483/4478 7703/3482/4477 7691/3470/4465
f 7693/3472/4467 7705/3484/4479 7704/3483/4478 7692/3471/4466
f 7694/3473/4468 7706/3485/4480 7705/3484/4479 7693/3472/4467
f 7695/3474/4469 7707/3486/4481 7706/3485/4480 7694/3473/4468
f 7696/3475/4470 7708/3487/4482 7707/3486/4481 7695/3474/4469
f 7698/3476/4471 7710/3488/4483 7709/3489/4484 7697/3477/4472
f 7699/3478/4473 7711/3490/4485 7710/3488/4483 7698/3476/4471
f 7700/3479/4474 7712/3491/4486 7711/3490/4485 7699/3478/4473
f 7701/3480/4475 7713/3492/4487 7712/3491/4486 7700/3479/4474
f 7702/3481/4476 7714/3493/4488 7713/3492/4487 7701/3480/4475
f 7703/3482/4477 7715/3494/4489 7714/3493/4488 7702/3481/4476
f 7704/3483/4478 7716/3495/4490 7715/3494/4489 7703/3482/4477
f 7705/3484/4479 7717/3496/4491 7716/3495/4490 7704/3483/4478
f 7706/3485/4480 7718/3497/4492 7717/3496/4491 7705/3484/4479
f 7707/3486/4481 7719/3498/4493 7718/3497/4492 7706/3485/4480
f 7708/3487/4482 7720/3499/4494 7719/3498/4493 7707/3486/4481
f 7710/3488/4483 7722/3500/4495 7721/345/4496 7709/3489/4484
f 7711/3490/4485 7723/3501/4497 7722/3500/4495 7710/3488/4483
f 7712/3491/4486 7724/3502/4498 7723/3501/4497 7711/3490/4485
f 7713/3492/4487 7725/3503/4499 7724/3502/4498 7712/3491/4486
f 7714/3493/4488 7726/3504/2600 7725/3503/4499 7713/3492/4487
f 7715/3494/4489 7727/3505/2601 7726/3504/2600 7714/3493/4488
f 7716/3495/4490 7728/3506/4500 7727/3505/2601 7715/3494/4489
f 7717/3496/4491 7729/3507/4501 7728/3506/4500 7716/3495/4490
f 7718/3497/4492 7730/3508/4502 7729/3507/4501 7717/3496/4491
f 7719/3498/4493 7731/3509/4503 7730/3508/4502 7718/3497/4492
f 7720/3499/4494 7732/3510/4504 7731/3509/4503 7719/3498/4493
f 7722/3500/4495 7734/3511/4505 7733/3512/4506 7721/345/4496
f 7723/3501/4497 7735/3513/4507 7734/3511/4505 7722/3500/4495
f 7724/3502/4498 7736/3514/4508 7735/3513/4507 7723/3501/4497
f 7725/3503/4499 7737/3515/4509 7736/3514/4508 7724/3502/4498
f 7726/3504/2600 7738/3516/4510 7737/3515/4509 7725/3503/4499
f 7727/3505/2601 7739/3517/4511 7738/3516/4510 7726/3504/2600
f 7728/3506/4500 7740/3518/4512 7739/3517/4511 7727/3505/2601
f 7729/3507/4501 7741/3519/4513 7740/3518/4512 7728/3506/4500
f 7730/3508/4502 7742/3520/4514 7741/3519/4513 7729/3507/4501
f 7731/3509/4503 7743/3521/4515 7742/3520/4514 7730/3508/4502
f 7732/3510/4504 7744/3522/4516 7743/3521/4515 7731/3509/4503
f 7734/3511/4505 7746/3523/4517 7745/3524/4518 7733/3512/4506
f 7735/3513/4507 7747/3525/4519 7746/3523/4517 7734/3511/4505
f 7736/3514/4508 7748/3526/4520 7747/3525/4519 7735/3513/4507
f 7737/3515/4509 7749/3527/4521 7748/3526/4520 7736/3514/4508
f 7738/3516/4510 7750/3528/4522 7749/3527/4521 7737/3515/4509
f 7739/3517/4511 7751/3529/4523 7750/3528/4522 7738/3516/4510
f 7740/3518/4512 7752/3530/4524 7751/3529/4523 7739/3517/4511
f 7741/3519/4513 7753/3531/4525 7752/3530/4524 7740/3518/4512
f 7742/3520/4514 7754/3532/4526 7753/3531/4525 7741/3519/4513
f 7743/3521/4515 7755/3533/4527 7754/3532/4526 7742/3520/4514
f 7744/3522/4516 7756/3534/4528 7755/3533/4527 7743/3521/4515
f 7746/3523/4517 7758/3535/4529 7757/323/4530 7745/3524/4518
f 7747/3525/4519 7759/3536/4531 7758/3535/4529 7746/3523/4517
f 7748/3526/4520 7760/3537/4532 7759/3536/4531 7747/3525/4519
f 7749/3527/4521 7761/3538/4533 7760/3537/4532 7748/3526/4520
f 7750/3528/4522 7762/3539/4534 7761/3538/4533 7749/3527/4521
f 7751/3529/4523 7763/3540/4535 7762/3539/4534 7750/3528/4522
f 7752/3530/4524 7764/3541/4536 7763/3540/4535 7751/3529/4523
f 7753/3531/4525 7765/3542/4537 7764/3541/4536 7752/3530/4524
f 7754/3532/4526 7766/3543/4538 7765/3542/4537 7753/3531/4525
f 7755/3533/4527 7767/3544/4539 7766/3543/4538 7754/3532/4526
f 7756/3534/4528 7768/3545/4540 7767/3544/4539 7755/3533/4527
f 7758/3535/4529 7770/3546/4541 7769/3547/4542 7757/323/4530
f 7759/3536/4531 7771/3548/4543 7770/3546/4541 7758/3535/4529
f 7760/3537/4532 7772/3549/4544 7771/3548/4543 7759/3536/4531
f 7761/3538/4533 7773/3550/4545 7772/3549/4544 7760/3537/4532
f 7762/3539/4534 7774/3551/4546 7773/3550/4545 7761/3538/4533
f 7763/3540/4535 7775/3552/4547 7774/3551/4546 7762/3539/4534
f 7764/3541/4536 7776/3553/4548 7775/3552/4547 7763/3540/4535
f 7765/3542/4537 7777/3554/4549 7776/3553/4548 7764/3541/4536
f 7766/3543/4538 7778/3555/4550 7777/3554/4549 7765/3542/4537
f 7767/3544/4539 7779/3556/4551 7778/3555/4550 7766/3543/4538
f 7768/3545/4540 7780/3557/4552 7779/3556/4551 7767/3544/4539
f 7770/3546/4541 7782/3558/4553 7781/3559/4554 7769/3547/4542
f 7771/3548/4543 7783/3560/4555 7782/3558/4553 7770/3546/4541
f 7772/3549/4544 7784/3561/4556 7783/3560/4555 7771/3548/4543
f 7773/3550/4545 7785/3562/4557 7784/3561/4556 7772/3549/4544
f 7774/3551/4546 7786/3563/4558 7785/3562/4557 7773/3550/4545
f 7775/3552/4547 7787/3564/4559 7786/3563/4558 7774/3551/4546
f 7776/3553/4548 7788/3565/4560 7787/3564/4559 7775/3552/4547
f 7777/3554/4549 7789/3566/4561 7788/3565/4560 7776/3553/4548
f 7778/3555/4550 7790/3567/4562 7789/3566/4561 7777/3554/4549
f 7779/3556/4551 7791/3568/4563 7790/3567/4562 7778/3555/4550
f 7780/3557/4552 7792/3569/4564 7791/3568/4563 7779/3556/4551
f 7782/3558/4553 7794/3570/4565 7793/296/4566 7781/3559/4554
f 7783/3560/4555 7795/3571/4567 7794/3570/4565 7782/3558/4553
f 7784/3561/4556 7796/3572/4568 7795/3571/4567 7783/3560/4555
f 7785/3562/4557 7797/3573/4569 7796/3572/4568 7784/3561/4556
f 7786/3563/4558 7798/3574/4570 7797/3573/4569 7785/3562/4557
f 7787/3564/4559 7799/3575/4571 7798/3574/4570 7786/3563/4558
f 7788/3565/4560 7800/3576/4572 7799/3575/4571 7787/3564/4559
f 7789/3566/4561 7801/3577/4573 7800/3576/4572 7788/3565/4560
f 7790/3567/4562 7802/3578/4574 7801/3577/4573 7789/3566/4561
f 7791/3568/4563 7803/3579/4575 7802/3578/4574 7790/3567/4562
f 7792/3569/4564 7804/3580/4576 7803/3579/4575 7791/3568/4563
f 7794/3570/4565 7806/415/4577 7805/244/4578 7793/296/4566
f 7795/3571/4567 7807/416/4579 7806/415/4577 7794/3570/4565
f 7796/3572/4568 7808/417/4580 7807/416/4579 7795/3571/4567
f 7797/3573/4569 7809/418/4581 7808/417/4580 7796/3572/4568
f 7798/3574/4570 7810/419/4582 7809/418/4581 7797/3573/4569
f 7799/3575/4571 7811/420/4583 7810/419/4582 7798/3574/4570
f 7800/3576/4572 7812/421/4584 7811/420/4583 7799/3575/4571
f 7801/3577/4573 7813/422/4585 7812/421/4584 7800/3576/4572
f 7802/3578/4574 7814/423/4586 7813/422/4585 7801/3577/4573
f 7803/3579/4575 7815/424/4587 7814/423/4586 7802/3578/4574
f 7804/3580/4576 7816/425/4588 7815/424/4587 7803/3579/4575
f 7806/415/4577 7818/3581/4589 7817/3582/4590 7805/244/4578
f 7807/416/4579 7819/3583/4591 7818/3581/4589 7806/415/4577
f 7808/417/4580 7820/3584/4592 7819/3583/4591 7807/416/4579
f 7809/418/4581 7821/3585/4593 7820/3584/4592 7808/417/4580
f 7810/419/4582 7822/3586/4594 7821/3585/4593 7809/418/4581
f 7811/420/4583 7823/3587/4595 7822/3586/4594 7810/419/4582
f 7812/421/4584 7824/3588/4596 7823/3587/4595 7811/420/4583
f 7813/422/4585 7825/3589/4597 7824/3588/4596 7812/421/4584
f 7814/423/4586 7826/3590/4598 7825/3589/4597 7813/422/4585
f 7815/424/4587 7827/3591/4599 7826/3590/4598 7814/423/4586
f 7816/425/4588 7828/3592/4600 7827/3591/4599 7815/424/4587
f 7818/3581/4589 7830/3593/4601 7829/288/4602 7817/3582/4590
f 7819/3583/4591 7831/3594/4603 7830/3593/4601 7818/3581/4589
f 7820/3584/4592 7832/3595/4604 7831/3594/4603 7819/3583/4591
f 7821/3585/4593 7833/3596/4605 7832/3595/4604 7820/3584/4592
f 7822/3586/4594 7834/3597/4606 7833/3596/4605 7821/3585/4593
f 7823/3587/4595 7835/3598/4607 7834/3597/4606 7822/3586/4594
f 7824/3588/4596 7836/3599/4608 7835/3598/4607 7823/3587/4595
f 7825/3589/4597 7837/3600/4609 7836/3599/4608 7824/3588/4596
f 7826/3590/4598 7838/3601/4610 7837/3600/4609 7825/3589/4597
f 7827/3591/4599 7839/3602/4611 7838/3601/4610 7826/3590/4598
f 7828/3592/4600 7840/3603/4612 7839/3602/4611 7827/3591/4599
f 7830/3593/4601 7842/3604/4613 7841/3605/4614 7829/288/4602
f 7831/3594/4603 7843/3606/4615 7842/3604/4613 7830/3593/4601
f 7832/3595/4604 7844/3607/4616 7843/3606/4615 7831/3594/4603
f 7833/3596/4605 7845/3608/4617 7844/3607/4616 7832/3595/4604
f 7834/3597/4606 7846/3609/4618 7845/3608/4617 7833/3596/4605
f 7835/3598/4607 7847/3610/4619 7846/3609/4618 7834/3597/4606
f 7836/3599/4608 7848/3611/4620 7847/3610/4619 7835/3598/4607
f 7837/3600/4609 7849/3612/4621 7848/3611/4620 7836/3599/4608
f 7838/3601/4610 7850/3613/4622 7849/3612/4621 7837/3600/4609
f 7839/3602/4611 7851/3614/4623 7850/3613/4622 7838/3601/4610
f 7840/3603/4612 7852/3615/4624 7851/3614/4623 7839/3602/4611
f 7842/3604/4613 7854/3616/4625 7853/3617/4626 7841/3605/4614
f 7843/3606/4615 7855/3618/4627 7854/3616/4625 7842/3604/4613
f 7844/3607/4616 7856/3619/4628 7855/3618/4627 7843/3606/4615
f 7845/3608/4617 7857/3620/4629 7856/3619/4628 7844/3607/4616
f 7846/3609/4618 7858/3621/4630 7857/3620/4629 7845/3608/4617
f 7847/3610/4619 7859/3622/4631 7858/3621/4630 7846/3609/4618
f 7848/3611/4620 7860/3623/4632 7859/3622/4631 7847/3610/4619
f 7849/3612/4621 7861/3624/4633 7860/3623/4632 7848/3611/4620
f 7850/3613/4622 7862/3625/4634 7861/3624/4633 7849/3612/4621
f 7851/3614/4623 7863/3626/4635 7862/3625/4634 7850/3613/4622
f 7852/3615/4624 7864/3627/4636 7863/3626/4635 7851/3614/4623
f 7854/3616/4625 7866/3628/4637 7865/295/4638 7853/3617/4626
f 7855/3618/4627 7867/3629/4639 7866/3628/4637 7854/3616/4625
f 7856/3619/4628 7868/3630/4640 7867/3629/4639 7855/3618/4627
f 7857/3620/4629 7869/3631/4641 7868/3630/4640 7856/3619/4628
f 7858/3621/4630 7870/3632/4642 7869/3631/4641 7857/3620/4629
f 7859/3622/4631 7871/3633/4643 7870/3632/4642 7858/3621/4630
f 7860/3623/4632 7872/3634/4644 7871/3633/4643 7859/3622/4631
f 7861/3624/4633 7873/3635/4645 7872/3634/4644 7860/3623/4632
f 7862/3625/4634 7874/3636/4646 7873/3635/4645 7861/3624/4633
f 7863/3626/4635 7875/3637/4647 7874/3636/4646 7862/3625/4634
f 7864/3627/4636 7876/3638/4648 7875/3637/4647 7863/3626/4635
f 7866/3628/4637 7878/3639/27 7877/3640/28 7865/295/4638
f 7867/3629/4639 7879/3641/29 7878/3639/27 7866/3628/4637
f 7868/3630/4640 7880/3642/30 7879/3641/29 7867/3629/4639
f 7869/3631/4641 7881/3643/31 7880/3642/30 7868/3630/4640
f 7870/3632/4642 7882/3644/32 7881/3643/31 7869/3631/4641
f 7871/3633/4643 7883/3645/33 7882/3644/32 7870/3632/4642
f 7872/3634/4644 7884/3646/34 7883/3645/33 7871/3633/4643
f 7873/3635/4645 7885/3647/35 7884/3646/34 7872/3634/4644
f 7874/3636/4646 7886/3648/36 7885/3647/35 7873/3635/4645
f 7875/3637/4647 7887/3649/37 7886/3648/36 7874/3636/4646
f 7876/3638/4648 7888/3650/38 7887/3649/37 7875/3637/4647
f 7878/3639/27 7890/3651/39 7889/3652/40 7877/3640/28
f 7879/3641/29 7891/3653/41 7890/3651/39 7878/3639/27
f 7880/3642/30 7892/3654/3506 7891/3653/41 7879/3641/29
f 7881/3643/31 7893/3655/43 7892/3654/3506 7880/3642/30
f 7882/3644/32 7894/3656/44 7893/3655/43 7881/3643/31
f 7883/3645/33 7895/3657/45 7894/3656/44 7882/3644/32
f 7884/3646/34 7896/3658/46 7895/3657/45 7883/3645/33
f 7885/3647/35 7897/3659/3512 7896/3658/46 7884/3646/34
f 7886/3648/36 7898/3660/48 7897/3659/3512 7885/3647/35
f 7887/3649/37 7899/3661/49 7898/3660/48 7886/3648/36
f 7888/3650/38 7900/3662/50 7899/3661/49 7887/3649/37
f 7890/3651/39 7902/3663/4649 7901/322/4650 7889/3652/40
f 7891/3653/41 7903/3664/4651 7902/3663/4649 7890/3651/39
f 7892/3654/3506 7904/3665/4652 7903/3664/4651 7891/3653/41
f 7893/3655/43 7905/3666/4653 7904/3665/4652 7892/3654/3506
f 7894/3656/44 7906/3667/4654 7905/3666/4653 7893/3655/43
f 7895/3657/45 7907/3668/4655 7906/3667/4654 7894/3656/44
f 7896/3658/46 7908/3669/4656 7907/3668/4655 7895/3657/45
f 7897/3659/3512 7909/3670/4657 7908/3669/4656 7896/3658/46
f 7898/3660/48 7910/3671/4658 7909/3670/4657 7897/3659/3512
f 7899/3661/49 7911/3672/4659 7910/3671/4658 7898/3660/48
f 7900/3662/50 7912/3673/4660 7911/3672/4659 7899/3661/49
f 7902/3663/4649 7914/3674/4661 7913/3675/4662 7901/322/4650
f 7903/3664/4651 7915/3676/4663 7914/3674/4661 7902/3663/4649
f 7904/3665/4652 7916/3677/4664 7915/3676/4663 7903/3664/4651
f 7905/3666/4653 7917/3678/4665 7916/3677/4664 7904/3665/4652
f 7906/3667/4654 7918/3679/4666 7917/3678/4665 7905/3666/4653
f 7907/3668/4655 7919/3680/4667 7918/3679/4666 7906/3667/4654
f 7908/3669/4656 7920/3681/4668 7919/3680/4667 7907/3668/4655
f 7909/3670/4657 7921/3682/4669 7920/3681/4668 7908/3669/4656
f 7910/3671/4658 7922/3683/4670 7921/3682/4669 7909/3670/4657
f 7911/3672/4659 7923/3684/4671 7922/3683/4670 7910/3671/4658
f 7912/3673/4660 7924/3685/4672 7923/3684/4671 7911/3672/4659
f 7914/3674/4661 7926/3686/4673 7925/3687/4674 7913/3675/4662
f 7915/3676/4663 7927/3688/4675 7926/3686/4673 7914/3674/4661
f 7916/3677/4664 7928/3689/4676 7927/3688/4675 7915/3676/4663
f 7917/3678/4665 7929/3690/4677 7928/3689/4676 7916/3677/4664
f 7918/3679/4666 7930/3691/4678 7929/3690/4677 7917/3678/4665
f 7919/3680/4667 7931/3692/4679 7930/3691/4678 7918/3679/4666
f 7920/3681/4668 7932/3693/4680 7931/3692/4679 7919/3680/4667
f 7921/3682/4669 7933/3694/4681 7932/3693/4680 7920/3681/4668
f 7922/3683/4670 7934/3695/4682 7933/3694/4681 7921/3682/4669
f 7923/3684/4671 7935/3696/4683 7934/3695/4682 7922/3683/4670
f 7924/3685/4672 7936/3697/4684 7935/3696/4683 7923/3684/4671
f 7926/3686/4673 7938/3698/4685 7937/342/4686 7925/3687/4674
f 7927/3688/4675 7939/3699/4687 7938/3698/4685 7926/3686/4673
f 7928/3689/4676 7940/3700/4688 7939/3699/4687 7927/3688/4675
f 7929/3690/4677 7941/3701/4689 7940/3700/4688 7928/3689/4676
f 7930/3691/4678 7942/3702/4690 7941/3701/4689 7929/3690/4677
f 7931/3692/4679 7943/3703/4691 7942/3702/4690 7930/3691/4678
f 7932/3693/4680 7944/3704/4692 7943/3703/4691 7931/3692/4679
f 7933/3694/4681 7945/3705/4693 7944/3704/4692 7932/3693/4680
f 7934/3695/4682 7946/3706/4694 7945/3705/4693 7933/3694/4681
f 7935/3696/4683 7947/3707/4695 7946/3706/4694 7934/3695/4682
f 7936/3697/4684 7948/3708/4696 7947/3707/4695 7935/3696/4683
f 7938/3698/4685 7950/3709/4697 7949/3710/4698 7937/342/4686
f 7939/3699/4687 7951/3711/4699 7950/3709/4697 7938/3698/4685
f 7940/3700/4688 7952/3712/4700 7951/3711/4699 7939/3699/4687
f 7941/3701/4689 7953/3713/4701 7952/3712/4700 7940/3700/4688
f 7942/3702/4690 7954/3714/4702 7953/3713/4701 7941/3701/4689
f 7943/3703/4691 7955/3715/4703 7954/3714/4702 7942/3702/4690
f 7944/3704/4692 7956/3716/4704 7955/3715/4703 7943/3703/4691
f 7945/3705/4693 7957/3717/4705 7956/3716/4704 7944/3704/4692
f 7946/3706/4694 7958/3718/4706 7957/3717/4705 7945/3705/4693
f 7947/3707/4695 7959/3719/4707 7958/3718/4706 7946/3706/4694
f 7948/3708/4696 7960/3720/4708 7959/3719/4707 7947/3707/4695
f 7950/3709/4697 7962/3721/4709 7961/3722/4710 7949/3710/4698
f 7951/3711/4699 7963/3723/4711 7962/3721/4709 7950/3709/4697
f 7952/3712/4700 7964/3724/4712 7963/3723/4711 7951/3711/4699
f 7953/3713/4701 7965/3725/4713 7964/3724/4712 7952/3712/4700
f 7954/3714/4702 7966/3726/4714 7965/3725/4713 7953/3713/4701
f 7955/3715/4703 7967/3727/4715 7966/3726/4714 7954/3714/4702
f 7956/3716/4704 7968/3728/4716 7967/3727/4715 7955/3715/4703
f 7957/3717/4705 7969/3729/4717 7968/3728/4716 7956/3716/4704
f 7958/3718/4706 7970/3730/4718 7969/3729/4717 7957/3717/4705
f 7959/3719/4707 7971/3731/4719 7970/3730/4718 7958/3718/4706
f 7960/3720/4708 7972/3732/4720 7971/3731/4719 7959/3719/4707
f 7962/3721/4709 7974/3733/4721 7973/358/4722 7961/3722/4710
f 7963/3723/4711 7975/3734/4723 7974/3733/4721 7962/3721/4709
f 7964/3724/4712 7976/3735/4724 7975/3734/4723 7963/3723/4711
f 7965/3725/4713 7977/3736/4725 7976/3735/4724 7964/3724/4712
f 7966/3726/4714 7978/3737/4726 7977/3736/4725 7965/3725/4713
f 7967/3727/4715 7979/3738/4727 7978/3737/4726 7966/3726/4714
f 7968/3728/4716 7980/3739/4728 7979/3738/4727 7967/3727/4715
f 7969/3729/4717 7981/3740/4729 7980/3739/4728 7968/3728/4716
f 7970/3730/4718 7982/3741/4730 7981/3740/4729 7969/3729/4717
f 7971/3731/4719 7983/3742/4731 7982/3741/4730 7970/3730/4718
f 7972/3732/4720 7984/3743/4732 7983/3742/4731 7971/3731/4719
f 7974/3733/4721 7986/3744/4733 7985/3745/4734 7973/358/4722
f 7975/3734/4723 7987/3746/4735 7986/3744/4733 7974/3733/4721
f 7976/3735/4724 7988/3747/4736 7987/3746/4735 7975/3734/4723
f 7977/3736/4725 7989/3748/4737 7988/3747/4736 7976/3735/4724
f 7978/3737/4726 7990/3749/4738 7989/3748/4737 7977/3736/4725
f 7979/3738/4727 7991/3750/4739 7990/3749/4738 7978/3737/4726
f 7980/3739/4728 7992/3751/4740 7991/3750/4739 7979/3738/4727
f 7981/3740/4729 7993/3752/4741 7992/3751/4740 7980/3739/4728
f 7982/3741/4730 7994/3753/4742 7993/3752/4741 7981/3740/4729
f 7983/3742/4731 7995/3754/4743 7994/3753/4742 7982/3741/4730
f 7984/3743/4732 7996/3755/4744 7995/3754/4743 7983/3742/4731
f 7986/3744/4733 7998/3756/4745 7997/3757/4746 7985/3745/4734
f 7987/3746/4735 7999/3758/4747 7998/3756/4745 7986/3744/4733
f 7988/3747/4736 8000/3759/4748 7999/3758/4747 7987/3746/4735
f 7989/3748/4737 8001/3760/4749 8000/3759/4748 7988/3747/4736
f 7990/3749/4738 8002/3761/4750 8001/3760/4749 7989/3748/4737
f 7991/3750/4739 8003/3762/4751 8002/3761/4750 7990/3749/4738
f 7992/3751/4740 8004/3763/4752 8003/3762/4751 7991/3750/4739
f 7993/3752/4741 8005/3764/4753 8004/3763/4752 7992/3751/4740
f 7994/3753/4742 8006/3765/4754 8005/3764/4753 7993/3752/4741
f 7995/3754/4743 8007/3766/4755 8006/3765/4754 7994/3753/4742
f 7996/3755/4744 8008/3767/4756 8007/3766/4755 7995/3754/4743
f 7998/3756/4745 8010/3768/4757 8009/367/4758 7997/3757/4746
f 7999/3758/4747 8011/3769/4759 8010/3768/4757 7998/3756/4745
f 8000/3759/4748 8012/3770/4760 8011/3769/4759 7999/3758/4747
f 8001/3760/4749 8013/3771/4761 8012/3770/4760 8000/3759/4748
f 8002/3761/4750 8014/3772/4762 8013/3771/4761 8001/3760/4749
f 8003/3762/4751 8015/3773/4763 8014/3772/4762 8002/3761/4750
f 8004/3763/4752 8016/3774/4764 8015/3773/4763 8003/3762/4751
f 8005/3764/4753 8017/3775/4765 8016/3774/4764 8004/3763/4752
f 8006/3765/4754 8018/3776/4766 8017/3775/4765 8005/3764/4753
f 8007/3766/4755 8019/3777/4767 8018/3776/4766 8006/3765/4754
f 8008/3767/4756 8020/3778/4768 8019/3777/4767 8007/3766/4755
f 8010/3768/4757 8022/3779/4769 8021/3780/4770 8009/367/4758
f 8011/3769/4759 8023/3781/4771 8022/3779/4769 8010/3768/4757
f 8012/3770/4760 8024/3782/4772 8023/3781/4771 8011/3769/4759
f 8013/3771/4761 8025/3783/4773 8024/3782/4772 8012/3770/4760
f 8014/3772/4762 8026/3784/4774 8025/3783/4773 8013/3771/4761
f 8015/3773/4763 8027/3785/4775 8026/3784/4774 8014/3772/4762
f 8016/3774/4764 8028/3786/4776 8027/3785/4775 8015/3773/4763
f 8017/3775/4765 8029/3787/4777 8028/3786/4776 8016/3774/4764
f 8018/3776/4766 8030/3788/4778 8029/3787/4777 8017/3775/4765
f 8019/3777/4767 8031/3789/4779 8030/3788/4778 8018/3776/4766
f 8020/3778/4768 8032/3790/4780 8031/3789/4779 8019/3777/4767
f 8022/3779/4769 8034/450/4781 8033/255/4782 8021/3780/4770
f 8023/3781/4771 8035/451/4783 8034/450/4781 8022/3779/4769
f 8024/3782/4772 8036/452/4784 8035/451/4783 8023/3781/4771
f 8025/3783/4773 8037/453/4785 8036/452/4784 8024/3782/4772
f 8026/3784/4774 8038/454/4786 8037/453/4785 8025/3783/4773
f 8027/3785/4775 8039/455/4787 8038/454/4786 8026/3784/4774
f 8028/3786/4776 8040/456/4788 8039/455/4787 8027/3785/4775
f 8029/3787/4777 8041/457/4789 8040/456/4788 8028/3786/4776
f 8030/3788/4778 8042/458/4790 8041/457/4789 8029/3787/4777
f 8031/3789/4779 8043/459/4791 8042/458/4790 8030/3788/4778
f 8032/3790/4780 8044/460/4792 8043/459/4791 8031/3789/4779
f 8034/450/4781 8046/3791/4793 8045/353/4794 8033/255/4782
f 8035/451/4783 8047/3792/4795 8046/3791/4793 8034/450/4781
f 8036/452/4784 8048/3793/4796 8047/3792/4795 8035/451/4783
f 8037/453/4785 8049/3794/4797 8048/3793/4796 8036/452/4784
f 8038/454/4786 8050/3795/4798 8049/3794/4797 8037/453/4785
f 8039/455/4787 8051/3796/4799 8050/3795/4798 8038/454/4786
f 8040/456/4788 8052/3797/4800 8051/3796/4799 8039/455/4787
f 8041/457/4789 8053/3798/4801 8052/3797/4800 8040/456/4788
f 8042/458/4790 8054/3799/4802 8053/3798/4801 8041/457/4789
f 8043/459/4791 8055/3800/4803 8054/3799/4802 8042/458/4790
f 8044/460/4792 8056/3801/4804 8055/3800/4803 8043/459/4791
f 8046/3791/4793 8058/3802/4805 8057/3803/4806 8045/353/4794
f 8047/3792/4795 8059/3804/4807 8058/3802/4805 8046/3791/4793
f 8048/3793/4796 8060/3805/4808 8059/3804/4807 8047/3792/4795
f 8049/3794/4797 8061/3806/4809 8060/3805/4808 8048/3793/4796
f 8050/3795/4798 8062/3807/4810 8061/3806/4809 8049/3794/4797
f 8051/3796/4799 8063/3808/4811 8062/3807/4810 8050/3795/4798
f 8052/3797/4800 8064/3809/4812 8063/3808/4811 8051/3796/4799
f 8053/3798/4801 8065/3810/4813 8064/3809/4812 8052/3797/4800
f 8054/3799/4802 8066/3811/4814 8065/3810/4813 8053/3798/4801
f 8055/3800/4803 8067/3812/4815 8066/3811/4814 8054/3799/4802
f 8056/3801/4804 8068/3813/4816 8067/3812/4815 8055/3800/4803
f 8058/3802/4805 8070/3814/4817 8069/3815/4818 8057/3803/4806
f 8059/3804/4807 8071/3816/4819 8070/3814/4817 8058/3802/4805
f 8060/3805/4808 8072/3817/4820 8071/3816/4819 8059/3804/4807
f 8061/3806/4809 8073/3818/4821 8072/3817/4820 8060/3805/4808
f 8062/3807/4810 8074/3819/4822 8073/3818/4821 8061/3806/4809
f 8063/3808/4811 8075/3820/4823 8074/3819/4822 8062/3807/4810
f 8064/3809/4812 8076/3821/4824 8075/3820/4823 8063/3808/4811
f 8065/3810/4813 8077/3822/4825 8076/3821/4824 8064/3809/4812
f 8066/3811/4814 8078/3823/4826 8077/3822/4825 8065/3810/4813
f 8067/3812/4815 8079/3824/4827 8078/3823/4826 8066/3811/4814
f 8068/3813/4816 8080/3825/4828 8079/3824/4827 8067/3812/4815
f 8070/3814/4817 8082/3826/4829 8081/337/4830 8069/3815/4818
f 8071/3816/4819 8083/3827/4831 8082/3826/4829 8070/3814/4817
f 8072/3817/4820 8084/3828/4832 8083/3827/4831 8071/3816/4819
f 8073/3818/4821 8085/3829/4833 8084/3828/4832 8072/3817/4820
f 8074/3819/4822 8086/3830/4834 8085/3829/4833 8073/3818/4821
f 8075/3820/4823 8087/3831/4835 8086/3830/4834 8074/3819/4822
f 8076/3821/4824 8088/3832/4836 8087/3831/4835 8075/3820/4823
f 8077/3822/4825 8089/3833/4837 8088/3832/4836 8076/3821/4824
f 8078/3823/4826 8090/3834/4838 8089/3833/4837 8077/3822/4825
f 8079/3824/4827 8091/3835/4839 8090/3834/4838 8078/3823/4826
f 8080/3825/4828 8092/3836/4840 8091/3835/4839 8079/3824/4827
f 8082/3826/4829 8094/3837/4841 8093/3838/4842 8081/337/4830
f 8083/3827/4831 8095/3839/4843 8094/3837/4841 8082/3826/4829
f 8084/3828/4832 8096/3840/4844 8095/3839/4843 8083/3827/4831
f 8085/3829/4833 8097/3841/4845 8096/3840/4844 8084/3828/4832
f 8086/3830/4834 8098/3842/4846 8097/3841/4845 8085/3829/4833
f 8087/3831/4835 8099/3843/4847 8098/3842/4846 8086/3830/4834
f 8088/3832/4836 8100/3844/4848 8099/3843/4847 8087/3831/4835
f 8089/3833/4837 8101/3845/4849 8100/3844/4848 8088/3832/4836
f 8090/3834/4838 8102/3846/4850 8101/3845/4849 8089/3833/4837
f 8091/3835/4839 8103/3847/4851 8102/3846/4850 8090/3834/4838
f 8092/3836/4840 8104/3848/4852 8103/3847/4851 8091/3835/4839
f 8094/3837/4841 8106/3849/4853 8105/3850/4854 8093/3838/4842
f 8095/3839/4843 8107/3851/4855 8106/3849/4853 8094/3837/4841
f 8096/3840/4844 8108/3852/4856 8107/3851/4855 8095/3839/4843
f 8097/3841/4845 8109/3853/4857 8108/3852/4856 8096/3840/4844
f 8098/3842/4846 8110/3854/4858 8109/3853/4857 8097/3841/4845
f 8099/3843/4847 8111/3855/4859 8110/3854/4858 8098/3842/4846
f 8100/3844/4848 8112/3856/4860 8111/3855/4859 8099/3843/4847
f 8101/3845/4849 8113/3857/4861 8112/3856/4860 8100/3844/4848
f 8102/3846/4850 8114/3858/4862 8113/3857/4861 8101/3845/4849
f 8103/3847/4851 8115/3859/4863 8114/3858/4862 8102/3846/4850
f 8104/3848/4852 8116/3860/4864 8115/3859/4863 8103/3847/4851
f 8106/3849/4853 8118/3861/4865 8117/321/4866 8105/3850/4854
f 8107/3851/4855 8119/3862/4867 8118/3861/4865 8106/3849/4853
f 8108/3852/4856 8120/3863/4868 8119/3862/4867 8107/3851/4855
f 8109/3853/4857 8121/3864/4869 8120/3863/4868 8108/3852/4856
f 8110/3854/4858 8122/3865/4870 8121/3864/4869 8109/3853/4857
f 8111/3855/4859 8123/3866/4871 8122/3865/4870 8110/3854/4858
f 8112/3856/4860 8124/3867/4872 8123/3866/4871 8111/3855/4859
f 8113/3857/4861 8125/3868/4873 8124/3867/4872 8112/3856/4860
f 8114/3858/4862 8126/3869/4874 8125/3868/4873 8113/3857/4861
f 8115/3859/4863 8127/3870/4875 8126/3869/4874 8114/3858/4862
f 8116/3860/4864 8128/3871/4876 8127/3870/4875 8115/3859/4863
f 8118/3861/4865 8130/3872/4877 8129/3873/4878 8117/321/4866
f 8119/3862/4867 8131/3874/4879 8130/3872/4877 8118/3861/4865
f 8120/3863/4868 8132/3875/4880 8131/3874/4879 8119/3862/4867
f 8121/3864/4869 8133/3876/4881 8132/3875/4880 8120/3863/4868
f 8122/3865/4870 8134/3877/4882 8133/3876/4881 8121/3864/4869
f 8123/3866/4871 8135/3878/4883 8134/3877/4882 8122/3865/4870
f 8124/3867/4872 8136/3879/4884 8135/3878/4883 8123/3866/4871
f 8125/3868/4873 8137/3880/4885 8136/3879/4884 8124/3867/4872
f 8126/3869/4874 8138/3881/4886 8137/3880/4885 8125/3868/4873
f 8127/3870/4875 8139/3882/4887 8138/3881/4886 8126/3869/4874
f 8128/3871/4876 8140/3883/4888 8139/3882/4887 8127/3870/4875
f 8130/3872/4877 8142/3884/4889 8141/3885/4890 8129/3873/4878
f 8131/3874/4879 8143/3886/4891 8142/3884/4889 8130/3872/4877
f 8132/3875/4880 8144/3887/4892 8143/3886/4891 8131/3874/4879
f 8133/3876/4881 8145/3888/4893 8144/3887/4892 8132/3875/4880
f 8134/3877/4882 8146/3889/4894 8145/3888/4893 8133/3876/4881
f 8135/3878/4883 8147/3890/4895 8146/3889/4894 8134/3877/4882
f 8136/3879/4884 8148/3891/4896 8147/3890/4895 8135/3878/4883
f 8137/3880/4885 8149/3892/4897 8148/3891/4896 8136/3879/4884
f 8138/3881/4886 8150/3893/4898 8149/3892/4897 8137/3880/4885
f 8139/3882/4887 8151/3894/4899 8150/3893/4898 8138/3881/4886
f 8140/3883/4888 8152/3895/4900 8151/3894/4899 8139/3882/4887
f 8142/3884/4889 8154/3896/4901 8153/307/4902 8141/3885/4890
f 8143/3886/4891 8155/3897/4903 8154/3896/4901 8142/3884/4889
f 8144/3887/4892 8156/3898/4904 8155/3897/4903 8143/3886/4891
f 8145/3888/4893 8157/3899/4905 8156/3898/4904 8144/3887/4892
f 8146/3889/4894 8158/3900/4906 8157/3899/4905 8145/3888/4893
f 8147/3890/4895 8159/3901/4907 8158/3900/4906 8146/3889/4894
f 8148/3891/4896 8160/3902/4908 8159/3901/4907 8147/3890/4895
f 8149/3892/4897 8161/3903/4909 8160/3902/4908 8148/3891/4896
f 8150/3893/4898 8162/3904/4910 8161/3903/4909 8149/3892/4897
f 8151/3894/4899 8163/3905/4911 8162/3904/4910 8150/3893/4898
f 8152/3895/4900 8164/3906/4912 8163/3905/4911 8151/3894/4899
f 8154/3896/4901 8166/3907/4913 8165/3908/4914 8153/307/4902
f 8155/3897/4903 8167/3909/4915 8166/3907/4913 8154/3896/4901
f 8156/3898/4904 8168/3910/4916 8167/3909/4915 8155/3897/4903
f 8157/3899/4905 8169/3911/4917 8168/3910/4916 8156/3898/4904
f 8158/3900/4906 8170/3912/4918 8169/3911/4917 8157/3899/4905
f 8159/3901/4907 8171/3913/4919 8170/3912/4918 8158/3900/4906
f 8160/3902/4908 8172/3914/4920 8171/3913/4919 8159/3901/4907
f 8161/3903/4909 8173/3915/4921 8172/3914/4920 8160/3902/4908
f 8162/3904/4910 8174/3916/4922 8173/3915/4921 8161/3903/4909
f 8163/3905/4911 8175/3917/4923 8174/3916/4922 8162/3904/4910
f 8164/3906/4912 8176/3918/4924 8175/3917/4923 8163/3905/4911
f 8166/3907/4913 8178/3919/4925 8177/3920/4926 8165/3908/4914
f 8167/3909/4915 8179/3921/4927 8178/3919/4925 8166/3907/4913
f 8168/3910/4916 8180/3922/4928 8179/3921/4927 8167/3909/4915
f 8169/3911/4917 8181/3923/4929 8180/3922/4928 8168/3910/4916
f 8170/3912/4918 8182/3924/4930 8181/3923/4929 8169/3911/4917
f 8171/3913/4919 8183/3925/4931 8182/3924/4930 8170/3912/4918
f 8172/3914/4920 8184/3926/4932 8183/3925/4931 8171/3913/4919
f 8173/3915/4921 8185/3927/4933 8184/3926/4932 8172/3914/4920
f 8174/3916/4922 8186/3928/4934 8185/3927/4933 8173/3915/4921
f 8175/3917/4923 8187/3929/4935 8186/3928/4934 8174/3916/4922
f 8176/3918/4924 8188/3930/4936 8187/3929/4935 8175/3917/4923
f 8178/3919/4925 8190/3931/4937 8189/304/4938 8177/3920/4926
f 8179/3921/4927 8191/3932/4939 8190/3931/4937 8178/3919/4925
f 8180/3922/4928 8192/3933/4940 8191/3932/4939 8179/3921/4927
f 8181/3923/4929 8193/3934/4941 8192/3933/4940 8180/3922/4928
f 8182/3924/4930 8194/3935/4942 8193/3934/4941 8181/3923/4929
f 8183/3925/4931 8195/3936/4943 8194/3935/4942 8182/3924/4930
f 8184/3926/4932 8196/3937/4944 8195/3936/4943 8183/3925/4931
f 8185/3927/4933 8197/3938/4945 8196/3937/4944 8184/3926/4932
f 8186/3928/4934 8198/3939/4946 8197/3938/4945 8185/3927/4933
f 8187/3929/4935 8199/3940/4947 8198/3939/4946 8186/3928/4934
f 8188/3930/4936 8200/3941/4948 8199/3940/4947 8187/3929/4935
f 8190/3931/4937 8202/3942/27 8201/3943/28 8189/304/4938
f 8191/3932/4939 8203/3944/29 8202/3942/27 8190/3931/4937
f 8192/3933/4940 8204/3945/30 8203/3944/29 8191/3932/4939
f 8193/3934/4941 8205/3946/31 8204/3945/30 8192/3933/4940
f 8194/3935/4942 8206/3947/32 8205/3946/31 8193/3934/4941
f 8195/3936/4943 8207/3948/33 8206/3947/32 8194/3935/4942
f 8196/3937/4944 8208/3949/34 8207/3948/33 8195/3936/4943
f 8197/3938/4945 8209/3950/35 8208/3949/34 8196/3937/4944
f 8198/3939/4946 8210/3951/36 8209/3950/35 8197/3938/4945
f 8199/3940/4947 8211/3952/37 8210/3951/36 8198/3939/4946
f 8200/3941/4948 8212/3953/38 8211/3952/37 8199/3940/4947
f 8202/3942/27 8214/3954/39 8213/3955/40 8201/3943/28
f 8203/3944/29 8215/3956/41 8214/3954/39 8202/3942/27
f 8204/3945/30 8216/3957/3506 8215/3956/41 8203/3944/29
f 8205/3946/31 8217/3958/43 8216/3957/3506 8204/3945/30
f 8206/3947/32 8218/3959/44 8217/3958/43 8205/3946/31
f 8207/3948/33 8219/3960/45 8218/3959/44 8206/3947/32
f 8208/3949/34 8220/3961/46 8219/3960/45 8207/3948/33
f 8209/3950/35 8221/3962/3512 8220/3961/46 8208/3949/34
f 8210/3951/36 8222/3963/48 8221/3962/3512 8209/3950/35
f 8211/3952/37 8223/3964/49 8222/3963/48 8210/3951/36
f 8212/3953/38 8224/3965/50 8223/3964/49 8211/3952/37
f 8214/3954/39 8226/3966/3503 8225/318/3504 8213/3955/40
f 8215/3956/41 8227/3967/3505 8226/3966/3503 8214/3954/39
f 8216/3957/3506 8228/3968/3507 8227/3967/3505 8215/3956/41
f 8217/3958/43 8229/3969/3508 8228/3968/3507 8216/3957/3506
f 8218/3959/44 8230/3970/3509 8229/3969/3508 8217/3958/43
f 8219/3960/45 8231/3971/3510 8230/3970/3509 8218/3959/44
f 8220/3961/46 8232/3972/3511 8231/3971/3510 8219/3960/45
f 8221/3962/3512 8233/3973/3513 8232/3972/3511 8220/3961/46
f 8222/3963/48 8234/3974/3514 8233/3973/3513 8221/3962/3512
f 8223/3964/49 8235/3975/3515 8234/3974/3514 8222/3963/48
f 8224/3965/50 8236/3976/3516 8235/3975/3515 8223/3964/49
f 8226/3966/3503 8238/3977/3517 8237/3978/3518 8225/318/3504
f 8227/3967/3505 8239/3979/3519 8238/3977/3517 8226/3966/3503
f 8228/3968/3507 8240/3980/3520 8239/3979/3519 8227/3967/3505
f 8229/3969/3508 8241/3981/3521 8240/3980/3520 8228/3968/3507
f 8230/3970/3509 8242/3982/3522 8241/3981/3521 8229/3969/3508
f 8231/3971/3510 8243/3983/3523 8242/3982/3522 8230/3970/3509
f 8232/3972/3511 8244/3984/3524 8243/3983/3523 8231/3971/3510
f 8233/3973/3513 8245/3985/3525 8244/3984/3524 8232/3972/3511
f 8234/3974/3514 8246/3986/3526 8245/3985/3525 8233/3973/3513
f 8235/3975/3515 8247/3987/3527 8246/3986/3526 8234/3974/3514
f 8236/3976/3516 8248/3988/3528 8247/3987/3527 8235/3975/3515
f 8238/3977/3517 8250/3989/4949 8249/3990/4950 8237/3978/3518
f 8239/3979/3519 8251/3991/4951 8250/3989/4949 8238/3977/3517
f 8240/3980/3520 8252/3992/4952 8251/3991/4951 8239/3979/3519
f 8241/3981/3521 8253/3993/4953 8252/3992/4952 8240/3980/3520
f 8242/3982/3522 8254/3994/4954 8253/3993/4953 8241/3981/3521
f 8243/3983/3523 8255/3995/4955 8254/3994/4954 8242/3982/3522
f 8244/3984/3524 8256/3996/4956 8255/3995/4955 8243/3983/3523
f 8245/3985/3525 8257/3997/4957 8256/3996/4956 8244/3984/3524
f 8246/3986/3526 8258/3998/4958 8257/3997/4957 8245/3985/3525
f 8247/3987/3527 8259/3999/4959 8258/3998/4958 8246/3986/3526
f 8248/3988/3528 8260/4000/4960 8259/3999/4959 8247/3987/3527
f 8250/3989/4949 7578/485/4351 7577/13/4354 8249/3990/4950
f 8251/3991/4951 7579/486/4355 7578/485/4351 8250/3989/4949
f 8252/3992/4952 7580/487/4357 7579/486/4355 8251/3991/4951
f 8253/3993/4953 7581/488/4359 7580/487/4357 8252/3992/4952
f 8254/3994/4954 7582/489/4361 7581/488/4359 8253/3993/4953
f 8255/3995/4955 7583/490/4363 7582/489/4361 8254/3994/4954
f 8256/3996/4956 7584/491/4365 7583/490/4363 8255/3995/4955
f 8257/3997/4957 7585/492/4367 7584/491/4365 8256/3996/4956
f 8258/3998/4958 7586/493/4369 7585/492/4367 8257/3997/4957
f 8259/3999/4959 7587/494/4371 7586/493/4369 8258/3998/4958
f 8260/4000/4960 7588/495/4373 7587/494/4371 8259/3999/4959
