# Blender 4.4.1
# www.blender.org
mtllib gameOver.mtl
o テキスト
v -2.626897 0.680495 -0.080000
v -2.658010 0.676046 -0.080000
v -2.686719 0.668750 -0.080000
v -2.712908 0.658704 -0.080000
v -2.736457 0.646005 -0.080000
v -2.757250 0.630750 -0.080000
v -2.775168 0.613037 -0.080000
v -2.790093 0.592963 -0.080000
v -2.801906 0.570625 -0.080000
v -2.810491 0.546120 -0.080000
v -2.815728 0.519546 -0.080000
v -2.817500 0.491000 -0.080000
v -2.816651 0.471673 -0.080000
v -2.814125 0.453213 -0.080000
v -2.809953 0.435656 -0.080000
v -2.804167 0.419037 -0.080000
v -2.796797 0.403390 -0.080000
v -2.787875 0.388750 -0.080000
v -2.777432 0.375152 -0.080000
v -2.765500 0.362630 -0.080000
v -2.752110 0.351219 -0.080000
v -2.737292 0.340954 -0.080000
v -2.721078 0.331869 -0.080000
v -2.703500 0.324000 -0.080000
v -2.718522 0.313292 -0.080000
v -2.732676 0.301667 -0.080000
v -2.746094 0.289125 -0.080000
v -2.758907 0.275667 -0.080000
v -2.771249 0.261292 -0.080000
v -2.783250 0.246000 -0.080000
v -2.795043 0.229792 -0.080000
v -2.806759 0.212667 -0.080000
v -2.818531 0.194625 -0.080000
v -2.830491 0.175667 -0.080000
v -2.842770 0.155792 -0.080000
v -2.855500 0.135000 -0.080000
v -2.862525 0.123712 -0.080000
v -2.869195 0.113194 -0.080000
v -2.875656 0.103219 -0.080000
v -2.882056 0.093556 -0.080000
v -2.888538 0.083976 -0.080000
v -2.895250 0.074250 -0.080000
v -2.902337 0.064149 -0.080000
v -2.909945 0.053444 -0.080000
v -2.918219 0.041906 -0.080000
v -2.927306 0.029306 -0.080000
v -2.937351 0.015413 -0.080000
v -2.948500 0.000000 -0.080000
v -2.831500 0.000000 -0.080000
v -2.741500 0.140000 -0.080000
v -2.719987 0.172479 -0.080000
v -2.700315 0.200167 -0.080000
v -2.682281 0.223437 -0.080000
v -2.665685 0.242667 -0.080000
v -2.650325 0.258229 -0.080000
v -2.636000 0.270500 -0.080000
v -2.622508 0.279854 -0.080000
v -2.609648 0.286667 -0.080000
v -2.597219 0.291313 -0.080000
v -2.585019 0.294167 -0.080000
v -2.572846 0.295604 -0.080000
v -2.560500 0.296000 -0.080000
v -2.519500 0.296000 -0.080000
v -2.519500 0.000000 -0.080000
v -2.421500 0.000000 -0.080000
v -2.421500 0.682000 -0.080000
v -2.593500 0.682000 -0.080000
v -2.582500 0.384000 -0.080000
v -2.607213 0.385095 -0.080000
v -2.628953 0.388264 -0.080000
v -2.647875 0.393328 -0.080000
v -2.664129 0.400111 -0.080000
v -2.677870 0.408436 -0.080000
v -2.689250 0.418125 -0.080000
v -2.698421 0.429002 -0.080000
v -2.705537 0.440889 -0.080000
v -2.710750 0.453609 -0.080000
v -2.714213 0.466986 -0.080000
v -2.716079 0.480842 -0.080000
v -2.716500 0.495000 -0.080000
v -2.715467 0.510471 -0.080000
v -2.712824 0.524852 -0.080000
v -2.708500 0.538094 -0.080000
v -2.702426 0.550148 -0.080000
v -2.694532 0.560966 -0.080000
v -2.684750 0.570500 -0.080000
v -2.673009 0.578700 -0.080000
v -2.659241 0.585519 -0.080000
v -2.643375 0.590906 -0.080000
v -2.625343 0.594815 -0.080000
v -2.605074 0.597196 -0.080000
v -2.582500 0.598000 -0.080000
v -2.519500 0.598000 -0.080000
v -2.519500 0.384000 -0.080000
v -1.967500 0.594000 -0.080000
v -1.967500 0.388000 -0.080000
v -2.246500 0.388000 -0.080000
v -2.246500 0.300000 -0.080000
v -1.967500 0.300000 -0.080000
v -1.967500 0.088000 -0.080000
v -2.265500 0.088000 -0.080000
v -2.265500 0.000000 -0.080000
v -1.869500 0.000000 -0.080000
v -1.869500 0.682000 -0.080000
v -2.256500 0.682000 -0.080000
v -2.256500 0.594000 -0.080000
v -1.435500 -0.006000 -0.080000
v -1.140500 0.682000 -0.080000
v -1.238500 0.682000 -0.080000
v -1.443500 0.203000 -0.080000
v -1.647500 0.682000 -0.080000
v -1.744500 0.682000 -0.080000
v -1.455500 -0.006000 -0.080000
v -0.732987 0.687742 -0.080000
v -0.783810 0.678269 -0.080000
v -0.830765 0.663031 -0.080000
v -0.873648 0.642482 -0.080000
v -0.912253 0.617071 -0.080000
v -0.946375 0.587250 -0.080000
v -0.975810 0.553471 -0.080000
v -1.000352 0.516185 -0.080000
v -1.019797 0.475844 -0.080000
v -1.033940 0.432898 -0.080000
v -1.042576 0.387800 -0.080000
v -1.045500 0.341000 -0.080000
v -1.042651 0.295461 -0.080000
v -1.034208 0.251185 -0.080000
v -1.020328 0.208688 -0.080000
v -1.001167 0.168481 -0.080000
v -0.976880 0.131081 -0.080000
v -0.947625 0.097000 -0.080000
v -0.913557 0.066752 -0.080000
v -0.874833 0.040852 -0.080000
v -0.831609 0.019813 -0.080000
v -0.784042 0.004148 -0.080000
v -0.732286 -0.005627 -0.080000
v -0.676500 -0.009000 -0.080000
v -0.622492 -0.005646 -0.080000
v -0.572106 0.004079 -0.080000
v -0.525547 0.019672 -0.080000
v -0.483018 0.040630 -0.080000
v -0.444726 0.066449 -0.080000
v -0.410875 0.096625 -0.080000
v -0.381669 0.130656 -0.080000
v -0.357315 0.168037 -0.080000
v -0.338016 0.208266 -0.080000
v -0.323977 0.250838 -0.080000
v -0.315403 0.295251 -0.080000
v -0.312500 0.341000 -0.080000
v -0.315481 0.387590 -0.080000
v -0.324264 0.432551 -0.080000
v -0.338609 0.475422 -0.080000
v -0.358278 0.515741 -0.080000
v -0.383029 0.553046 -0.080000
v -0.412625 0.586875 -0.080000
v -0.446825 0.616767 -0.080000
v -0.485389 0.642259 -0.080000
v -0.528078 0.662891 -0.080000
v -0.574653 0.678199 -0.080000
v -0.624873 0.687723 -0.080000
v -0.678500 0.691000 -0.080000
v -0.715874 0.083270 -0.080000
v -0.751329 0.089912 -0.080000
v -0.784609 0.100672 -0.080000
v -0.815463 0.115296 -0.080000
v -0.843636 0.133532 -0.080000
v -0.868875 0.155125 -0.080000
v -0.890926 0.179822 -0.080000
v -0.909537 0.207370 -0.080000
v -0.924453 0.237516 -0.080000
v -0.935421 0.270005 -0.080000
v -0.942188 0.304584 -0.080000
v -0.944500 0.341000 -0.080000
v -0.942188 0.377626 -0.080000
v -0.935421 0.412343 -0.080000
v -0.924453 0.444906 -0.080000
v -0.909537 0.475074 -0.080000
v -0.890926 0.502603 -0.080000
v -0.868875 0.527250 -0.080000
v -0.843636 0.548772 -0.080000
v -0.815463 0.566926 -0.080000
v -0.784609 0.581469 -0.080000
v -0.751329 0.592157 -0.080000
v -0.715874 0.598749 -0.080000
v -0.678500 0.601000 -0.080000
v -0.641355 0.598749 -0.080000
v -0.606093 0.592157 -0.080000
v -0.572969 0.581469 -0.080000
v -0.542241 0.566926 -0.080000
v -0.514165 0.548772 -0.080000
v -0.489000 0.527250 -0.080000
v -0.467001 0.502603 -0.080000
v -0.448426 0.475074 -0.080000
v -0.433531 0.444906 -0.080000
v -0.422574 0.412343 -0.080000
v -0.415811 0.377626 -0.080000
v -0.413500 0.341000 -0.080000
v -0.415811 0.304584 -0.080000
v -0.422574 0.270005 -0.080000
v -0.433531 0.237516 -0.080000
v -0.448426 0.207370 -0.080000
v -0.467001 0.179822 -0.080000
v -0.489000 0.155125 -0.080000
v -0.514166 0.133532 -0.080000
v -0.542241 0.115296 -0.080000
v -0.572969 0.100672 -0.080000
v -0.606093 0.089912 -0.080000
v -0.641355 0.083270 -0.080000
v -0.678500 0.081000 -0.080000
v 0.437500 0.594000 -0.080000
v 0.437500 0.388000 -0.080000
v 0.158500 0.388000 -0.080000
v 0.158500 0.300000 -0.080000
v 0.437500 0.300000 -0.080000
v 0.437500 0.088000 -0.080000
v 0.139500 0.088000 -0.080000
v 0.139500 0.000000 -0.080000
v 0.535500 0.000000 -0.080000
v 0.535500 0.682000 -0.080000
v 0.148500 0.682000 -0.080000
v 0.148500 0.594000 -0.080000
v 0.830500 0.000000 -0.080000
v 0.830500 0.531000 -0.080000
v 0.832500 0.531000 -0.080000
v 1.042500 0.267000 -0.080000
v 1.058500 0.267000 -0.080000
v 1.268500 0.531000 -0.080000
v 1.270500 0.531000 -0.080000
v 1.270500 0.000000 -0.080000
v 1.368500 0.000000 -0.080000
v 1.368500 0.682000 -0.080000
v 1.276500 0.682000 -0.080000
v 1.050500 0.402000 -0.080000
v 0.823500 0.682000 -0.080000
v 0.732500 0.682000 -0.080000
v 0.732500 0.000000 -0.080000
v 1.591500 0.000000 -0.080000
v 1.682500 0.201000 -0.080000
v 1.972500 0.201000 -0.080000
v 2.058500 0.000000 -0.080000
v 2.158500 0.000000 -0.080000
v 1.865500 0.686000 -0.080000
v 1.796500 0.686000 -0.080000
v 1.491500 0.000000 -0.080000
v 1.722500 0.289000 -0.080000
v 1.832500 0.536000 -0.080000
v 1.934500 0.289000 -0.080000
v 2.297918 0.037495 -0.080000
v 2.319759 0.028963 -0.080000
v 2.341156 0.021375 -0.080000
v 2.362241 0.014704 -0.080000
v 2.383145 0.008921 -0.080000
v 2.404000 0.004000 -0.080000
v 2.424939 -0.000088 -0.080000
v 2.446093 -0.003370 -0.080000
v 2.467594 -0.005875 -0.080000
v 2.489574 -0.007630 -0.080000
v 2.512166 -0.008662 -0.080000
v 2.535500 -0.009000 -0.080000
v 2.586547 -0.006011 -0.080000
v 2.634959 0.002741 -0.080000
v 2.680391 0.016938 -0.080000
v 2.722500 0.036259 -0.080000
v 2.760943 0.060387 -0.080000
v 2.795375 0.089000 -0.080000
v 2.825454 0.121780 -0.080000
v 2.850834 0.158407 -0.080000
v 2.871172 0.198563 -0.080000
v 2.886125 0.241926 -0.080000
v 2.895349 0.288178 -0.080000
v 2.898500 0.337000 -0.080000
v 2.895271 0.386189 -0.080000
v 2.885834 0.433014 -0.080000
v 2.870563 0.477109 -0.080000
v 2.849834 0.518111 -0.080000
v 2.824021 0.555655 -0.080000
v 2.793500 0.589375 -0.080000
v 2.758646 0.618908 -0.080000
v 2.719834 0.643889 -0.080000
v 2.677438 0.663953 -0.080000
v 2.631834 0.678736 -0.080000
v 2.583396 0.687873 -0.080000
v 2.532500 0.691000 -0.080000
v 2.512957 0.690718 -0.080000
v 2.494153 0.689829 -0.080000
v 2.475828 0.688266 -0.080000
v 2.457722 0.685963 -0.080000
v 2.439575 0.682855 -0.080000
v 2.421125 0.678875 -0.080000
v 2.402113 0.673958 -0.080000
v 2.382278 0.668037 -0.080000
v 2.361360 0.661047 -0.080000
v 2.339097 0.652921 -0.080000
v 2.315231 0.643594 -0.080000
v 2.289500 0.633000 -0.080000
v 2.289500 0.534000 -0.080000
v 2.309561 0.544561 -0.080000
v 2.329732 0.554241 -0.080000
v 2.350000 0.563031 -0.080000
v 2.370352 0.570926 -0.080000
v 2.390773 0.577918 -0.080000
v 2.411250 0.584000 -0.080000
v 2.431769 0.589166 -0.080000
v 2.452315 0.593407 -0.080000
v 2.472875 0.596719 -0.080000
v 2.493435 0.599093 -0.080000
v 2.513982 0.600522 -0.080000
v 2.534500 0.601000 -0.080000
v 2.570765 0.598691 -0.080000
v 2.605370 0.591945 -0.080000
v 2.638031 0.581031 -0.080000
v 2.668463 0.566222 -0.080000
v 2.696381 0.547788 -0.080000
v 2.721500 0.526000 -0.080000
v 2.743536 0.501129 -0.080000
v 2.762204 0.473444 -0.080000
v 2.777219 0.443219 -0.080000
v 2.788296 0.410722 -0.080000
v 2.795152 0.376226 -0.080000
v 2.797500 0.340000 -0.080000
v 2.795163 0.302973 -0.080000
v 2.788306 0.268037 -0.080000
v 2.777156 0.235406 -0.080000
v 2.761945 0.205296 -0.080000
v 2.742899 0.177922 -0.080000
v 2.720250 0.153500 -0.080000
v 2.694226 0.132244 -0.080000
v 2.665056 0.114370 -0.080000
v 2.632969 0.100094 -0.080000
v 2.598195 0.089630 -0.080000
v 2.560962 0.083193 -0.080000
v 2.521500 0.081000 -0.080000
v 2.508352 0.081245 -0.080000
v 2.495398 0.081958 -0.080000
v 2.482625 0.083109 -0.080000
v 2.470019 0.084667 -0.080000
v 2.457565 0.086599 -0.080000
v 2.445250 0.088875 -0.080000
v 2.433060 0.091464 -0.080000
v 2.420982 0.094333 -0.080000
v 2.409000 0.097453 -0.080000
v 2.397102 0.100792 -0.080000
v 2.385273 0.104318 -0.080000
v 2.373500 0.108000 -0.080000
v 2.373500 0.248000 -0.080000
v 2.504500 0.248000 -0.080000
v 2.504500 0.336000 -0.080000
v 2.275500 0.336000 -0.080000
v 2.275500 0.047000 -0.080000
v -2.626897 0.680495 0.080000
v -2.658010 0.676046 0.080000
v -2.686719 0.668750 0.080000
v -2.712908 0.658704 0.080000
v -2.736457 0.646005 0.080000
v -2.757250 0.630750 0.080000
v -2.775168 0.613037 0.080000
v -2.790093 0.592963 0.080000
v -2.801906 0.570625 0.080000
v -2.810491 0.546120 0.080000
v -2.815728 0.519546 0.080000
v -2.817500 0.491000 0.080000
v -2.816651 0.471673 0.080000
v -2.814125 0.453213 0.080000
v -2.809953 0.435656 0.080000
v -2.804167 0.419037 0.080000
v -2.796797 0.403390 0.080000
v -2.787875 0.388750 0.080000
v -2.777432 0.375152 0.080000
v -2.765500 0.362630 0.080000
v -2.752110 0.351219 0.080000
v -2.737292 0.340954 0.080000
v -2.721078 0.331869 0.080000
v -2.703500 0.324000 0.080000
v -2.718522 0.313292 0.080000
v -2.732676 0.301667 0.080000
v -2.746094 0.289125 0.080000
v -2.758907 0.275667 0.080000
v -2.771249 0.261292 0.080000
v -2.783250 0.246000 0.080000
v -2.795043 0.229792 0.080000
v -2.806759 0.212667 0.080000
v -2.818531 0.194625 0.080000
v -2.830491 0.175667 0.080000
v -2.842770 0.155792 0.080000
v -2.855500 0.135000 0.080000
v -2.862525 0.123712 0.080000
v -2.869195 0.113194 0.080000
v -2.875656 0.103219 0.080000
v -2.882056 0.093556 0.080000
v -2.888538 0.083976 0.080000
v -2.895250 0.074250 0.080000
v -2.902337 0.064149 0.080000
v -2.909945 0.053444 0.080000
v -2.918219 0.041906 0.080000
v -2.927306 0.029306 0.080000
v -2.937351 0.015413 0.080000
v -2.948500 -0.000000 0.080000
v -2.831500 -0.000000 0.080000
v -2.741500 0.140000 0.080000
v -2.719987 0.172479 0.080000
v -2.700315 0.200167 0.080000
v -2.682281 0.223437 0.080000
v -2.665685 0.242667 0.080000
v -2.650325 0.258229 0.080000
v -2.636000 0.270500 0.080000
v -2.622508 0.279854 0.080000
v -2.609648 0.286667 0.080000
v -2.597219 0.291313 0.080000
v -2.585019 0.294167 0.080000
v -2.572846 0.295604 0.080000
v -2.560500 0.296000 0.080000
v -2.519500 0.296000 0.080000
v -2.519500 -0.000000 0.080000
v -2.421500 -0.000000 0.080000
v -2.421500 0.682000 0.080000
v -2.593500 0.682000 0.080000
v -2.582500 0.384000 0.080000
v -2.607213 0.385095 0.080000
v -2.628953 0.388264 0.080000
v -2.647875 0.393328 0.080000
v -2.664129 0.400111 0.080000
v -2.677870 0.408436 0.080000
v -2.689250 0.418125 0.080000
v -2.698421 0.429002 0.080000
v -2.705537 0.440889 0.080000
v -2.710750 0.453609 0.080000
v -2.714213 0.466986 0.080000
v -2.716079 0.480842 0.080000
v -2.716500 0.495000 0.080000
v -2.715467 0.510471 0.080000
v -2.712824 0.524852 0.080000
v -2.708500 0.538094 0.080000
v -2.702426 0.550148 0.080000
v -2.694532 0.560966 0.080000
v -2.684750 0.570500 0.080000
v -2.673009 0.578700 0.080000
v -2.659241 0.585519 0.080000
v -2.643375 0.590906 0.080000
v -2.625343 0.594815 0.080000
v -2.605074 0.597196 0.080000
v -2.582500 0.598000 0.080000
v -2.519500 0.598000 0.080000
v -2.519500 0.384000 0.080000
v -1.967500 0.594000 0.080000
v -1.967500 0.388000 0.080000
v -2.246500 0.388000 0.080000
v -2.246500 0.300000 0.080000
v -1.967500 0.300000 0.080000
v -1.967500 0.088000 0.080000
v -2.265500 0.088000 0.080000
v -2.265500 -0.000000 0.080000
v -1.869500 -0.000000 0.080000
v -1.869500 0.682000 0.080000
v -2.256500 0.682000 0.080000
v -2.256500 0.594000 0.080000
v -1.435500 -0.006000 0.080000
v -1.140500 0.682000 0.080000
v -1.238500 0.682000 0.080000
v -1.443500 0.203000 0.080000
v -1.647500 0.682000 0.080000
v -1.744500 0.682000 0.080000
v -1.455500 -0.006000 0.080000
v -0.732987 0.687742 0.080000
v -0.783810 0.678269 0.080000
v -0.830765 0.663031 0.080000
v -0.873648 0.642482 0.080000
v -0.912253 0.617071 0.080000
v -0.946375 0.587250 0.080000
v -0.975810 0.553471 0.080000
v -1.000352 0.516185 0.080000
v -1.019797 0.475844 0.080000
v -1.033940 0.432898 0.080000
v -1.042576 0.387800 0.080000
v -1.045500 0.341000 0.080000
v -1.042651 0.295461 0.080000
v -1.034208 0.251185 0.080000
v -1.020328 0.208688 0.080000
v -1.001167 0.168481 0.080000
v -0.976880 0.131081 0.080000
v -0.947625 0.097000 0.080000
v -0.913557 0.066752 0.080000
v -0.874833 0.040852 0.080000
v -0.831609 0.019812 0.080000
v -0.784042 0.004148 0.080000
v -0.732286 -0.005627 0.080000
v -0.676500 -0.009000 0.080000
v -0.622492 -0.005646 0.080000
v -0.572106 0.004079 0.080000
v -0.525547 0.019672 0.080000
v -0.483018 0.040630 0.080000
v -0.444726 0.066448 0.080000
v -0.410875 0.096625 0.080000
v -0.381669 0.130656 0.080000
v -0.357315 0.168037 0.080000
v -0.338016 0.208266 0.080000
v -0.323977 0.250838 0.080000
v -0.315403 0.295251 0.080000
v -0.312500 0.341000 0.080000
v -0.315481 0.387590 0.080000
v -0.324264 0.432551 0.080000
v -0.338609 0.475422 0.080000
v -0.358278 0.515741 0.080000
v -0.383029 0.553046 0.080000
v -0.412625 0.586875 0.080000
v -0.446825 0.616767 0.080000
v -0.485389 0.642259 0.080000
v -0.528078 0.662891 0.080000
v -0.574653 0.678199 0.080000
v -0.624873 0.687723 0.080000
v -0.678500 0.691000 0.080000
v -0.715874 0.083270 0.080000
v -0.751329 0.089912 0.080000
v -0.784609 0.100672 0.080000
v -0.815463 0.115296 0.080000
v -0.843636 0.133532 0.080000
v -0.868875 0.155125 0.080000
v -0.890926 0.179822 0.080000
v -0.909537 0.207370 0.080000
v -0.924453 0.237516 0.080000
v -0.935421 0.270005 0.080000
v -0.942188 0.304584 0.080000
v -0.944500 0.341000 0.080000
v -0.942188 0.377626 0.080000
v -0.935421 0.412343 0.080000
v -0.924453 0.444906 0.080000
v -0.909537 0.475074 0.080000
v -0.890926 0.502603 0.080000
v -0.868875 0.527250 0.080000
v -0.843636 0.548772 0.080000
v -0.815463 0.566926 0.080000
v -0.784609 0.581469 0.080000
v -0.751329 0.592157 0.080000
v -0.715874 0.598749 0.080000
v -0.678500 0.601000 0.080000
v -0.641355 0.598749 0.080000
v -0.606093 0.592157 0.080000
v -0.572969 0.581469 0.080000
v -0.542241 0.566926 0.080000
v -0.514165 0.548772 0.080000
v -0.489000 0.527250 0.080000
v -0.467001 0.502603 0.080000
v -0.448426 0.475074 0.080000
v -0.433531 0.444906 0.080000
v -0.422574 0.412343 0.080000
v -0.415811 0.377626 0.080000
v -0.413500 0.341000 0.080000
v -0.415811 0.304584 0.080000
v -0.422574 0.270005 0.080000
v -0.433531 0.237516 0.080000
v -0.448426 0.207370 0.080000
v -0.467001 0.179822 0.080000
v -0.489000 0.155125 0.080000
v -0.514166 0.133532 0.080000
v -0.542241 0.115296 0.080000
v -0.572969 0.100672 0.080000
v -0.606093 0.089912 0.080000
v -0.641355 0.083270 0.080000
v -0.678500 0.081000 0.080000
v 0.437500 0.594000 0.080000
v 0.437500 0.388000 0.080000
v 0.158500 0.388000 0.080000
v 0.158500 0.300000 0.080000
v 0.437500 0.300000 0.080000
v 0.437500 0.088000 0.080000
v 0.139500 0.088000 0.080000
v 0.139500 -0.000000 0.080000
v 0.535500 -0.000000 0.080000
v 0.535500 0.682000 0.080000
v 0.148500 0.682000 0.080000
v 0.148500 0.594000 0.080000
v 0.830500 -0.000000 0.080000
v 0.830500 0.531000 0.080000
v 0.832500 0.531000 0.080000
v 1.042500 0.267000 0.080000
v 1.058500 0.267000 0.080000
v 1.268500 0.531000 0.080000
v 1.270500 0.531000 0.080000
v 1.270500 -0.000000 0.080000
v 1.368500 -0.000000 0.080000
v 1.368500 0.682000 0.080000
v 1.276500 0.682000 0.080000
v 1.050500 0.402000 0.080000
v 0.823500 0.682000 0.080000
v 0.732500 0.682000 0.080000
v 0.732500 -0.000000 0.080000
v 1.591500 -0.000000 0.080000
v 1.682500 0.201000 0.080000
v 1.972500 0.201000 0.080000
v 2.058500 -0.000000 0.080000
v 2.158500 -0.000000 0.080000
v 1.865500 0.686000 0.080000
v 1.796500 0.686000 0.080000
v 1.491500 -0.000000 0.080000
v 1.722500 0.289000 0.080000
v 1.832500 0.536000 0.080000
v 1.934500 0.289000 0.080000
v 2.297918 0.037495 0.080000
v 2.319759 0.028963 0.080000
v 2.341156 0.021375 0.080000
v 2.362241 0.014704 0.080000
v 2.383145 0.008921 0.080000
v 2.404000 0.004000 0.080000
v 2.424939 -0.000088 0.080000
v 2.446093 -0.003370 0.080000
v 2.467594 -0.005875 0.080000
v 2.489574 -0.007630 0.080000
v 2.512166 -0.008662 0.080000
v 2.535500 -0.009000 0.080000
v 2.586547 -0.006011 0.080000
v 2.634959 0.002741 0.080000
v 2.680391 0.016938 0.080000
v 2.722500 0.036259 0.080000
v 2.760943 0.060387 0.080000
v 2.795375 0.089000 0.080000
v 2.825454 0.121780 0.080000
v 2.850834 0.158407 0.080000
v 2.871172 0.198563 0.080000
v 2.886125 0.241926 0.080000
v 2.895349 0.288178 0.080000
v 2.898500 0.337000 0.080000
v 2.895271 0.386189 0.080000
v 2.885834 0.433014 0.080000
v 2.870563 0.477109 0.080000
v 2.849834 0.518111 0.080000
v 2.824021 0.555655 0.080000
v 2.793500 0.589375 0.080000
v 2.758646 0.618908 0.080000
v 2.719834 0.643889 0.080000
v 2.677438 0.663953 0.080000
v 2.631834 0.678736 0.080000
v 2.583396 0.687873 0.080000
v 2.532500 0.691000 0.080000
v 2.512957 0.690718 0.080000
v 2.494153 0.689829 0.080000
v 2.475828 0.688266 0.080000
v 2.457722 0.685963 0.080000
v 2.439575 0.682855 0.080000
v 2.421125 0.678875 0.080000
v 2.402113 0.673958 0.080000
v 2.382278 0.668037 0.080000
v 2.361360 0.661047 0.080000
v 2.339097 0.652921 0.080000
v 2.315231 0.643594 0.080000
v 2.289500 0.633000 0.080000
v 2.289500 0.534000 0.080000
v 2.309561 0.544561 0.080000
v 2.329732 0.554241 0.080000
v 2.350000 0.563031 0.080000
v 2.370352 0.570926 0.080000
v 2.390773 0.577918 0.080000
v 2.411250 0.584000 0.080000
v 2.431769 0.589166 0.080000
v 2.452315 0.593407 0.080000
v 2.472875 0.596719 0.080000
v 2.493435 0.599093 0.080000
v 2.513982 0.600522 0.080000
v 2.534500 0.601000 0.080000
v 2.570765 0.598691 0.080000
v 2.605370 0.591945 0.080000
v 2.638031 0.581031 0.080000
v 2.668463 0.566222 0.080000
v 2.696381 0.547788 0.080000
v 2.721500 0.526000 0.080000
v 2.743536 0.501129 0.080000
v 2.762204 0.473444 0.080000
v 2.777219 0.443219 0.080000
v 2.788296 0.410722 0.080000
v 2.795152 0.376226 0.080000
v 2.797500 0.340000 0.080000
v 2.795163 0.302973 0.080000
v 2.788306 0.268037 0.080000
v 2.777156 0.235406 0.080000
v 2.761945 0.205296 0.080000
v 2.742899 0.177922 0.080000
v 2.720250 0.153500 0.080000
v 2.694226 0.132244 0.080000
v 2.665056 0.114370 0.080000
v 2.632969 0.100094 0.080000
v 2.598195 0.089630 0.080000
v 2.560962 0.083193 0.080000
v 2.521500 0.081000 0.080000
v 2.508352 0.081245 0.080000
v 2.495398 0.081958 0.080000
v 2.482625 0.083109 0.080000
v 2.470019 0.084667 0.080000
v 2.457565 0.086599 0.080000
v 2.445250 0.088875 0.080000
v 2.433060 0.091464 0.080000
v 2.420982 0.094333 0.080000
v 2.409000 0.097453 0.080000
v 2.397102 0.100792 0.080000
v 2.385273 0.104318 0.080000
v 2.373500 0.108000 0.080000
v 2.373500 0.248000 0.080000
v 2.504500 0.248000 0.080000
v 2.504500 0.336000 0.080000
v 2.275500 0.336000 0.080000
v 2.275500 0.047000 0.080000
v 2.297918 0.037495 0.080000
v 2.294989 0.030303 0.078978
v 2.292260 0.023602 0.075981
v 2.289916 0.017847 0.071213
v 2.288118 0.013431 0.065000
v 2.286988 0.010655 0.057764
v 2.286602 0.009708 0.050000
v 2.286602 0.009708 -0.050000
v 2.286988 0.010655 -0.057765
v 2.288118 0.013431 -0.065000
v 2.289916 0.017847 -0.071213
v 2.292260 0.023602 -0.075981
v 2.294989 0.030303 -0.078978
v 2.297918 0.037495 -0.080000
v 2.319759 0.028963 0.080000
v 2.317048 0.021686 0.078978
v 2.314522 0.014905 0.075981
v 2.312353 0.009082 0.071213
v 2.310688 0.004614 0.065000
v 2.309642 0.001805 0.057764
v 2.309285 0.000847 0.050000
v 2.309285 0.000847 -0.050000
v 2.309642 0.001805 -0.057765
v 2.310688 0.004614 -0.065000
v 2.312353 0.009082 -0.071213
v 2.314522 0.014905 -0.075981
v 2.317048 0.021686 -0.078978
v 2.319759 0.028963 -0.080000
v 2.341156 0.021375 0.080000
v 2.338687 0.014012 0.078978
v 2.336385 0.007152 0.075981
v 2.334409 0.001260 0.071213
v 2.332893 -0.003261 0.065000
v 2.331940 -0.006103 0.057764
v 2.331615 -0.007072 0.050000
v 2.331615 -0.007072 -0.050000
v 2.331940 -0.006103 -0.057765
v 2.332893 -0.003261 -0.065000
v 2.334409 0.001260 -0.071213
v 2.336385 0.007152 -0.075981
v 2.338687 0.014012 -0.078978
v 2.341156 0.021375 -0.080000
v 2.362241 0.014704 0.080000
v 2.360034 0.007258 0.078978
v 2.357977 0.000320 0.075981
v 2.356211 -0.005638 0.071213
v 2.354856 -0.010210 0.065000
v 2.354004 -0.013084 0.057764
v 2.353714 -0.014064 0.050000
v 2.353714 -0.014064 -0.050000
v 2.354004 -0.013084 -0.057765
v 2.354856 -0.010210 -0.065000
v 2.356211 -0.005638 -0.071213
v 2.357977 0.000320 -0.075981
v 2.360034 0.007258 -0.078978
v 2.362241 0.014704 -0.080000
v 2.383145 0.008921 0.080000
v 2.381217 0.001398 0.078978
v 2.379421 -0.005612 0.075981
v 2.377879 -0.011632 0.071213
v 2.376696 -0.016251 0.065000
v 2.375952 -0.019155 0.057764
v 2.375698 -0.020145 0.050000
v 2.375698 -0.020145 -0.050000
v 2.375952 -0.019155 -0.057765
v 2.376696 -0.016251 -0.065000
v 2.377879 -0.011632 -0.071213
v 2.379421 -0.005612 -0.075981
v 2.381217 0.001398 -0.078978
v 2.383145 0.008921 -0.080000
v 2.404000 0.004000 0.080000
v 2.402364 -0.003592 0.078978
v 2.400840 -0.010666 0.075981
v 2.399530 -0.016741 0.071213
v 2.398525 -0.021402 0.065000
v 2.397894 -0.024333 0.057764
v 2.397679 -0.025332 0.050000
v 2.397679 -0.025332 -0.050000
v 2.397894 -0.024333 -0.057765
v 2.398525 -0.021402 -0.065000
v 2.399530 -0.016741 -0.071213
v 2.400840 -0.010666 -0.075981
v 2.402364 -0.003592 -0.078978
v 2.404000 0.004000 -0.080000
v 2.424939 -0.000088 0.080000
v 2.423599 -0.007738 0.078978
v 2.422351 -0.014866 0.075981
v 2.421279 -0.020987 0.071213
v 2.420456 -0.025684 0.065000
v 2.419939 -0.028637 0.057764
v 2.419763 -0.029644 0.050000
v 2.419763 -0.029644 -0.050000
v 2.419939 -0.028637 -0.057765
v 2.420456 -0.025684 -0.065000
v 2.421279 -0.020987 -0.071213
v 2.422351 -0.014866 -0.075981
v 2.423599 -0.007738 -0.078978
v 2.424939 -0.000088 -0.080000
v 2.446093 -0.003370 0.080000
v 2.445048 -0.011066 0.078978
v 2.444074 -0.018237 0.075981
v 2.443238 -0.024394 0.071213
v 2.442597 -0.029120 0.065000
v 2.442193 -0.032090 0.057764
v 2.442056 -0.033103 0.050000
v 2.442056 -0.033103 -0.050000
v 2.442193 -0.032090 -0.057765
v 2.442597 -0.029120 -0.065000
v 2.443238 -0.024394 -0.071213
v 2.444074 -0.018237 -0.075981
v 2.445048 -0.011066 -0.078978
v 2.446093 -0.003370 -0.080000
v 2.467594 -0.005875 0.080000
v 2.466835 -0.013604 0.078978
v 2.466129 -0.020806 0.075981
v 2.465522 -0.026990 0.071213
v 2.465056 -0.031736 0.065000
v 2.464764 -0.034719 0.057764
v 2.464664 -0.035737 0.050000
v 2.464664 -0.035737 -0.050000
v 2.464764 -0.034719 -0.057765
v 2.465056 -0.031736 -0.065000
v 2.465522 -0.026990 -0.071213
v 2.466129 -0.020806 -0.075981
v 2.466835 -0.013604 -0.078978
v 2.467594 -0.005875 -0.080000
v 2.489574 -0.007630 0.080000
v 2.489088 -0.015380 0.078978
v 2.488635 -0.022602 0.075981
v 2.488245 -0.028804 0.071213
v 2.487947 -0.033563 0.065000
v 2.487759 -0.036555 0.057764
v 2.487695 -0.037575 0.050000
v 2.487695 -0.037575 -0.050000
v 2.487759 -0.036555 -0.057765
v 2.487947 -0.033563 -0.065000
v 2.488245 -0.028804 -0.071213
v 2.488635 -0.022602 -0.075981
v 2.489088 -0.015380 -0.078978
v 2.489574 -0.007630 -0.080000
v 2.512166 -0.008662 0.080000
v 2.511932 -0.016424 0.078978
v 2.511714 -0.023657 0.075981
v 2.511528 -0.029868 0.071213
v 2.511384 -0.034634 0.065000
v 2.511294 -0.037630 0.057764
v 2.511263 -0.038652 0.050000
v 2.511263 -0.038652 -0.050000
v 2.511294 -0.037630 -0.057765
v 2.511384 -0.034634 -0.065000
v 2.511528 -0.029868 -0.071213
v 2.511714 -0.023657 -0.075981
v 2.511932 -0.016424 -0.078978
v 2.512166 -0.008662 -0.080000
v 2.535500 -0.009000 0.080000
v 2.535671 -0.016768 0.078978
v 2.535830 -0.024006 0.075981
v 2.535967 -0.030222 0.071213
v 2.536072 -0.034992 0.065000
v 2.536138 -0.037990 0.057764
v 2.536160 -0.039013 0.050000
v 2.536160 -0.039013 -0.050000
v 2.536138 -0.037990 -0.057765
v 2.536072 -0.034992 -0.065000
v 2.535967 -0.030222 -0.071213
v 2.535830 -0.024006 -0.075981
v 2.535671 -0.016768 -0.078978
v 2.535500 -0.009000 -0.080000
v 2.586547 -0.006011 0.080000
v 2.587468 -0.013735 0.078978
v 2.588326 -0.020933 0.075981
v 2.589063 -0.027114 0.071213
v 2.589628 -0.031856 0.065000
v 2.589984 -0.034838 0.057764
v 2.590105 -0.035855 0.050000
v 2.590105 -0.035855 -0.050000
v 2.589984 -0.034838 -0.057765
v 2.589628 -0.031856 -0.065000
v 2.589063 -0.027114 -0.071213
v 2.588326 -0.020933 -0.075981
v 2.587468 -0.013735 -0.078978
v 2.586547 -0.006011 -0.080000
v 2.634959 0.002741 0.080000
v 2.636814 -0.004814 0.078978
v 2.638544 -0.011854 0.075981
v 2.640028 -0.017900 0.071213
v 2.641168 -0.022539 0.065000
v 2.641884 -0.025455 0.057764
v 2.642128 -0.026449 0.050000
v 2.642128 -0.026449 -0.050000
v 2.641884 -0.025455 -0.057765
v 2.641168 -0.022539 -0.065000
v 2.640028 -0.017900 -0.071213
v 2.638544 -0.011854 -0.075981
v 2.636814 -0.004814 -0.078978
v 2.634959 0.002741 -0.080000
v 2.680391 0.016938 0.080000
v 2.683179 0.009674 0.078978
v 2.685777 0.002905 0.075981
v 2.688009 -0.002907 0.071213
v 2.689721 -0.007367 0.065000
v 2.690797 -0.010170 0.057764
v 2.691164 -0.011127 0.050000
v 2.691164 -0.011127 -0.050000
v 2.690797 -0.010170 -0.057765
v 2.689721 -0.007367 -0.065000
v 2.688009 -0.002907 -0.071213
v 2.685777 0.002905 -0.075981
v 2.683179 0.009674 -0.078978
v 2.680391 0.016938 -0.080000
v 2.722500 0.036259 0.080000
v 2.726199 0.029413 0.078978
v 2.729645 0.023034 0.075981
v 2.732605 0.017556 0.071213
v 2.734876 0.013353 0.065000
v 2.736304 0.010710 0.057764
v 2.736790 0.009809 0.050000
v 2.736790 0.009809 -0.050000
v 2.736304 0.010710 -0.057765
v 2.734876 0.013353 -0.065000
v 2.732605 0.017556 -0.071213
v 2.729645 0.023034 -0.075981
v 2.726199 0.029413 -0.078978
v 2.722500 0.036259 -0.080000
v 2.760943 0.060387 0.080000
v 2.765508 0.054085 0.078978
v 2.769762 0.048212 0.075981
v 2.773415 0.043169 0.071213
v 2.776218 0.039300 0.065000
v 2.777981 0.036867 0.057764
v 2.778581 0.036038 0.050000
v 2.778581 0.036038 -0.050000
v 2.777981 0.036867 -0.057765
v 2.776218 0.039300 -0.065000
v 2.773415 0.043169 -0.071213
v 2.769762 0.048212 -0.075981
v 2.765508 0.054085 -0.078978
v 2.760943 0.060387 -0.080000
v 2.795375 0.089000 0.080000
v 2.800742 0.083364 0.078978
v 2.805742 0.078112 0.075981
v 2.810036 0.073601 0.071213
v 2.813331 0.070141 0.065000
v 2.815403 0.067965 0.057764
v 2.816109 0.067223 0.050000
v 2.816109 0.067223 -0.050000
v 2.815403 0.067965 -0.057765
v 2.813331 0.070141 -0.065000
v 2.810036 0.073601 -0.071213
v 2.805742 0.078112 -0.075981
v 2.800742 0.083364 -0.078978
v 2.795375 0.089000 -0.080000
v 2.825454 0.121780 0.080000
v 2.831533 0.116922 0.078978
v 2.837199 0.112394 0.075981
v 2.842064 0.108506 0.071213
v 2.845797 0.105523 0.065000
v 2.848144 0.103648 0.057764
v 2.848944 0.103008 0.050000
v 2.848944 0.103008 -0.050000
v 2.848144 0.103648 -0.057765
v 2.845797 0.105523 -0.065000
v 2.842064 0.108506 -0.071213
v 2.837199 0.112394 -0.075981
v 2.831533 0.116922 -0.078978
v 2.825454 0.121780 -0.080000
v 2.850834 0.158407 0.080000
v 2.857519 0.154423 0.078978
v 2.863750 0.150711 0.075981
v 2.869100 0.147523 0.071213
v 2.873205 0.145076 0.065000
v 2.875785 0.143539 0.057764
v 2.876666 0.143014 0.050000
v 2.876666 0.143014 -0.050000
v 2.875785 0.143539 -0.057765
v 2.873205 0.145076 -0.065000
v 2.869100 0.147523 -0.071213
v 2.863750 0.150711 -0.075981
v 2.857519 0.154423 -0.078978
v 2.850834 0.158407 -0.080000
v 2.871172 0.198563 0.080000
v 2.878339 0.195529 0.078978
v 2.885018 0.192701 0.075981
v 2.890753 0.190274 0.071213
v 2.895154 0.188411 0.065000
v 2.897920 0.187240 0.057764
v 2.898864 0.186840 0.050000
v 2.898864 0.186840 -0.050000
v 2.897920 0.187240 -0.057765
v 2.895154 0.188411 -0.065000
v 2.890753 0.190274 -0.071213
v 2.885018 0.192701 -0.075981
v 2.878339 0.195529 -0.078978
v 2.871172 0.198563 -0.080000
v 2.886125 0.241926 0.080000
v 2.893637 0.239892 0.078978
v 2.900637 0.237996 0.075981
v 2.906648 0.236368 0.071213
v 2.911260 0.235119 0.065000
v 2.914160 0.234334 0.057764
v 2.915149 0.234067 0.050000
v 2.915149 0.234067 -0.050000
v 2.914160 0.234334 -0.057765
v 2.911260 0.235119 -0.065000
v 2.906648 0.236368 -0.071213
v 2.900637 0.237996 -0.075981
v 2.893637 0.239892 -0.078978
v 2.886125 0.241926 -0.080000
v 2.895349 0.288178 0.080000
v 2.903064 0.287165 0.078978
v 2.910254 0.286220 0.075981
v 2.916428 0.285409 0.071213
v 2.921165 0.284786 0.065000
v 2.924143 0.284395 0.057764
v 2.925159 0.284261 0.050000
v 2.925159 0.284261 -0.050000
v 2.924143 0.284395 -0.057765
v 2.921165 0.284786 -0.065000
v 2.916428 0.285409 -0.071213
v 2.910254 0.286220 -0.075981
v 2.903064 0.287165 -0.078978
v 2.895349 0.288178 -0.080000
v 2.898500 0.337000 0.080000
v 2.906281 0.337004 0.078978
v 2.913532 0.337008 0.075981
v 2.919758 0.337012 0.071213
v 2.924536 0.337014 0.065000
v 2.927539 0.337016 0.057764
v 2.928564 0.337017 0.050000
v 2.928564 0.337017 -0.050000
v 2.927539 0.337016 -0.057765
v 2.924536 0.337014 -0.065000
v 2.919758 0.337012 -0.071213
v 2.913532 0.337008 -0.075981
v 2.906281 0.337004 -0.078978
v 2.898500 0.337000 -0.080000
v 2.895271 0.386189 0.080000
v 2.902985 0.387215 0.078978
v 2.910173 0.388171 0.075981
v 2.916346 0.388992 0.071213
v 2.921083 0.389622 0.065000
v 2.924060 0.390018 0.057764
v 2.925076 0.390153 0.050000
v 2.925076 0.390153 -0.050000
v 2.924060 0.390018 -0.057765
v 2.921083 0.389622 -0.065000
v 2.916346 0.388992 -0.071213
v 2.910173 0.388171 -0.075981
v 2.902985 0.387215 -0.078978
v 2.895271 0.386189 -0.080000
v 2.885834 0.433014 0.080000
v 2.893342 0.435061 0.078978
v 2.900338 0.436968 0.075981
v 2.906347 0.438606 0.071213
v 2.910957 0.439863 0.065000
v 2.913855 0.440653 0.057764
v 2.914843 0.440922 0.050000
v 2.914843 0.440922 -0.050000
v 2.913855 0.440653 -0.057765
v 2.910957 0.439863 -0.065000
v 2.906347 0.438606 -0.071213
v 2.900338 0.436968 -0.075981
v 2.893342 0.435061 -0.078978
v 2.885834 0.433014 -0.080000
v 2.870563 0.477109 0.080000
v 2.877728 0.480145 0.078978
v 2.884406 0.482974 0.075981
v 2.890140 0.485403 0.071213
v 2.894540 0.487268 0.065000
v 2.897305 0.488439 0.057764
v 2.898249 0.488839 0.050000
v 2.898249 0.488839 -0.050000
v 2.897305 0.488439 -0.057765
v 2.894540 0.487268 -0.065000
v 2.890140 0.485403 -0.071213
v 2.884406 0.482974 -0.075981
v 2.877728 0.480145 -0.078978
v 2.870563 0.477109 -0.080000
v 2.849834 0.518111 0.080000
v 2.856528 0.522080 0.078978
v 2.862765 0.525779 0.075981
v 2.868122 0.528955 0.071213
v 2.872232 0.531392 0.065000
v 2.874816 0.532924 0.057764
v 2.875697 0.533446 0.050000
v 2.875697 0.533446 -0.050000
v 2.874816 0.532924 -0.057765
v 2.872232 0.531392 -0.065000
v 2.868122 0.528955 -0.071213
v 2.862765 0.525779 -0.075981
v 2.856528 0.522080 -0.078978
v 2.849834 0.518111 -0.080000
v 2.824021 0.555655 0.080000
v 2.830126 0.560481 0.078978
v 2.835814 0.564978 0.075981
v 2.840699 0.568840 0.071213
v 2.844448 0.571803 0.065000
v 2.846804 0.573666 0.057764
v 2.847608 0.574301 0.050000
v 2.847608 0.574301 -0.050000
v 2.846804 0.573666 -0.057765
v 2.844448 0.571803 -0.065000
v 2.840699 0.568840 -0.071213
v 2.835814 0.564978 -0.075981
v 2.830126 0.560481 -0.078978
v 2.824021 0.555655 -0.080000
v 2.793500 0.589375 0.080000
v 2.798912 0.594967 0.078978
v 2.803955 0.600177 0.075981
v 2.808285 0.604652 0.071213
v 2.811608 0.608085 0.065000
v 2.813697 0.610243 0.057764
v 2.814410 0.610979 0.050000
v 2.814410 0.610979 -0.050000
v 2.813697 0.610243 -0.057765
v 2.811608 0.608085 -0.065000
v 2.808285 0.604652 -0.071213
v 2.803955 0.600177 -0.075981
v 2.798912 0.594967 -0.078978
v 2.793500 0.589375 -0.080000
v 2.758646 0.618908 0.080000
v 2.763277 0.625161 0.078978
v 2.767592 0.630989 0.075981
v 2.771298 0.635992 0.071213
v 2.774141 0.639832 0.065000
v 2.775928 0.642246 0.057764
v 2.776538 0.643069 0.050000
v 2.776538 0.643069 -0.050000
v 2.775928 0.642246 -0.057765
v 2.774141 0.639832 -0.065000
v 2.771298 0.635992 -0.071213
v 2.767592 0.630989 -0.075981
v 2.763277 0.625161 -0.078978
v 2.758646 0.618908 -0.080000
v 2.719834 0.643889 0.080000
v 2.723612 0.650691 0.078978
v 2.727132 0.657030 0.075981
v 2.730155 0.662473 0.071213
v 2.732475 0.666650 0.065000
v 2.733933 0.669276 0.057764
v 2.734430 0.670171 0.050000
v 2.734430 0.670171 -0.050000
v 2.733933 0.669276 -0.057765
v 2.732475 0.666650 -0.065000
v 2.730155 0.662473 -0.071213
v 2.727132 0.657030 -0.075981
v 2.723612 0.650691 -0.078978
v 2.719834 0.643889 -0.080000
v 2.677438 0.663953 0.080000
v 2.680308 0.671185 0.078978
v 2.682982 0.677925 0.075981
v 2.685278 0.683712 0.071213
v 2.687040 0.688152 0.065000
v 2.688148 0.690944 0.057764
v 2.688526 0.691896 0.050000
v 2.688526 0.691896 -0.050000
v 2.688148 0.690944 -0.057765
v 2.687040 0.688152 -0.065000
v 2.685278 0.683712 -0.071213
v 2.682982 0.677925 -0.075981
v 2.680308 0.671185 -0.078978
v 2.677438 0.663953 -0.080000
v 2.631834 0.678736 0.080000
v 2.633758 0.686275 0.078978
v 2.635552 0.693299 0.075981
v 2.637092 0.699332 0.071213
v 2.638273 0.703960 0.065000
v 2.639016 0.706870 0.057764
v 2.639270 0.707863 0.050000
v 2.639270 0.707863 -0.050000
v 2.639016 0.706870 -0.057765
v 2.638273 0.703960 -0.065000
v 2.637092 0.699332 -0.071213
v 2.635552 0.693299 -0.075981
v 2.633758 0.686275 -0.078978
v 2.631834 0.678736 -0.080000
v 2.583396 0.687873 0.080000
v 2.584358 0.695593 0.078978
v 2.585254 0.702787 0.075981
v 2.586023 0.708965 0.071213
v 2.586613 0.713705 0.065000
v 2.586984 0.716685 0.057764
v 2.587111 0.717702 0.050000
v 2.587111 0.717702 -0.050000
v 2.586984 0.716685 -0.057765
v 2.586613 0.713705 -0.065000
v 2.586023 0.708965 -0.071213
v 2.585254 0.702787 -0.075981
v 2.584358 0.695593 -0.078978
v 2.583396 0.687873 -0.080000
v 2.532500 0.691000 0.080000
v 2.532683 0.698768 0.078978
v 2.532852 0.706007 0.075981
v 2.532998 0.712223 0.071213
v 2.533110 0.716992 0.065000
v 2.533181 0.719991 0.057764
v 2.533205 0.721013 0.050000
v 2.533205 0.721013 -0.050000
v 2.533181 0.719991 -0.057765
v 2.533110 0.716992 -0.065000
v 2.532998 0.712223 -0.071213
v 2.532852 0.706007 -0.075981
v 2.532683 0.698768 -0.078978
v 2.532500 0.691000 -0.080000
v 2.512957 0.690718 0.080000
v 2.512717 0.698480 0.078978
v 2.512494 0.705713 0.075981
v 2.512302 0.711924 0.071213
v 2.512155 0.716690 0.065000
v 2.512063 0.719686 0.057764
v 2.512031 0.720708 0.050000
v 2.512031 0.720708 -0.050000
v 2.512063 0.719686 -0.057765
v 2.512155 0.716690 -0.065000
v 2.512302 0.711924 -0.071213
v 2.512494 0.705713 -0.075981
v 2.512717 0.698480 -0.078978
v 2.512957 0.690718 -0.080000
v 2.494153 0.689829 0.080000
v 2.493639 0.697578 0.078978
v 2.493161 0.704799 0.075981
v 2.492750 0.710999 0.071213
v 2.492434 0.715757 0.065000
v 2.492236 0.718748 0.057764
v 2.492168 0.719768 0.050000
v 2.492168 0.719768 -0.050000
v 2.492236 0.718748 -0.057765
v 2.492434 0.715757 -0.065000
v 2.492750 0.710999 -0.071213
v 2.493161 0.704799 -0.075981
v 2.493639 0.697578 -0.078978
v 2.494153 0.689829 -0.080000
v 2.475828 0.688266 0.080000
v 2.475008 0.695988 0.078978
v 2.474244 0.703185 0.075981
v 2.473588 0.709365 0.071213
v 2.473084 0.714107 0.065000
v 2.472768 0.717088 0.057764
v 2.472660 0.718104 0.050000
v 2.472660 0.718104 -0.050000
v 2.472768 0.717088 -0.057765
v 2.473084 0.714107 -0.065000
v 2.473588 0.709365 -0.071213
v 2.474244 0.703185 -0.075981
v 2.475008 0.695988 -0.078978
v 2.475828 0.688266 -0.080000
v 2.457722 0.685963 0.080000
v 2.456577 0.693644 0.078978
v 2.455509 0.700802 0.075981
v 2.454592 0.706949 0.071213
v 2.453889 0.711666 0.065000
v 2.453446 0.714630 0.057764
v 2.453295 0.715642 0.050000
v 2.453295 0.715642 -0.050000
v 2.453446 0.714630 -0.057765
v 2.453889 0.711666 -0.065000
v 2.454592 0.706949 -0.071213
v 2.455509 0.700802 -0.075981
v 2.456577 0.693644 -0.078978
v 2.457722 0.685963 -0.080000
v 2.439575 0.682855 0.080000
v 2.438100 0.690480 0.078978
v 2.436726 0.697585 0.075981
v 2.435546 0.703687 0.071213
v 2.434640 0.708369 0.065000
v 2.434071 0.711312 0.057764
v 2.433877 0.712316 0.050000
v 2.433877 0.712316 -0.050000
v 2.434071 0.711312 -0.057765
v 2.434640 0.708369 -0.065000
v 2.435546 0.703687 -0.071213
v 2.436726 0.697585 -0.075981
v 2.438100 0.690480 -0.078978
v 2.439575 0.682855 -0.080000
v 2.421125 0.678875 0.080000
v 2.419334 0.686432 0.078978
v 2.417664 0.693474 0.075981
v 2.416231 0.699520 0.071213
v 2.415131 0.704160 0.065000
v 2.414439 0.707077 0.057764
v 2.414203 0.708072 0.050000
v 2.414203 0.708072 -0.050000
v 2.414439 0.707077 -0.057765
v 2.415131 0.704160 -0.065000
v 2.416231 0.699520 -0.071213
v 2.417664 0.693474 -0.075981
v 2.419334 0.686432 -0.078978
v 2.421125 0.678875 -0.080000
v 2.402113 0.673958 0.080000
v 2.400030 0.681439 0.078978
v 2.398088 0.688411 0.075981
v 2.396421 0.694397 0.071213
v 2.395142 0.698991 0.065000
v 2.394338 0.701878 0.057764
v 2.394064 0.702863 0.050000
v 2.394064 0.702863 -0.050000
v 2.394338 0.701878 -0.057765
v 2.395142 0.698991 -0.065000
v 2.396421 0.694397 -0.071213
v 2.398088 0.688411 -0.075981
v 2.400030 0.681439 -0.078978
v 2.402113 0.673958 -0.080000
v 2.382278 0.668037 0.080000
v 2.379936 0.675441 0.078978
v 2.377754 0.682341 0.075981
v 2.375881 0.688266 0.071213
v 2.374443 0.692812 0.065000
v 2.373539 0.695670 0.057764
v 2.373231 0.696645 0.050000
v 2.373231 0.696645 -0.050000
v 2.373539 0.695670 -0.057765
v 2.374443 0.692812 -0.065000
v 2.375881 0.688266 -0.071213
v 2.377754 0.682341 -0.075981
v 2.379936 0.675441 -0.078978
v 2.382278 0.668037 -0.080000
v 2.361360 0.661047 0.080000
v 2.358798 0.668377 0.078978
v 2.356410 0.675208 0.075981
v 2.354360 0.681074 0.071213
v 2.352787 0.685575 0.065000
v 2.351798 0.688405 0.057764
v 2.351461 0.689370 0.050000
v 2.351461 0.689370 -0.050000
v 2.351798 0.688405 -0.057765
v 2.352787 0.685575 -0.065000
v 2.354360 0.681074 -0.071213
v 2.356410 0.675208 -0.075981
v 2.358798 0.668377 -0.078978
v 2.361360 0.661047 -0.080000
v 2.339097 0.652921 0.080000
v 2.336353 0.660185 0.078978
v 2.333795 0.666954 0.075981
v 2.331599 0.672767 0.071213
v 2.329914 0.677227 0.065000
v 2.328855 0.680030 0.057764
v 2.328493 0.680987 0.050000
v 2.328493 0.680987 -0.050000
v 2.328855 0.680030 -0.057765
v 2.329914 0.677227 -0.065000
v 2.331599 0.672767 -0.071213
v 2.333795 0.666954 -0.075981
v 2.336353 0.660185 -0.078978
v 2.339097 0.652921 -0.080000
v 2.315231 0.643594 0.080000
v 2.312340 0.650801 0.078978
v 2.309645 0.657516 0.075981
v 2.307332 0.663283 0.071213
v 2.305556 0.667708 0.065000
v 2.304440 0.670489 0.057764
v 2.304060 0.671438 0.050000
v 2.304060 0.671438 -0.050000
v 2.304440 0.670489 -0.057765
v 2.305556 0.667708 -0.065000
v 2.307332 0.663283 -0.071213
v 2.309645 0.657516 -0.075981
v 2.312340 0.650801 -0.078978
v 2.315231 0.643594 -0.080000
v 2.289500 0.633000 0.080000
v 2.281736 0.638200 0.078978
v 2.274500 0.643046 0.075981
v 2.268287 0.647207 0.071213
v 2.263520 0.650400 0.065000
v 2.260522 0.652407 0.057764
v 2.259500 0.653091 0.050000
v 2.259500 0.653091 -0.050000
v 2.260522 0.652407 -0.057765
v 2.263520 0.650400 -0.065000
v 2.268287 0.647207 -0.071213
v 2.274500 0.643046 -0.075981
v 2.281736 0.638200 -0.078978
v 2.289500 0.633000 -0.080000
v 2.289500 0.534000 0.080000
v 2.281736 0.521137 0.078978
v 2.274500 0.509151 0.075981
v 2.268287 0.498858 0.071213
v 2.263520 0.490960 0.065000
v 2.260522 0.485995 0.057764
v 2.259500 0.484302 0.050000
v 2.259500 0.484302 -0.050000
v 2.260522 0.485995 -0.057765
v 2.263520 0.490960 -0.065000
v 2.268287 0.498858 -0.071213
v 2.274500 0.509151 -0.075981
v 2.281736 0.521137 -0.078978
v 2.289500 0.534000 -0.080000
v 2.309561 0.544561 0.080000
v 2.313050 0.537624 0.078978
v 2.316302 0.531159 0.075981
v 2.319094 0.525607 0.071213
v 2.321236 0.521347 0.065000
v 2.322583 0.518669 0.057764
v 2.323043 0.517756 0.050000
v 2.323043 0.517756 -0.050000
v 2.322583 0.518669 -0.057765
v 2.321236 0.521347 -0.065000
v 2.319094 0.525607 -0.071213
v 2.316302 0.531159 -0.075981
v 2.313050 0.537624 -0.078978
v 2.309561 0.544561 -0.080000
v 2.329732 0.554241 0.080000
v 2.332957 0.547176 0.078978
v 2.335963 0.540593 0.075981
v 2.338544 0.534940 0.071213
v 2.340524 0.530603 0.065000
v 2.341769 0.527876 0.057764
v 2.342194 0.526946 0.050000
v 2.342194 0.526946 -0.050000
v 2.341769 0.527876 -0.057765
v 2.340524 0.530603 -0.065000
v 2.338544 0.534940 -0.071213
v 2.335963 0.540593 -0.075981
v 2.332957 0.547176 -0.078978
v 2.329732 0.554241 -0.080000
v 2.350000 0.563031 0.080000
v 2.352950 0.555847 0.078978
v 2.355699 0.549153 0.075981
v 2.358059 0.543404 0.071213
v 2.359871 0.538993 0.065000
v 2.361009 0.536220 0.057764
v 2.361398 0.535274 0.050000
v 2.361398 0.535274 -0.050000
v 2.361009 0.536220 -0.057765
v 2.359871 0.538993 -0.065000
v 2.358059 0.543404 -0.071213
v 2.355699 0.549153 -0.075981
v 2.352950 0.555847 -0.078978
v 2.350000 0.563031 -0.080000
v 2.370352 0.570926 0.080000
v 2.373015 0.563631 0.078978
v 2.375496 0.556832 0.075981
v 2.377627 0.550995 0.071213
v 2.379261 0.546515 0.065000
v 2.380289 0.543699 0.057764
v 2.380640 0.542739 0.050000
v 2.380640 0.542739 -0.050000
v 2.380289 0.543699 -0.057765
v 2.379261 0.546515 -0.065000
v 2.377627 0.550995 -0.071213
v 2.375496 0.556832 -0.075981
v 2.373015 0.563631 -0.078978
v 2.370352 0.570926 -0.080000
v 2.390773 0.577918 0.080000
v 2.393137 0.570520 0.078978
v 2.395340 0.563627 0.075981
v 2.397232 0.557707 0.071213
v 2.398683 0.553165 0.065000
v 2.399596 0.550309 0.057764
v 2.399907 0.549335 0.050000
v 2.399907 0.549335 -0.050000
v 2.399596 0.550309 -0.057765
v 2.398683 0.553165 -0.065000
v 2.397232 0.557707 -0.071213
v 2.395340 0.563627 -0.075981
v 2.393137 0.570520 -0.078978
v 2.390773 0.577918 -0.080000
v 2.411250 0.584000 0.080000
v 2.413304 0.576510 0.078978
v 2.415218 0.569531 0.075981
v 2.416862 0.563538 0.071213
v 2.418123 0.558939 0.065000
v 2.418916 0.556048 0.057764
v 2.419187 0.555062 0.050000
v 2.419187 0.555062 -0.050000
v 2.418916 0.556048 -0.057765
v 2.418123 0.558939 -0.065000
v 2.416862 0.563538 -0.071213
v 2.415218 0.569531 -0.075981
v 2.413304 0.576510 -0.078978
v 2.411250 0.584000 -0.080000
v 2.431769 0.589166 0.080000
v 2.433502 0.581595 0.078978
v 2.435118 0.574541 0.075981
v 2.436505 0.568483 0.071213
v 2.437569 0.563834 0.065000
v 2.438238 0.560912 0.057764
v 2.438467 0.559916 0.050000
v 2.438467 0.559916 -0.050000
v 2.438238 0.560912 -0.057765
v 2.437569 0.563834 -0.065000
v 2.436505 0.568483 -0.071213
v 2.435118 0.574541 -0.075981
v 2.433502 0.581595 -0.078978
v 2.431769 0.589166 -0.080000
v 2.452315 0.593407 0.080000
v 2.453718 0.585769 0.078978
v 2.455025 0.578651 0.075981
v 2.456148 0.572538 0.071213
v 2.457009 0.567848 0.065000
v 2.457551 0.564900 0.057764
v 2.457736 0.563894 0.050000
v 2.457736 0.563894 -0.050000
v 2.457551 0.564900 -0.057765
v 2.457009 0.567848 -0.065000
v 2.456148 0.572538 -0.071213
v 2.455025 0.578651 -0.075981
v 2.453718 0.585769 -0.078978
v 2.452315 0.593407 -0.080000
v 2.472875 0.596719 0.080000
v 2.473938 0.589025 0.078978
v 2.474929 0.581856 0.075981
v 2.475780 0.575700 0.071213
v 2.476432 0.570976 0.065000
v 2.476843 0.568007 0.057764
v 2.476983 0.566994 0.050000
v 2.476983 0.566994 -0.050000
v 2.476843 0.568007 -0.057765
v 2.476432 0.570976 -0.065000
v 2.475780 0.575700 -0.071213
v 2.474929 0.581856 -0.075981
v 2.473938 0.589025 -0.078978
v 2.472875 0.596719 -0.080000
v 2.493435 0.599093 0.080000
v 2.494150 0.591359 0.078978
v 2.494817 0.584152 0.075981
v 2.495389 0.577964 0.071213
v 2.495828 0.573215 0.065000
v 2.496104 0.570230 0.057764
v 2.496198 0.569212 0.050000
v 2.496198 0.569212 -0.050000
v 2.496104 0.570230 -0.057765
v 2.495828 0.573215 -0.065000
v 2.495389 0.577964 -0.071213
v 2.494817 0.584152 -0.075981
v 2.494150 0.591359 -0.078978
v 2.493435 0.599093 -0.080000
v 2.513982 0.600522 0.080000
v 2.514342 0.592764 0.078978
v 2.514677 0.585534 0.075981
v 2.514965 0.579326 0.071213
v 2.515186 0.574562 0.065000
v 2.515325 0.571568 0.057764
v 2.515373 0.570546 0.050000
v 2.515373 0.570546 -0.050000
v 2.515325 0.571568 -0.057765
v 2.515186 0.574562 -0.065000
v 2.514965 0.579326 -0.071213
v 2.514677 0.585534 -0.075981
v 2.514342 0.592764 -0.078978
v 2.513982 0.600522 -0.080000
v 2.534500 0.601000 0.080000
v 2.534343 0.593230 0.078978
v 2.534198 0.585989 0.075981
v 2.534072 0.579771 0.071213
v 2.533976 0.575000 0.065000
v 2.533916 0.572001 0.057764
v 2.533895 0.570978 0.050000
v 2.533895 0.570978 -0.050000
v 2.533916 0.572001 -0.057765
v 2.533976 0.575000 -0.065000
v 2.534072 0.579771 -0.071213
v 2.534198 0.585989 -0.075981
v 2.534343 0.593230 -0.078978
v 2.534500 0.601000 -0.080000
v 2.570765 0.598691 0.080000
v 2.569771 0.590974 0.078978
v 2.568845 0.583783 0.075981
v 2.568050 0.577608 0.071213
v 2.567440 0.572869 0.065000
v 2.567056 0.569891 0.057764
v 2.566926 0.568875 0.050000
v 2.566926 0.568875 -0.050000
v 2.567056 0.569891 -0.057765
v 2.567440 0.572869 -0.065000
v 2.568050 0.577608 -0.071213
v 2.568845 0.583783 -0.075981
v 2.569771 0.590974 -0.078978
v 2.570765 0.598691 -0.080000
v 2.605370 0.591945 0.080000
v 2.603389 0.584420 0.078978
v 2.601542 0.577408 0.075981
v 2.599956 0.571387 0.071213
v 2.598740 0.566767 0.065000
v 2.597975 0.563863 0.057764
v 2.597714 0.562872 0.050000
v 2.597714 0.562872 -0.050000
v 2.597975 0.563863 -0.057765
v 2.598740 0.566767 -0.065000
v 2.599956 0.571387 -0.071213
v 2.601542 0.577408 -0.075981
v 2.603389 0.584420 -0.078978
v 2.605370 0.591945 -0.080000
v 2.638031 0.581031 0.080000
v 2.635089 0.573828 0.078978
v 2.632348 0.567115 0.075981
v 2.629994 0.561351 0.071213
v 2.628188 0.556927 0.065000
v 2.627053 0.554147 0.057764
v 2.626666 0.553199 0.050000
v 2.626666 0.553199 -0.050000
v 2.627053 0.554147 -0.057765
v 2.628188 0.556927 -0.065000
v 2.629994 0.561351 -0.071213
v 2.632348 0.567115 -0.075981
v 2.635089 0.573828 -0.078978
v 2.638031 0.581031 -0.080000
v 2.668463 0.566222 0.080000
v 2.664608 0.559463 0.078978
v 2.661017 0.553164 0.075981
v 2.657932 0.547755 0.071213
v 2.655566 0.543605 0.065000
v 2.654078 0.540996 0.057764
v 2.653570 0.540106 0.050000
v 2.653570 0.540106 -0.050000
v 2.654078 0.540996 -0.057765
v 2.655566 0.543605 -0.065000
v 2.657932 0.547755 -0.071213
v 2.661017 0.553164 -0.075981
v 2.664608 0.559463 -0.078978
v 2.668463 0.566222 -0.080000
v 2.696381 0.547788 0.080000
v 2.691678 0.541589 0.078978
v 2.687295 0.535813 0.075981
v 2.683531 0.530852 0.071213
v 2.680644 0.527046 0.065000
v 2.678828 0.524653 0.057764
v 2.678209 0.523837 0.050000
v 2.678209 0.523837 -0.050000
v 2.678828 0.524653 -0.057765
v 2.680644 0.527046 -0.065000
v 2.683531 0.530852 -0.071213
v 2.687295 0.535813 -0.075981
v 2.691678 0.541589 -0.078978
v 2.696381 0.547788 -0.080000
v 2.721500 0.526000 0.080000
v 2.716027 0.520469 0.078978
v 2.710927 0.515315 0.075981
v 2.706547 0.510889 0.071213
v 2.703186 0.507493 0.065000
v 2.701074 0.505358 0.057764
v 2.700353 0.504630 0.050000
v 2.700353 0.504630 -0.050000
v 2.701074 0.505358 -0.057765
v 2.703186 0.507493 -0.065000
v 2.706547 0.510889 -0.071213
v 2.710927 0.515315 -0.075981
v 2.716027 0.520469 -0.078978
v 2.721500 0.526000 -0.080000
v 2.743536 0.501129 0.080000
v 2.737384 0.496363 0.078978
v 2.731652 0.491922 0.075981
v 2.726730 0.488108 0.071213
v 2.722953 0.485182 0.065000
v 2.720579 0.483343 0.057764
v 2.719769 0.482715 0.050000
v 2.719769 0.482715 -0.050000
v 2.720579 0.483343 -0.057765
v 2.722953 0.485182 -0.065000
v 2.726730 0.488108 -0.071213
v 2.731652 0.491922 -0.075981
v 2.737384 0.496363 -0.078978
v 2.743536 0.501129 -0.080000
v 2.762204 0.473444 0.080000
v 2.755479 0.469530 0.078978
v 2.749212 0.465882 0.075981
v 2.743830 0.462749 0.071213
v 2.739701 0.460345 0.065000
v 2.737105 0.458834 0.057764
v 2.736220 0.458319 0.050000
v 2.736220 0.458319 -0.050000
v 2.737105 0.458834 -0.057765
v 2.739701 0.460345 -0.065000
v 2.743830 0.462749 -0.071213
v 2.749212 0.465882 -0.075981
v 2.755479 0.469530 -0.078978
v 2.762204 0.473444 -0.080000
v 2.777219 0.443219 0.080000
v 2.770036 0.440226 0.078978
v 2.763342 0.437437 0.075981
v 2.757594 0.435042 0.071213
v 2.753184 0.433204 0.065000
v 2.750411 0.432049 0.057764
v 2.749466 0.431655 0.050000
v 2.749466 0.431655 -0.050000
v 2.750411 0.432049 -0.057765
v 2.753184 0.433204 -0.065000
v 2.757594 0.435042 -0.071213
v 2.763342 0.437437 -0.075981
v 2.770036 0.440226 -0.078978
v 2.777219 0.443219 -0.080000
v 2.788296 0.410722 0.080000
v 2.780781 0.408704 0.078978
v 2.773778 0.406823 0.075981
v 2.767764 0.405209 0.071213
v 2.763150 0.403969 0.065000
v 2.760249 0.403190 0.057764
v 2.759259 0.402925 0.050000
v 2.759259 0.402925 -0.050000
v 2.760249 0.403190 -0.057765
v 2.763150 0.403969 -0.065000
v 2.767764 0.405209 -0.071213
v 2.773778 0.406823 -0.075981
v 2.780781 0.408704 -0.078978
v 2.788296 0.410722 -0.080000
v 2.795152 0.376226 0.080000
v 2.787436 0.375214 0.078978
v 2.780247 0.374270 0.075981
v 2.774073 0.373460 0.071213
v 2.769336 0.372839 0.065000
v 2.766358 0.372448 0.057764
v 2.765342 0.372315 0.050000
v 2.765342 0.372315 -0.050000
v 2.766358 0.372448 -0.057765
v 2.769336 0.372839 -0.065000
v 2.774073 0.373460 -0.071213
v 2.780247 0.374270 -0.075981
v 2.787436 0.375214 -0.078978
v 2.795152 0.376226 -0.080000
v 2.797500 0.340000 0.080000
v 2.789720 0.339993 0.078978
v 2.782470 0.339987 0.075981
v 2.776244 0.339982 0.071213
v 2.771466 0.339978 0.065000
v 2.768463 0.339975 0.057764
v 2.767439 0.339974 0.050000
v 2.767439 0.339974 -0.050000
v 2.768463 0.339975 -0.057765
v 2.771466 0.339978 -0.065000
v 2.776244 0.339982 -0.071213
v 2.782470 0.339987 -0.075981
v 2.789720 0.339993 -0.078978
v 2.797500 0.340000 -0.080000
v 2.795163 0.302973 0.080000
v 2.787446 0.303970 0.078978
v 2.780255 0.304899 0.075981
v 2.774080 0.305696 0.071213
v 2.769341 0.306308 0.065000
v 2.766363 0.306693 0.057764
v 2.765347 0.306824 0.050000
v 2.765347 0.306824 -0.050000
v 2.766363 0.306693 -0.057765
v 2.769341 0.306308 -0.065000
v 2.774080 0.305696 -0.071213
v 2.780255 0.304899 -0.075981
v 2.787446 0.303970 -0.078978
v 2.795163 0.302973 -0.080000
v 2.788306 0.268037 0.080000
v 2.780788 0.270049 0.078978
v 2.773782 0.271924 0.075981
v 2.767767 0.273535 0.071213
v 2.763151 0.274770 0.065000
v 2.760249 0.275547 0.057764
v 2.759259 0.275812 0.050000
v 2.759259 0.275812 -0.050000
v 2.760249 0.275547 -0.057765
v 2.763151 0.274770 -0.065000
v 2.767767 0.273535 -0.071213
v 2.773782 0.271924 -0.075981
v 2.780788 0.270049 -0.078978
v 2.788306 0.268037 -0.080000
v 2.777156 0.235406 0.080000
v 2.769983 0.238427 0.078978
v 2.763299 0.241241 0.075981
v 2.757559 0.243658 0.071213
v 2.753154 0.245513 0.065000
v 2.750385 0.246678 0.057764
v 2.749441 0.247076 0.050000
v 2.749441 0.247076 -0.050000
v 2.750385 0.246678 -0.057765
v 2.753154 0.245513 -0.065000
v 2.757559 0.243658 -0.071213
v 2.763299 0.241241 -0.075981
v 2.769983 0.238427 -0.078978
v 2.777156 0.235406 -0.080000
v 2.761945 0.205296 0.080000
v 2.755260 0.209284 0.078978
v 2.749031 0.212999 0.075981
v 2.743681 0.216190 0.071213
v 2.739577 0.218638 0.065000
v 2.736997 0.220177 0.057764
v 2.736117 0.220702 0.050000
v 2.736117 0.220702 -0.050000
v 2.736997 0.220177 -0.057765
v 2.739577 0.218638 -0.065000
v 2.743681 0.216190 -0.071213
v 2.749031 0.212999 -0.075981
v 2.755260 0.209284 -0.078978
v 2.761945 0.205296 -0.080000
v 2.742899 0.177922 0.080000
v 2.736836 0.182803 0.078978
v 2.731187 0.187352 0.075981
v 2.726335 0.191258 0.071213
v 2.722612 0.194255 0.065000
v 2.720272 0.196139 0.057764
v 2.719474 0.196781 0.050000
v 2.719474 0.196781 -0.050000
v 2.720272 0.196139 -0.057765
v 2.722612 0.194255 -0.065000
v 2.726335 0.191258 -0.071213
v 2.731187 0.187352 -0.075981
v 2.736836 0.182803 -0.078978
v 2.742899 0.177922 -0.080000
v 2.720250 0.153500 0.080000
v 2.714922 0.159174 0.078978
v 2.709958 0.164461 0.075981
v 2.705694 0.169001 0.071213
v 2.702423 0.172485 0.065000
v 2.700366 0.174675 0.057764
v 2.699665 0.175422 0.050000
v 2.699665 0.175422 -0.050000
v 2.700366 0.174675 -0.057765
v 2.702423 0.172485 -0.065000
v 2.705694 0.169001 -0.071213
v 2.709958 0.164461 -0.075981
v 2.714922 0.159174 -0.078978
v 2.720250 0.153500 -0.080000
v 2.694226 0.132244 0.080000
v 2.689721 0.138590 0.078978
v 2.685523 0.144504 0.075981
v 2.681919 0.149582 0.071213
v 2.679152 0.153478 0.065000
v 2.677414 0.155928 0.057764
v 2.676821 0.156763 0.050000
v 2.676821 0.156763 -0.050000
v 2.677414 0.155928 -0.057765
v 2.679152 0.153478 -0.065000
v 2.681919 0.149582 -0.071213
v 2.685523 0.144504 -0.075981
v 2.689721 0.138590 -0.078978
v 2.694226 0.132244 -0.080000
v 2.665056 0.114370 0.080000
v 2.661434 0.121257 0.078978
v 2.658058 0.127675 0.075981
v 2.655160 0.133186 0.071213
v 2.652936 0.137414 0.065000
v 2.651538 0.140072 0.057764
v 2.651061 0.140979 0.050000
v 2.651061 0.140979 -0.050000
v 2.651538 0.140072 -0.057765
v 2.652936 0.137414 -0.065000
v 2.655160 0.133186 -0.071213
v 2.658058 0.127675 -0.075981
v 2.661434 0.121257 -0.078978
v 2.665056 0.114370 -0.080000
v 2.632969 0.100094 0.080000
v 2.630261 0.107387 0.078978
v 2.627738 0.114184 0.075981
v 2.625571 0.120021 0.071213
v 2.623909 0.124499 0.065000
v 2.622864 0.127314 0.057764
v 2.622507 0.128274 0.050000
v 2.622507 0.128274 -0.050000
v 2.622864 0.127314 -0.057765
v 2.623909 0.124499 -0.065000
v 2.625571 0.120021 -0.071213
v 2.627738 0.114184 -0.075981
v 2.630261 0.107387 -0.078978
v 2.632969 0.100094 -0.080000
v 2.598195 0.089630 0.080000
v 2.596408 0.097201 0.078978
v 2.594743 0.104255 0.075981
v 2.593314 0.110314 0.071213
v 2.592217 0.114962 0.065000
v 2.591527 0.117885 0.057764
v 2.591292 0.118881 0.050000
v 2.591292 0.118881 -0.050000
v 2.591527 0.117885 -0.057765
v 2.592217 0.114962 -0.065000
v 2.593314 0.110314 -0.071213
v 2.594743 0.104255 -0.075981
v 2.596408 0.097201 -0.078978
v 2.598195 0.089630 -0.080000
v 2.560962 0.083193 0.080000
v 2.560082 0.090921 0.078978
v 2.559263 0.098122 0.075981
v 2.558558 0.104306 0.071213
v 2.558018 0.109051 0.065000
v 2.557679 0.112033 0.057764
v 2.557563 0.113051 0.050000
v 2.557563 0.113051 -0.050000
v 2.557679 0.112033 -0.057765
v 2.558018 0.109051 -0.065000
v 2.558558 0.104306 -0.071213
v 2.559263 0.098122 -0.075981
v 2.560082 0.090921 -0.078978
v 2.560962 0.083193 -0.080000
v 2.521500 0.081000 0.080000
v 2.521357 0.088769 0.078978
v 2.521223 0.096008 0.075981
v 2.521108 0.102224 0.071213
v 2.521020 0.106994 0.065000
v 2.520965 0.109993 0.057764
v 2.520946 0.111016 0.050000
v 2.520946 0.111016 -0.050000
v 2.520965 0.109993 -0.057765
v 2.521020 0.106994 -0.065000
v 2.521108 0.102224 -0.071213
v 2.521223 0.096008 -0.075981
v 2.521357 0.088769 -0.078978
v 2.521500 0.081000 -0.080000
v 2.508352 0.081245 0.080000
v 2.508638 0.089005 0.078978
v 2.508904 0.096237 0.075981
v 2.509133 0.102447 0.071213
v 2.509309 0.107212 0.065000
v 2.509419 0.110208 0.057764
v 2.509457 0.111229 0.050000
v 2.509457 0.111229 -0.050000
v 2.509419 0.110208 -0.057765
v 2.509309 0.107212 -0.065000
v 2.509133 0.102447 -0.071213
v 2.508904 0.096237 -0.075981
v 2.508638 0.089005 -0.078978
v 2.508352 0.081245 -0.080000
v 2.495398 0.081958 0.080000
v 2.495960 0.089704 0.078978
v 2.496484 0.096921 0.075981
v 2.496934 0.103119 0.071213
v 2.497279 0.107875 0.065000
v 2.497496 0.110864 0.057764
v 2.497570 0.111884 0.050000
v 2.497570 0.111884 -0.050000
v 2.497496 0.110864 -0.057765
v 2.497279 0.107875 -0.065000
v 2.496934 0.103119 -0.071213
v 2.496484 0.096921 -0.075981
v 2.495960 0.089704 -0.078978
v 2.495398 0.081958 -0.080000
v 2.482625 0.083109 0.080000
v 2.483450 0.090831 0.078978
v 2.484218 0.098027 0.075981
v 2.484878 0.104206 0.071213
v 2.485384 0.108947 0.065000
v 2.485703 0.111927 0.057764
v 2.485811 0.112944 0.050000
v 2.485811 0.112944 -0.050000
v 2.485703 0.111927 -0.057765
v 2.485384 0.108947 -0.065000
v 2.484878 0.104206 -0.071213
v 2.484218 0.098027 -0.075981
v 2.483450 0.090831 -0.078978
v 2.482625 0.083109 -0.080000
v 2.470019 0.084667 0.080000
v 2.471090 0.092358 0.078978
v 2.472089 0.099525 0.075981
v 2.472946 0.105680 0.071213
v 2.473604 0.110402 0.065000
v 2.474018 0.113371 0.057764
v 2.474159 0.114383 0.050000
v 2.474159 0.114383 -0.050000
v 2.474018 0.113371 -0.057765
v 2.473604 0.110402 -0.065000
v 2.472946 0.105680 -0.071213
v 2.472089 0.099525 -0.075981
v 2.471090 0.092358 -0.078978
v 2.470019 0.084667 -0.080000
v 2.457565 0.086599 0.080000
v 2.458866 0.094255 0.078978
v 2.460078 0.101388 0.075981
v 2.461120 0.107514 0.071213
v 2.461919 0.112215 0.065000
v 2.462421 0.115170 0.057764
v 2.462592 0.116178 0.050000
v 2.462592 0.116178 -0.050000
v 2.462421 0.115170 -0.057765
v 2.461919 0.112215 -0.065000
v 2.461120 0.107514 -0.071213
v 2.460078 0.101388 -0.075981
v 2.458866 0.094255 -0.078978
v 2.457565 0.086599 -0.080000
v 2.445250 0.088875 0.080000
v 2.446763 0.096492 0.078978
v 2.448172 0.103589 0.075981
v 2.449382 0.109684 0.071213
v 2.450310 0.114361 0.065000
v 2.450894 0.117300 0.057764
v 2.451093 0.118303 0.050000
v 2.451093 0.118303 -0.050000
v 2.450894 0.117300 -0.057765
v 2.450310 0.114361 -0.065000
v 2.449382 0.109684 -0.071213
v 2.448172 0.103589 -0.075981
v 2.446763 0.096492 -0.078978
v 2.445250 0.088875 -0.080000
v 2.433060 0.091464 0.080000
v 2.434764 0.099039 0.078978
v 2.436352 0.106099 0.075981
v 2.437716 0.112161 0.071213
v 2.438762 0.116813 0.065000
v 2.439420 0.119737 0.057764
v 2.439645 0.120734 0.050000
v 2.439645 0.120734 -0.050000
v 2.439420 0.119737 -0.057765
v 2.438762 0.116813 -0.065000
v 2.437716 0.112161 -0.071213
v 2.436352 0.106099 -0.075981
v 2.434764 0.099039 -0.078978
v 2.433060 0.091464 -0.080000
v 2.420982 0.094333 0.080000
v 2.422858 0.101868 0.078978
v 2.424606 0.108890 0.075981
v 2.426107 0.114919 0.071213
v 2.427258 0.119546 0.065000
v 2.427983 0.122454 0.057764
v 2.428230 0.123446 0.050000
v 2.428230 0.123446 -0.050000
v 2.427983 0.122454 -0.057765
v 2.427258 0.119546 -0.065000
v 2.426107 0.114919 -0.071213
v 2.424606 0.108890 -0.075981
v 2.422858 0.101868 -0.078978
v 2.420982 0.094333 -0.080000
v 2.409000 0.097453 0.080000
v 2.411027 0.104949 0.078978
v 2.412917 0.111934 0.075981
v 2.414539 0.117931 0.071213
v 2.415784 0.122534 0.065000
v 2.416566 0.125427 0.057764
v 2.416833 0.126414 0.050000
v 2.416833 0.126414 -0.050000
v 2.416566 0.125427 -0.057765
v 2.415784 0.122534 -0.065000
v 2.414539 0.117932 -0.071213
v 2.412917 0.111934 -0.075981
v 2.411027 0.104949 -0.078978
v 2.409000 0.097453 -0.080000
v 2.397102 0.100792 0.080000
v 2.399260 0.108251 0.078978
v 2.401271 0.115201 0.075981
v 2.402998 0.121170 0.071213
v 2.404323 0.125750 0.065000
v 2.405156 0.128629 0.057764
v 2.405440 0.129611 0.050000
v 2.405440 0.129611 -0.050000
v 2.405156 0.128629 -0.057765
v 2.404323 0.125750 -0.065000
v 2.402998 0.121170 -0.071213
v 2.401271 0.115201 -0.075981
v 2.399260 0.108251 -0.078978
v 2.397102 0.100792 -0.080000
v 2.385273 0.104318 0.080000
v 2.387541 0.111744 0.078978
v 2.389655 0.118664 0.075981
v 2.391470 0.124606 0.071213
v 2.392862 0.129166 0.065000
v 2.393738 0.132032 0.057764
v 2.394036 0.133010 0.050000
v 2.394036 0.133010 -0.050000
v 2.393738 0.132032 -0.057765
v 2.392862 0.129166 -0.065000
v 2.391470 0.124606 -0.071213
v 2.389655 0.118664 -0.075981
v 2.387541 0.111744 -0.078978
v 2.385273 0.104318 -0.080000
v 2.373500 0.108000 0.080000
v 2.381265 0.113707 0.078978
v 2.388500 0.119025 0.075981
v 2.394713 0.123592 0.071213
v 2.399481 0.127096 0.065000
v 2.402478 0.129299 0.057764
v 2.403500 0.130050 0.050000
v 2.403500 0.130050 -0.050000
v 2.402478 0.129299 -0.057765
v 2.399481 0.127096 -0.065000
v 2.394713 0.123592 -0.071213
v 2.388500 0.119025 -0.075981
v 2.381265 0.113707 -0.078978
v 2.373500 0.108000 -0.080000
v 2.373500 0.248000 0.080000
v 2.381265 0.240235 0.078978
v 2.388500 0.233000 0.075981
v 2.394713 0.226787 0.071213
v 2.399481 0.222019 0.065000
v 2.402478 0.219022 0.057764
v 2.403500 0.218000 0.050000
v 2.403500 0.218000 -0.050000
v 2.402478 0.219022 -0.057765
v 2.399481 0.222019 -0.065000
v 2.394713 0.226787 -0.071213
v 2.388500 0.233000 -0.075981
v 2.381265 0.240235 -0.078978
v 2.373500 0.248000 -0.080000
v 2.504500 0.248000 0.080000
v 2.512265 0.240235 0.078978
v 2.519500 0.233000 0.075981
v 2.525713 0.226787 0.071213
v 2.530481 0.222019 0.065000
v 2.533478 0.219022 0.057764
v 2.534500 0.218000 0.050000
v 2.534500 0.218000 -0.050000
v 2.533478 0.219022 -0.057765
v 2.530481 0.222019 -0.065000
v 2.525713 0.226787 -0.071213
v 2.519500 0.233000 -0.075981
v 2.512265 0.240235 -0.078978
v 2.504500 0.248000 -0.080000
v 2.504500 0.336000 0.080000
v 2.512265 0.343765 0.078978
v 2.519500 0.351000 0.075981
v 2.525713 0.357213 0.071213
v 2.530481 0.361981 0.065000
v 2.533478 0.364978 0.057764
v 2.534500 0.366000 0.050000
v 2.534500 0.366000 -0.050000
v 2.533478 0.364978 -0.057765
v 2.530481 0.361981 -0.065000
v 2.525713 0.357213 -0.071213
v 2.519500 0.351000 -0.075981
v 2.512265 0.343765 -0.078978
v 2.504500 0.336000 -0.080000
v 2.275500 0.336000 0.080000
v 2.267735 0.343765 0.078978
v 2.260500 0.351000 0.075981
v 2.254287 0.357213 0.071213
v 2.249519 0.361981 0.065000
v 2.246522 0.364978 0.057764
v 2.245500 0.366000 0.050000
v 2.245500 0.366000 -0.050000
v 2.246522 0.364978 -0.057765
v 2.249519 0.361981 -0.065000
v 2.254287 0.357213 -0.071213
v 2.260500 0.351000 -0.075981
v 2.267735 0.343765 -0.078978
v 2.275500 0.336000 -0.080000
v 2.275500 0.047000 0.080000
v 2.267735 0.041858 0.078978
v 2.260500 0.037067 0.075981
v 2.254287 0.032953 0.071213
v 2.249519 0.029796 0.065000
v 2.246522 0.027811 0.057764
v 2.245500 0.027134 0.050000
v 2.245500 0.027134 -0.050000
v 2.246522 0.027811 -0.057765
v 2.249519 0.029796 -0.065000
v 2.254287 0.032953 -0.071213
v 2.260500 0.037067 -0.075981
v 2.267735 0.041858 -0.078978
v 2.275500 0.047000 -0.080000
v 1.591500 -0.000000 0.080000
v 1.596508 -0.007765 0.078978
v 1.601175 -0.015000 0.075981
v 1.605182 -0.021213 0.071213
v 1.608257 -0.025981 0.065000
v 1.610190 -0.028978 0.057764
v 1.610849 -0.030000 0.050000
v 1.610849 -0.030000 -0.050000
v 1.610190 -0.028978 -0.057765
v 1.608257 -0.025981 -0.065000
v 1.605182 -0.021213 -0.071213
v 1.601175 -0.015000 -0.075981
v 1.596508 -0.007765 -0.078978
v 1.591500 0.000000 -0.080000
v 1.682500 0.201000 0.080000
v 1.687508 0.193235 0.078978
v 1.692175 0.186000 0.075981
v 1.696182 0.179787 0.071213
v 1.699257 0.175019 0.065000
v 1.701190 0.172022 0.057764
v 1.701849 0.171000 0.050000
v 1.701849 0.171000 -0.050000
v 1.701190 0.172022 -0.057765
v 1.699257 0.175019 -0.065000
v 1.696182 0.179787 -0.071213
v 1.692175 0.186000 -0.075981
v 1.687508 0.193235 -0.078978
v 1.682500 0.201000 -0.080000
v 1.972500 0.201000 0.080000
v 1.967377 0.193235 0.078978
v 1.962603 0.186000 0.075981
v 1.958503 0.179787 0.071213
v 1.955357 0.175019 0.065000
v 1.953380 0.172022 0.057764
v 1.952705 0.171000 0.050000
v 1.952705 0.171000 -0.050000
v 1.953380 0.172022 -0.057765
v 1.955357 0.175019 -0.065000
v 1.958503 0.179787 -0.071213
v 1.962603 0.186000 -0.075981
v 1.967377 0.193235 -0.078978
v 1.972500 0.201000 -0.080000
v 2.058500 -0.000000 0.080000
v 2.053377 -0.007765 0.078978
v 2.048603 -0.015000 0.075981
v 2.044503 -0.021213 0.071213
v 2.041358 -0.025981 0.065000
v 2.039380 -0.028978 0.057764
v 2.038706 -0.030000 0.050000
v 2.038706 -0.030000 -0.050000
v 2.039380 -0.028978 -0.057765
v 2.041358 -0.025981 -0.065000
v 2.044503 -0.021213 -0.071213
v 2.048603 -0.015000 -0.075981
v 2.053377 -0.007765 -0.078978
v 2.058500 0.000000 -0.080000
v 2.158500 -0.000000 0.080000
v 2.170260 -0.007765 0.078978
v 2.181218 -0.015000 0.075981
v 2.190628 -0.021213 0.071213
v 2.197848 -0.025981 0.065000
v 2.202387 -0.028978 0.057764
v 2.203935 -0.030000 0.050000
v 2.203935 -0.030000 -0.050000
v 2.202387 -0.028978 -0.057765
v 2.197848 -0.025981 -0.065000
v 2.190628 -0.021213 -0.071213
v 2.181218 -0.015000 -0.075981
v 2.170260 -0.007765 -0.078978
v 2.158500 0.000000 -0.080000
v 1.865500 0.686000 0.080000
v 1.870627 0.693765 0.078978
v 1.875404 0.701000 0.075981
v 1.879507 0.707213 0.071213
v 1.882655 0.711981 0.065000
v 1.884634 0.714978 0.057764
v 1.885309 0.716000 0.050000
v 1.885309 0.716000 -0.050000
v 1.884634 0.714978 -0.057765
v 1.882655 0.711981 -0.065000
v 1.879507 0.707213 -0.071213
v 1.875404 0.701000 -0.075981
v 1.870627 0.693765 -0.078978
v 1.865500 0.686000 -0.080000
v 1.796500 0.686000 0.080000
v 1.791455 0.693765 0.078978
v 1.786754 0.701000 0.075981
v 1.782716 0.707213 0.071213
v 1.779619 0.711981 0.065000
v 1.777671 0.714978 0.057764
v 1.777007 0.716000 0.050000
v 1.777007 0.716000 -0.050000
v 1.777671 0.714978 -0.057765
v 1.779619 0.711981 -0.065000
v 1.782716 0.707213 -0.071213
v 1.786754 0.701000 -0.075981
v 1.791455 0.693765 -0.078978
v 1.796500 0.686000 -0.080000
v 1.491500 -0.000000 0.080000
v 1.479551 -0.007765 0.078978
v 1.468415 -0.015000 0.075981
v 1.458853 -0.021213 0.071213
v 1.451516 -0.025981 0.065000
v 1.446904 -0.028978 0.057764
v 1.445331 -0.030000 0.050000
v 1.445331 -0.030000 -0.050000
v 1.446904 -0.028978 -0.057765
v 1.451516 -0.025981 -0.065000
v 1.458853 -0.021213 -0.071213
v 1.468415 -0.015000 -0.075981
v 1.479551 -0.007765 -0.078978
v 1.491500 0.000000 -0.080000
v 1.722500 0.289000 0.080000
v 1.734458 0.296765 0.078978
v 1.745601 0.304000 0.075981
v 1.755169 0.310213 0.071213
v 1.762511 0.314981 0.065000
v 1.767127 0.317978 0.057764
v 1.768701 0.319000 0.050000
v 1.768701 0.319000 -0.050000
v 1.767127 0.317978 -0.057765
v 1.762511 0.314981 -0.065000
v 1.755169 0.310213 -0.071213
v 1.745601 0.304000 -0.075981
v 1.734458 0.296765 -0.078978
v 1.722500 0.289000 -0.080000
v 1.832500 0.536000 0.080000
v 1.832231 0.516310 0.078978
v 1.831980 0.497961 0.075981
v 1.831764 0.482205 0.071213
v 1.831599 0.470114 0.065000
v 1.831495 0.462514 0.057764
v 1.831460 0.459922 0.050000
v 1.831460 0.459922 -0.050000
v 1.831495 0.462514 -0.057765
v 1.831599 0.470114 -0.065000
v 1.831764 0.482205 -0.071213
v 1.831980 0.497961 -0.075981
v 1.832231 0.516310 -0.078978
v 1.832500 0.536000 -0.080000
v 1.934500 0.289000 0.080000
v 1.922893 0.296765 0.078978
v 1.912077 0.304000 0.075981
v 1.902789 0.310213 0.071213
v 1.895662 0.314981 0.065000
v 1.891182 0.317978 0.057764
v 1.889654 0.319000 0.050000
v 1.889654 0.319000 -0.050000
v 1.891182 0.317978 -0.057765
v 1.895662 0.314981 -0.065000
v 1.902789 0.310213 -0.071213
v 1.912077 0.304000 -0.075981
v 1.922893 0.296765 -0.078978
v 1.934500 0.289000 -0.080000
v 0.830500 -0.000000 0.080000
v 0.838265 -0.007765 0.078978
v 0.845500 -0.015000 0.075981
v 0.851713 -0.021213 0.071213
v 0.856481 -0.025981 0.065000
v 0.859478 -0.028978 0.057764
v 0.860500 -0.030000 0.050000
v 0.860500 -0.030000 -0.050000
v 0.859478 -0.028978 -0.057765
v 0.856481 -0.025981 -0.065000
v 0.851713 -0.021213 -0.071213
v 0.845500 -0.015000 -0.075981
v 0.838265 -0.007765 -0.078978
v 0.830500 0.000000 -0.080000
v 0.830500 0.531000 0.080000
v 0.838265 0.523235 0.078978
v 0.845500 0.516000 0.075981
v 0.851713 0.509787 0.071213
v 0.856481 0.505019 0.065000
v 0.859478 0.502022 0.057765
v 0.860500 0.501000 0.050000
v 0.860500 0.501000 -0.050000
v 0.859478 0.502022 -0.057765
v 0.856481 0.505019 -0.065000
v 0.851713 0.509787 -0.071213
v 0.845500 0.516000 -0.075981
v 0.838265 0.523235 -0.078978
v 0.830500 0.531000 -0.080000
v 0.832500 0.531000 0.080000
v 0.828755 0.523235 0.078978
v 0.825265 0.516000 0.075981
v 0.822268 0.509787 0.071213
v 0.819969 0.505019 0.065000
v 0.818523 0.502022 0.057765
v 0.818030 0.501000 0.050000
v 0.818030 0.501000 -0.050000
v 0.818523 0.502022 -0.057765
v 0.819969 0.505019 -0.065000
v 0.822268 0.509787 -0.071213
v 0.825265 0.516000 -0.075981
v 0.828755 0.523235 -0.078978
v 0.832500 0.531000 -0.080000
v 1.042500 0.267000 0.080000
v 1.038755 0.259235 0.078978
v 1.035265 0.252000 0.075981
v 1.032268 0.245787 0.071213
v 1.029969 0.241019 0.065000
v 1.028523 0.238022 0.057764
v 1.028030 0.237000 0.050000
v 1.028030 0.237000 -0.050000
v 1.028523 0.238022 -0.057765
v 1.029969 0.241019 -0.065000
v 1.032268 0.245787 -0.071213
v 1.035265 0.252000 -0.075981
v 1.038755 0.259235 -0.078978
v 1.042500 0.267000 -0.080000
v 1.058500 0.267000 0.080000
v 1.062245 0.259235 0.078978
v 1.065735 0.252000 0.075981
v 1.068732 0.245787 0.071213
v 1.071031 0.241019 0.065000
v 1.072477 0.238022 0.057764
v 1.072970 0.237000 0.050000
v 1.072970 0.237000 -0.050000
v 1.072477 0.238022 -0.057765
v 1.071031 0.241019 -0.065000
v 1.068732 0.245787 -0.071213
v 1.065735 0.252000 -0.075981
v 1.062245 0.259235 -0.078978
v 1.058500 0.267000 -0.080000
v 1.268500 0.531000 0.080000
v 1.272245 0.523235 0.078978
v 1.275735 0.516000 0.075981
v 1.278732 0.509787 0.071213
v 1.281031 0.505019 0.065000
v 1.282477 0.502022 0.057764
v 1.282970 0.501000 0.050000
v 1.282970 0.501000 -0.050000
v 1.282477 0.502022 -0.057765
v 1.281031 0.505019 -0.065000
v 1.278732 0.509787 -0.071213
v 1.275735 0.516000 -0.075981
v 1.272245 0.523235 -0.078978
v 1.268500 0.531000 -0.080000
v 1.270500 0.531000 0.080000
v 1.262735 0.523235 0.078978
v 1.255500 0.516000 0.075981
v 1.249287 0.509787 0.071213
v 1.244519 0.505019 0.065000
v 1.241522 0.502022 0.057764
v 1.240500 0.501000 0.050000
v 1.240500 0.501000 -0.050000
v 1.241522 0.502022 -0.057765
v 1.244519 0.505019 -0.065000
v 1.249287 0.509787 -0.071213
v 1.255500 0.516000 -0.075981
v 1.262735 0.523235 -0.078978
v 1.270500 0.531000 -0.080000
v 1.270500 -0.000000 0.080000
v 1.262735 -0.007765 0.078978
v 1.255500 -0.015000 0.075981
v 1.249287 -0.021213 0.071213
v 1.244519 -0.025981 0.065000
v 1.241522 -0.028978 0.057764
v 1.240500 -0.030000 0.050000
v 1.240500 -0.030000 -0.050000
v 1.241522 -0.028978 -0.057765
v 1.244519 -0.025981 -0.065000
v 1.249287 -0.021213 -0.071213
v 1.255500 -0.015000 -0.075981
v 1.262735 -0.007765 -0.078978
v 1.270500 0.000000 -0.080000
v 1.368500 -0.000000 0.080000
v 1.376265 -0.007765 0.078978
v 1.383500 -0.015000 0.075981
v 1.389713 -0.021213 0.071213
v 1.394481 -0.025981 0.065000
v 1.397478 -0.028978 0.057764
v 1.398500 -0.030000 0.050000
v 1.398500 -0.030000 -0.050000
v 1.397478 -0.028978 -0.057765
v 1.394481 -0.025981 -0.065000
v 1.389713 -0.021213 -0.071213
v 1.383500 -0.015000 -0.075981
v 1.376265 -0.007765 -0.078978
v 1.368500 0.000000 -0.080000
v 1.368500 0.682000 0.080000
v 1.376265 0.689765 0.078978
v 1.383500 0.697000 0.075981
v 1.389713 0.703213 0.071213
v 1.394481 0.707981 0.065000
v 1.397478 0.710978 0.057765
v 1.398500 0.712000 0.050000
v 1.398500 0.712000 -0.050000
v 1.397478 0.710978 -0.057765
v 1.394481 0.707981 -0.065000
v 1.389713 0.703213 -0.071213
v 1.383500 0.697000 -0.075981
v 1.376265 0.689765 -0.078978
v 1.368500 0.682000 -0.080000
v 1.276500 0.682000 0.080000
v 1.272789 0.689765 0.078978
v 1.269331 0.697000 0.075981
v 1.266361 0.703213 0.071213
v 1.264082 0.707981 0.065000
v 1.262650 0.710978 0.057765
v 1.262161 0.712000 0.050000
v 1.262161 0.712000 -0.050000
v 1.262650 0.710978 -0.057765
v 1.264082 0.707981 -0.065000
v 1.266361 0.703213 -0.071213
v 1.269331 0.697000 -0.075981
v 1.272789 0.689765 -0.078978
v 1.276500 0.682000 -0.080000
v 1.050500 0.402000 0.080000
v 1.050487 0.414346 0.078978
v 1.050474 0.425850 0.075981
v 1.050464 0.435730 0.071213
v 1.050455 0.443310 0.065000
v 1.050450 0.448076 0.057765
v 1.050449 0.449701 0.050000
v 1.050449 0.449701 -0.050000
v 1.050450 0.448076 -0.057765
v 1.050455 0.443310 -0.065000
v 1.050464 0.435730 -0.071213
v 1.050474 0.425850 -0.075981
v 1.050487 0.414346 -0.078978
v 1.050500 0.402000 -0.080000
v 0.823500 0.682000 0.080000
v 0.827201 0.689765 0.078978
v 0.830649 0.697000 0.075981
v 0.833611 0.703213 0.071213
v 0.835883 0.707981 0.065000
v 0.837312 0.710978 0.057765
v 0.837799 0.712000 0.050000
v 0.837799 0.712000 -0.050000
v 0.837312 0.710978 -0.057765
v 0.835883 0.707981 -0.065000
v 0.833611 0.703213 -0.071213
v 0.830649 0.697000 -0.075981
v 0.827201 0.689765 -0.078978
v 0.823500 0.682000 -0.080000
v 0.732500 0.682000 0.080000
v 0.724735 0.689765 0.078978
v 0.717500 0.697000 0.075981
v 0.711287 0.703213 0.071213
v 0.706519 0.707981 0.065000
v 0.703522 0.710978 0.057765
v 0.702500 0.712000 0.050000
v 0.702500 0.712000 -0.050000
v 0.703522 0.710978 -0.057765
v 0.706519 0.707981 -0.065000
v 0.711287 0.703213 -0.071213
v 0.717500 0.697000 -0.075981
v 0.724735 0.689765 -0.078978
v 0.732500 0.682000 -0.080000
v 0.732500 -0.000000 0.080000
v 0.724735 -0.007765 0.078978
v 0.717500 -0.015000 0.075981
v 0.711287 -0.021213 0.071213
v 0.706519 -0.025981 0.065000
v 0.703522 -0.028978 0.057765
v 0.702500 -0.030000 0.050000
v 0.702500 -0.030000 -0.050000
v 0.703522 -0.028978 -0.057765
v 0.706519 -0.025981 -0.065000
v 0.711287 -0.021213 -0.071213
v 0.717500 -0.015000 -0.075981
v 0.724735 -0.007765 -0.078978
v 0.732500 0.000000 -0.080000
v 0.437500 0.594000 0.080000
v 0.429736 0.586235 0.078978
v 0.422500 0.579000 0.075981
v 0.416287 0.572787 0.071213
v 0.411519 0.568019 0.065000
v 0.408522 0.565022 0.057765
v 0.407500 0.564000 0.050000
v 0.407500 0.564000 -0.050000
v 0.408522 0.565022 -0.057765
v 0.411519 0.568019 -0.065000
v 0.416287 0.572787 -0.071213
v 0.422500 0.579000 -0.075981
v 0.429736 0.586235 -0.078978
v 0.437500 0.594000 -0.080000
v 0.437500 0.388000 0.080000
v 0.429736 0.395765 0.078978
v 0.422500 0.403000 0.075981
v 0.416287 0.409213 0.071213
v 0.411519 0.413981 0.065000
v 0.408522 0.416978 0.057765
v 0.407500 0.418000 0.050000
v 0.407500 0.418000 -0.050000
v 0.408522 0.416978 -0.057765
v 0.411519 0.413981 -0.065000
v 0.416287 0.409213 -0.071213
v 0.422500 0.403000 -0.075981
v 0.429736 0.395765 -0.078978
v 0.437500 0.388000 -0.080000
v 0.158500 0.388000 0.080000
v 0.150735 0.395765 0.078978
v 0.143500 0.403000 0.075981
v 0.137287 0.409213 0.071213
v 0.132519 0.413981 0.065000
v 0.129522 0.416978 0.057765
v 0.128500 0.418000 0.050000
v 0.128500 0.418000 -0.050000
v 0.129522 0.416978 -0.057765
v 0.132519 0.413981 -0.065000
v 0.137287 0.409213 -0.071213
v 0.143500 0.403000 -0.075981
v 0.150735 0.395765 -0.078978
v 0.158500 0.388000 -0.080000
v 0.158500 0.300000 0.080000
v 0.150735 0.292235 0.078978
v 0.143500 0.285000 0.075981
v 0.137287 0.278787 0.071213
v 0.132519 0.274019 0.065000
v 0.129522 0.271022 0.057765
v 0.128500 0.270000 0.050000
v 0.128500 0.270000 -0.050000
v 0.129522 0.271022 -0.057765
v 0.132519 0.274019 -0.065000
v 0.137287 0.278787 -0.071213
v 0.143500 0.285000 -0.075981
v 0.150735 0.292235 -0.078978
v 0.158500 0.300000 -0.080000
v 0.437500 0.300000 0.080000
v 0.429736 0.292235 0.078978
v 0.422500 0.285000 0.075981
v 0.416287 0.278787 0.071213
v 0.411519 0.274019 0.065000
v 0.408522 0.271022 0.057765
v 0.407500 0.270000 0.050000
v 0.407500 0.270000 -0.050000
v 0.408522 0.271022 -0.057765
v 0.411519 0.274019 -0.065000
v 0.416287 0.278787 -0.071213
v 0.422500 0.285000 -0.075981
v 0.429736 0.292235 -0.078978
v 0.437500 0.300000 -0.080000
v 0.437500 0.088000 0.080000
v 0.429736 0.095765 0.078978
v 0.422500 0.103000 0.075981
v 0.416287 0.109213 0.071213
v 0.411519 0.113981 0.065000
v 0.408522 0.116978 0.057765
v 0.407500 0.118000 0.050000
v 0.407500 0.118000 -0.050000
v 0.408522 0.116978 -0.057765
v 0.411519 0.113981 -0.065000
v 0.416287 0.109213 -0.071213
v 0.422500 0.103000 -0.075981
v 0.429736 0.095765 -0.078978
v 0.437500 0.088000 -0.080000
v 0.139500 0.088000 0.080000
v 0.131736 0.095765 0.078978
v 0.124500 0.103000 0.075981
v 0.118287 0.109213 0.071213
v 0.113519 0.113981 0.065000
v 0.110522 0.116978 0.057765
v 0.109500 0.118000 0.050000
v 0.109500 0.118000 -0.050000
v 0.110522 0.116978 -0.057765
v 0.113519 0.113981 -0.065000
v 0.118287 0.109213 -0.071213
v 0.124500 0.103000 -0.075981
v 0.131736 0.095765 -0.078978
v 0.139500 0.088000 -0.080000
v 0.139500 -0.000000 0.080000
v 0.131736 -0.007765 0.078978
v 0.124500 -0.015000 0.075981
v 0.118287 -0.021213 0.071213
v 0.113519 -0.025981 0.065000
v 0.110522 -0.028978 0.057765
v 0.109500 -0.030000 0.050000
v 0.109500 -0.030000 -0.050000
v 0.110522 -0.028978 -0.057765
v 0.113519 -0.025981 -0.065000
v 0.118287 -0.021213 -0.071213
v 0.124500 -0.015000 -0.075981
v 0.131736 -0.007765 -0.078978
v 0.139500 0.000000 -0.080000
v 0.535500 -0.000000 0.080000
v 0.543265 -0.007765 0.078978
v 0.550500 -0.015000 0.075981
v 0.556713 -0.021213 0.071213
v 0.561481 -0.025981 0.065000
v 0.564478 -0.028978 0.057765
v 0.565500 -0.030000 0.050000
v 0.565500 -0.030000 -0.050000
v 0.564478 -0.028978 -0.057765
v 0.561481 -0.025981 -0.065000
v 0.556713 -0.021213 -0.071213
v 0.550500 -0.015000 -0.075981
v 0.543265 -0.007765 -0.078978
v 0.535500 0.000000 -0.080000
v 0.535500 0.682000 0.080000
v 0.543265 0.689765 0.078978
v 0.550500 0.697000 0.075981
v 0.556713 0.703213 0.071213
v 0.561481 0.707981 0.065000
v 0.564478 0.710978 0.057765
v 0.565500 0.712000 0.050000
v 0.565500 0.712000 -0.050000
v 0.564478 0.710978 -0.057765
v 0.561481 0.707981 -0.065000
v 0.556713 0.703213 -0.071213
v 0.550500 0.697000 -0.075981
v 0.543265 0.689765 -0.078978
v 0.535500 0.682000 -0.080000
v 0.148500 0.682000 0.080000
v 0.140736 0.689765 0.078978
v 0.133500 0.697000 0.075981
v 0.127287 0.703213 0.071213
v 0.122519 0.707981 0.065000
v 0.119522 0.710978 0.057765
v 0.118500 0.712000 0.050000
v 0.118500 0.712000 -0.050000
v 0.119522 0.710978 -0.057765
v 0.122519 0.707981 -0.065000
v 0.127287 0.703213 -0.071213
v 0.133500 0.697000 -0.075981
v 0.140736 0.689765 -0.078978
v 0.148500 0.682000 -0.080000
v 0.148500 0.594000 0.080000
v 0.140736 0.586235 0.078978
v 0.133500 0.579000 0.075981
v 0.127287 0.572787 0.071213
v 0.122519 0.568019 0.065000
v 0.119522 0.565022 0.057765
v 0.118500 0.564000 0.050000
v 0.118500 0.564000 -0.050000
v 0.119522 0.565022 -0.057765
v 0.122519 0.568019 -0.065000
v 0.127287 0.572787 -0.071213
v 0.133500 0.579000 -0.075981
v 0.140736 0.586235 -0.078978
v 0.148500 0.594000 -0.080000
v -0.732987 0.687742 0.080000
v -0.733933 0.695464 0.078978
v -0.734816 0.702659 0.075981
v -0.735573 0.708838 0.071213
v -0.736155 0.713580 0.065000
v -0.736520 0.716560 0.057765
v -0.736645 0.717577 0.050000
v -0.736645 0.717577 -0.050000
v -0.736520 0.716560 -0.057764
v -0.736155 0.713580 -0.065000
v -0.735573 0.708838 -0.071213
v -0.734816 0.702659 -0.075981
v -0.733933 0.695464 -0.078978
v -0.732987 0.687742 -0.080000
v -0.783810 0.678269 0.080000
v -0.785728 0.685809 0.078978
v -0.787515 0.692836 0.075981
v -0.789049 0.698871 0.071213
v -0.790227 0.703501 0.065000
v -0.790967 0.706411 0.057765
v -0.791220 0.707404 0.050000
v -0.791220 0.707404 -0.050000
v -0.790967 0.706411 -0.057764
v -0.790227 0.703501 -0.065000
v -0.789049 0.698871 -0.071213
v -0.787515 0.692836 -0.075981
v -0.785728 0.685809 -0.078978
v -0.783810 0.678269 -0.080000
v -0.830765 0.663031 0.080000
v -0.833654 0.670257 0.078978
v -0.836346 0.676990 0.075981
v -0.838658 0.682772 0.071213
v -0.840432 0.687209 0.065000
v -0.841547 0.689998 0.057765
v -0.841927 0.690949 0.050000
v -0.841927 0.690949 -0.050000
v -0.841547 0.689998 -0.057764
v -0.840432 0.687209 -0.065000
v -0.838658 0.682772 -0.071213
v -0.836346 0.676990 -0.075981
v -0.833654 0.670257 -0.078978
v -0.830765 0.663031 -0.080000
v -0.873648 0.642482 0.080000
v -0.877478 0.649256 0.078978
v -0.881047 0.655569 0.075981
v -0.884111 0.660991 0.071213
v -0.886463 0.665150 0.065000
v -0.887941 0.667765 0.057765
v -0.888445 0.668657 0.050000
v -0.888445 0.668657 -0.050000
v -0.887941 0.667765 -0.057764
v -0.886463 0.665150 -0.065000
v -0.884111 0.660991 -0.071213
v -0.881047 0.655569 -0.075981
v -0.877478 0.649256 -0.078978
v -0.873648 0.642482 -0.080000
v -0.912253 0.617071 0.080000
v -0.916964 0.623265 0.078978
v -0.921354 0.629038 0.075981
v -0.925124 0.633995 0.071213
v -0.928016 0.637799 0.065000
v -0.929835 0.640190 0.057765
v -0.930455 0.641005 0.050000
v -0.930455 0.641005 -0.050000
v -0.929835 0.640190 -0.057764
v -0.928016 0.637799 -0.065000
v -0.925124 0.633995 -0.071213
v -0.921354 0.629038 -0.075981
v -0.916964 0.623265 -0.078978
v -0.912253 0.617071 -0.080000
v -0.946375 0.587250 0.080000
v -0.951882 0.592749 0.078978
v -0.957014 0.597873 0.075981
v -0.961420 0.602274 0.071213
v -0.964802 0.605650 0.065000
v -0.966927 0.607773 0.057765
v -0.967652 0.608497 0.050000
v -0.967652 0.608497 -0.050000
v -0.966927 0.607773 -0.057764
v -0.964802 0.605650 -0.065000
v -0.961420 0.602274 -0.071213
v -0.957014 0.597873 -0.075981
v -0.951882 0.592749 -0.078978
v -0.946375 0.587250 -0.080000
v -0.975810 0.553471 0.080000
v -0.982007 0.558177 0.078978
v -0.987783 0.562563 0.075981
v -0.992742 0.566329 0.071213
v -0.996548 0.569219 0.065000
v -0.998940 0.571035 0.057765
v -0.999756 0.571655 0.050000
v -0.999756 0.571655 -0.050000
v -0.998940 0.571035 -0.057764
v -0.996548 0.569219 -0.065000
v -0.992742 0.566329 -0.071213
v -0.987783 0.562563 -0.075981
v -0.982007 0.558177 -0.078978
v -0.975810 0.553471 -0.080000
v -1.000352 0.516185 0.080000
v -1.007122 0.520022 0.078978
v -1.013430 0.523598 0.075981
v -1.018848 0.526668 0.071213
v -1.023005 0.529024 0.065000
v -1.025618 0.530506 0.057765
v -1.026509 0.531011 0.050000
v -1.026509 0.531011 -0.050000
v -1.025618 0.530506 -0.057764
v -1.023005 0.529024 -0.065000
v -1.018848 0.526668 -0.071213
v -1.013430 0.523598 -0.075981
v -1.007122 0.520022 -0.078978
v -1.000352 0.516185 -0.080000
v -1.019797 0.475844 0.080000
v -1.027012 0.478756 0.078978
v -1.033736 0.481470 0.075981
v -1.039510 0.483801 0.071213
v -1.043941 0.485589 0.065000
v -1.046726 0.486714 0.057765
v -1.047676 0.487097 0.050000
v -1.047676 0.487097 -0.050000
v -1.046726 0.486714 -0.057764
v -1.043941 0.485589 -0.065000
v -1.039510 0.483801 -0.071213
v -1.033736 0.481470 -0.075981
v -1.027012 0.478756 -0.078978
v -1.019797 0.475844 -0.080000
v -1.033940 0.432898 0.080000
v -1.041472 0.434851 0.078978
v -1.048490 0.436670 0.075981
v -1.054517 0.438233 0.071213
v -1.059142 0.439432 0.065000
v -1.062049 0.440186 0.057765
v -1.063040 0.440443 0.050000
v -1.063040 0.440443 -0.050000
v -1.062049 0.440186 -0.057764
v -1.059142 0.439432 -0.065000
v -1.054517 0.438233 -0.071213
v -1.048490 0.436670 -0.075981
v -1.041472 0.434851 -0.078978
v -1.033940 0.432898 -0.080000
v -1.042576 0.387800 0.080000
v -1.050295 0.388776 0.078978
v -1.057487 0.389686 0.075981
v -1.063664 0.390467 0.071213
v -1.068403 0.391066 0.065000
v -1.071383 0.391443 0.057765
v -1.072399 0.391571 0.050000
v -1.072399 0.391571 -0.050000
v -1.071383 0.391443 -0.057764
v -1.068403 0.391066 -0.065000
v -1.063664 0.390467 -0.071213
v -1.057487 0.389686 -0.075981
v -1.050295 0.388776 -0.078978
v -1.042576 0.387800 -0.080000
v -1.045500 0.341000 0.080000
v -1.053280 0.341000 0.078978
v -1.060529 0.340999 0.075981
v -1.066755 0.340999 0.071213
v -1.071532 0.340999 0.065000
v -1.074534 0.340999 0.057765
v -1.075559 0.340999 0.050000
v -1.075559 0.340999 -0.050000
v -1.074534 0.340999 -0.057764
v -1.071532 0.340999 -0.065000
v -1.066755 0.340999 -0.071213
v -1.060529 0.340999 -0.075981
v -1.053280 0.341000 -0.078978
v -1.045500 0.341000 -0.080000
v -1.042651 0.295461 0.080000
v -1.050370 0.294487 0.078978
v -1.057563 0.293580 0.075981
v -1.063739 0.292801 0.071213
v -1.068479 0.292203 0.065000
v -1.071458 0.291828 0.057765
v -1.072474 0.291700 0.050000
v -1.072474 0.291700 -0.050000
v -1.071458 0.291828 -0.057764
v -1.068479 0.292203 -0.065000
v -1.063739 0.292801 -0.071213
v -1.057563 0.293580 -0.075981
v -1.050370 0.294487 -0.078978
v -1.042651 0.295461 -0.080000
v -1.034208 0.251185 0.080000
v -1.041743 0.249245 0.078978
v -1.048764 0.247437 0.075981
v -1.054793 0.245884 0.071213
v -1.059419 0.244693 0.065000
v -1.062327 0.243944 0.057765
v -1.063319 0.243688 0.050000
v -1.063319 0.243688 -0.050000
v -1.062327 0.243944 -0.057764
v -1.059419 0.244693 -0.065000
v -1.054793 0.245884 -0.071213
v -1.048764 0.247437 -0.075981
v -1.041743 0.249245 -0.078978
v -1.034208 0.251185 -0.080000
v -1.020328 0.208688 0.080000
v -1.027553 0.205800 0.078978
v -1.034286 0.203109 0.075981
v -1.040068 0.200798 0.071213
v -1.044504 0.199025 0.065000
v -1.047293 0.197911 0.057765
v -1.048244 0.197531 0.050000
v -1.048244 0.197531 -0.050000
v -1.047293 0.197911 -0.057764
v -1.044504 0.199025 -0.065000
v -1.040068 0.200798 -0.071213
v -1.034286 0.203109 -0.075981
v -1.027553 0.205800 -0.078978
v -1.020328 0.208688 -0.080000
v -1.001167 0.168481 0.080000
v -1.007957 0.164681 0.078978
v -1.014284 0.161139 0.075981
v -1.019717 0.158097 0.071213
v -1.023886 0.155763 0.065000
v -1.026507 0.154296 0.057765
v -1.027401 0.153796 0.050000
v -1.027401 0.153796 -0.050000
v -1.026507 0.154296 -0.057764
v -1.023886 0.155763 -0.065000
v -1.019717 0.158097 -0.071213
v -1.014284 0.161139 -0.075981
v -1.007957 0.164681 -0.078978
v -1.001167 0.168481 -0.080000
v -0.976880 0.131081 0.080000
v -0.983110 0.126417 0.078978
v -0.988915 0.122071 0.075981
v -0.993900 0.118339 0.071213
v -0.997725 0.115476 0.065000
v -1.000129 0.113676 0.057765
v -1.000949 0.113062 0.050000
v -1.000949 0.113062 -0.050000
v -1.000129 0.113676 -0.057764
v -0.997725 0.115476 -0.065000
v -0.993900 0.118339 -0.071213
v -0.988915 0.122071 -0.075981
v -0.983110 0.126417 -0.078978
v -0.976880 0.131081 -0.080000
v -0.947625 0.097000 0.080000
v -0.953174 0.091543 0.078978
v -0.958344 0.086458 0.075981
v -0.962785 0.082092 0.071213
v -0.966192 0.078741 0.065000
v -0.968333 0.076635 0.057765
v -0.969064 0.075917 0.050000
v -0.969064 0.075917 -0.050000
v -0.968333 0.076635 -0.057764
v -0.966192 0.078741 -0.065000
v -0.962785 0.082092 -0.071213
v -0.958344 0.086458 -0.075981
v -0.953174 0.091543 -0.078978
v -0.947625 0.097000 -0.080000
v -0.913557 0.066752 0.080000
v -0.918315 0.060594 0.078978
v -0.922749 0.054854 0.075981
v -0.926557 0.049926 0.071213
v -0.929478 0.046145 0.065000
v -0.931315 0.043767 0.057765
v -0.931941 0.042957 0.050000
v -0.931941 0.042957 -0.050000
v -0.931315 0.043767 -0.057764
v -0.929478 0.046145 -0.065000
v -0.926557 0.049926 -0.071213
v -0.922749 0.054854 -0.075981
v -0.918315 0.060594 -0.078978
v -0.913557 0.066752 -0.080000
v -0.874833 0.040852 0.080000
v -0.878709 0.034103 0.078978
v -0.882320 0.027814 0.075981
v -0.885421 0.022413 0.071213
v -0.887801 0.018269 0.065000
v -0.889297 0.015664 0.057765
v -0.889807 0.014775 0.050000
v -0.889807 0.014775 -0.050000
v -0.889297 0.015664 -0.057764
v -0.887801 0.018269 -0.065000
v -0.885421 0.022413 -0.071213
v -0.882320 0.027814 -0.075981
v -0.878709 0.034103 -0.078978
v -0.874833 0.040852 -0.080000
v -0.831609 0.019812 0.080000
v -0.834536 0.012602 0.078978
v -0.837263 0.005882 0.075981
v -0.839605 0.000112 0.071213
v -0.841402 -0.004316 0.065000
v -0.842532 -0.007099 0.057765
v -0.842917 -0.008048 0.050000
v -0.842917 -0.008048 -0.050000
v -0.842532 -0.007099 -0.057764
v -0.841402 -0.004316 -0.065000
v -0.839605 0.000112 -0.071213
v -0.837263 0.005882 -0.075981
v -0.834536 0.012602 -0.078978
v -0.831609 0.019813 -0.080000
v -0.784042 0.004148 0.080000
v -0.785985 -0.003387 0.078978
v -0.787796 -0.010408 0.075981
v -0.789351 -0.016437 0.071213
v -0.790544 -0.021064 0.065000
v -0.791294 -0.023972 0.057765
v -0.791550 -0.024964 0.050000
v -0.791550 -0.024964 -0.050000
v -0.791294 -0.023972 -0.057765
v -0.790544 -0.021064 -0.065000
v -0.789351 -0.016437 -0.071213
v -0.787796 -0.010408 -0.075981
v -0.785985 -0.003387 -0.078978
v -0.784042 0.004148 -0.080000
v -0.732286 -0.005627 0.080000
v -0.733245 -0.013348 0.078978
v -0.734138 -0.020543 0.075981
v -0.734906 -0.026721 0.071213
v -0.735494 -0.031462 0.065000
v -0.735864 -0.034442 0.057765
v -0.735990 -0.035458 0.050000
v -0.735990 -0.035458 -0.050000
v -0.735864 -0.034442 -0.057765
v -0.735494 -0.031462 -0.065000
v -0.734906 -0.026721 -0.071213
v -0.734138 -0.020543 -0.075981
v -0.733245 -0.013348 -0.078978
v -0.732286 -0.005627 -0.080000
v -0.676500 -0.009000 0.080000
v -0.676494 -0.016779 0.078978
v -0.676488 -0.024028 0.075981
v -0.676483 -0.030253 0.071213
v -0.676479 -0.035029 0.065000
v -0.676476 -0.038032 0.057765
v -0.676475 -0.039056 0.050000
v -0.676475 -0.039056 -0.050000
v -0.676476 -0.038032 -0.057765
v -0.676479 -0.035029 -0.065000
v -0.676483 -0.030253 -0.071213
v -0.676488 -0.024028 -0.075981
v -0.676494 -0.016779 -0.078978
v -0.676500 -0.009000 -0.080000
v -0.622492 -0.005646 0.080000
v -0.621512 -0.013365 0.078978
v -0.620598 -0.020558 0.075981
v -0.619814 -0.026734 0.071213
v -0.619212 -0.031474 0.065000
v -0.618833 -0.034453 0.057765
v -0.618704 -0.035469 0.050000
v -0.618704 -0.035469 -0.050000
v -0.618833 -0.034453 -0.057765
v -0.619212 -0.031474 -0.065000
v -0.619814 -0.026734 -0.071213
v -0.620598 -0.020558 -0.075981
v -0.621512 -0.013365 -0.078978
v -0.622492 -0.005646 -0.080000
v -0.572106 0.004079 0.080000
v -0.570129 -0.003448 0.078978
v -0.568287 -0.010461 0.075981
v -0.566704 -0.016483 0.071213
v -0.565490 -0.021105 0.065000
v -0.564727 -0.024010 0.057765
v -0.564467 -0.025000 0.050000
v -0.564467 -0.025000 -0.050000
v -0.564727 -0.024010 -0.057765
v -0.565490 -0.021105 -0.065000
v -0.566704 -0.016483 -0.071213
v -0.568287 -0.010461 -0.075981
v -0.570129 -0.003448 -0.078978
v -0.572106 0.004079 -0.080000
v -0.525547 0.019672 0.080000
v -0.522584 0.012476 0.078978
v -0.519824 0.005770 0.075981
v -0.517453 0.000011 0.071213
v -0.515634 -0.004407 0.065000
v -0.514491 -0.007185 0.057765
v -0.514101 -0.008133 0.050000
v -0.514101 -0.008133 -0.050000
v -0.514491 -0.007185 -0.057765
v -0.515634 -0.004407 -0.065000
v -0.517453 0.000011 -0.071213
v -0.519824 0.005770 -0.075981
v -0.522584 0.012476 -0.078978
v -0.525547 0.019672 -0.080000
v -0.483018 0.040630 0.080000
v -0.479114 0.033897 0.078978
v -0.475476 0.027624 0.075981
v -0.472352 0.022237 0.071213
v -0.469954 0.018103 0.065000
v -0.468447 0.015505 0.057765
v -0.467933 0.014619 0.050000
v -0.467933 0.014619 -0.050000
v -0.468447 0.015505 -0.057765
v -0.469954 0.018103 -0.065000
v -0.472352 0.022237 -0.071213
v -0.475476 0.027624 -0.075981
v -0.479114 0.033898 -0.078978
v -0.483018 0.040630 -0.080000
v -0.444726 0.066448 0.080000
v -0.439951 0.060304 0.078978
v -0.435501 0.054578 0.075981
v -0.431679 0.049661 0.071213
v -0.428747 0.045888 0.065000
v -0.426904 0.043516 0.057765
v -0.426275 0.042707 0.050000
v -0.426275 0.042707 -0.050000
v -0.426904 0.043516 -0.057765
v -0.428747 0.045888 -0.065000
v -0.431679 0.049661 -0.071213
v -0.435501 0.054578 -0.075981
v -0.439951 0.060304 -0.078978
v -0.444726 0.066449 -0.080000
v -0.410875 0.096625 0.080000
v -0.405321 0.091174 0.078978
v -0.400145 0.086095 0.075981
v -0.395701 0.081734 0.071213
v -0.392290 0.078387 0.065000
v -0.390146 0.076283 0.057765
v -0.389415 0.075566 0.050000
v -0.389415 0.075566 -0.050000
v -0.390146 0.076283 -0.057765
v -0.392290 0.078387 -0.065000
v -0.395701 0.081734 -0.071213
v -0.400145 0.086095 -0.075981
v -0.405321 0.091174 -0.078978
v -0.410875 0.096625 -0.080000
v -0.381669 0.130656 0.080000
v -0.375444 0.125988 0.078978
v -0.369642 0.121638 0.075981
v -0.364660 0.117903 0.071213
v -0.360837 0.115037 0.065000
v -0.358434 0.113235 0.057765
v -0.357614 0.112620 0.050000
v -0.357614 0.112620 -0.050000
v -0.358434 0.113235 -0.057765
v -0.360837 0.115037 -0.065000
v -0.364660 0.117903 -0.071213
v -0.369642 0.121638 -0.075981
v -0.375444 0.125988 -0.078978
v -0.381669 0.130656 -0.080000
v -0.357315 0.168037 0.080000
v -0.350533 0.164222 0.078978
v -0.344213 0.160668 0.075981
v -0.338786 0.157615 0.071213
v -0.334622 0.155273 0.065000
v -0.332005 0.153801 0.057765
v -0.331112 0.153298 0.050000
v -0.331112 0.153298 -0.050000
v -0.332005 0.153801 -0.057765
v -0.334622 0.155273 -0.065000
v -0.338786 0.157615 -0.071213
v -0.344213 0.160668 -0.075981
v -0.350533 0.164222 -0.078978
v -0.357315 0.168037 -0.080000
v -0.338016 0.208266 0.080000
v -0.330798 0.205359 0.078978
v -0.324073 0.202650 0.075981
v -0.318298 0.200323 0.071213
v -0.313866 0.198538 0.065000
v -0.311081 0.197416 0.057765
v -0.310130 0.197033 0.050000
v -0.310130 0.197033 -0.050000
v -0.311081 0.197416 -0.057765
v -0.313866 0.198538 -0.065000
v -0.318298 0.200323 -0.071213
v -0.324073 0.202650 -0.075981
v -0.330798 0.205359 -0.078978
v -0.338016 0.208266 -0.080000
v -0.323977 0.250838 0.080000
v -0.316447 0.248878 0.078978
v -0.309431 0.247052 0.075981
v -0.303405 0.245484 0.071213
v -0.298782 0.244281 0.065000
v -0.295876 0.243524 0.057765
v -0.294885 0.243266 0.050000
v -0.294885 0.243266 -0.050000
v -0.295876 0.243524 -0.057765
v -0.298782 0.244281 -0.065000
v -0.303405 0.245484 -0.071213
v -0.309431 0.247052 -0.075981
v -0.316447 0.248878 -0.078978
v -0.323977 0.250838 -0.080000
v -0.315403 0.295251 0.080000
v -0.307686 0.294265 0.078978
v -0.300494 0.293346 0.075981
v -0.294318 0.292558 0.071213
v -0.289580 0.291952 0.065000
v -0.286601 0.291572 0.057765
v -0.285585 0.291442 0.050000
v -0.285585 0.291442 -0.050000
v -0.286601 0.291572 -0.057765
v -0.289580 0.291952 -0.065000
v -0.294318 0.292558 -0.071213
v -0.300494 0.293346 -0.075981
v -0.307686 0.294265 -0.078978
v -0.315403 0.295251 -0.080000
v -0.312500 0.341000 0.080000
v -0.304720 0.341002 0.078978
v -0.297470 0.341004 0.075981
v -0.291244 0.341006 0.071213
v -0.286466 0.341007 0.065000
v -0.283463 0.341008 0.057765
v -0.282439 0.341008 0.050000
v -0.282439 0.341008 -0.050000
v -0.283463 0.341008 -0.057765
v -0.286466 0.341007 -0.065000
v -0.291244 0.341006 -0.071213
v -0.297470 0.341004 -0.075981
v -0.304720 0.341002 -0.078978
v -0.312500 0.341000 -0.080000
v -0.315481 0.387590 0.080000
v -0.307764 0.388586 0.078978
v -0.300573 0.389514 0.075981
v -0.294398 0.390312 0.071213
v -0.289660 0.390924 0.065000
v -0.286682 0.391308 0.057765
v -0.285666 0.391439 0.050000
v -0.285666 0.391439 -0.050000
v -0.286682 0.391308 -0.057765
v -0.289660 0.390924 -0.065000
v -0.294398 0.390312 -0.071213
v -0.300573 0.389514 -0.075981
v -0.307764 0.388586 -0.078978
v -0.315481 0.387590 -0.080000
v -0.324264 0.432551 0.080000
v -0.316740 0.434536 0.078978
v -0.309729 0.436385 0.075981
v -0.303709 0.437973 0.071213
v -0.299089 0.439192 0.065000
v -0.296185 0.439958 0.057765
v -0.295195 0.440219 0.050000
v -0.295195 0.440219 -0.050000
v -0.296185 0.439958 -0.057765
v -0.299089 0.439192 -0.065000
v -0.303709 0.437973 -0.071213
v -0.309729 0.436385 -0.075981
v -0.316740 0.434536 -0.078978
v -0.324264 0.432551 -0.080000
v -0.338609 0.475422 0.080000
v -0.331408 0.478369 0.078978
v -0.324697 0.481114 0.075981
v -0.318934 0.483472 0.071213
v -0.314512 0.485282 0.065000
v -0.311732 0.486419 0.057765
v -0.310784 0.486807 0.050000
v -0.310784 0.486807 -0.050000
v -0.311732 0.486419 -0.057765
v -0.314512 0.485282 -0.065000
v -0.318934 0.483472 -0.071213
v -0.324697 0.481114 -0.075981
v -0.331408 0.478369 -0.078978
v -0.338609 0.475422 -0.080000
v -0.358278 0.515741 0.080000
v -0.351524 0.519606 0.078978
v -0.345231 0.523208 0.075981
v -0.339827 0.526301 0.071213
v -0.335680 0.528674 0.065000
v -0.333073 0.530166 0.057765
v -0.332184 0.530675 0.050000
v -0.332184 0.530675 -0.050000
v -0.333073 0.530166 -0.057764
v -0.335680 0.528674 -0.065000
v -0.339827 0.526301 -0.071213
v -0.345231 0.523208 -0.075981
v -0.351524 0.519606 -0.078978
v -0.358278 0.515741 -0.080000
v -0.383029 0.553046 0.080000
v -0.376845 0.557769 0.078978
v -0.371082 0.562171 0.075981
v -0.366134 0.565951 0.071213
v -0.362337 0.568851 0.065000
v -0.359950 0.570674 0.057765
v -0.359136 0.571296 0.050000
v -0.359136 0.571296 -0.050000
v -0.359950 0.570674 -0.057764
v -0.362337 0.568851 -0.065000
v -0.366134 0.565951 -0.071213
v -0.371082 0.562171 -0.075981
v -0.376845 0.557769 -0.078978
v -0.383029 0.553046 -0.080000
v -0.412625 0.586875 0.080000
v -0.407124 0.592379 0.078978
v -0.401997 0.597508 0.075981
v -0.397595 0.601912 0.071213
v -0.394217 0.605292 0.065000
v -0.392093 0.607416 0.057765
v -0.391369 0.608141 0.050000
v -0.391369 0.608141 -0.050000
v -0.392093 0.607416 -0.057764
v -0.394217 0.605292 -0.065000
v -0.397595 0.601912 -0.071213
v -0.401997 0.597508 -0.075981
v -0.407124 0.592379 -0.078978
v -0.412625 0.586875 -0.080000
v -0.446825 0.616767 0.080000
v -0.442108 0.622956 0.078978
v -0.437712 0.628724 0.075981
v -0.433938 0.633677 0.071213
v -0.431041 0.637478 0.065000
v -0.429221 0.639867 0.057765
v -0.428600 0.640682 0.050000
v -0.428600 0.640682 -0.050000
v -0.429221 0.639867 -0.057764
v -0.431041 0.637478 -0.065000
v -0.433938 0.633677 -0.071213
v -0.437712 0.628724 -0.075981
v -0.442108 0.622956 -0.078978
v -0.446825 0.616767 -0.080000
v -0.485389 0.642259 0.080000
v -0.481541 0.649024 0.078978
v -0.477956 0.655327 0.075981
v -0.474877 0.660740 0.071213
v -0.472515 0.664893 0.065000
v -0.471030 0.667504 0.057765
v -0.470524 0.668395 0.050000
v -0.470524 0.668395 -0.050000
v -0.471030 0.667504 -0.057764
v -0.472515 0.664893 -0.065000
v -0.474877 0.660740 -0.071213
v -0.477956 0.655327 -0.075981
v -0.481541 0.649024 -0.078978
v -0.485389 0.642259 -0.080000
v -0.528078 0.662891 0.080000
v -0.525164 0.670106 0.078978
v -0.522448 0.676830 0.075981
v -0.520116 0.682603 0.071213
v -0.518326 0.687034 0.065000
v -0.517201 0.689819 0.057765
v -0.516818 0.690769 0.050000
v -0.516818 0.690769 -0.050000
v -0.517201 0.689819 -0.057764
v -0.518326 0.687034 -0.065000
v -0.520116 0.682603 -0.071213
v -0.522448 0.676830 -0.075981
v -0.525164 0.670106 -0.078978
v -0.528078 0.662891 -0.080000
v -0.574653 0.678199 0.080000
v -0.572709 0.685733 0.078978
v -0.570898 0.692754 0.075981
v -0.569342 0.698783 0.071213
v -0.568149 0.703409 0.065000
v -0.567398 0.706318 0.057765
v -0.567142 0.707310 0.050000
v -0.567142 0.707310 -0.050000
v -0.567398 0.706318 -0.057764
v -0.568149 0.703409 -0.065000
v -0.569342 0.698783 -0.071213
v -0.570898 0.692754 -0.075981
v -0.572709 0.685733 -0.078978
v -0.574653 0.678199 -0.080000
v -0.624873 0.687723 0.080000
v -0.623909 0.695443 0.078978
v -0.623011 0.702637 0.075981
v -0.622240 0.708815 0.071213
v -0.621648 0.713555 0.065000
v -0.621276 0.716535 0.057765
v -0.621149 0.717551 0.050000
v -0.621149 0.717551 -0.050000
v -0.621276 0.716535 -0.057764
v -0.621648 0.713555 -0.065000
v -0.622240 0.708815 -0.071213
v -0.623011 0.702637 -0.075981
v -0.623909 0.695443 -0.078978
v -0.624873 0.687723 -0.080000
v -0.678500 0.691000 0.080000
v -0.678495 0.698779 0.078978
v -0.678490 0.706027 0.075981
v -0.678486 0.712252 0.071213
v -0.678483 0.717028 0.065000
v -0.678481 0.720031 0.057765
v -0.678480 0.721055 0.050000
v -0.678480 0.721055 -0.050000
v -0.678481 0.720031 -0.057764
v -0.678483 0.717028 -0.065000
v -0.678486 0.712252 -0.071213
v -0.678490 0.706027 -0.075981
v -0.678495 0.698779 -0.078978
v -0.678500 0.691000 -0.080000
v -0.715874 0.083270 0.080000
v -0.714921 0.090991 0.078978
v -0.714032 0.098186 0.075981
v -0.713268 0.104364 0.071213
v -0.712682 0.109105 0.065000
v -0.712314 0.112085 0.057765
v -0.712189 0.113102 0.050000
v -0.712189 0.113102 -0.050000
v -0.712314 0.112085 -0.057764
v -0.712682 0.109105 -0.065000
v -0.713268 0.104364 -0.071213
v -0.714032 0.098186 -0.075981
v -0.714921 0.090991 -0.078978
v -0.715874 0.083270 -0.080000
v -0.751329 0.089912 0.080000
v -0.749412 0.097453 0.078978
v -0.747625 0.104479 0.075981
v -0.746092 0.110513 0.071213
v -0.744915 0.115143 0.065000
v -0.744175 0.118054 0.057765
v -0.743922 0.119046 0.050000
v -0.743922 0.119046 -0.050000
v -0.744175 0.118054 -0.057764
v -0.744915 0.115143 -0.065000
v -0.746092 0.110513 -0.071213
v -0.747625 0.104479 -0.075981
v -0.749412 0.097453 -0.078978
v -0.751329 0.089912 -0.080000
v -0.784609 0.100672 0.080000
v -0.781740 0.107905 0.078978
v -0.779066 0.114644 0.075981
v -0.776770 0.120432 0.071213
v -0.775009 0.124873 0.065000
v -0.773901 0.127665 0.057765
v -0.773524 0.128617 0.050000
v -0.773524 0.128617 -0.050000
v -0.773901 0.127665 -0.057764
v -0.775009 0.124873 -0.065000
v -0.776770 0.120432 -0.071213
v -0.779066 0.114644 -0.075981
v -0.781740 0.107905 -0.078978
v -0.784609 0.100672 -0.080000
v -0.815463 0.115296 0.080000
v -0.811674 0.122093 0.078978
v -0.808143 0.128427 0.075981
v -0.805112 0.133865 0.071213
v -0.802785 0.138039 0.065000
v -0.801323 0.140662 0.057765
v -0.800824 0.141557 0.050000
v -0.800824 0.141557 -0.050000
v -0.801323 0.140662 -0.057764
v -0.802785 0.138039 -0.065000
v -0.805112 0.133865 -0.071213
v -0.808143 0.128427 -0.075981
v -0.811674 0.122093 -0.078978
v -0.815463 0.115296 -0.080000
v -0.843636 0.133532 0.080000
v -0.838982 0.139769 0.078978
v -0.834645 0.145580 0.075981
v -0.830921 0.150571 0.071213
v -0.828063 0.154400 0.065000
v -0.826267 0.156808 0.057765
v -0.825654 0.157629 0.050000
v -0.825654 0.157629 -0.050000
v -0.826267 0.156808 -0.057764
v -0.828063 0.154400 -0.065000
v -0.830921 0.150571 -0.071213
v -0.834645 0.145580 -0.075981
v -0.838982 0.139769 -0.078978
v -0.843636 0.133532 -0.080000
v -0.868875 0.155125 0.080000
v -0.863431 0.160686 0.078978
v -0.858357 0.165867 0.075981
v -0.854001 0.170317 0.071213
v -0.850658 0.173731 0.065000
v -0.848557 0.175878 0.057765
v -0.847840 0.176610 0.050000
v -0.847840 0.176610 -0.050000
v -0.848557 0.175878 -0.057764
v -0.850658 0.173731 -0.065000
v -0.854001 0.170317 -0.071213
v -0.858357 0.165867 -0.075981
v -0.863431 0.160686 -0.078978
v -0.868875 0.155125 -0.080000
v -0.890926 0.179822 0.080000
v -0.884786 0.184603 0.078978
v -0.879063 0.189058 0.075981
v -0.874150 0.192883 0.071213
v -0.870379 0.195819 0.065000
v -0.868009 0.197664 0.057765
v -0.867201 0.198293 0.050000
v -0.867201 0.198293 -0.050000
v -0.868009 0.197664 -0.057764
v -0.870379 0.195819 -0.065000
v -0.874150 0.192883 -0.071213
v -0.879063 0.189058 -0.075981
v -0.884786 0.184603 -0.078978
v -0.890926 0.179822 -0.080000
v -0.909537 0.207370 0.080000
v -0.902810 0.211283 0.078978
v -0.896541 0.214929 0.075981
v -0.891158 0.218060 0.071213
v -0.887028 0.220463 0.065000
v -0.884431 0.221973 0.057765
v -0.883546 0.222488 0.050000
v -0.883546 0.222488 -0.050000
v -0.884431 0.221973 -0.057764
v -0.887028 0.220463 -0.065000
v -0.891158 0.218060 -0.071213
v -0.896541 0.214929 -0.075981
v -0.902810 0.211283 -0.078978
v -0.909537 0.207370 -0.080000
v -0.924453 0.237516 0.080000
v -0.917263 0.240493 0.078978
v -0.910563 0.243266 0.075981
v -0.904809 0.245649 0.071213
v -0.900394 0.247476 0.065000
v -0.897619 0.248625 0.057765
v -0.896673 0.249017 0.050000
v -0.896673 0.249017 -0.050000
v -0.897619 0.248625 -0.057764
v -0.900394 0.247476 -0.065000
v -0.904809 0.245649 -0.071213
v -0.910563 0.243266 -0.075981
v -0.917263 0.240493 -0.078978
v -0.924453 0.237516 -0.080000
v -0.935421 0.270005 0.080000
v -0.927900 0.272001 0.078978
v -0.920891 0.273861 0.075981
v -0.914873 0.275458 0.071213
v -0.910255 0.276684 0.065000
v -0.907352 0.277454 0.057765
v -0.906361 0.277717 0.050000
v -0.906361 0.277717 -0.050000
v -0.907352 0.277454 -0.057764
v -0.910255 0.276684 -0.065000
v -0.914873 0.275458 -0.071213
v -0.920891 0.273861 -0.075981
v -0.927900 0.272001 -0.078978
v -0.935421 0.270005 -0.080000
v -0.942188 0.304584 0.080000
v -0.934471 0.305580 0.078978
v -0.927280 0.306508 0.075981
v -0.921105 0.307304 0.071213
v -0.916366 0.307916 0.065000
v -0.913388 0.308300 0.057765
v -0.912372 0.308431 0.050000
v -0.912372 0.308431 -0.050000
v -0.913388 0.308300 -0.057764
v -0.916366 0.307916 -0.065000
v -0.921105 0.307304 -0.071213
v -0.927280 0.306508 -0.075981
v -0.934471 0.305580 -0.078978
v -0.942188 0.304584 -0.080000
v -0.944500 0.341000 0.080000
v -0.936720 0.341001 0.078978
v -0.929470 0.341003 0.075981
v -0.923244 0.341004 0.071213
v -0.918467 0.341005 0.065000
v -0.915464 0.341005 0.057765
v -0.914440 0.341005 0.050000
v -0.914440 0.341005 -0.050000
v -0.915464 0.341005 -0.057764
v -0.918467 0.341005 -0.065000
v -0.923244 0.341004 -0.071213
v -0.929470 0.341003 -0.075981
v -0.936720 0.341001 -0.078978
v -0.944500 0.341000 -0.080000
v -0.942188 0.377626 0.080000
v -0.934471 0.376635 0.078978
v -0.927279 0.375711 0.075981
v -0.921104 0.374917 0.071213
v -0.916365 0.374309 0.065000
v -0.913386 0.373926 0.057765
v -0.912370 0.373795 0.050000
v -0.912370 0.373795 -0.050000
v -0.913386 0.373926 -0.057764
v -0.916365 0.374309 -0.065000
v -0.921104 0.374917 -0.071213
v -0.927279 0.375711 -0.075981
v -0.934471 0.376635 -0.078978
v -0.942188 0.377626 -0.080000
v -0.935421 0.412343 0.080000
v -0.927898 0.410352 0.078978
v -0.920888 0.408497 0.075981
v -0.914869 0.406904 0.071213
v -0.910250 0.405682 0.065000
v -0.907346 0.404913 0.057765
v -0.906356 0.404651 0.050000
v -0.906356 0.404651 -0.050000
v -0.907346 0.404913 -0.057764
v -0.910250 0.405682 -0.065000
v -0.914869 0.406904 -0.071213
v -0.920888 0.408497 -0.075981
v -0.927898 0.410352 -0.078978
v -0.935421 0.412343 -0.080000
v -0.924453 0.444906 0.080000
v -0.917261 0.441933 0.078978
v -0.910560 0.439162 0.075981
v -0.904805 0.436783 0.071213
v -0.900389 0.434957 0.065000
v -0.897613 0.433810 0.057765
v -0.896666 0.433418 0.050000
v -0.896666 0.433418 -0.050000
v -0.897613 0.433810 -0.057764
v -0.900389 0.434957 -0.065000
v -0.904805 0.436783 -0.071213
v -0.910560 0.439162 -0.075981
v -0.917261 0.441933 -0.078978
v -0.924453 0.444906 -0.080000
v -0.909537 0.475074 0.080000
v -0.902810 0.471161 0.078978
v -0.896541 0.467515 0.075981
v -0.891158 0.464384 0.071213
v -0.887028 0.461981 0.065000
v -0.884431 0.460471 0.057765
v -0.883545 0.459956 0.050000
v -0.883545 0.459956 -0.050000
v -0.884431 0.460471 -0.057764
v -0.887028 0.461981 -0.065000
v -0.891158 0.464384 -0.071213
v -0.896541 0.467515 -0.075981
v -0.902810 0.471161 -0.078978
v -0.909537 0.475074 -0.080000
v -0.890926 0.502603 0.080000
v -0.884789 0.497818 0.078978
v -0.879069 0.493359 0.075981
v -0.874158 0.489531 0.071213
v -0.870389 0.486593 0.065000
v -0.868020 0.484746 0.057765
v -0.867212 0.484116 0.050000
v -0.867212 0.484116 -0.050000
v -0.868020 0.484746 -0.057764
v -0.870389 0.486593 -0.065000
v -0.874158 0.489531 -0.071213
v -0.879069 0.493359 -0.075981
v -0.884789 0.497818 -0.078978
v -0.890926 0.502603 -0.080000
v -0.868875 0.527250 0.080000
v -0.863438 0.521682 0.078978
v -0.858371 0.516494 0.075981
v -0.854021 0.512038 0.071213
v -0.850682 0.508619 0.065000
v -0.848584 0.506470 0.057765
v -0.847868 0.505737 0.050000
v -0.847868 0.505737 -0.050000
v -0.848584 0.506470 -0.057764
v -0.850682 0.508619 -0.065000
v -0.854021 0.512038 -0.071213
v -0.858371 0.516494 -0.075981
v -0.863438 0.521682 -0.078978
v -0.868875 0.527250 -0.080000
v -0.843636 0.548772 0.080000
v -0.838993 0.542527 0.078978
v -0.834667 0.536707 0.075981
v -0.830952 0.531709 0.071213
v -0.828101 0.527875 0.065000
v -0.826309 0.525464 0.057765
v -0.825698 0.524642 0.050000
v -0.825698 0.524642 -0.050000
v -0.826309 0.525464 -0.057764
v -0.828101 0.527875 -0.065000
v -0.830952 0.531709 -0.071213
v -0.834667 0.536707 -0.075981
v -0.838993 0.542527 -0.078978
v -0.843636 0.548772 -0.080000
v -0.815463 0.566926 0.080000
v -0.811688 0.560121 0.078978
v -0.808171 0.553780 0.075981
v -0.805151 0.548335 0.071213
v -0.802833 0.544157 0.065000
v -0.801376 0.541530 0.057765
v -0.800879 0.540634 0.050000
v -0.800879 0.540634 -0.050000
v -0.801376 0.541530 -0.057764
v -0.802833 0.544157 -0.065000
v -0.805151 0.548335 -0.071213
v -0.808171 0.553780 -0.075981
v -0.811688 0.560121 -0.078978
v -0.815463 0.566926 -0.080000
v -0.784609 0.581469 0.080000
v -0.781755 0.574230 0.078978
v -0.779095 0.567485 0.075981
v -0.776811 0.561693 0.071213
v -0.775058 0.557248 0.065000
v -0.773957 0.554454 0.057765
v -0.773581 0.553501 0.050000
v -0.773581 0.553501 -0.050000
v -0.773957 0.554454 -0.057764
v -0.775058 0.557248 -0.065000
v -0.776811 0.561693 -0.071213
v -0.779095 0.567485 -0.075981
v -0.781755 0.574230 -0.078978
v -0.784609 0.581469 -0.080000
v -0.751329 0.592157 0.080000
v -0.749424 0.584614 0.078978
v -0.747650 0.577584 0.075981
v -0.746126 0.571548 0.071213
v -0.744956 0.566916 0.065000
v -0.744221 0.564004 0.057765
v -0.743971 0.563011 0.050000
v -0.743971 0.563011 -0.050000
v -0.744221 0.564004 -0.057764
v -0.744956 0.566916 -0.065000
v -0.746126 0.571548 -0.071213
v -0.747650 0.577584 -0.075981
v -0.749424 0.584614 -0.078978
v -0.751329 0.592157 -0.080000
v -0.715874 0.598749 0.080000
v -0.714928 0.591027 0.078978
v -0.714046 0.583832 0.075981
v -0.713288 0.577653 0.071213
v -0.712707 0.572912 0.065000
v -0.712341 0.569931 0.057765
v -0.712217 0.568915 0.050000
v -0.712217 0.568915 -0.050000
v -0.712341 0.569931 -0.057764
v -0.712707 0.572912 -0.065000
v -0.713288 0.577653 -0.071213
v -0.714046 0.583832 -0.075981
v -0.714928 0.591027 -0.078978
v -0.715874 0.598749 -0.080000
v -0.678500 0.601000 0.080000
v -0.678501 0.593221 0.078978
v -0.678503 0.585973 0.075981
v -0.678504 0.579748 0.071213
v -0.678505 0.574972 0.065000
v -0.678505 0.571969 0.057765
v -0.678506 0.570945 0.050000
v -0.678506 0.570945 -0.050000
v -0.678505 0.571969 -0.057764
v -0.678505 0.574972 -0.065000
v -0.678504 0.579748 -0.071213
v -0.678503 0.585973 -0.075981
v -0.678501 0.593221 -0.078978
v -0.678500 0.601000 -0.080000
v -0.641355 0.598749 0.080000
v -0.642307 0.591028 0.078978
v -0.643194 0.583833 0.075981
v -0.643956 0.577654 0.071213
v -0.644540 0.572913 0.065000
v -0.644908 0.569933 0.057765
v -0.645033 0.568917 0.050000
v -0.645033 0.568917 -0.050000
v -0.644908 0.569933 -0.057764
v -0.644540 0.572913 -0.065000
v -0.643956 0.577654 -0.071213
v -0.643194 0.583833 -0.075981
v -0.642307 0.591028 -0.078978
v -0.641355 0.598749 -0.080000
v -0.606093 0.592157 0.080000
v -0.608006 0.584616 0.078978
v -0.609789 0.577588 0.075981
v -0.611320 0.571554 0.071213
v -0.612495 0.566923 0.065000
v -0.613233 0.564012 0.057765
v -0.613485 0.563020 0.050000
v -0.613485 0.563020 -0.050000
v -0.613233 0.564012 -0.057764
v -0.612495 0.566923 -0.065000
v -0.611320 0.571554 -0.071213
v -0.609789 0.577588 -0.075981
v -0.608006 0.584616 -0.078978
v -0.606093 0.592157 -0.080000
v -0.572969 0.581469 0.080000
v -0.575834 0.574234 0.078978
v -0.578504 0.567493 0.075981
v -0.580796 0.561704 0.071213
v -0.582555 0.557262 0.065000
v -0.583661 0.554470 0.057765
v -0.584038 0.553518 0.050000
v -0.584038 0.553518 -0.050000
v -0.583661 0.554470 -0.057764
v -0.582555 0.557262 -0.065000
v -0.580796 0.561704 -0.071213
v -0.578504 0.567493 -0.075981
v -0.575834 0.574234 -0.078978
v -0.572969 0.581469 -0.080000
v -0.542241 0.566926 0.080000
v -0.546026 0.560127 0.078978
v -0.549553 0.553792 0.075981
v -0.552582 0.548351 0.071213
v -0.554906 0.544177 0.065000
v -0.556368 0.541552 0.057765
v -0.556866 0.540657 0.050000
v -0.556866 0.540657 -0.050000
v -0.556368 0.541552 -0.057764
v -0.554906 0.544177 -0.065000
v -0.552582 0.548351 -0.071213
v -0.549553 0.553792 -0.075981
v -0.546026 0.560127 -0.078978
v -0.542241 0.566926 -0.080000
v -0.514165 0.548772 0.080000
v -0.518817 0.542534 0.078978
v -0.523152 0.536720 0.075981
v -0.526875 0.531729 0.071213
v -0.529731 0.527898 0.065000
v -0.531527 0.525490 0.057765
v -0.532140 0.524669 0.050000
v -0.532140 0.524669 -0.050000
v -0.531527 0.525490 -0.057764
v -0.529731 0.527898 -0.065000
v -0.526875 0.531729 -0.071213
v -0.523152 0.536720 -0.075981
v -0.518817 0.542534 -0.078978
v -0.514165 0.548772 -0.080000
v -0.489000 0.527250 0.080000
v -0.494444 0.521689 0.078978
v -0.499518 0.516507 0.075981
v -0.503874 0.512058 0.071213
v -0.507217 0.508643 0.065000
v -0.509318 0.506497 0.057765
v -0.510035 0.505765 0.050000
v -0.510035 0.505765 -0.050000
v -0.509318 0.506497 -0.057764
v -0.507217 0.508643 -0.065000
v -0.503874 0.512058 -0.071213
v -0.499518 0.516507 -0.075981
v -0.494444 0.521689 -0.078978
v -0.489000 0.527250 -0.080000
v -0.467001 0.502603 0.080000
v -0.473144 0.497825 0.078978
v -0.478868 0.493372 0.075981
v -0.483783 0.489548 0.071213
v -0.487555 0.486614 0.065000
v -0.489925 0.484770 0.057765
v -0.490734 0.484141 0.050000
v -0.490734 0.484141 -0.050000
v -0.489925 0.484770 -0.057764
v -0.487555 0.486614 -0.065000
v -0.483783 0.489548 -0.071213
v -0.478868 0.493372 -0.075981
v -0.473144 0.497825 -0.078978
v -0.467001 0.502603 -0.080000
v -0.448426 0.475074 0.080000
v -0.455156 0.471166 0.078978
v -0.461427 0.467524 0.075981
v -0.466812 0.464397 0.071213
v -0.470945 0.461998 0.065000
v -0.473542 0.460489 0.057765
v -0.474428 0.459975 0.050000
v -0.474428 0.459975 -0.050000
v -0.473542 0.460489 -0.057764
v -0.470945 0.461998 -0.065000
v -0.466812 0.464397 -0.071213
v -0.461427 0.467524 -0.075981
v -0.455156 0.471166 -0.078978
v -0.448426 0.475074 -0.080000
v -0.433531 0.444906 0.080000
v -0.440724 0.441936 0.078978
v -0.447427 0.439168 0.075981
v -0.453183 0.436792 0.071213
v -0.457599 0.434968 0.065000
v -0.460376 0.433821 0.057765
v -0.461323 0.433430 0.050000
v -0.461323 0.433430 -0.050000
v -0.460376 0.433821 -0.057764
v -0.457599 0.434968 -0.065000
v -0.453183 0.436792 -0.071213
v -0.447427 0.439168 -0.075981
v -0.440724 0.441936 -0.078978
v -0.433531 0.444906 -0.080000
v -0.422574 0.412343 0.080000
v -0.430097 0.410354 0.078978
v -0.437107 0.408500 0.075981
v -0.443127 0.406908 0.071213
v -0.447747 0.405687 0.065000
v -0.450650 0.404919 0.057765
v -0.451641 0.404657 0.050000
v -0.451641 0.404657 -0.050000
v -0.450650 0.404919 -0.057764
v -0.447747 0.405687 -0.065000
v -0.443127 0.406908 -0.071213
v -0.437107 0.408500 -0.075981
v -0.430097 0.410354 -0.078978
v -0.422574 0.412343 -0.080000
v -0.415811 0.377626 0.080000
v -0.423529 0.376635 0.078978
v -0.430720 0.375712 0.075981
v -0.436896 0.374919 0.071213
v -0.441634 0.374310 0.065000
v -0.444613 0.373928 0.057765
v -0.445629 0.373797 0.050000
v -0.445629 0.373797 -0.050000
v -0.444613 0.373928 -0.057765
v -0.441634 0.374310 -0.065000
v -0.436896 0.374919 -0.071213
v -0.430720 0.375712 -0.075981
v -0.423529 0.376635 -0.078978
v -0.415811 0.377626 -0.080000
v -0.413500 0.341000 0.080000
v -0.421280 0.341001 0.078978
v -0.428530 0.341003 0.075981
v -0.434756 0.341004 0.071213
v -0.439533 0.341005 0.065000
v -0.442536 0.341005 0.057765
v -0.443560 0.341006 0.050000
v -0.443560 0.341006 -0.050000
v -0.442536 0.341005 -0.057765
v -0.439533 0.341005 -0.065000
v -0.434756 0.341004 -0.071213
v -0.428530 0.341003 -0.075981
v -0.421280 0.341001 -0.078978
v -0.413500 0.341000 -0.080000
v -0.415811 0.304584 0.080000
v -0.423528 0.305579 0.078978
v -0.430719 0.306507 0.075981
v -0.436895 0.307303 0.071213
v -0.441633 0.307914 0.065000
v -0.444612 0.308298 0.057765
v -0.445628 0.308429 0.050000
v -0.445628 0.308429 -0.050000
v -0.444612 0.308298 -0.057765
v -0.441633 0.307914 -0.065000
v -0.436895 0.307303 -0.071213
v -0.430719 0.306507 -0.075981
v -0.423528 0.305579 -0.078978
v -0.415811 0.304584 -0.080000
v -0.422574 0.270005 0.080000
v -0.430096 0.271999 0.078978
v -0.437105 0.273858 0.075981
v -0.443123 0.275454 0.071213
v -0.447742 0.276678 0.065000
v -0.450645 0.277448 0.057765
v -0.451635 0.277711 0.050000
v -0.451635 0.277711 -0.050000
v -0.450645 0.277448 -0.057765
v -0.447742 0.276678 -0.065000
v -0.443123 0.275454 -0.071213
v -0.437105 0.273858 -0.075981
v -0.430096 0.271999 -0.078978
v -0.422574 0.270005 -0.080000
v -0.433531 0.237516 0.080000
v -0.440723 0.240489 0.078978
v -0.447424 0.243260 0.075981
v -0.453178 0.245640 0.071213
v -0.457594 0.247466 0.065000
v -0.460370 0.248614 0.057765
v -0.461317 0.249005 0.050000
v -0.461317 0.249005 -0.050000
v -0.460370 0.248614 -0.057765
v -0.457594 0.247466 -0.065000
v -0.453178 0.245640 -0.071213
v -0.447424 0.243260 -0.075981
v -0.440723 0.240489 -0.078978
v -0.433531 0.237516 -0.080000
v -0.448426 0.207370 0.080000
v -0.455156 0.211278 0.078978
v -0.461427 0.214920 0.075981
v -0.466812 0.218047 0.071213
v -0.470944 0.220446 0.065000
v -0.473542 0.221955 0.057765
v -0.474428 0.222469 0.050000
v -0.474428 0.222469 -0.050000
v -0.473542 0.221955 -0.057765
v -0.470944 0.220446 -0.065000
v -0.466812 0.218047 -0.071213
v -0.461427 0.214920 -0.075981
v -0.455156 0.211278 -0.078978
v -0.448426 0.207370 -0.080000
v -0.467001 0.179822 0.080000
v -0.473147 0.184597 0.078978
v -0.478874 0.189045 0.075981
v -0.483791 0.192866 0.071213
v -0.487565 0.195797 0.065000
v -0.489937 0.197640 0.057765
v -0.490746 0.198269 0.050000
v -0.490746 0.198269 -0.050000
v -0.489937 0.197640 -0.057765
v -0.487565 0.195797 -0.065000
v -0.483791 0.192866 -0.071213
v -0.478874 0.189045 -0.075981
v -0.473147 0.184597 -0.078978
v -0.467001 0.179822 -0.080000
v -0.489000 0.155125 0.080000
v -0.494452 0.160678 0.078978
v -0.499532 0.165853 0.075981
v -0.503894 0.170297 0.071213
v -0.507241 0.173707 0.065000
v -0.509345 0.175851 0.057765
v -0.510063 0.176582 0.050000
v -0.510063 0.176582 -0.050000
v -0.509345 0.175851 -0.057765
v -0.507241 0.173707 -0.065000
v -0.503894 0.170297 -0.071213
v -0.499532 0.165853 -0.075981
v -0.494452 0.160678 -0.078978
v -0.489000 0.155125 -0.080000
v -0.514166 0.133532 0.080000
v -0.518829 0.139762 0.078978
v -0.523175 0.145567 0.075981
v -0.526906 0.150552 0.071213
v -0.529770 0.154377 0.065000
v -0.531570 0.156781 0.057765
v -0.532184 0.157601 0.050000
v -0.532184 0.157601 -0.050000
v -0.531570 0.156781 -0.057765
v -0.529770 0.154377 -0.065000
v -0.526906 0.150552 -0.071213
v -0.523175 0.145567 -0.075981
v -0.518829 0.139762 -0.078978
v -0.514166 0.133532 -0.080000
v -0.542241 0.115296 0.080000
v -0.546040 0.122087 0.078978
v -0.549581 0.128415 0.075981
v -0.552621 0.133849 0.071213
v -0.554954 0.138019 0.065000
v -0.556421 0.140640 0.057765
v -0.556921 0.141534 0.050000
v -0.556921 0.141534 -0.050000
v -0.556421 0.140640 -0.057765
v -0.554954 0.138019 -0.065000
v -0.552621 0.133849 -0.071213
v -0.549581 0.128415 -0.075981
v -0.546040 0.122087 -0.078978
v -0.542241 0.115296 -0.080000
v -0.572969 0.100672 0.080000
v -0.575849 0.107900 0.078978
v -0.578532 0.114636 0.075981
v -0.580837 0.120420 0.071213
v -0.582605 0.124859 0.065000
v -0.583717 0.127649 0.057765
v -0.584096 0.128600 0.050000
v -0.584096 0.128600 -0.050000
v -0.583717 0.127649 -0.057765
v -0.582605 0.124859 -0.065000
v -0.580837 0.120420 -0.071213
v -0.578532 0.114636 -0.075981
v -0.575849 0.107900 -0.078978
v -0.572969 0.100672 -0.080000
v -0.606093 0.089912 0.080000
v -0.608018 0.097450 0.078978
v -0.609813 0.104475 0.075981
v -0.611354 0.110507 0.071213
v -0.612537 0.115136 0.065000
v -0.613280 0.118046 0.057765
v -0.613534 0.119038 0.050000
v -0.613534 0.119038 -0.050000
v -0.613280 0.118046 -0.057765
v -0.612537 0.115136 -0.065000
v -0.611354 0.110507 -0.071213
v -0.609813 0.104475 -0.075981
v -0.608018 0.097450 -0.078978
v -0.606093 0.089912 -0.080000
v -0.641355 0.083270 0.080000
v -0.642314 0.090991 0.078978
v -0.643208 0.098185 0.075981
v -0.643976 0.104363 0.071213
v -0.644565 0.109103 0.065000
v -0.644935 0.112083 0.057765
v -0.645061 0.113100 0.050000
v -0.645061 0.113100 -0.050000
v -0.644935 0.112083 -0.057765
v -0.644565 0.109103 -0.065000
v -0.643976 0.104363 -0.071213
v -0.643208 0.098185 -0.075981
v -0.642314 0.090991 -0.078978
v -0.641355 0.083270 -0.080000
v -0.678500 0.081000 0.080000
v -0.678501 0.088779 0.078978
v -0.678503 0.096028 0.075981
v -0.678504 0.102253 0.071213
v -0.678505 0.107029 0.065000
v -0.678505 0.110032 0.057765
v -0.678506 0.111056 0.050000
v -0.678506 0.111056 -0.050000
v -0.678505 0.110032 -0.057765
v -0.678505 0.107029 -0.065000
v -0.678504 0.102253 -0.071213
v -0.678503 0.096028 -0.075981
v -0.678501 0.088779 -0.078978
v -0.678500 0.081000 -0.080000
v -1.435500 -0.006000 0.080000
v -1.430381 -0.013765 0.078978
v -1.425611 -0.021000 0.075981
v -1.421515 -0.027213 0.071213
v -1.418372 -0.031981 0.065000
v -1.416396 -0.034978 0.057765
v -1.415722 -0.036000 0.050000
v -1.415722 -0.036000 -0.050000
v -1.416396 -0.034978 -0.057764
v -1.418372 -0.031981 -0.065000
v -1.421515 -0.027213 -0.071213
v -1.425611 -0.021000 -0.075981
v -1.430381 -0.013765 -0.078978
v -1.435500 -0.006000 -0.080000
v -1.140500 0.682000 0.080000
v -1.128723 0.689765 0.078978
v -1.117748 0.697000 0.075981
v -1.108323 0.703213 0.071213
v -1.101092 0.707981 0.065000
v -1.096546 0.710978 0.057765
v -1.094995 0.712000 0.050000
v -1.094995 0.712000 -0.050000
v -1.096546 0.710978 -0.057764
v -1.101092 0.707981 -0.065000
v -1.108323 0.703213 -0.071213
v -1.117748 0.697000 -0.075981
v -1.128723 0.689765 -0.078978
v -1.140500 0.682000 -0.080000
v -1.238500 0.682000 0.080000
v -1.243623 0.689765 0.078978
v -1.248397 0.697000 0.075981
v -1.252496 0.703213 0.071213
v -1.255641 0.707981 0.065000
v -1.257618 0.710978 0.057765
v -1.258293 0.712000 0.050000
v -1.258293 0.712000 -0.050000
v -1.257618 0.710978 -0.057764
v -1.255641 0.707981 -0.065000
v -1.252496 0.703213 -0.071213
v -1.248397 0.697000 -0.075981
v -1.243623 0.689765 -0.078978
v -1.238500 0.682000 -0.080000
v -1.443500 0.203000 0.080000
v -1.443483 0.222775 0.078978
v -1.443466 0.241203 0.075981
v -1.443452 0.257027 0.071213
v -1.443442 0.269169 0.065000
v -1.443435 0.276802 0.057765
v -1.443433 0.279405 0.050000
v -1.443433 0.279405 -0.050000
v -1.443435 0.276802 -0.057764
v -1.443442 0.269169 -0.065000
v -1.443452 0.257027 -0.071213
v -1.443466 0.241203 -0.075981
v -1.443483 0.222775 -0.078978
v -1.443500 0.203000 -0.080000
v -1.647500 0.682000 0.080000
v -1.642367 0.689765 0.078978
v -1.637585 0.697000 0.075981
v -1.633478 0.703213 0.071213
v -1.630326 0.707981 0.065000
v -1.628345 0.710978 0.057765
v -1.627669 0.712000 0.050000
v -1.627669 0.712000 -0.050000
v -1.628345 0.710978 -0.057764
v -1.630326 0.707981 -0.065000
v -1.633478 0.703213 -0.071213
v -1.637585 0.697000 -0.075981
v -1.642367 0.689765 -0.078978
v -1.647500 0.682000 -0.080000
v -1.744500 0.682000 0.080000
v -1.756184 0.689765 0.078978
v -1.767071 0.697000 0.075981
v -1.776420 0.703213 0.071213
v -1.783593 0.707981 0.065000
v -1.788103 0.710978 0.057765
v -1.789641 0.712000 0.050000
v -1.789641 0.712000 -0.050000
v -1.788103 0.710978 -0.057764
v -1.783593 0.707981 -0.065000
v -1.776420 0.703213 -0.071213
v -1.767071 0.697000 -0.075981
v -1.756184 0.689765 -0.078978
v -1.744500 0.682000 -0.080000
v -1.455500 -0.006000 0.080000
v -1.460660 -0.013765 0.078978
v -1.465469 -0.021000 0.075981
v -1.469598 -0.027213 0.071213
v -1.472767 -0.031981 0.065000
v -1.474758 -0.034978 0.057765
v -1.475438 -0.036000 0.050000
v -1.475438 -0.036000 -0.050000
v -1.474758 -0.034978 -0.057764
v -1.472767 -0.031981 -0.065000
v -1.469598 -0.027213 -0.071213
v -1.465469 -0.021000 -0.075981
v -1.460660 -0.013765 -0.078978
v -1.455500 -0.006000 -0.080000
v -1.967500 0.594000 0.080000
v -1.975264 0.586235 0.078978
v -1.982500 0.579000 0.075981
v -1.988713 0.572787 0.071213
v -1.993481 0.568019 0.065000
v -1.996478 0.565022 0.057765
v -1.997500 0.564000 0.050000
v -1.997500 0.564000 -0.050000
v -1.996478 0.565022 -0.057764
v -1.993481 0.568019 -0.065000
v -1.988713 0.572787 -0.071213
v -1.982500 0.579000 -0.075981
v -1.975264 0.586235 -0.078978
v -1.967500 0.594000 -0.080000
v -1.967500 0.388000 0.080000
v -1.975264 0.395765 0.078978
v -1.982500 0.403000 0.075981
v -1.988713 0.409213 0.071213
v -1.993481 0.413981 0.065000
v -1.996478 0.416978 0.057765
v -1.997500 0.418000 0.050000
v -1.997500 0.418000 -0.050000
v -1.996478 0.416978 -0.057764
v -1.993481 0.413981 -0.065000
v -1.988713 0.409213 -0.071213
v -1.982500 0.403000 -0.075981
v -1.975264 0.395765 -0.078978
v -1.967500 0.388000 -0.080000
v -2.246500 0.388000 0.080000
v -2.254265 0.395765 0.078978
v -2.261500 0.403000 0.075981
v -2.267713 0.409213 0.071213
v -2.272481 0.413981 0.065000
v -2.275478 0.416978 0.057765
v -2.276500 0.418000 0.050000
v -2.276500 0.418000 -0.050000
v -2.275478 0.416978 -0.057764
v -2.272481 0.413981 -0.065000
v -2.267713 0.409213 -0.071213
v -2.261500 0.403000 -0.075981
v -2.254265 0.395765 -0.078978
v -2.246500 0.388000 -0.080000
v -2.246500 0.300000 0.080000
v -2.254265 0.292235 0.078978
v -2.261500 0.285000 0.075981
v -2.267713 0.278787 0.071213
v -2.272481 0.274019 0.065000
v -2.275478 0.271022 0.057765
v -2.276500 0.270000 0.050000
v -2.276500 0.270000 -0.050000
v -2.275478 0.271022 -0.057764
v -2.272481 0.274019 -0.065000
v -2.267713 0.278787 -0.071213
v -2.261500 0.285000 -0.075981
v -2.254265 0.292235 -0.078978
v -2.246500 0.300000 -0.080000
v -1.967500 0.300000 0.080000
v -1.975264 0.292235 0.078978
v -1.982500 0.285000 0.075981
v -1.988713 0.278787 0.071213
v -1.993481 0.274019 0.065000
v -1.996478 0.271022 0.057765
v -1.997500 0.270000 0.050000
v -1.997500 0.270000 -0.050000
v -1.996478 0.271022 -0.057764
v -1.993481 0.274019 -0.065000
v -1.988713 0.278787 -0.071213
v -1.982500 0.285000 -0.075981
v -1.975264 0.292235 -0.078978
v -1.967500 0.300000 -0.080000
v -1.967500 0.088000 0.080000
v -1.975264 0.095765 0.078978
v -1.982500 0.103000 0.075981
v -1.988713 0.109213 0.071213
v -1.993481 0.113981 0.065000
v -1.996478 0.116978 0.057765
v -1.997500 0.118000 0.050000
v -1.997500 0.118000 -0.050000
v -1.996478 0.116978 -0.057764
v -1.993481 0.113981 -0.065000
v -1.988713 0.109213 -0.071213
v -1.982500 0.103000 -0.075981
v -1.975264 0.095765 -0.078978
v -1.967500 0.088000 -0.080000
v -2.265500 0.088000 0.080000
v -2.273264 0.095765 0.078978
v -2.280500 0.103000 0.075981
v -2.286713 0.109213 0.071213
v -2.291481 0.113981 0.065000
v -2.294478 0.116978 0.057765
v -2.295500 0.118000 0.050000
v -2.295500 0.118000 -0.050000
v -2.294478 0.116978 -0.057764
v -2.291481 0.113981 -0.065000
v -2.286713 0.109213 -0.071213
v -2.280500 0.103000 -0.075981
v -2.273264 0.095765 -0.078978
v -2.265500 0.088000 -0.080000
v -2.265500 -0.000000 0.080000
v -2.273264 -0.007765 0.078978
v -2.280500 -0.015000 0.075981
v -2.286713 -0.021213 0.071213
v -2.291481 -0.025981 0.065000
v -2.294478 -0.028978 0.057765
v -2.295500 -0.030000 0.050000
v -2.295500 -0.030000 -0.050000
v -2.294478 -0.028978 -0.057764
v -2.291481 -0.025981 -0.065000
v -2.286713 -0.021213 -0.071213
v -2.280500 -0.015000 -0.075981
v -2.273264 -0.007765 -0.078978
v -2.265500 0.000000 -0.080000
v -1.869500 -0.000000 0.080000
v -1.861735 -0.007765 0.078978
v -1.854500 -0.015000 0.075981
v -1.848287 -0.021213 0.071213
v -1.843519 -0.025981 0.065000
v -1.840522 -0.028978 0.057765
v -1.839500 -0.030000 0.050000
v -1.839500 -0.030000 -0.050000
v -1.840522 -0.028978 -0.057764
v -1.843519 -0.025981 -0.065000
v -1.848287 -0.021213 -0.071213
v -1.854500 -0.015000 -0.075981
v -1.861735 -0.007765 -0.078978
v -1.869500 0.000000 -0.080000
v -1.869500 0.682000 0.080000
v -1.861735 0.689765 0.078978
v -1.854500 0.697000 0.075981
v -1.848287 0.703213 0.071213
v -1.843519 0.707981 0.065000
v -1.840522 0.710978 0.057765
v -1.839500 0.712000 0.050000
v -1.839500 0.712000 -0.050000
v -1.840522 0.710978 -0.057764
v -1.843519 0.707981 -0.065000
v -1.848287 0.703213 -0.071213
v -1.854500 0.697000 -0.075981
v -1.861735 0.689765 -0.078978
v -1.869500 0.682000 -0.080000
v -2.256500 0.682000 0.080000
v -2.264264 0.689765 0.078978
v -2.271500 0.697000 0.075981
v -2.277713 0.703213 0.071213
v -2.282480 0.707981 0.065000
v -2.285478 0.710978 0.057765
v -2.286500 0.712000 0.050000
v -2.286500 0.712000 -0.050000
v -2.285478 0.710978 -0.057764
v -2.282480 0.707981 -0.065000
v -2.277713 0.703213 -0.071213
v -2.271500 0.697000 -0.075981
v -2.264264 0.689765 -0.078978
v -2.256500 0.682000 -0.080000
v -2.256500 0.594000 0.080000
v -2.264264 0.586235 0.078978
v -2.271500 0.579000 0.075981
v -2.277713 0.572787 0.071213
v -2.282480 0.568019 0.065000
v -2.285478 0.565022 0.057765
v -2.286500 0.564000 0.050000
v -2.286500 0.564000 -0.050000
v -2.285478 0.565022 -0.057764
v -2.282480 0.568019 -0.065000
v -2.277713 0.572787 -0.071213
v -2.271500 0.579000 -0.075981
v -2.264264 0.586235 -0.078978
v -2.256500 0.594000 -0.080000
v -2.626897 0.680495 0.080000
v -2.627623 0.688235 0.078978
v -2.628300 0.695447 0.075981
v -2.628881 0.701641 0.071213
v -2.629327 0.706393 0.065000
v -2.629607 0.709381 0.057765
v -2.629702 0.710400 0.050000
v -2.629702 0.710400 -0.050000
v -2.629607 0.709381 -0.057764
v -2.629327 0.706393 -0.065000
v -2.628881 0.701641 -0.071213
v -2.628300 0.695447 -0.075980
v -2.627623 0.688235 -0.078977
v -2.626897 0.680495 -0.080000
v -2.658010 0.676046 0.080000
v -2.659520 0.683674 0.078978
v -2.660927 0.690782 0.075981
v -2.662135 0.696885 0.071213
v -2.663063 0.701569 0.065000
v -2.663646 0.704513 0.057765
v -2.663844 0.705517 0.050000
v -2.663844 0.705517 -0.050000
v -2.663646 0.704513 -0.057764
v -2.663063 0.701569 -0.065000
v -2.662135 0.696885 -0.071213
v -2.660927 0.690782 -0.075980
v -2.659520 0.683674 -0.078977
v -2.658010 0.676046 -0.080000
v -2.686719 0.668750 0.080000
v -2.689074 0.676163 0.078978
v -2.691268 0.683071 0.075981
v -2.693153 0.689003 0.071213
v -2.694598 0.693554 0.065000
v -2.695508 0.696415 0.057765
v -2.695817 0.697391 0.050000
v -2.695817 0.697391 -0.050000
v -2.695508 0.696415 -0.057764
v -2.694598 0.693554 -0.065000
v -2.693153 0.689003 -0.071213
v -2.691268 0.683071 -0.075980
v -2.689074 0.676163 -0.078977
v -2.686719 0.668750 -0.080000
v -2.712908 0.658704 0.080000
v -2.716154 0.665775 0.078978
v -2.719179 0.672364 0.075981
v -2.721777 0.678022 0.071213
v -2.723771 0.682363 0.065000
v -2.725024 0.685093 0.057765
v -2.725451 0.686024 0.050000
v -2.725451 0.686024 -0.050000
v -2.725024 0.685093 -0.057764
v -2.723771 0.682363 -0.065000
v -2.721777 0.678022 -0.071213
v -2.719179 0.672364 -0.075980
v -2.716154 0.665775 -0.078977
v -2.712908 0.658704 -0.080000
v -2.736457 0.646005 0.080000
v -2.740616 0.652583 0.078978
v -2.744492 0.658714 0.075981
v -2.747820 0.663978 0.071213
v -2.750374 0.668018 0.065000
v -2.751979 0.670557 0.057765
v -2.752527 0.671423 0.050000
v -2.752527 0.671423 -0.050000
v -2.751979 0.670557 -0.057764
v -2.750374 0.668018 -0.065000
v -2.747820 0.663978 -0.071213
v -2.744492 0.658714 -0.075980
v -2.740616 0.652583 -0.078977
v -2.736457 0.646005 -0.080000
v -2.757250 0.630750 0.080000
v -2.762303 0.636673 0.078978
v -2.767012 0.642192 0.075981
v -2.771055 0.646932 0.071213
v -2.774158 0.650569 0.065000
v -2.776108 0.652855 0.057765
v -2.776773 0.653635 0.050000
v -2.776773 0.653635 -0.050000
v -2.776108 0.652855 -0.057764
v -2.774158 0.650569 -0.065000
v -2.771055 0.646932 -0.071213
v -2.767012 0.642192 -0.075980
v -2.762303 0.636673 -0.078977
v -2.757250 0.630750 -0.080000
v -2.775168 0.613037 0.080000
v -2.781047 0.618144 0.078978
v -2.786525 0.622902 0.075981
v -2.791229 0.626989 0.071213
v -2.794838 0.630124 0.065000
v -2.797108 0.632095 0.057765
v -2.797882 0.632768 0.050000
v -2.797882 0.632768 -0.050000
v -2.797108 0.632095 -0.057764
v -2.794838 0.630124 -0.065000
v -2.791229 0.626989 -0.071213
v -2.786525 0.622902 -0.075980
v -2.781047 0.618144 -0.078977
v -2.775168 0.613037 -0.080000
v -2.790093 0.592963 0.080000
v -2.796679 0.597119 0.078978
v -2.802816 0.600991 0.075981
v -2.808085 0.604316 0.071213
v -2.812129 0.606868 0.065000
v -2.814671 0.608472 0.057765
v -2.815538 0.609019 0.050000
v -2.815538 0.609019 -0.050000
v -2.814671 0.608472 -0.057764
v -2.812129 0.606868 -0.065000
v -2.808085 0.604316 -0.071213
v -2.802816 0.600991 -0.075980
v -2.796679 0.597119 -0.078977
v -2.790093 0.592963 -0.080000
v -2.801906 0.570625 0.080000
v -2.809042 0.573741 0.078978
v -2.815691 0.576645 0.075981
v -2.821401 0.579138 0.071213
v -2.825783 0.581051 0.065000
v -2.828537 0.582254 0.057765
v -2.829476 0.582664 0.050000
v -2.829476 0.582664 -0.050000
v -2.828537 0.582254 -0.057764
v -2.825783 0.581051 -0.065000
v -2.821401 0.579138 -0.071213
v -2.815691 0.576645 -0.075980
v -2.809042 0.573741 -0.078977
v -2.801906 0.570625 -0.080000
v -2.810491 0.546120 0.080000
v -2.818002 0.548165 0.078978
v -2.825001 0.550070 0.075981
v -2.831011 0.551706 0.071213
v -2.835623 0.552962 0.065000
v -2.838522 0.553751 0.057765
v -2.839511 0.554020 0.050000
v -2.839511 0.554020 -0.050000
v -2.838522 0.553751 -0.057764
v -2.835623 0.552962 -0.065000
v -2.831011 0.551706 -0.071213
v -2.825001 0.550070 -0.075980
v -2.818002 0.548165 -0.078977
v -2.810491 0.546120 -0.080000
v -2.815728 0.519546 0.080000
v -2.823446 0.520542 0.078978
v -2.830638 0.521470 0.075981
v -2.836813 0.522266 0.071213
v -2.841552 0.522878 0.065000
v -2.844531 0.523262 0.057765
v -2.845547 0.523393 0.050000
v -2.845547 0.523393 -0.050000
v -2.844531 0.523262 -0.057764
v -2.841552 0.522878 -0.065000
v -2.836813 0.522266 -0.071213
v -2.830638 0.521470 -0.075980
v -2.823446 0.520542 -0.078977
v -2.815728 0.519546 -0.080000
v -2.817500 0.491000 0.080000
v -2.825275 0.491070 0.078978
v -2.832520 0.491136 0.075981
v -2.838742 0.491192 0.071213
v -2.843516 0.491235 0.065000
v -2.846517 0.491263 0.057765
v -2.847541 0.491272 0.050000
v -2.847541 0.491272 -0.050000
v -2.846517 0.491263 -0.057764
v -2.843516 0.491235 -0.065000
v -2.838742 0.491192 -0.071213
v -2.832520 0.491136 -0.075980
v -2.825275 0.491070 -0.078977
v -2.817500 0.491000 -0.080000
v -2.816651 0.471673 0.080000
v -2.824393 0.470974 0.078978
v -2.831606 0.470324 0.075981
v -2.837801 0.469765 0.071213
v -2.842554 0.469336 0.065000
v -2.845542 0.469067 0.057765
v -2.846561 0.468975 0.050000
v -2.846561 0.468975 -0.050000
v -2.845542 0.469067 -0.057764
v -2.842554 0.469336 -0.065000
v -2.837801 0.469765 -0.071213
v -2.831606 0.470324 -0.075980
v -2.824393 0.470974 -0.078977
v -2.816651 0.471673 -0.080000
v -2.814125 0.453213 0.080000
v -2.821767 0.451786 0.078978
v -2.828887 0.450456 0.075981
v -2.835002 0.449314 0.071213
v -2.839694 0.448437 0.065000
v -2.842644 0.447886 0.057765
v -2.843650 0.447699 0.050000
v -2.843650 0.447699 -0.050000
v -2.842644 0.447886 -0.057764
v -2.839694 0.448437 -0.065000
v -2.835002 0.449314 -0.071213
v -2.828887 0.450456 -0.075980
v -2.821767 0.451786 -0.078977
v -2.814125 0.453213 -0.080000
v -2.809953 0.435656 0.080000
v -2.817416 0.433477 0.078978
v -2.824370 0.431445 0.075981
v -2.830342 0.429701 0.071213
v -2.834924 0.428363 0.065000
v -2.837805 0.427521 0.057765
v -2.838787 0.427235 0.050000
v -2.838787 0.427235 -0.050000
v -2.837805 0.427521 -0.057764
v -2.834924 0.428363 -0.065000
v -2.830342 0.429701 -0.071213
v -2.824370 0.431445 -0.075980
v -2.817416 0.433477 -0.078977
v -2.809953 0.435656 -0.080000
v -2.804167 0.419037 0.080000
v -2.811365 0.416098 0.078978
v -2.818073 0.413360 0.075981
v -2.823833 0.411008 0.071213
v -2.828254 0.409203 0.065000
v -2.831032 0.408069 0.057765
v -2.831980 0.407682 0.050000
v -2.831980 0.407682 -0.050000
v -2.831032 0.408069 -0.057764
v -2.828254 0.409203 -0.065000
v -2.823833 0.411008 -0.071213
v -2.818073 0.413360 -0.075980
v -2.811365 0.416098 -0.078977
v -2.804167 0.419037 -0.080000
v -2.796797 0.403390 0.080000
v -2.803644 0.399705 0.078978
v -2.810024 0.396271 0.075981
v -2.815503 0.393322 0.071213
v -2.819708 0.391059 0.065000
v -2.822351 0.389637 0.057765
v -2.823252 0.389152 0.050000
v -2.823252 0.389152 -0.050000
v -2.822351 0.389637 -0.057764
v -2.819708 0.391059 -0.065000
v -2.815503 0.393322 -0.071213
v -2.810024 0.396271 -0.075980
v -2.803644 0.399705 -0.078977
v -2.796797 0.403390 -0.080000
v -2.787875 0.388750 0.080000
v -2.794288 0.384352 0.078978
v -2.800264 0.380255 0.075981
v -2.805395 0.376736 0.071213
v -2.809333 0.374035 0.065000
v -2.811808 0.372338 0.057765
v -2.812652 0.371759 0.050000
v -2.812652 0.371759 -0.050000
v -2.811808 0.372338 -0.057764
v -2.809333 0.374035 -0.065000
v -2.805395 0.376736 -0.071213
v -2.800264 0.380255 -0.075980
v -2.794288 0.384352 -0.078977
v -2.787875 0.388750 -0.080000
v -2.777432 0.375152 0.080000
v -2.783339 0.370095 0.078978
v -2.788843 0.365382 0.075981
v -2.793569 0.361335 0.071213
v -2.797196 0.358230 0.065000
v -2.799475 0.356278 0.057765
v -2.800253 0.355613 0.050000
v -2.800253 0.355613 -0.050000
v -2.799475 0.356278 -0.057764
v -2.797196 0.358230 -0.065000
v -2.793569 0.361335 -0.071213
v -2.788843 0.365382 -0.075980
v -2.783339 0.370095 -0.078978
v -2.777432 0.375152 -0.080000
v -2.765500 0.362630 0.080000
v -2.770843 0.356981 0.078978
v -2.775822 0.351718 0.075981
v -2.780097 0.347198 0.071213
v -2.783378 0.343730 0.065000
v -2.785440 0.341550 0.057765
v -2.786144 0.340806 0.050000
v -2.786144 0.340806 -0.050000
v -2.785440 0.341550 -0.057764
v -2.783378 0.343730 -0.065000
v -2.780097 0.347198 -0.071213
v -2.775822 0.351718 -0.075980
v -2.770843 0.356981 -0.078978
v -2.765500 0.362630 -0.080000
v -2.752110 0.351219 0.080000
v -2.756850 0.345057 0.078978
v -2.761268 0.339315 0.075981
v -2.765061 0.334385 0.071213
v -2.767972 0.330602 0.065000
v -2.769802 0.328223 0.057765
v -2.770426 0.327412 0.050000
v -2.770426 0.327412 -0.050000
v -2.769802 0.328223 -0.057764
v -2.767972 0.330602 -0.065000
v -2.765061 0.334385 -0.071213
v -2.761268 0.339315 -0.075980
v -2.756850 0.345057 -0.078978
v -2.752110 0.351219 -0.080000
v -2.737292 0.340954 0.080000
v -2.741410 0.334361 0.078978
v -2.745247 0.328217 0.075981
v -2.748542 0.322941 0.071213
v -2.751070 0.318893 0.065000
v -2.752660 0.316348 0.057765
v -2.753202 0.315480 0.050000
v -2.753202 0.315480 -0.050000
v -2.752660 0.316348 -0.057764
v -2.751070 0.318893 -0.065000
v -2.748542 0.322941 -0.071213
v -2.745247 0.328217 -0.075980
v -2.741410 0.334361 -0.078978
v -2.737292 0.340954 -0.080000
v -2.721078 0.331869 0.080000
v -2.724569 0.324925 0.078978
v -2.727822 0.318454 0.075981
v -2.730616 0.312897 0.071213
v -2.732759 0.308633 0.065000
v -2.734107 0.305953 0.057765
v -2.734566 0.305039 0.050000
v -2.734566 0.305039 -0.050000
v -2.734107 0.305953 -0.057764
v -2.732759 0.308633 -0.065000
v -2.730616 0.312897 -0.071213
v -2.727822 0.318454 -0.075980
v -2.724569 0.324925 -0.078978
v -2.721078 0.331869 -0.080000
v -2.703500 0.324000 0.080000
v -2.719047 0.322453 0.078978
v -2.733535 0.321011 0.075981
v -2.745975 0.319773 0.071213
v -2.755522 0.318823 0.065000
v -2.761523 0.318226 0.057765
v -2.763569 0.318022 0.050000
v -2.763569 0.318022 -0.050000
v -2.761523 0.318226 -0.057764
v -2.755522 0.318823 -0.065000
v -2.745975 0.319773 -0.071213
v -2.733535 0.321011 -0.075980
v -2.719047 0.322453 -0.078978
v -2.703500 0.324000 -0.080000
v -2.718522 0.313292 0.080000
v -2.723245 0.319460 0.078978
v -2.727646 0.325209 0.075981
v -2.731426 0.330145 0.071213
v -2.734326 0.333932 0.065000
v -2.736149 0.336313 0.057765
v -2.736771 0.337125 0.050000
v -2.736771 0.337125 -0.050000
v -2.736149 0.336313 -0.057764
v -2.734326 0.333932 -0.065000
v -2.731426 0.330145 -0.071213
v -2.727646 0.325209 -0.075980
v -2.723245 0.319460 -0.078978
v -2.718522 0.313292 -0.080000
v -2.732676 0.301667 0.080000
v -2.737796 0.307509 0.078978
v -2.742568 0.312953 0.075981
v -2.746665 0.317628 0.071213
v -2.749809 0.321215 0.065000
v -2.751786 0.323471 0.057765
v -2.752460 0.324240 0.050000
v -2.752460 0.324240 -0.050000
v -2.751786 0.323471 -0.057764
v -2.749809 0.321215 -0.065000
v -2.746665 0.317628 -0.071213
v -2.742568 0.312953 -0.075980
v -2.737796 0.307509 -0.078978
v -2.732676 0.301667 -0.080000
v -2.746094 0.289125 0.080000
v -2.751561 0.294643 0.078978
v -2.756656 0.299785 0.075981
v -2.761031 0.304200 0.071213
v -2.764388 0.307588 0.065000
v -2.766498 0.309718 0.057765
v -2.767218 0.310445 0.050000
v -2.767218 0.310445 -0.050000
v -2.766498 0.309718 -0.057764
v -2.764388 0.307588 -0.065000
v -2.761031 0.304200 -0.071213
v -2.756656 0.299785 -0.075980
v -2.751561 0.294643 -0.078978
v -2.746094 0.289125 -0.080000
v -2.758907 0.275667 0.080000
v -2.764668 0.280876 0.078978
v -2.770037 0.285730 0.075981
v -2.774647 0.289899 0.071213
v -2.778184 0.293098 0.065000
v -2.780408 0.295108 0.057765
v -2.781167 0.295794 0.050000
v -2.781167 0.295794 -0.050000
v -2.780408 0.295108 -0.057764
v -2.778184 0.293098 -0.065000
v -2.774647 0.289899 -0.071213
v -2.770037 0.285730 -0.075980
v -2.764668 0.280876 -0.078978
v -2.758907 0.275667 -0.080000
v -2.771249 0.261292 0.080000
v -2.777251 0.266220 0.078978
v -2.782845 0.270812 0.075981
v -2.787648 0.274756 0.071213
v -2.791334 0.277782 0.065000
v -2.793651 0.279684 0.057765
v -2.794441 0.280333 0.050000
v -2.794441 0.280333 -0.050000
v -2.793651 0.279684 -0.057764
v -2.791334 0.277782 -0.065000
v -2.787648 0.274756 -0.071213
v -2.782845 0.270812 -0.075980
v -2.777251 0.266220 -0.078978
v -2.771249 0.261292 -0.080000
v -2.783250 0.246000 0.080000
v -2.789445 0.250683 0.078978
v -2.795219 0.255046 0.075981
v -2.800176 0.258793 0.071213
v -2.803980 0.261668 0.065000
v -2.806371 0.263475 0.057765
v -2.807187 0.264092 0.050000
v -2.807187 0.264092 -0.050000
v -2.806371 0.263475 -0.057764
v -2.803980 0.261668 -0.065000
v -2.800176 0.258793 -0.071213
v -2.795219 0.255046 -0.075980
v -2.789445 0.250683 -0.078978
v -2.783250 0.246000 -0.080000
v -2.795043 0.229792 0.080000
v -2.801388 0.234269 0.078978
v -2.807300 0.238441 0.075981
v -2.812377 0.242024 0.071213
v -2.816273 0.244773 0.065000
v -2.818722 0.246501 0.057765
v -2.819557 0.247090 0.050000
v -2.819557 0.247090 -0.050000
v -2.818722 0.246501 -0.057764
v -2.816273 0.244773 -0.065000
v -2.812377 0.242024 -0.071213
v -2.807300 0.238441 -0.075980
v -2.801388 0.234269 -0.078978
v -2.795043 0.229792 -0.080000
v -2.806759 0.212667 0.080000
v -2.813216 0.216981 0.078978
v -2.819232 0.221001 0.075981
v -2.824398 0.224453 0.071213
v -2.828362 0.227102 0.065000
v -2.830855 0.228767 0.057765
v -2.831705 0.229335 0.050000
v -2.831705 0.229335 -0.050000
v -2.830855 0.228767 -0.057764
v -2.828362 0.227102 -0.065000
v -2.824398 0.224453 -0.071213
v -2.819232 0.221001 -0.075980
v -2.813216 0.216981 -0.078978
v -2.806759 0.212667 -0.080000
v -2.818531 0.194625 0.080000
v -2.825067 0.198818 0.078978
v -2.831156 0.202725 0.075981
v -2.836386 0.206081 0.071213
v -2.840399 0.208655 0.065000
v -2.842921 0.210274 0.057765
v -2.843782 0.210826 0.050000
v -2.843782 0.210826 -0.050000
v -2.842921 0.210274 -0.057764
v -2.840399 0.208655 -0.065000
v -2.836386 0.206081 -0.071213
v -2.831156 0.202725 -0.075980
v -2.825067 0.198818 -0.078978
v -2.818531 0.194625 -0.080000
v -2.830491 0.175667 0.080000
v -2.837077 0.179779 0.078978
v -2.843215 0.183610 0.075981
v -2.848485 0.186901 0.071213
v -2.852530 0.189426 0.065000
v -2.855072 0.191013 0.057765
v -2.855939 0.191554 0.050000
v -2.855939 0.191554 -0.050000
v -2.855072 0.191013 -0.057764
v -2.852530 0.189426 -0.065000
v -2.848485 0.186901 -0.071213
v -2.843215 0.183610 -0.075980
v -2.837077 0.179779 -0.078978
v -2.830491 0.175667 -0.080000
v -2.842770 0.155792 0.080000
v -2.849384 0.159859 0.078978
v -2.855547 0.163650 0.075981
v -2.860839 0.166905 0.071213
v -2.864900 0.169403 0.065000
v -2.867453 0.170973 0.057765
v -2.868324 0.171508 0.050000
v -2.868324 0.171508 -0.050000
v -2.867453 0.170973 -0.057764
v -2.864900 0.169403 -0.065000
v -2.860839 0.166905 -0.071213
v -2.855547 0.163650 -0.075980
v -2.849384 0.159859 -0.078978
v -2.842770 0.155792 -0.080000
v -2.855500 0.135000 0.080000
v -2.862108 0.139078 0.078978
v -2.868264 0.142879 0.075981
v -2.873552 0.146142 0.071213
v -2.877609 0.148647 0.065000
v -2.880159 0.150221 0.057765
v -2.881029 0.150758 0.050000
v -2.881029 0.150758 -0.050000
v -2.880159 0.150221 -0.057764
v -2.877609 0.148647 -0.065000
v -2.873552 0.146142 -0.071213
v -2.868264 0.142879 -0.075980
v -2.862108 0.139078 -0.078978
v -2.855500 0.135000 -0.080000
v -2.862525 0.123712 0.080000
v -2.869099 0.127842 0.078978
v -2.875226 0.131691 0.075981
v -2.880487 0.134996 0.071213
v -2.884525 0.137532 0.065000
v -2.887062 0.139127 0.057765
v -2.887928 0.139671 0.050000
v -2.887928 0.139671 -0.050000
v -2.887062 0.139127 -0.057764
v -2.884525 0.137532 -0.065000
v -2.880487 0.134996 -0.071213
v -2.875226 0.131691 -0.075980
v -2.869099 0.127842 -0.078978
v -2.862525 0.123712 -0.080000
v -2.869195 0.113194 0.080000
v -2.875732 0.117384 0.078978
v -2.881823 0.121289 0.075981
v -2.887054 0.124642 0.071213
v -2.891068 0.127214 0.065000
v -2.893591 0.128832 0.057765
v -2.894452 0.129383 0.050000
v -2.894452 0.129383 -0.050000
v -2.893591 0.128832 -0.057764
v -2.891068 0.127214 -0.065000
v -2.887054 0.124642 -0.071213
v -2.881823 0.121289 -0.075980
v -2.875732 0.117384 -0.078978
v -2.869195 0.113194 -0.080000
v -2.875656 0.103219 0.080000
v -2.882152 0.107473 0.078978
v -2.888205 0.111438 0.075981
v -2.893402 0.114842 0.071213
v -2.897390 0.117454 0.065000
v -2.899898 0.119096 0.057765
v -2.900753 0.119656 0.050000
v -2.900753 0.119656 -0.050000
v -2.899898 0.119096 -0.057764
v -2.897390 0.117454 -0.065000
v -2.893402 0.114842 -0.071213
v -2.888205 0.111438 -0.075980
v -2.882152 0.107473 -0.078978
v -2.875656 0.103219 -0.080000
v -2.882056 0.093556 0.080000
v -2.888508 0.097875 0.078978
v -2.894521 0.101900 0.075981
v -2.899684 0.105357 0.071213
v -2.903646 0.108009 0.065000
v -2.906136 0.109676 0.057765
v -2.906986 0.110245 0.050000
v -2.906986 0.110245 -0.050000
v -2.906136 0.109676 -0.057764
v -2.903646 0.108009 -0.065000
v -2.899684 0.105357 -0.071213
v -2.894521 0.101900 -0.075980
v -2.888508 0.097875 -0.078978
v -2.882056 0.093556 -0.080000
v -2.888538 0.083976 0.080000
v -2.894949 0.088357 0.078978
v -2.900923 0.092439 0.075981
v -2.906053 0.095945 0.071213
v -2.909989 0.098635 0.065000
v -2.912463 0.100326 0.057765
v -2.913307 0.100902 0.050000
v -2.913307 0.100902 -0.050000
v -2.912463 0.100326 -0.057764
v -2.909989 0.098635 -0.065000
v -2.906053 0.095945 -0.071213
v -2.900923 0.092439 -0.075980
v -2.894949 0.088357 -0.078978
v -2.888538 0.083976 -0.080000
v -2.895250 0.074250 0.080000
v -2.901623 0.078685 0.078978
v -2.907563 0.082818 0.075981
v -2.912663 0.086366 0.071213
v -2.916576 0.089090 0.065000
v -2.919036 0.090801 0.057765
v -2.919875 0.091385 0.050000
v -2.919875 0.091385 -0.050000
v -2.919036 0.090801 -0.057764
v -2.916576 0.089090 -0.065000
v -2.912663 0.086366 -0.071213
v -2.907563 0.082818 -0.075980
v -2.901623 0.078685 -0.078978
v -2.895250 0.074250 -0.080000
v -2.902337 0.064149 0.080000
v -2.908679 0.068628 0.078978
v -2.914590 0.072802 0.075981
v -2.919665 0.076386 0.071213
v -2.923560 0.079136 0.065000
v -2.926008 0.080864 0.057765
v -2.926843 0.081454 0.050000
v -2.926843 0.081454 -0.050000
v -2.926008 0.080864 -0.057764
v -2.923560 0.079136 -0.065000
v -2.919665 0.076386 -0.071213
v -2.914590 0.072802 -0.075980
v -2.908679 0.068628 -0.078978
v -2.902337 0.064149 -0.080000
v -2.909945 0.053444 0.080000
v -2.916264 0.057956 0.078978
v -2.922153 0.062160 0.075981
v -2.927210 0.065770 0.071213
v -2.931090 0.068540 0.065000
v -2.933529 0.070281 0.057765
v -2.934361 0.070875 0.050000
v -2.934361 0.070875 -0.050000
v -2.933529 0.070281 -0.057764
v -2.931090 0.068540 -0.065000
v -2.927210 0.065770 -0.071213
v -2.922153 0.062160 -0.075980
v -2.916264 0.057956 -0.078978
v -2.909945 0.053444 -0.080000
v -2.918219 0.041906 0.080000
v -2.924523 0.046440 0.078978
v -2.930397 0.050664 0.075981
v -2.935441 0.054291 0.071213
v -2.939312 0.057075 0.065000
v -2.941745 0.058825 0.057765
v -2.942575 0.059421 0.050000
v -2.942575 0.059421 -0.050000
v -2.941745 0.058825 -0.057764
v -2.939312 0.057075 -0.065000
v -2.935441 0.054291 -0.071213
v -2.930397 0.050664 -0.075980
v -2.924523 0.046440 -0.078978
v -2.918219 0.041906 -0.080000
v -2.927306 0.029306 0.080000
v -2.933601 0.033851 0.078978
v -2.939466 0.038087 0.075981
v -2.944504 0.041724 0.071213
v -2.948369 0.044515 0.065000
v -2.950799 0.046270 0.057765
v -2.951627 0.046868 0.050000
v -2.951627 0.046868 -0.050000
v -2.950799 0.046270 -0.057764
v -2.948369 0.044515 -0.065000
v -2.944504 0.041724 -0.071213
v -2.939466 0.038087 -0.075980
v -2.933601 0.033851 -0.078978
v -2.927306 0.029306 -0.080000
v -2.937351 0.015413 0.080000
v -2.943642 0.019963 0.078978
v -2.949505 0.024203 0.075981
v -2.954540 0.027845 0.071213
v -2.958403 0.030638 0.065000
v -2.960831 0.032395 0.057765
v -2.961660 0.032994 0.050000
v -2.961660 0.032994 -0.050000
v -2.960831 0.032395 -0.057764
v -2.958403 0.030638 -0.065000
v -2.954540 0.027845 -0.071213
v -2.949505 0.024203 -0.075980
v -2.943642 0.019963 -0.078978
v -2.937351 0.015413 -0.080000
v -2.948500 -0.000000 0.080000
v -2.963700 -0.007765 0.078978
v -2.977864 -0.015000 0.075981
v -2.990026 -0.021213 0.071213
v -2.999359 -0.025981 0.065000
v -3.005226 -0.028978 0.057765
v -3.007227 -0.030000 0.050000
v -3.007227 -0.030000 -0.050000
v -3.005226 -0.028978 -0.057764
v -2.999359 -0.025981 -0.065000
v -2.990026 -0.021213 -0.071213
v -2.977864 -0.015000 -0.075980
v -2.963700 -0.007765 -0.078978
v -2.948500 0.000000 -0.080000
v -2.831500 -0.000000 0.080000
v -2.827261 -0.007765 0.078978
v -2.823311 -0.015000 0.075981
v -2.819919 -0.021213 0.071213
v -2.817316 -0.025981 0.065000
v -2.815680 -0.028978 0.057765
v -2.815121 -0.030000 0.050000
v -2.815121 -0.030000 -0.050000
v -2.815680 -0.028978 -0.057764
v -2.817316 -0.025981 -0.065000
v -2.819919 -0.021213 -0.071213
v -2.823311 -0.015000 -0.075981
v -2.827261 -0.007765 -0.078978
v -2.831500 0.000000 -0.080000
v -2.741500 0.140000 0.080000
v -2.734998 0.135757 0.078978
v -2.728938 0.131802 0.075981
v -2.723735 0.128407 0.071213
v -2.719742 0.125801 0.065000
v -2.717232 0.124163 0.057765
v -2.716376 0.123605 0.050000
v -2.716376 0.123605 -0.050000
v -2.717232 0.124163 -0.057764
v -2.719742 0.125801 -0.065000
v -2.723735 0.128407 -0.071213
v -2.728938 0.131802 -0.075981
v -2.734998 0.135757 -0.078978
v -2.741500 0.140000 -0.080000
v -2.719987 0.172479 0.080000
v -2.713584 0.168086 0.078978
v -2.707617 0.163991 0.075981
v -2.702493 0.160475 0.071213
v -2.698562 0.157778 0.065000
v -2.696090 0.156082 0.057765
v -2.695247 0.155503 0.050000
v -2.695247 0.155503 -0.050000
v -2.696090 0.156082 -0.057764
v -2.698562 0.157778 -0.065000
v -2.702493 0.160475 -0.071213
v -2.707617 0.163991 -0.075981
v -2.713584 0.168086 -0.078978
v -2.719987 0.172479 -0.080000
v -2.700315 0.200167 0.080000
v -2.694079 0.195538 0.078978
v -2.688267 0.191225 0.075981
v -2.683277 0.187521 0.071213
v -2.679448 0.184679 0.065000
v -2.677041 0.182892 0.057765
v -2.676220 0.182283 0.050000
v -2.676220 0.182283 -0.050000
v -2.677041 0.182892 -0.057764
v -2.679448 0.184679 -0.065000
v -2.683277 0.187521 -0.071213
v -2.688267 0.191225 -0.075981
v -2.694079 0.195538 -0.078978
v -2.700315 0.200167 -0.080000
v -2.682281 0.223437 0.080000
v -2.676269 0.218519 0.078978
v -2.670667 0.213937 0.075981
v -2.665856 0.210001 0.071213
v -2.662165 0.206981 0.065000
v -2.659844 0.205083 0.057765
v -2.659053 0.204436 0.050000
v -2.659053 0.204436 -0.050000
v -2.659844 0.205083 -0.057764
v -2.662165 0.206981 -0.065000
v -2.665856 0.210001 -0.071213
v -2.670667 0.213937 -0.075981
v -2.676269 0.218519 -0.078978
v -2.682281 0.223437 -0.080000
v -2.665685 0.242667 0.080000
v -2.659977 0.237397 0.078978
v -2.654657 0.232487 0.075981
v -2.650089 0.228270 0.071213
v -2.646584 0.225034 0.065000
v -2.644381 0.223000 0.057765
v -2.643629 0.222306 0.050000
v -2.643629 0.222306 -0.050000
v -2.644381 0.223000 -0.057764
v -2.646584 0.225034 -0.065000
v -2.650089 0.228270 -0.071213
v -2.654657 0.232487 -0.075981
v -2.659977 0.237397 -0.078978
v -2.665685 0.242667 -0.080000
v -2.650325 0.258229 0.080000
v -2.645027 0.252544 0.078978
v -2.640090 0.247246 0.075981
v -2.635851 0.242696 0.071213
v -2.632598 0.239205 0.065000
v -2.630553 0.237010 0.057765
v -2.629855 0.236262 0.050000
v -2.629855 0.236262 -0.050000
v -2.630553 0.237010 -0.057764
v -2.632598 0.239205 -0.065000
v -2.635851 0.242696 -0.071213
v -2.640090 0.247246 -0.075981
v -2.645027 0.252544 -0.078978
v -2.650325 0.258229 -0.080000
v -2.636000 0.270500 0.080000
v -2.631250 0.264345 0.078978
v -2.626824 0.258610 0.075981
v -2.623023 0.253684 0.071213
v -2.620106 0.249905 0.065000
v -2.618273 0.247529 0.057765
v -2.617648 0.246719 0.050000
v -2.617648 0.246719 -0.050000
v -2.618273 0.247529 -0.057764
v -2.620106 0.249905 -0.065000
v -2.623023 0.253684 -0.071213
v -2.626824 0.258610 -0.075981
v -2.631250 0.264345 -0.078978
v -2.636000 0.270500 -0.080000
v -2.622508 0.279854 0.080000
v -2.618465 0.273210 0.078978
v -2.614697 0.267018 0.075981
v -2.611461 0.261701 0.071213
v -2.608978 0.257621 0.065000
v -2.607417 0.255056 0.057765
v -2.606885 0.254181 0.050000
v -2.606885 0.254181 -0.050000
v -2.607417 0.255056 -0.057764
v -2.608978 0.257621 -0.065000
v -2.611461 0.261701 -0.071213
v -2.614697 0.267018 -0.075981
v -2.618465 0.273210 -0.078978
v -2.622508 0.279854 -0.080000
v -2.609648 0.286667 0.080000
v -2.606458 0.279570 0.078978
v -2.603486 0.272957 0.075981
v -2.600933 0.267278 0.071213
v -2.598974 0.262920 0.065000
v -2.597743 0.260181 0.057765
v -2.597323 0.259246 0.050000
v -2.597323 0.259246 -0.050000
v -2.597743 0.260181 -0.057764
v -2.598974 0.262920 -0.065000
v -2.600933 0.267278 -0.071213
v -2.603486 0.272957 -0.075981
v -2.606458 0.279570 -0.078978
v -2.609648 0.286667 -0.080000
v -2.597219 0.291313 0.080000
v -2.594966 0.283865 0.078978
v -2.592867 0.276926 0.075981
v -2.591064 0.270966 0.071213
v -2.589681 0.266394 0.065000
v -2.588811 0.263519 0.057765
v -2.588515 0.262539 0.050000
v -2.588515 0.262539 -0.050000
v -2.588811 0.263519 -0.057764
v -2.589681 0.266394 -0.065000
v -2.591064 0.270966 -0.071213
v -2.592867 0.276926 -0.075981
v -2.594966 0.283865 -0.078978
v -2.597219 0.291313 -0.080000
v -2.585019 0.294167 0.080000
v -2.583675 0.286507 0.078978
v -2.582422 0.279369 0.075981
v -2.581347 0.273240 0.071213
v -2.580522 0.268536 0.065000
v -2.580003 0.265580 0.057765
v -2.579826 0.264571 0.050000
v -2.579826 0.264571 -0.050000
v -2.580003 0.265580 -0.057764
v -2.580522 0.268536 -0.065000
v -2.581347 0.273240 -0.071213
v -2.582422 0.279369 -0.075981
v -2.583675 0.286507 -0.078978
v -2.585019 0.294167 -0.080000
v -2.572846 0.295604 0.080000
v -2.572265 0.287854 0.078978
v -2.571724 0.280632 0.075981
v -2.571259 0.274431 0.071213
v -2.570903 0.269672 0.065000
v -2.570679 0.266681 0.057765
v -2.570602 0.265661 0.050000
v -2.570602 0.265661 -0.050000
v -2.570679 0.266681 -0.057764
v -2.570903 0.269672 -0.065000
v -2.571259 0.274431 -0.071213
v -2.571724 0.280632 -0.075981
v -2.572265 0.287854 -0.078978
v -2.572846 0.295604 -0.080000
v -2.560500 0.296000 0.080000
v -2.560376 0.288235 0.078978
v -2.560260 0.281000 0.075981
v -2.560160 0.274787 0.071213
v -2.560084 0.270019 0.065000
v -2.560036 0.267022 0.057765
v -2.560019 0.266000 0.050000
v -2.560019 0.266000 -0.050000
v -2.560036 0.267022 -0.057764
v -2.560084 0.270019 -0.065000
v -2.560160 0.274787 -0.071213
v -2.560260 0.281000 -0.075981
v -2.560376 0.288235 -0.078978
v -2.560500 0.296000 -0.080000
v -2.519500 0.296000 0.080000
v -2.527265 0.288235 0.078978
v -2.534500 0.281000 0.075981
v -2.540713 0.274787 0.071213
v -2.545481 0.270019 0.065000
v -2.548478 0.267022 0.057765
v -2.549500 0.266000 0.050000
v -2.549500 0.266000 -0.050000
v -2.548478 0.267022 -0.057764
v -2.545481 0.270019 -0.065000
v -2.540713 0.274787 -0.071213
v -2.534500 0.281000 -0.075981
v -2.527265 0.288235 -0.078978
v -2.519500 0.296000 -0.080000
v -2.519500 -0.000000 0.080000
v -2.527265 -0.007765 0.078978
v -2.534500 -0.015000 0.075981
v -2.540713 -0.021213 0.071213
v -2.545481 -0.025981 0.065000
v -2.548478 -0.028978 0.057765
v -2.549500 -0.030000 0.050000
v -2.549500 -0.030000 -0.050000
v -2.548478 -0.028978 -0.057764
v -2.545481 -0.025981 -0.065000
v -2.540713 -0.021213 -0.071213
v -2.534500 -0.015000 -0.075981
v -2.527265 -0.007765 -0.078978
v -2.519500 0.000000 -0.080000
v -2.421500 -0.000000 0.080000
v -2.413735 -0.007765 0.078978
v -2.406500 -0.015000 0.075981
v -2.400287 -0.021213 0.071213
v -2.395519 -0.025981 0.065000
v -2.392522 -0.028978 0.057765
v -2.391500 -0.030000 0.050000
v -2.391500 -0.030000 -0.050000
v -2.392522 -0.028978 -0.057764
v -2.395519 -0.025981 -0.065000
v -2.400287 -0.021213 -0.071213
v -2.406500 -0.015000 -0.075981
v -2.413735 -0.007765 -0.078978
v -2.421500 0.000000 -0.080000
v -2.421500 0.682000 0.080000
v -2.413735 0.689765 0.078978
v -2.406500 0.697000 0.075981
v -2.400287 0.703213 0.071213
v -2.395519 0.707981 0.065000
v -2.392522 0.710978 0.057765
v -2.391500 0.712000 0.050000
v -2.391500 0.712000 -0.050000
v -2.392522 0.710978 -0.057764
v -2.395519 0.707981 -0.065000
v -2.400287 0.703213 -0.071213
v -2.406500 0.697000 -0.075980
v -2.413735 0.689765 -0.078978
v -2.421500 0.682000 -0.080000
v -2.593500 0.682000 0.080000
v -2.593675 0.689765 0.078978
v -2.593838 0.697000 0.075981
v -2.593978 0.703213 0.071213
v -2.594085 0.707981 0.065000
v -2.594152 0.710978 0.057765
v -2.594176 0.712000 0.050000
v -2.594176 0.712000 -0.050000
v -2.594152 0.710978 -0.057764
v -2.594085 0.707981 -0.065000
v -2.593978 0.703213 -0.071213
v -2.593838 0.697000 -0.075980
v -2.593675 0.689765 -0.078977
v -2.593500 0.682000 -0.080000
v -2.582500 0.384000 0.080000
v -2.582328 0.391765 0.078978
v -2.582168 0.399000 0.075981
v -2.582030 0.405213 0.071213
v -2.581924 0.409981 0.065000
v -2.581858 0.412978 0.057765
v -2.581835 0.414000 0.050000
v -2.581835 0.414000 -0.050000
v -2.581858 0.412978 -0.057764
v -2.581924 0.409981 -0.065000
v -2.582030 0.405213 -0.071213
v -2.582168 0.399000 -0.075981
v -2.582328 0.391765 -0.078978
v -2.582500 0.384000 -0.080000
v -2.607213 0.385095 0.080000
v -2.606479 0.392835 0.078978
v -2.605795 0.400047 0.075981
v -2.605208 0.406241 0.071213
v -2.604758 0.410993 0.065000
v -2.604475 0.413980 0.057765
v -2.604378 0.414999 0.050000
v -2.604378 0.414999 -0.050000
v -2.604475 0.413980 -0.057764
v -2.604758 0.410993 -0.065000
v -2.605208 0.406241 -0.071213
v -2.605795 0.400047 -0.075980
v -2.606479 0.392835 -0.078978
v -2.607213 0.385095 -0.080000
v -2.628953 0.388264 0.080000
v -2.627384 0.395882 0.078978
v -2.625922 0.402981 0.075981
v -2.624667 0.409076 0.071213
v -2.623703 0.413754 0.065000
v -2.623098 0.416694 0.057765
v -2.622891 0.417697 0.050000
v -2.622891 0.417697 -0.050000
v -2.623098 0.416694 -0.057764
v -2.623703 0.413754 -0.065000
v -2.624667 0.409076 -0.071213
v -2.625922 0.402981 -0.075980
v -2.627384 0.395882 -0.078978
v -2.628953 0.388264 -0.080000
v -2.647875 0.393328 0.080000
v -2.645365 0.400694 0.078978
v -2.643026 0.407558 0.075981
v -2.641017 0.413453 0.071213
v -2.639476 0.417975 0.065000
v -2.638507 0.420819 0.057765
v -2.638177 0.421788 0.050000
v -2.638177 0.421788 -0.050000
v -2.638507 0.420819 -0.057764
v -2.639476 0.417975 -0.065000
v -2.641017 0.413453 -0.071213
v -2.643026 0.407558 -0.075980
v -2.645365 0.400694 -0.078978
v -2.647875 0.393328 -0.080000
v -2.664129 0.400111 0.080000
v -2.660603 0.407053 0.078978
v -2.657317 0.413522 0.075981
v -2.654495 0.419077 0.071213
v -2.652330 0.423339 0.065000
v -2.650969 0.426019 0.057765
v -2.650505 0.426933 0.050000
v -2.650505 0.426933 -0.050000
v -2.650969 0.426019 -0.057764
v -2.652330 0.423339 -0.065000
v -2.654495 0.419077 -0.071213
v -2.657317 0.413522 -0.075980
v -2.660603 0.407053 -0.078978
v -2.664129 0.400111 -0.080000
v -2.677870 0.408436 0.080000
v -2.673312 0.414753 0.078978
v -2.669065 0.420639 0.075981
v -2.665418 0.425694 0.071213
v -2.662620 0.429573 0.065000
v -2.660860 0.432011 0.057765
v -2.660260 0.432843 0.050000
v -2.660260 0.432843 -0.050000
v -2.660860 0.432011 -0.057764
v -2.662620 0.429573 -0.065000
v -2.665418 0.425694 -0.071213
v -2.669065 0.420639 -0.075980
v -2.673312 0.414753 -0.078978
v -2.677870 0.408436 -0.080000
v -2.689250 0.418125 0.080000
v -2.683728 0.423621 0.078978
v -2.678582 0.428742 0.075981
v -2.674163 0.433140 0.071213
v -2.670772 0.436514 0.065000
v -2.668640 0.438636 0.057765
v -2.667913 0.439359 0.050000
v -2.667913 0.439359 -0.050000
v -2.668640 0.438636 -0.057764
v -2.670772 0.436514 -0.065000
v -2.674163 0.433140 -0.071213
v -2.678582 0.428742 -0.075980
v -2.683728 0.423621 -0.078978
v -2.689250 0.418125 -0.080000
v -2.698421 0.429002 0.080000
v -2.692081 0.433528 0.078978
v -2.686173 0.437745 0.075981
v -2.681100 0.441367 0.071213
v -2.677207 0.444146 0.065000
v -2.674760 0.445893 0.057765
v -2.673925 0.446489 0.050000
v -2.673925 0.446489 -0.050000
v -2.674760 0.445893 -0.057764
v -2.677207 0.444146 -0.065000
v -2.681100 0.441367 -0.071213
v -2.686173 0.437745 -0.075980
v -2.692081 0.433528 -0.078978
v -2.698421 0.429002 -0.080000
v -2.705537 0.440889 0.080000
v -2.698574 0.444375 0.078978
v -2.692086 0.447623 0.075981
v -2.686515 0.450413 0.071213
v -2.682239 0.452553 0.065000
v -2.679552 0.453898 0.057765
v -2.678635 0.454357 0.050000
v -2.678635 0.454357 -0.050000
v -2.679552 0.453898 -0.057764
v -2.682239 0.452553 -0.065000
v -2.686515 0.450413 -0.071213
v -2.692086 0.447623 -0.075980
v -2.698574 0.444375 -0.078978
v -2.705537 0.440889 -0.080000
v -2.710750 0.453609 0.080000
v -2.703366 0.456066 0.078978
v -2.696484 0.458355 0.075981
v -2.690575 0.460321 0.071213
v -2.686041 0.461829 0.065000
v -2.683190 0.462777 0.057765
v -2.682218 0.463100 0.050000
v -2.682218 0.463100 -0.050000
v -2.683190 0.462777 -0.057764
v -2.686041 0.461829 -0.065000
v -2.690575 0.460321 -0.071213
v -2.696484 0.458355 -0.075980
v -2.703366 0.456066 -0.078978
v -2.710750 0.453609 -0.080000
v -2.714213 0.466986 0.080000
v -2.706580 0.468483 0.078978
v -2.699467 0.469877 0.075981
v -2.693359 0.471074 0.071213
v -2.688672 0.471993 0.065000
v -2.685726 0.472571 0.057765
v -2.684721 0.472768 0.050000
v -2.684721 0.472768 -0.050000
v -2.685726 0.472571 -0.057764
v -2.688672 0.471993 -0.065000
v -2.693359 0.471074 -0.071213
v -2.699467 0.469877 -0.075980
v -2.706580 0.468483 -0.078977
v -2.714213 0.466986 -0.080000
v -2.716079 0.480842 0.080000
v -2.708330 0.481477 0.078978
v -2.701109 0.482069 0.075981
v -2.694908 0.482578 0.071213
v -2.690150 0.482968 0.065000
v -2.687159 0.483213 0.057765
v -2.686139 0.483296 0.050000
v -2.686139 0.483296 -0.050000
v -2.687159 0.483213 -0.057764
v -2.690150 0.482968 -0.065000
v -2.694908 0.482578 -0.071213
v -2.701109 0.482069 -0.075980
v -2.708330 0.481477 -0.078977
v -2.716079 0.480842 -0.080000
v -2.716500 0.495000 0.080000
v -2.708728 0.494857 0.078978
v -2.701485 0.494723 0.075981
v -2.695266 0.494608 0.071213
v -2.690494 0.494520 0.065000
v -2.687494 0.494465 0.057765
v -2.686470 0.494446 0.050000
v -2.686470 0.494446 -0.050000
v -2.687494 0.494465 -0.057764
v -2.690494 0.494520 -0.065000
v -2.695266 0.494608 -0.071213
v -2.701485 0.494723 -0.075980
v -2.708728 0.494857 -0.078977
v -2.716500 0.495000 -0.080000
v -2.715467 0.510471 0.080000
v -2.707750 0.509507 0.078978
v -2.700558 0.508609 0.075981
v -2.694383 0.507838 0.071213
v -2.689644 0.507247 0.065000
v -2.686665 0.506875 0.057765
v -2.685649 0.506748 0.050000
v -2.685649 0.506748 -0.050000
v -2.686665 0.506875 -0.057764
v -2.689644 0.507247 -0.065000
v -2.694383 0.507838 -0.071213
v -2.700558 0.508609 -0.075980
v -2.707750 0.509507 -0.078977
v -2.715467 0.510471 -0.080000
v -2.712824 0.524852 0.080000
v -2.705281 0.522936 0.078978
v -2.698253 0.521151 0.075981
v -2.692217 0.519618 0.071213
v -2.687586 0.518442 0.065000
v -2.684675 0.517703 0.057765
v -2.683682 0.517451 0.050000
v -2.683682 0.517451 -0.050000
v -2.684675 0.517703 -0.057764
v -2.687586 0.518442 -0.065000
v -2.692217 0.519618 -0.071213
v -2.698253 0.521151 -0.075980
v -2.705281 0.522936 -0.078977
v -2.712824 0.524852 -0.080000
v -2.708500 0.538094 0.080000
v -2.701301 0.535125 0.078978
v -2.694593 0.532358 0.075981
v -2.688833 0.529982 0.071213
v -2.684413 0.528159 0.065000
v -2.681635 0.527013 0.057765
v -2.680687 0.526622 0.050000
v -2.680687 0.526622 -0.050000
v -2.681635 0.527013 -0.057764
v -2.684413 0.528159 -0.065000
v -2.688833 0.529982 -0.071213
v -2.694593 0.532358 -0.075980
v -2.701301 0.535125 -0.078977
v -2.708500 0.538094 -0.080000
v -2.702426 0.550148 0.080000
v -2.695778 0.546086 0.078978
v -2.689584 0.542300 0.075981
v -2.684264 0.539049 0.071213
v -2.680182 0.536555 0.065000
v -2.677617 0.534987 0.057765
v -2.676742 0.534452 0.050000
v -2.676742 0.534452 -0.050000
v -2.677617 0.534987 -0.057764
v -2.680182 0.536555 -0.065000
v -2.684264 0.539049 -0.071213
v -2.689584 0.542300 -0.075980
v -2.695778 0.546086 -0.078977
v -2.702426 0.550148 -0.080000
v -2.694532 0.560966 0.080000
v -2.688645 0.555862 0.078978
v -2.683159 0.551105 0.075981
v -2.678448 0.547021 0.071213
v -2.674833 0.543886 0.065000
v -2.672561 0.541916 0.057765
v -2.671786 0.541244 0.050000
v -2.671786 0.541244 -0.050000
v -2.672561 0.541916 -0.057764
v -2.674833 0.543886 -0.065000
v -2.678448 0.547021 -0.071213
v -2.683159 0.551105 -0.075980
v -2.688645 0.555862 -0.078977
v -2.694532 0.560966 -0.080000
v -2.684750 0.570500 0.080000
v -2.679784 0.564497 0.078978
v -2.675157 0.558903 0.075981
v -2.671184 0.554100 0.071213
v -2.668135 0.550414 0.065000
v -2.666219 0.548097 0.057765
v -2.665565 0.547307 0.050000
v -2.665565 0.547307 -0.050000
v -2.666219 0.548097 -0.057764
v -2.668135 0.550414 -0.065000
v -2.671184 0.554100 -0.071213
v -2.675157 0.558903 -0.075980
v -2.679784 0.564497 -0.078977
v -2.684750 0.570500 -0.080000
v -2.673009 0.578700 0.080000
v -2.669041 0.572001 0.078978
v -2.665343 0.565758 0.075981
v -2.662168 0.560397 0.071213
v -2.659732 0.556284 0.065000
v -2.658200 0.553698 0.057765
v -2.657677 0.552816 0.050000
v -2.657677 0.552816 -0.050000
v -2.658200 0.553698 -0.057764
v -2.659732 0.556284 -0.065000
v -2.662168 0.560397 -0.071213
v -2.665343 0.565758 -0.075980
v -2.669041 0.572001 -0.078977
v -2.673009 0.578700 -0.080000
v -2.659241 0.585519 0.080000
v -2.656256 0.578332 0.078978
v -2.653476 0.571635 0.075981
v -2.651088 0.565884 0.071213
v -2.649255 0.561472 0.065000
v -2.648103 0.558698 0.057765
v -2.647710 0.557751 0.050000
v -2.647710 0.557751 -0.050000
v -2.648103 0.558698 -0.057764
v -2.649255 0.561472 -0.065000
v -2.651088 0.565884 -0.071213
v -2.653476 0.571635 -0.075980
v -2.656256 0.578332 -0.078977
v -2.659241 0.585519 -0.080000
v -2.643375 0.590906 0.080000
v -2.641297 0.583412 0.078978
v -2.639362 0.576428 0.075981
v -2.637699 0.570431 0.071213
v -2.636424 0.565829 0.065000
v -2.635622 0.562936 0.057765
v -2.635348 0.561949 0.050000
v -2.635348 0.561949 -0.050000
v -2.635622 0.562936 -0.057764
v -2.636424 0.565829 -0.065000
v -2.637699 0.570431 -0.071213
v -2.639362 0.576428 -0.075980
v -2.641297 0.583412 -0.078977
v -2.643375 0.590906 -0.080000
v -2.625343 0.594815 0.080000
v -2.624064 0.587147 0.078978
v -2.622873 0.580002 0.075981
v -2.621850 0.573866 0.071213
v -2.621065 0.569158 0.065000
v -2.620572 0.566198 0.057765
v -2.620404 0.565189 0.050000
v -2.620404 0.565189 -0.050000
v -2.620572 0.566198 -0.057764
v -2.621065 0.569158 -0.065000
v -2.621850 0.573866 -0.071213
v -2.622873 0.580002 -0.075980
v -2.624064 0.587147 -0.078977
v -2.625343 0.594815 -0.080000
v -2.605074 0.597196 0.080000
v -2.604482 0.589447 0.078978
v -2.603930 0.582227 0.075981
v -2.603456 0.576027 0.071213
v -2.603093 0.571269 0.065000
v -2.602864 0.568278 0.057765
v -2.602786 0.567258 0.050000
v -2.602786 0.567258 -0.050000
v -2.602864 0.568278 -0.057764
v -2.603093 0.571269 -0.065000
v -2.603456 0.576027 -0.071213
v -2.603930 0.582227 -0.075980
v -2.604482 0.589447 -0.078977
v -2.605074 0.597196 -0.080000
v -2.582500 0.598000 0.080000
v -2.582362 0.590235 0.078978
v -2.582233 0.583000 0.075981
v -2.582122 0.576787 0.071213
v -2.582037 0.572019 0.065000
v -2.581984 0.569022 0.057765
v -2.581966 0.568000 0.050000
v -2.581966 0.568000 -0.050000
v -2.581984 0.569022 -0.057764
v -2.582037 0.572019 -0.065000
v -2.582122 0.576787 -0.071213
v -2.582233 0.583000 -0.075980
v -2.582362 0.590235 -0.078978
v -2.582500 0.598000 -0.080000
v -2.519500 0.598000 0.080000
v -2.527265 0.590235 0.078978
v -2.534500 0.583000 0.075981
v -2.540713 0.576787 0.071213
v -2.545481 0.572019 0.065000
v -2.548478 0.569022 0.057765
v -2.549500 0.568000 0.050000
v -2.549500 0.568000 -0.050000
v -2.548478 0.569022 -0.057764
v -2.545481 0.572019 -0.065000
v -2.540713 0.576787 -0.071213
v -2.534500 0.583000 -0.075980
v -2.527265 0.590235 -0.078978
v -2.519500 0.598000 -0.080000
v -2.519500 0.384000 0.080000
v -2.527265 0.391765 0.078978
v -2.534500 0.399000 0.075981
v -2.540713 0.405213 0.071213
v -2.545481 0.409981 0.065000
v -2.548478 0.412978 0.057765
v -2.549500 0.414000 0.050000
v -2.549500 0.414000 -0.050000
v -2.548478 0.412978 -0.057764
v -2.545481 0.409981 -0.065000
v -2.540713 0.405213 -0.071213
v -2.534500 0.399000 -0.075981
v -2.527265 0.391765 -0.078978
v -2.519500 0.384000 -0.080000
vn -0.0000 -0.0000 -1.0000
vn -0.0000 -0.0000 1.0000
vn -0.0980 -0.2407 0.9656
vn -0.0456 -0.1223 0.9914
vn -0.0492 -0.1209 0.9914
vn -0.1889 -0.4639 0.8655
vn -0.0908 -0.2437 0.9656
vn -0.2669 -0.6554 0.7065
vn -0.1749 -0.4694 0.8655
vn -0.3267 -0.8023 0.4995
vn -0.2471 -0.6632 0.7065
vn -0.3643 -0.8947 0.2585
vn -0.3024 -0.8118 0.4995
vn -0.3763 -0.9242 0.0654
vn -0.3372 -0.9052 0.2585
vn -0.3483 -0.9351 -0.0654
vn -0.3763 -0.9242 -0.0654
vn -0.3372 -0.9052 -0.2585
vn -0.3643 -0.8947 -0.2585
vn -0.3024 -0.8118 -0.4995
vn -0.3267 -0.8023 -0.4995
vn -0.2471 -0.6632 -0.7065
vn -0.2669 -0.6554 -0.7065
vn -0.1749 -0.4694 -0.8655
vn -0.1889 -0.4639 -0.8655
vn -0.0908 -0.2437 -0.9656
vn -0.0980 -0.2407 -0.9656
vn -0.0456 -0.1223 -0.9914
vn -0.0492 -0.1209 -0.9914
vn -0.0415 -0.1237 0.9914
vn -0.0827 -0.2466 0.9656
vn -0.1593 -0.4750 0.8654
vn -0.2251 -0.6710 0.7064
vn -0.2755 -0.8214 0.4994
vn -0.3483 -0.9351 0.0654
vn -0.3072 -0.9159 0.2585
vn -0.3173 -0.9461 -0.0654
vn -0.3072 -0.9159 -0.2585
vn -0.2755 -0.8214 -0.4994
vn -0.2251 -0.6710 -0.7064
vn -0.1593 -0.4750 -0.8654
vn -0.0827 -0.2466 -0.9656
vn -0.0415 -0.1237 -0.9914
vn -0.0371 -0.1251 0.9914
vn -0.0739 -0.2495 0.9656
vn -0.1424 -0.4804 0.8654
vn -0.2011 -0.6786 0.7064
vn -0.2462 -0.8306 0.4994
vn -0.3173 -0.9461 0.0654
vn -0.2745 -0.9262 0.2585
vn -0.2836 -0.9567 -0.0654
vn -0.2745 -0.9262 -0.2585
vn -0.2462 -0.8306 -0.4994
vn -0.2011 -0.6786 -0.7064
vn -0.1424 -0.4804 -0.8654
vn -0.0739 -0.2495 -0.9656
vn -0.0371 -0.1251 -0.9914
vn -0.0324 -0.1264 0.9914
vn -0.0646 -0.2521 0.9655
vn -0.1244 -0.4854 0.8654
vn -0.1757 -0.6857 0.7064
vn -0.2150 -0.8393 0.4994
vn -0.2836 -0.9567 0.0654
vn -0.2397 -0.9358 0.2585
vn -0.2476 -0.9666 -0.0654
vn -0.2397 -0.9358 -0.2585
vn -0.2150 -0.8393 -0.4994
vn -0.1757 -0.6857 -0.7064
vn -0.1244 -0.4854 -0.8654
vn -0.0646 -0.2521 -0.9655
vn -0.0324 -0.1264 -0.9914
vn -0.0275 -0.1276 0.9914
vn -0.0548 -0.2544 0.9655
vn -0.1056 -0.4899 0.8654
vn -0.1491 -0.6920 0.7064
vn -0.1825 -0.8469 0.4994
vn -0.2477 -0.9666 0.0654
vn -0.2035 -0.9443 0.2585
vn -0.2102 -0.9755 -0.0654
vn -0.2035 -0.9443 -0.2585
vn -0.1825 -0.8469 -0.4994
vn -0.1491 -0.6920 -0.7064
vn -0.1056 -0.4899 -0.8654
vn -0.0548 -0.2544 -0.9655
vn -0.0275 -0.1276 -0.9914
vn -0.0449 -0.2564 0.9655
vn -0.1221 -0.6972 0.7064
vn -0.1495 -0.8534 0.4994
vn -0.1721 -0.9829 0.0654
vn -0.2102 -0.9755 0.0654
vn -0.1721 -0.9829 -0.0654
vn -0.1495 -0.8534 -0.4994
vn -0.1221 -0.6972 -0.7064
vn -0.0449 -0.2564 -0.9655
vn -0.0350 -0.2579 0.9655
vn -0.0225 -0.1285 0.9914
vn -0.0674 -0.4966 0.8654
vn -0.0865 -0.4936 0.8654
vn -0.0952 -0.7014 0.7064
vn -0.1166 -0.8585 0.4994
vn -0.1300 -0.9572 0.2585
vn -0.1666 -0.9515 0.2585
vn -0.1343 -0.9888 0.0654
vn -0.1343 -0.9888 -0.0654
vn -0.1666 -0.9515 -0.2585
vn -0.1300 -0.9572 -0.2585
vn -0.1166 -0.8585 -0.4994
vn -0.0865 -0.4936 -0.8654
vn -0.0952 -0.7014 -0.7064
vn -0.0674 -0.4966 -0.8654
vn -0.0225 -0.1285 -0.9914
vn -0.0350 -0.2579 -0.9655
vn -0.0254 -0.2589 0.9656
vn -0.0176 -0.1293 0.9914
vn -0.0489 -0.4987 0.8654
vn -0.0691 -0.7044 0.7064
vn -0.0846 -0.8622 0.4994
vn -0.0943 -0.9614 0.2585
vn -0.0974 -0.9931 0.0654
vn -0.0974 -0.9931 -0.0654
vn -0.0943 -0.9614 -0.2585
vn -0.0846 -0.8622 -0.4994
vn -0.0691 -0.7044 -0.7064
vn -0.0489 -0.4987 -0.8654
vn -0.0176 -0.1293 -0.9914
vn -0.0254 -0.2589 -0.9656
vn -0.0163 -0.2596 0.9656
vn -0.0127 -0.1299 0.9914
vn -0.0314 -0.5000 0.8654
vn -0.0443 -0.7064 0.7065
vn -0.0543 -0.8646 0.4994
vn -0.0605 -0.9641 0.2585
vn -0.0625 -0.9959 0.0654
vn -0.0625 -0.9959 -0.0654
vn -0.0605 -0.9641 -0.2585
vn -0.0543 -0.8646 -0.4994
vn -0.0443 -0.7064 -0.7065
vn -0.0314 -0.5000 -0.8654
vn -0.0127 -0.1299 -0.9914
vn -0.0163 -0.2596 -0.9656
vn -0.0078 -0.2599 0.9656
vn -0.0082 -0.1303 0.9914
vn -0.0151 -0.5007 0.8655
vn -0.0213 -0.7074 0.7065
vn -0.0261 -0.8659 0.4995
vn -0.0290 -0.9656 0.2585
vn -0.0300 -0.9974 0.0654
vn -0.0300 -0.9974 -0.0654
vn -0.0290 -0.9656 -0.2585
vn -0.0261 -0.8659 -0.4995
vn -0.0213 -0.7074 -0.7065
vn -0.0151 -0.5007 -0.8655
vn -0.0082 -0.1303 -0.9914
vn -0.0078 -0.2599 -0.9656
vn 0.0029 -0.1304 0.9915
vn -0.0039 -0.1305 0.9914
vn 0.0058 -0.2614 0.9652
vn 0.0110 -0.5019 0.8649
vn 0.0156 -0.7082 0.7058
vn 0.0191 -0.8664 0.4989
vn 0.0212 -0.9659 0.2582
vn 0.0219 -0.9976 -0.0653
vn 0.0212 -0.9659 -0.2582
vn 0.0191 -0.8664 -0.4989
vn 0.0156 -0.7082 -0.7058
vn 0.0110 -0.5019 -0.8649
vn 0.0058 -0.2614 -0.9652
vn 0.0029 -0.1304 -0.9915
vn -0.0039 -0.1305 -0.9914
vn 0.0154 -0.1294 0.9915
vn 0.0311 -0.2612 0.9648
vn 0.0596 -0.4995 0.8642
vn 0.0839 -0.7040 0.7052
vn 0.1026 -0.8608 0.4985
vn 0.0219 -0.9976 0.0653
vn 0.1144 -0.9594 0.2580
vn 0.1181 -0.9908 -0.0654
vn 0.1144 -0.9594 -0.2580
vn 0.1026 -0.8608 -0.4985
vn 0.0839 -0.7040 -0.7052
vn 0.0596 -0.4995 -0.8642
vn 0.0311 -0.2612 -0.9648
vn 0.0154 -0.1294 -0.9915
vn 0.0311 -0.1265 0.9915
vn 0.0628 -0.2556 0.9648
vn 0.1200 -0.4886 0.8642
vn 0.1691 -0.6885 0.7052
vn 0.2068 -0.8419 0.4985
vn 0.1181 -0.9908 0.0654
vn 0.2305 -0.9383 0.2580
vn 0.2380 -0.9691 -0.0654
vn 0.2305 -0.9383 -0.2580
vn 0.2068 -0.8419 -0.4985
vn 0.1691 -0.6885 -0.7052
vn 0.1200 -0.4886 -0.8642
vn 0.0628 -0.2556 -0.9648
vn 0.0311 -0.1265 -0.9915
vn 0.0467 -0.1216 0.9915
vn 0.0943 -0.2458 0.9647
vn 0.1803 -0.4698 0.8642
vn 0.2541 -0.6619 0.7052
vn 0.3107 -0.8093 0.4985
vn 0.2380 -0.9691 0.0654
vn 0.3462 -0.9020 0.2580
vn 0.3576 -0.9316 -0.0654
vn 0.3462 -0.9020 -0.2580
vn 0.3107 -0.8093 -0.4985
vn 0.2541 -0.6619 -0.7052
vn 0.1803 -0.4698 -0.8642
vn 0.0943 -0.2458 -0.9647
vn 0.0467 -0.1216 -0.9915
vn 0.0619 -0.1146 0.9915
vn 0.1252 -0.2317 0.9647
vn 0.2392 -0.4428 0.8641
vn 0.3370 -0.6238 0.7051
vn 0.4121 -0.7627 0.4984
vn 0.3576 -0.9316 0.0654
vn 0.4592 -0.8500 0.2580
vn 0.4743 -0.8779 -0.0654
vn 0.4592 -0.8500 -0.2580
vn 0.4121 -0.7627 -0.4984
vn 0.3370 -0.6238 -0.7051
vn 0.2392 -0.4428 -0.8641
vn 0.1252 -0.2317 -0.9647
vn 0.0619 -0.1146 -0.9915
vn 0.0764 -0.1055 0.9915
vn 0.1545 -0.2133 0.9647
vn 0.2953 -0.4076 0.8641
vn 0.4160 -0.5743 0.7051
vn 0.5086 -0.7021 0.4984
vn 0.4743 -0.8779 0.0654
vn 0.5668 -0.7824 0.2580
vn 0.5854 -0.8081 -0.0654
vn 0.5668 -0.7824 -0.2580
vn 0.5086 -0.7021 -0.4984
vn 0.4160 -0.5743 -0.7051
vn 0.2953 -0.4076 -0.8641
vn 0.1545 -0.2133 -0.9647
vn 0.0764 -0.1055 -0.9915
vn 0.0898 -0.0943 0.9915
vn 0.1817 -0.1908 0.9647
vn 0.3471 -0.3646 0.8641
vn 0.4890 -0.5136 0.7051
vn 0.5978 -0.6279 0.4984
vn 0.5854 -0.8081 0.0654
vn 0.6662 -0.6997 0.2580
vn 0.6881 -0.7227 -0.0654
vn 0.6662 -0.6997 -0.2580
vn 0.5978 -0.6279 -0.4984
vn 0.4890 -0.5136 -0.7051
vn 0.3471 -0.3646 -0.8641
vn 0.1817 -0.1908 -0.9647
vn 0.0898 -0.0943 -0.9915
vn 0.1017 -0.0813 0.9915
vn 0.2059 -0.1645 0.9646
vn 0.3932 -0.3142 0.8641
vn 0.5540 -0.4427 0.7051
vn 0.6773 -0.5412 0.4984
vn 0.6881 -0.7227 0.0654
vn 0.7548 -0.6031 0.2580
vn 0.7795 -0.6229 -0.0654
vn 0.7548 -0.6031 -0.2580
vn 0.6773 -0.5412 -0.4984
vn 0.5540 -0.4427 -0.7051
vn 0.3932 -0.3142 -0.8641
vn 0.2059 -0.1645 -0.9646
vn 0.1017 -0.0813 -0.9915
vn 0.1119 -0.0667 0.9915
vn 0.2264 -0.1349 0.9646
vn 0.4324 -0.2577 0.8641
vn 0.6092 -0.3630 0.7051
vn 0.7447 -0.4438 0.4984
vn 0.7795 -0.6229 0.0654
vn 0.8300 -0.4946 0.2580
vn 0.8572 -0.5108 -0.0654
vn 0.8300 -0.4946 -0.2580
vn 0.7447 -0.4438 -0.4984
vn 0.6092 -0.3630 -0.7051
vn 0.4324 -0.2577 -0.8641
vn 0.2264 -0.1349 -0.9646
vn 0.1119 -0.0667 -0.9915
vn 0.2427 -0.1027 0.9646
vn 0.4636 -0.1962 0.8641
vn 0.6530 -0.2764 0.7051
vn 0.7984 -0.3380 0.4984
vn 0.8897 -0.3766 0.2580
vn 0.9189 -0.3890 0.0654
vn 0.8572 -0.5108 0.0654
vn 0.9189 -0.3890 -0.0654
vn 0.8897 -0.3766 -0.2580
vn 0.7984 -0.3380 -0.4984
vn 0.6530 -0.2764 -0.7051
vn 0.4636 -0.1962 -0.8641
vn 0.2427 -0.1027 -0.9646
vn 0.2543 -0.0689 0.9647
vn 0.1199 -0.0508 0.9915
vn 0.4859 -0.1316 0.8641
vn 0.6845 -0.1853 0.7051
vn 0.8368 -0.2266 0.4984
vn 0.9326 -0.2525 0.2580
vn 0.9632 -0.2608 0.0654
vn 0.9632 -0.2608 -0.0654
vn 0.9326 -0.2525 -0.2580
vn 0.8368 -0.2266 -0.4984
vn 0.6845 -0.1853 -0.7051
vn 0.4859 -0.1316 -0.8641
vn 0.1199 -0.0508 -0.9915
vn 0.2543 -0.0689 -0.9647
vn 0.2612 -0.0343 0.9647
vn 0.1257 -0.0340 0.9915
vn 0.4990 -0.0656 0.8641
vn 0.7030 -0.0924 0.7051
vn 0.8595 -0.1129 0.4984
vn 0.9579 -0.1259 0.2580
vn 0.9894 -0.1300 0.0654
vn 0.9894 -0.1300 -0.0654
vn 0.9579 -0.1259 -0.2580
vn 0.8595 -0.1129 -0.4984
vn 0.7030 -0.0924 -0.7051
vn 0.4990 -0.0656 -0.8641
vn 0.1257 -0.0340 -0.9915
vn 0.2612 -0.0343 -0.9647
vn 0.2633 0.0001 0.9647
vn 0.1291 -0.0170 0.9915
vn 0.5033 0.0003 0.8641
vn 0.7091 0.0004 0.7051
vn 0.8669 0.0005 0.4984
vn 0.9662 0.0005 0.2580
vn 0.9979 0.0005 0.0654
vn 0.9979 0.0005 -0.0654
vn 0.9662 0.0005 -0.2580
vn 0.8669 0.0005 -0.4984
vn 0.7091 0.0004 -0.7051
vn 0.5033 0.0003 -0.8641
vn 0.1291 -0.0170 -0.9915
vn 0.2633 0.0001 -0.9647
vn 0.1291 0.0172 0.9915
vn 0.1303 0.0001 0.9915
vn 0.2611 0.0347 0.9647
vn 0.4989 0.0664 0.8641
vn 0.7029 0.0935 0.7051
vn 0.8594 0.1143 0.4984
vn 0.9577 0.1274 0.2580
vn 0.9892 0.1315 -0.0654
vn 0.9577 0.1274 -0.2580
vn 0.8594 0.1143 -0.4984
vn 0.7029 0.0935 -0.7051
vn 0.4989 0.0664 -0.8641
vn 0.2611 0.0347 -0.9647
vn 0.1291 0.0172 -0.9915
vn 0.1303 0.0001 -0.9915
vn 0.1256 0.0343 0.9915
vn 0.2542 0.0693 0.9647
vn 0.4856 0.1324 0.8641
vn 0.6841 0.1865 0.7051
vn 0.8364 0.2280 0.4984
vn 0.9892 0.1316 0.0654
vn 0.9321 0.2541 0.2580
vn 0.9627 0.2624 -0.0654
vn 0.9321 0.2541 -0.2580
vn 0.8364 0.2280 -0.4984
vn 0.6841 0.1865 -0.7051
vn 0.4856 0.1324 -0.8641
vn 0.2542 0.0693 -0.9647
vn 0.1256 0.0343 -0.9915
vn 0.1199 0.0508 0.9915
vn 0.2426 0.1028 0.9647
vn 0.4635 0.1964 0.8641
vn 0.6529 0.2766 0.7051
vn 0.7983 0.3382 0.4984
vn 0.9627 0.2624 0.0654
vn 0.8896 0.3769 0.2579
vn 0.9188 0.3893 -0.0654
vn 0.8896 0.3769 -0.2579
vn 0.7983 0.3382 -0.4984
vn 0.6529 0.2766 -0.7051
vn 0.4635 0.1964 -0.8641
vn 0.2426 0.1028 -0.9647
vn 0.1199 0.0508 -0.9915
vn 0.2266 0.1344 0.9647
vn 0.4330 0.2567 0.8641
vn 0.6099 0.3617 0.7051
vn 0.7457 0.4422 0.4984
vn 0.8311 0.4928 0.2580
vn 0.8583 0.5089 0.0654
vn 0.9188 0.3893 0.0654
vn 0.8583 0.5089 -0.0654
vn 0.8311 0.4928 -0.2580
vn 0.7457 0.4422 -0.4984
vn 0.6099 0.3617 -0.7051
vn 0.4330 0.2567 -0.8641
vn 0.2266 0.1344 -0.9647
vn 0.2067 0.1634 0.9647
vn 0.1120 0.0664 0.9915
vn 0.3948 0.3122 0.8641
vn 0.5563 0.4398 0.7051
vn 0.6801 0.5377 0.4984
vn 0.7579 0.5992 0.2580
vn 0.7828 0.6189 0.0654
vn 0.7828 0.6189 -0.0654
vn 0.7579 0.5992 -0.2580
vn 0.6801 0.5377 -0.4984
vn 0.5563 0.4398 -0.7051
vn 0.3948 0.3122 -0.8641
vn 0.1120 0.0664 -0.9915
vn 0.2067 0.1634 -0.9647
vn 0.1832 0.1893 0.9647
vn 0.1022 0.0808 0.9915
vn 0.3500 0.3617 0.8641
vn 0.4931 0.5095 0.7051
vn 0.6029 0.6230 0.4984
vn 0.6719 0.6943 0.2580
vn 0.6940 0.7170 0.0654
vn 0.6940 0.7170 -0.0654
vn 0.6719 0.6943 -0.2580
vn 0.6029 0.6230 -0.4984
vn 0.4931 0.5095 -0.7051
vn 0.3500 0.3617 -0.8641
vn 0.1022 0.0808 -0.9915
vn 0.1832 0.1893 -0.9647
vn 0.1567 0.2117 0.9647
vn 0.0906 0.0936 0.9915
vn 0.2995 0.4045 0.8641
vn 0.4220 0.5698 0.7051
vn 0.5159 0.6967 0.4984
vn 0.5750 0.7764 0.2580
vn 0.5938 0.8019 0.0654
vn 0.5938 0.8019 -0.0654
vn 0.5750 0.7764 -0.2580
vn 0.5159 0.6967 -0.4984
vn 0.4220 0.5698 -0.7051
vn 0.2995 0.4045 -0.8641
vn 0.0906 0.0936 -0.9915
vn 0.1567 0.2117 -0.9647
vn 0.1279 0.2302 0.9647
vn 0.0775 0.1047 0.9915
vn 0.2443 0.4400 0.8641
vn 0.3443 0.6199 0.7051
vn 0.4209 0.7579 0.4984
vn 0.4691 0.8446 0.2580
vn 0.4845 0.8724 0.0654
vn 0.4845 0.8724 -0.0654
vn 0.4691 0.8446 -0.2580
vn 0.4209 0.7579 -0.4984
vn 0.3443 0.6199 -0.7051
vn 0.2443 0.4400 -0.8641
vn 0.0775 0.1047 -0.9915
vn 0.1279 0.2302 -0.9647
vn 0.0971 0.2447 0.9647
vn 0.0632 0.1139 0.9915
vn 0.1856 0.4678 0.8642
vn 0.2615 0.6591 0.7052
vn 0.3197 0.8058 0.4985
vn 0.3563 0.8980 0.2580
vn 0.3680 0.9275 0.0654
vn 0.3680 0.9275 -0.0654
vn 0.3563 0.8980 -0.2580
vn 0.3197 0.8058 -0.4985
vn 0.2615 0.6591 -0.7052
vn 0.1856 0.4678 -0.8642
vn 0.0632 0.1139 -0.9915
vn 0.0971 0.2447 -0.9647
vn 0.0651 0.2551 0.9647
vn 0.0480 0.1211 0.9915
vn 0.1245 0.4876 0.8642
vn 0.1754 0.6870 0.7052
vn 0.2144 0.8400 0.4985
vn 0.2390 0.9361 0.2580
vn 0.2468 0.9669 0.0654
vn 0.2468 0.9669 -0.0654
vn 0.2390 0.9361 -0.2580
vn 0.2144 0.8400 -0.4985
vn 0.1754 0.6870 -0.7052
vn 0.1245 0.4876 -0.8642
vn 0.0480 0.1211 -0.9915
vn 0.0651 0.2551 -0.9647
vn 0.0325 0.2612 0.9647
vn 0.0322 0.1262 0.9915
vn 0.0622 0.4993 0.8642
vn 0.0876 0.7036 0.7052
vn 0.1071 0.8603 0.4985
vn 0.1194 0.9587 0.2580
vn 0.1233 0.9902 0.0654
vn 0.1233 0.9902 -0.0654
vn 0.1194 0.9587 -0.2580
vn 0.1071 0.8603 -0.4985
vn 0.0876 0.7036 -0.7052
vn 0.0622 0.4993 -0.8642
vn 0.0322 0.1262 -0.9915
vn 0.0325 0.2612 -0.9647
vn 0.0061 0.2615 0.9652
vn 0.0161 0.1293 0.9915
vn 0.0118 0.5020 0.8648
vn 0.0166 0.7082 0.7058
vn 0.0203 0.8664 0.4989
vn 0.0227 0.9658 0.2582
vn 0.0234 0.9976 0.0653
vn 0.0234 0.9976 -0.0653
vn 0.0227 0.9658 -0.2582
vn 0.0203 0.8664 -0.4989
vn 0.0166 0.7082 -0.7058
vn 0.0118 0.5020 -0.8648
vn 0.0161 0.1293 -0.9915
vn 0.0061 0.2615 -0.9652
vn -0.0080 0.2599 0.9656
vn 0.0031 0.1304 0.9915
vn -0.0154 0.5007 0.8655
vn -0.0218 0.7074 0.7065
vn -0.0267 0.8659 0.4995
vn -0.0298 0.9655 0.2585
vn -0.0308 0.9974 0.0654
vn -0.0308 0.9974 -0.0654
vn -0.0298 0.9655 -0.2585
vn -0.0267 0.8659 -0.4995
vn -0.0218 0.7074 -0.7065
vn -0.0154 0.5007 -0.8655
vn 0.0031 0.1304 -0.9915
vn -0.0080 0.2599 -0.9656
vn -0.0086 0.1302 0.9914
vn -0.0040 0.1304 0.9914
vn -0.0172 0.2597 0.9655
vn -0.0331 0.5000 0.8654
vn -0.0468 0.7063 0.7064
vn -0.0573 0.8645 0.4994
vn -0.0639 0.9639 0.2585
vn -0.0660 0.9957 -0.0654
vn -0.0639 0.9639 -0.2585
vn -0.0573 0.8645 -0.4994
vn -0.0468 0.7063 -0.7064
vn -0.0331 0.5000 -0.8654
vn -0.0172 0.2597 -0.9655
vn -0.0086 0.1302 -0.9914
vn -0.0040 0.1304 -0.9914
vn -0.0138 0.1298 0.9914
vn -0.0275 0.2589 0.9655
vn -0.0529 0.4984 0.8653
vn -0.0748 0.7039 0.7063
vn -0.0915 0.8616 0.4993
vn -0.0660 0.9957 0.0654
vn -0.1020 0.9606 0.2584
vn -0.1054 0.9923 -0.0654
vn -0.1020 0.9606 -0.2584
vn -0.0915 0.8616 -0.4993
vn -0.0748 0.7039 -0.7063
vn -0.0529 0.4984 -0.8653
vn -0.0275 0.2589 -0.9655
vn -0.0138 0.1298 -0.9914
vn -0.0193 0.1291 0.9914
vn -0.0384 0.2576 0.9655
vn -0.0739 0.4958 0.8653
vn -0.1044 0.7002 0.7063
vn -0.1278 0.8569 0.4993
vn -0.1054 0.9923 0.0654
vn -0.1425 0.9555 0.2584
vn -0.1472 0.9869 -0.0654
vn -0.1425 0.9555 -0.2584
vn -0.1278 0.8569 -0.4993
vn -0.1044 0.7002 -0.7063
vn -0.0739 0.4958 -0.8653
vn -0.0384 0.2576 -0.9655
vn -0.0193 0.1291 -0.9914
vn -0.0494 0.2557 0.9655
vn -0.0952 0.4921 0.8653
vn -0.1344 0.6950 0.7063
vn -0.1645 0.8507 0.4993
vn -0.1834 0.9485 0.2584
vn -0.1895 0.9797 0.0654
vn -0.1472 0.9869 0.0654
vn -0.1895 0.9797 -0.0654
vn -0.1834 0.9485 -0.2584
vn -0.1645 0.8507 -0.4993
vn -0.1344 0.6950 -0.7063
vn -0.0952 0.4921 -0.8653
vn -0.0494 0.2557 -0.9655
vn -0.0601 0.2533 0.9655
vn -0.0248 0.1281 0.9914
vn -0.1156 0.4877 0.8653
vn -0.1633 0.6888 0.7063
vn -0.1999 0.8430 0.4993
vn -0.2228 0.9400 0.2584
vn -0.2302 0.9709 0.0654
vn -0.2302 0.9709 -0.0654
vn -0.2228 0.9400 -0.2584
vn -0.1999 0.8430 -0.4993
vn -0.1633 0.6888 -0.7063
vn -0.1156 0.4877 -0.8653
vn -0.0248 0.1281 -0.9914
vn -0.0601 0.2533 -0.9655
vn -0.0698 0.2507 0.9656
vn -0.0301 0.1270 0.9914
vn -0.1344 0.4827 0.8654
vn -0.1899 0.6819 0.7064
vn -0.2324 0.8346 0.4994
vn -0.2591 0.9306 0.2585
vn -0.2677 0.9613 0.0654
vn -0.2677 0.9613 -0.0654
vn -0.2591 0.9306 -0.2585
vn -0.2324 0.8346 -0.4994
vn -0.1899 0.6819 -0.7064
vn -0.1344 0.4827 -0.8654
vn -0.0301 0.1270 -0.9914
vn -0.0698 0.2507 -0.9656
vn -0.0784 0.2479 0.9656
vn -0.0350 0.1257 0.9914
vn -0.1511 0.4776 0.8655
vn -0.2134 0.6748 0.7065
vn -0.2612 0.8260 0.4995
vn -0.2913 0.9210 0.2585
vn -0.3009 0.9514 0.0654
vn -0.3009 0.9514 -0.0654
vn -0.2913 0.9210 -0.2585
vn -0.2612 0.8260 -0.4995
vn -0.2134 0.6748 -0.7065
vn -0.1511 0.4776 -0.8655
vn -0.0350 0.1257 -0.9914
vn -0.0784 0.2479 -0.9656
vn -0.0857 0.2453 0.9656
vn -0.0394 0.1244 0.9914
vn -0.1652 0.4728 0.8656
vn -0.2335 0.6680 0.7066
vn -0.2858 0.8178 0.4995
vn -0.3187 0.9119 0.2585
vn -0.3292 0.9420 0.0654
vn -0.3292 0.9420 -0.0654
vn -0.3187 0.9119 -0.2585
vn -0.2858 0.8178 -0.4995
vn -0.2335 0.6680 -0.7066
vn -0.1652 0.4728 -0.8656
vn -0.0394 0.1244 -0.9914
vn -0.0857 0.2453 -0.9656
vn -0.0918 0.2429 0.9657
vn -0.0431 0.1232 0.9914
vn -0.1770 0.4684 0.8656
vn -0.2501 0.6619 0.7067
vn -0.3062 0.8103 0.4996
vn -0.3414 0.9036 0.2586
vn -0.3527 0.9334 0.0654
vn -0.3527 0.9335 -0.0654
vn -0.3414 0.9036 -0.2586
vn -0.3062 0.8103 -0.4996
vn -0.2501 0.6619 -0.7067
vn -0.1770 0.4684 -0.8656
vn -0.0431 0.1232 -0.9914
vn -0.0918 0.2429 -0.9657
vn -0.0966 0.2408 0.9657
vn -0.0461 0.1221 0.9914
vn -0.1864 0.4645 0.8657
vn -0.2634 0.6566 0.7067
vn -0.3226 0.8039 0.4997
vn -0.3597 0.8965 0.2586
vn -0.3716 0.9261 0.0654
vn -0.3716 0.9261 -0.0654
vn -0.3597 0.8965 -0.2586
vn -0.3226 0.8039 -0.4997
vn -0.2634 0.6566 -0.7067
vn -0.1864 0.4646 -0.8657
vn -0.0461 0.1221 -0.9914
vn -0.0966 0.2408 -0.9657
vn -0.0903 0.0605 0.9941
vn -0.0486 0.1211 0.9914
vn -0.2137 0.1431 0.9664
vn -0.3894 0.2608 0.8834
vn -0.5546 0.3714 0.7446
vn -0.6964 0.4664 0.5454
vn -0.7951 0.5325 0.2902
vn -0.8285 0.5548 -0.0764
vn -0.7951 0.5325 -0.2902
vn -0.6964 0.4664 -0.5454
vn -0.5546 0.3714 -0.7446
vn -0.3894 0.2608 -0.8834
vn -0.2137 0.1431 -0.9664
vn -0.0903 0.0605 -0.9941
vn -0.0486 0.1211 -0.9914
vn -0.0351 -0.0581 0.9977
vn -0.0949 -0.1572 0.9830
vn -0.1741 -0.2883 0.9416
vn -0.2660 -0.4406 0.8574
vn -0.3719 -0.6161 0.6943
vn -0.8285 0.5548 0.0764
vn -0.4725 -0.7827 0.4051
vn -0.5132 -0.8503 -0.1168
vn -0.4725 -0.7827 -0.4051
vn -0.3719 -0.6161 -0.6943
vn -0.2660 -0.4406 -0.8574
vn -0.1741 -0.2883 -0.9416
vn -0.0949 -0.1572 -0.9830
vn -0.0351 -0.0581 -0.9977
vn 0.1156 -0.2299 0.9663
vn 0.2241 -0.4456 0.8667
vn 0.3173 -0.6310 0.7079
vn 0.3889 -0.7733 0.5007
vn 0.4340 -0.8628 0.2592
vn 0.4484 -0.8915 0.0655
vn -0.5132 -0.8503 0.1168
vn 0.4484 -0.8915 -0.0655
vn 0.4340 -0.8628 -0.2592
vn 0.3889 -0.7733 -0.5007
vn 0.3173 -0.6310 -0.7079
vn 0.2241 -0.4456 -0.8667
vn 0.1156 -0.2299 -0.9663
vn 0.1069 -0.2341 0.9663
vn 0.0586 -0.1166 0.9914
vn 0.2071 -0.4537 0.8667
vn 0.2933 -0.6425 0.7080
vn 0.3595 -0.7874 0.5008
vn 0.4011 -0.8786 0.2593
vn 0.4144 -0.9077 0.0655
vn 0.4144 -0.9077 -0.0655
vn 0.4011 -0.8786 -0.2593
vn 0.3595 -0.7874 -0.5008
vn 0.2933 -0.6425 -0.7080
vn 0.2071 -0.4537 -0.8667
vn 0.0586 -0.1166 -0.9914
vn 0.1069 -0.2341 -0.9663
vn 0.0977 -0.2380 0.9663
vn 0.0542 -0.1187 0.9914
vn 0.1894 -0.4613 0.8668
vn 0.2683 -0.6533 0.7080
vn 0.3288 -0.8007 0.5008
vn 0.3669 -0.8934 0.2593
vn 0.3790 -0.9231 0.0655
vn 0.3790 -0.9231 -0.0655
vn 0.3669 -0.8934 -0.2593
vn 0.3288 -0.8007 -0.5008
vn 0.2683 -0.6533 -0.7080
vn 0.1894 -0.4613 -0.8668
vn 0.0542 -0.1187 -0.9914
vn 0.0977 -0.2380 -0.9663
vn 0.0882 -0.2416 0.9664
vn 0.0496 -0.1207 0.9914
vn 0.1710 -0.4684 0.8668
vn 0.2421 -0.6634 0.7080
vn 0.2968 -0.8131 0.5008
vn 0.3311 -0.9073 0.2593
vn 0.3421 -0.9374 0.0655
vn 0.3421 -0.9374 -0.0655
vn 0.3311 -0.9073 -0.2593
vn 0.2968 -0.8131 -0.5008
vn 0.2421 -0.6634 -0.7080
vn 0.1710 -0.4684 -0.8668
vn 0.0496 -0.1207 -0.9914
vn 0.0882 -0.2416 -0.9664
vn 0.0783 -0.2450 0.9664
vn 0.0447 -0.1226 0.9914
vn 0.1518 -0.4750 0.8668
vn 0.2150 -0.6727 0.7080
vn 0.2635 -0.8245 0.5008
vn 0.2940 -0.9200 0.2593
vn 0.3037 -0.9505 0.0655
vn 0.3037 -0.9505 -0.0655
vn 0.2940 -0.9200 -0.2593
vn 0.2635 -0.8245 -0.5008
vn 0.2150 -0.6727 -0.7080
vn 0.1518 -0.4750 -0.8668
vn 0.0447 -0.1226 -0.9914
vn 0.0783 -0.2450 -0.9664
vn 0.0680 -0.2480 0.9664
vn 0.0397 -0.1243 0.9914
vn 0.1319 -0.4809 0.8668
vn 0.1868 -0.6810 0.7081
vn 0.2289 -0.8347 0.5008
vn 0.2554 -0.9314 0.2593
vn 0.2639 -0.9623 0.0655
vn 0.2639 -0.9623 -0.0655
vn 0.2554 -0.9314 -0.2593
vn 0.2289 -0.8347 -0.5008
vn 0.1868 -0.6810 -0.7081
vn 0.1319 -0.4809 -0.8668
vn 0.0397 -0.1243 -0.9914
vn 0.0680 -0.2480 -0.9664
vn 0.0574 -0.2506 0.9664
vn 0.0345 -0.1259 0.9914
vn 0.1113 -0.4860 0.8668
vn 0.1576 -0.6883 0.7081
vn 0.1932 -0.8437 0.5009
vn 0.2156 -0.9414 0.2593
vn 0.2227 -0.9727 0.0655
vn 0.2227 -0.9727 -0.0655
vn 0.2156 -0.9414 -0.2593
vn 0.1932 -0.8437 -0.5009
vn 0.1576 -0.6883 -0.7081
vn 0.1113 -0.4860 -0.8668
vn 0.0345 -0.1259 -0.9914
vn 0.0574 -0.2506 -0.9664
vn 0.0464 -0.2528 0.9664
vn 0.0291 -0.1272 0.9914
vn 0.0901 -0.4903 0.8669
vn 0.1276 -0.6945 0.7081
vn 0.1563 -0.8513 0.5009
vn 0.1745 -0.9499 0.2593
vn 0.1803 -0.9814 0.0655
vn 0.1803 -0.9814 -0.0655
vn 0.1745 -0.9499 -0.2593
vn 0.1563 -0.8513 -0.5009
vn 0.1276 -0.6945 -0.7081
vn 0.0901 -0.4903 -0.8669
vn 0.0291 -0.1272 -0.9914
vn 0.0464 -0.2528 -0.9664
vn 0.0352 -0.2546 0.9664
vn 0.0236 -0.1283 0.9914
vn 0.0682 -0.4938 0.8669
vn 0.0967 -0.6994 0.7081
vn 0.1185 -0.8574 0.5009
vn 0.1322 -0.9567 0.2593
vn 0.1366 -0.9885 0.0655
vn 0.1366 -0.9885 -0.0655
vn 0.1322 -0.9567 -0.2593
vn 0.1185 -0.8574 -0.5009
vn 0.0967 -0.6994 -0.7081
vn 0.0682 -0.4938 -0.8669
vn 0.0236 -0.1283 -0.9914
vn 0.0352 -0.2546 -0.9664
vn 0.0237 -0.2559 0.9664
vn 0.0179 -0.1293 0.9914
vn 0.0459 -0.4964 0.8669
vn 0.0650 -0.7031 0.7081
vn 0.0797 -0.8618 0.5009
vn 0.0889 -0.9617 0.2594
vn 0.0919 -0.9936 0.0655
vn 0.0919 -0.9936 -0.0655
vn 0.0889 -0.9617 -0.2594
vn 0.0797 -0.8618 -0.5009
vn 0.0650 -0.7031 -0.7081
vn 0.0459 -0.4964 -0.8669
vn 0.0179 -0.1293 -0.9914
vn 0.0237 -0.2559 -0.9664
vn 0.0119 -0.2567 0.9664
vn 0.0120 -0.1299 0.9914
vn 0.0231 -0.4979 0.8669
vn 0.0327 -0.7053 0.7082
vn 0.0401 -0.8646 0.5009
vn 0.0448 -0.9647 0.2594
vn 0.0463 -0.9968 0.0655
vn 0.0463 -0.9968 -0.0655
vn 0.0448 -0.9647 -0.2594
vn 0.0401 -0.8646 -0.5009
vn 0.0327 -0.7053 -0.7082
vn 0.0231 -0.4979 -0.8669
vn 0.0120 -0.1299 -0.9914
vn 0.0119 -0.2567 -0.9664
vn -0.0051 -0.2552 0.9669
vn 0.0060 -0.1304 0.9914
vn -0.0100 -0.4968 0.8678
vn -0.0142 -0.7048 0.7092
vn -0.0174 -0.8647 0.5019
vn -0.0195 -0.9654 0.2599
vn -0.0201 -0.9976 0.0656
vn -0.0201 -0.9976 -0.0656
vn -0.0195 -0.9654 -0.2599
vn -0.0174 -0.8647 -0.5019
vn -0.0142 -0.7048 -0.7092
vn -0.0100 -0.4968 -0.8678
vn 0.0060 -0.1304 -0.9914
vn -0.0051 -0.2552 -0.9669
vn -0.0324 -0.2513 0.9674
vn -0.0026 -0.1304 0.9915
vn -0.0632 -0.4912 0.8688
vn -0.0899 -0.6979 0.7105
vn -0.1104 -0.8572 0.5031
vn -0.1233 -0.9575 0.2606
vn -0.1274 -0.9897 0.0657
vn -0.1274 -0.9897 -0.0657
vn -0.1233 -0.9575 -0.2607
vn -0.1104 -0.8572 -0.5031
vn -0.0899 -0.6979 -0.7105
vn -0.0632 -0.4912 -0.8688
vn -0.0026 -0.1304 -0.9915
vn -0.0324 -0.2513 -0.9674
vn -0.0645 -0.2449 0.9674
vn -0.0166 -0.1292 0.9915
vn -0.1261 -0.4788 0.8688
vn -0.1792 -0.6805 0.7105
vn -0.2201 -0.8357 0.5031
vn -0.2459 -0.9336 0.2607
vn -0.2541 -0.9649 0.0657
vn -0.2541 -0.9649 -0.0657
vn -0.2459 -0.9336 -0.2607
vn -0.2201 -0.8357 -0.5031
vn -0.1792 -0.6805 -0.7105
vn -0.1261 -0.4788 -0.8688
vn -0.0166 -0.1292 -0.9915
vn -0.0645 -0.2449 -0.9674
vn -0.0957 -0.2345 0.9674
vn -0.0332 -0.1260 0.9915
vn -0.1872 -0.4584 0.8688
vn -0.2660 -0.6514 0.7106
vn -0.3267 -0.8001 0.5031
vn -0.3650 -0.8938 0.2607
vn -0.3772 -0.9238 0.0657
vn -0.3772 -0.9238 -0.0657
vn -0.3650 -0.8938 -0.2607
vn -0.3267 -0.8001 -0.5031
vn -0.2660 -0.6514 -0.7106
vn -0.1872 -0.4584 -0.8688
vn -0.0332 -0.1260 -0.9915
vn -0.0957 -0.2345 -0.9674
vn -0.1254 -0.2200 0.9674
vn -0.0492 -0.1206 0.9915
vn -0.2453 -0.4301 0.8688
vn -0.3485 -0.6112 0.7106
vn -0.4281 -0.7507 0.5031
vn -0.4782 -0.8387 0.2607
vn -0.4943 -0.8668 0.0657
vn -0.4943 -0.8668 -0.0657
vn -0.4782 -0.8387 -0.2607
vn -0.4281 -0.7507 -0.5031
vn -0.3485 -0.6112 -0.7106
vn -0.2453 -0.4301 -0.8688
vn -0.0492 -0.1206 -0.9915
vn -0.1254 -0.2200 -0.9674
vn -0.1531 -0.2017 0.9674
vn -0.0645 -0.1131 0.9915
vn -0.2993 -0.3944 0.8688
vn -0.4253 -0.5606 0.7106
vn -0.5223 -0.6885 0.5031
vn -0.5835 -0.7691 0.2607
vn -0.6031 -0.7949 0.0657
vn -0.6031 -0.7949 -0.0657
vn -0.5835 -0.7691 -0.2607
vn -0.5223 -0.6885 -0.5031
vn -0.4253 -0.5606 -0.7106
vn -0.2993 -0.3944 -0.8688
vn -0.0645 -0.1131 -0.9915
vn -0.1531 -0.2017 -0.9674
vn -0.1781 -0.1800 0.9674
vn -0.0787 -0.1038 0.9915
vn -0.3482 -0.3519 0.8688
vn -0.4949 -0.5001 0.7106
vn -0.6079 -0.6143 0.5032
vn -0.6791 -0.6862 0.2607
vn -0.7019 -0.7093 0.0657
vn -0.7019 -0.7093 -0.0657
vn -0.6791 -0.6862 -0.2607
vn -0.6079 -0.6143 -0.5032
vn -0.4949 -0.5001 -0.7106
vn -0.3482 -0.3519 -0.8688
vn -0.0787 -0.1038 -0.9915
vn -0.1781 -0.1800 -0.9674
vn -0.2002 -0.1551 0.9674
vn -0.0916 -0.0926 0.9915
vn -0.3914 -0.3032 0.8688
vn -0.5562 -0.4309 0.7106
vn -0.6831 -0.5293 0.5032
vn -0.7632 -0.5913 0.2607
vn -0.7888 -0.6111 0.0657
vn -0.7888 -0.6111 -0.0657
vn -0.7632 -0.5913 -0.2607
vn -0.6831 -0.5293 -0.5032
vn -0.5562 -0.4309 -0.7106
vn -0.3914 -0.3032 -0.8688
vn -0.0916 -0.0926 -0.9915
vn -0.2002 -0.1551 -0.9674
vn -0.2188 -0.1274 0.9674
vn -0.1030 -0.0798 0.9915
vn -0.4279 -0.2491 0.8689
vn -0.6081 -0.3540 0.7106
vn -0.7469 -0.4348 0.5032
vn -0.8343 -0.4857 0.2607
vn -0.8624 -0.5020 0.0657
vn -0.8624 -0.5020 -0.0657
vn -0.8343 -0.4857 -0.2607
vn -0.7469 -0.4348 -0.5032
vn -0.6081 -0.3540 -0.7106
vn -0.4279 -0.2491 -0.8689
vn -0.1030 -0.0798 -0.9915
vn -0.2188 -0.1274 -0.9674
vn -0.2337 -0.0974 0.9674
vn -0.1126 -0.0655 0.9915
vn -0.4570 -0.1904 0.8689
vn -0.6495 -0.2706 0.7106
vn -0.7977 -0.3324 0.5032
vn -0.8912 -0.3713 0.2607
vn -0.9211 -0.3838 0.0657
vn -0.9211 -0.3838 -0.0657
vn -0.8912 -0.3713 -0.2607
vn -0.7977 -0.3324 -0.5032
vn -0.6495 -0.2706 -0.7106
vn -0.4570 -0.1904 -0.8689
vn -0.1126 -0.0655 -0.9915
vn -0.2337 -0.0974 -0.9674
vn -0.1258 -0.0338 0.9915
vn -0.1202 -0.0501 0.9915
vn -0.2445 -0.0657 0.9674
vn -0.4781 -0.1284 0.8689
vn -0.6795 -0.1825 0.7106
vn -0.8346 -0.2241 0.5032
vn -0.9324 -0.2504 0.2607
vn -0.9637 -0.2588 -0.0657
vn -0.9324 -0.2504 -0.2607
vn -0.8346 -0.2241 -0.5032
vn -0.6795 -0.1825 -0.7106
vn -0.4781 -0.1284 -0.8689
vn -0.2445 -0.0657 -0.9674
vn -0.1258 -0.0338 -0.9915
vn -0.1202 -0.0501 -0.9915
vn -0.1291 -0.0169 0.9915
vn -0.2511 -0.0329 0.9674
vn -0.4909 -0.0644 0.8688
vn -0.6976 -0.0915 0.7106
vn -0.8568 -0.1124 0.5032
vn -0.9637 -0.2588 0.0657
vn -0.9572 -0.1256 0.2607
vn -0.9894 -0.1298 -0.0657
vn -0.9572 -0.1256 -0.2607
vn -0.8568 -0.1124 -0.5032
vn -0.6976 -0.0915 -0.7106
vn -0.4909 -0.0644 -0.8688
vn -0.2511 -0.0329 -0.9674
vn -0.1291 -0.0169 -0.9915
vn -0.1303 -0.0001 0.9915
vn -0.2534 -0.0002 0.9674
vn -0.4953 -0.0004 0.8687
vn -0.7037 -0.0006 0.7105
vn -0.8642 -0.0007 0.5031
vn -0.9894 -0.1298 0.0657
vn -0.9654 -0.0008 0.2606
vn -0.9978 -0.0009 -0.0657
vn -0.9654 -0.0008 -0.2606
vn -0.8642 -0.0007 -0.5031
vn -0.7037 -0.0006 -0.7105
vn -0.4953 -0.0004 -0.8687
vn -0.2534 -0.0002 -0.9674
vn -0.1303 -0.0001 -0.9915
vn -0.2512 0.0324 0.9674
vn -0.4911 0.0634 0.8688
vn -0.6978 0.0901 0.7106
vn -0.8571 0.1107 0.5031
vn -0.9575 0.1236 0.2607
vn -0.9896 0.1278 0.0657
vn -0.9978 -0.0009 0.0657
vn -0.9896 0.1278 -0.0657
vn -0.9575 0.1236 -0.2607
vn -0.8571 0.1107 -0.5031
vn -0.6978 0.0901 -0.7106
vn -0.4911 0.0634 -0.8688
vn -0.2512 0.0324 -0.9674
vn -0.2444 0.0654 0.9675
vn -0.1292 0.0167 0.9915
vn -0.4781 0.1280 0.8689
vn -0.6796 0.1819 0.7107
vn -0.8347 0.2234 0.5033
vn -0.9326 0.2496 0.2608
vn -0.9639 0.2580 0.0657
vn -0.9639 0.2580 -0.0657
vn -0.9326 0.2496 -0.2608
vn -0.8347 0.2234 -0.5033
vn -0.6796 0.1819 -0.7107
vn -0.4781 0.1280 -0.8689
vn -0.1292 0.0167 -0.9915
vn -0.2444 0.0654 -0.9675
vn -0.2331 0.0981 0.9675
vn -0.1258 0.0337 0.9915
vn -0.4560 0.1920 0.8690
vn -0.6483 0.2730 0.7108
vn -0.7963 0.3353 0.5034
vn -0.8897 0.3746 0.2608
vn -0.9196 0.3872 0.0657
vn -0.9196 0.3872 -0.0657
vn -0.8897 0.3746 -0.2608
vn -0.7963 0.3353 -0.5034
vn -0.6483 0.2730 -0.7108
vn -0.4560 0.1920 -0.8690
vn -0.1258 0.0337 -0.9915
vn -0.2331 0.0981 -0.9675
vn -0.2171 0.1295 0.9675
vn -0.1200 0.0505 0.9915
vn -0.4249 0.2534 0.8690
vn -0.6040 0.3603 0.7109
vn -0.7421 0.4426 0.5034
vn -0.8291 0.4945 0.2609
vn -0.8570 0.5112 0.0658
vn -0.8570 0.5112 -0.0658
vn -0.8291 0.4945 -0.2609
vn -0.7421 0.4426 -0.5034
vn -0.6040 0.3603 -0.7109
vn -0.4249 0.2534 -0.8690
vn -0.1200 0.0505 -0.9915
vn -0.2171 0.1295 -0.9675
vn -0.1014 0.0817 0.9915
vn -0.1118 0.0667 0.9915
vn -0.1969 0.1585 0.9675
vn -0.3854 0.3102 0.8690
vn -0.5479 0.4410 0.7109
vn -0.6730 0.5418 0.5034
vn -0.7520 0.6054 0.2609
vn -0.7773 0.6257 -0.0658
vn -0.7520 0.6054 -0.2609
vn -0.6730 0.5418 -0.5034
vn -0.5479 0.4410 -0.7109
vn -0.3854 0.3102 -0.8690
vn -0.1969 0.1585 -0.9675
vn -0.1014 0.0817 -0.9915
vn -0.1118 0.0667 -0.9915
vn -0.0891 0.0949 0.9915
vn -0.1731 0.1844 0.9675
vn -0.3387 0.3607 0.8690
vn -0.4815 0.5128 0.7108
vn -0.5915 0.6299 0.5034
vn -0.7773 0.6257 0.0658
vn -0.6608 0.7037 0.2608
vn -0.6831 0.7274 -0.0657
vn -0.6608 0.7037 -0.2608
vn -0.5915 0.6299 -0.5034
vn -0.4815 0.5128 -0.7108
vn -0.3387 0.3607 -0.8690
vn -0.1731 0.1844 -0.9675
vn -0.0891 0.0949 -0.9915
vn -0.0754 0.1062 0.9915
vn -0.1465 0.2063 0.9675
vn -0.2865 0.4036 0.8689
vn -0.4072 0.5737 0.7107
vn -0.5002 0.7046 0.5033
vn -0.6831 0.7274 0.0657
vn -0.5588 0.7872 0.2608
vn -0.5776 0.8137 -0.0657
vn -0.5588 0.7872 -0.2608
vn -0.5002 0.7046 -0.5033
vn -0.4072 0.5737 -0.7107
vn -0.2865 0.4036 -0.8689
vn -0.1465 0.2063 -0.9675
vn -0.0754 0.1062 -0.9915
vn -0.0606 0.1153 0.9915
vn -0.1179 0.2241 0.9674
vn -0.2305 0.4382 0.8688
vn -0.3275 0.6227 0.7106
vn -0.4023 0.7649 0.5032
vn -0.5776 0.8137 0.0657
vn -0.4494 0.8544 0.2607
vn -0.4645 0.8831 -0.0657
vn -0.4494 0.8544 -0.2607
vn -0.4023 0.7649 -0.5032
vn -0.3275 0.6227 -0.7106
vn -0.2305 0.4382 -0.8688
vn -0.1179 0.2241 -0.9674
vn -0.0606 0.1153 -0.9915
vn -0.0453 0.1221 0.9915
vn -0.0882 0.2376 0.9673
vn -0.1724 0.4644 0.8687
vn -0.2449 0.6598 0.7104
vn -0.3008 0.8102 0.5030
vn -0.4645 0.8831 0.0657
vn -0.3360 0.9051 0.2606
vn -0.3473 0.9355 -0.0657
vn -0.3360 0.9051 -0.2606
vn -0.3008 0.8102 -0.5030
vn -0.2449 0.6598 -0.7104
vn -0.1724 0.4644 -0.8687
vn -0.0882 0.2376 -0.9673
vn -0.0453 0.1221 -0.9915
vn -0.0299 0.1268 0.9915
vn -0.0583 0.2469 0.9673
vn -0.1138 0.4823 0.8686
vn -0.1617 0.6851 0.7103
vn -0.1985 0.8413 0.5029
vn -0.3473 0.9355 0.0657
vn -0.2217 0.9397 0.2605
vn -0.2292 0.9712 -0.0657
vn -0.2217 0.9397 -0.2605
vn -0.1985 0.8413 -0.5029
vn -0.1617 0.6851 -0.7103
vn -0.1138 0.4823 -0.8686
vn -0.0583 0.2469 -0.9673
vn -0.0299 0.1268 -0.9915
vn -0.0147 0.1295 0.9915
vn -0.0287 0.2523 0.9672
vn -0.0561 0.4926 0.8685
vn -0.0796 0.6996 0.7101
vn -0.0978 0.8589 0.5027
vn -0.2292 0.9712 0.0657
vn -0.1092 0.9593 0.2604
vn -0.1129 0.9914 -0.0657
vn -0.1092 0.9593 -0.2604
vn -0.0978 0.8589 -0.5027
vn -0.0796 0.6996 -0.7101
vn -0.0561 0.4926 -0.8685
vn -0.0287 0.2523 -0.9672
vn -0.0147 0.1295 -0.9915
vn -0.0024 0.1304 0.9915
vn -0.0047 0.2557 0.9667
vn -0.0092 0.4973 0.8675
vn -0.0130 0.7052 0.7089
vn -0.0160 0.8650 0.5016
vn -0.1129 0.9914 0.0657
vn -0.0178 0.9655 0.2598
vn -0.0184 0.9977 -0.0655
vn -0.0178 0.9655 -0.2598
vn -0.0160 0.8650 -0.5016
vn -0.0130 0.7052 -0.7089
vn -0.0092 0.4974 -0.8675
vn -0.0047 0.2557 -0.9667
vn -0.0024 0.1304 -0.9915
vn 0.0048 0.1304 0.9914
vn 0.0095 0.2572 0.9663
vn 0.0184 0.4985 0.8667
vn 0.0260 0.7058 0.7079
vn 0.0319 0.8650 0.5007
vn -0.0184 0.9977 0.0655
vn 0.0356 0.9652 0.2592
vn 0.0367 0.9972 -0.0655
vn 0.0356 0.9652 -0.2592
vn 0.0319 0.8650 -0.5007
vn 0.0260 0.7058 -0.7079
vn 0.0184 0.4985 -0.8667
vn 0.0095 0.2572 -0.9663
vn 0.0048 0.1304 -0.9914
vn 0.0094 0.1302 0.9914
vn 0.0186 0.2568 0.9663
vn 0.0361 0.4975 0.8667
vn 0.0511 0.7045 0.7079
vn 0.0627 0.8634 0.5007
vn 0.0367 0.9972 0.0655
vn 0.0699 0.9633 0.2592
vn 0.0722 0.9952 -0.0655
vn 0.0699 0.9633 -0.2592
vn 0.0627 0.8634 -0.5007
vn 0.0511 0.7045 -0.7079
vn 0.0361 0.4975 -0.8667
vn 0.0186 0.2568 -0.9663
vn 0.0094 0.1302 -0.9914
vn 0.0139 0.1298 0.9914
vn 0.0273 0.2561 0.9663
vn 0.0530 0.4961 0.8666
vn 0.0750 0.7024 0.7078
vn 0.0919 0.8608 0.5006
vn 0.0722 0.9952 0.0655
vn 0.1026 0.9604 0.2592
vn 0.1060 0.9922 -0.0655
vn 0.1026 0.9604 -0.2592
vn 0.0919 0.8608 -0.5006
vn 0.0750 0.7024 -0.7078
vn 0.0530 0.4961 -0.8666
vn 0.0273 0.2561 -0.9663
vn 0.0139 0.1298 -0.9914
vn 0.0180 0.1293 0.9914
vn 0.0355 0.2551 0.9663
vn 0.0688 0.4942 0.8666
vn 0.0975 0.6997 0.7078
vn 0.1194 0.8574 0.5006
vn 0.1060 0.9922 0.0655
vn 0.1333 0.9566 0.2592
vn 0.1377 0.9883 -0.0655
vn 0.1333 0.9566 -0.2592
vn 0.1194 0.8574 -0.5006
vn 0.0975 0.6997 -0.7078
vn 0.0688 0.4942 -0.8666
vn 0.0355 0.2551 -0.9663
vn 0.0180 0.1293 -0.9914
vn 0.0219 0.1287 0.9914
vn 0.0432 0.2540 0.9662
vn 0.0836 0.4920 0.8666
vn 0.1184 0.6965 0.7077
vn 0.1450 0.8535 0.5006
vn 0.1377 0.9883 0.0655
vn 0.1618 0.9522 0.2591
vn 0.1672 0.9837 -0.0654
vn 0.1618 0.9522 -0.2591
vn 0.1450 0.8535 -0.5006
vn 0.1184 0.6965 -0.7077
vn 0.0836 0.4920 -0.8666
vn 0.0432 0.2540 -0.9662
vn 0.0219 0.1287 -0.9914
vn 0.0254 0.1280 0.9914
vn 0.0502 0.2528 0.9662
vn 0.0972 0.4896 0.8665
vn 0.1376 0.6930 0.7077
vn 0.1686 0.8492 0.5005
vn 0.1672 0.9837 0.0654
vn 0.1881 0.9474 0.2591
vn 0.1943 0.9788 -0.0654
vn 0.1881 0.9474 -0.2591
vn 0.1686 0.8492 -0.5005
vn 0.1376 0.6930 -0.7077
vn 0.0972 0.4896 -0.8665
vn 0.0502 0.2528 -0.9662
vn 0.0254 0.1280 -0.9914
vn 0.0286 0.1273 0.9914
vn 0.0566 0.2516 0.9662
vn 0.1096 0.4871 0.8665
vn 0.1551 0.6894 0.7076
vn 0.1900 0.8447 0.5005
vn 0.1943 0.9788 0.0654
vn 0.2120 0.9423 0.2591
vn 0.2190 0.9735 -0.0654
vn 0.2120 0.9423 -0.2591
vn 0.1900 0.8447 -0.5005
vn 0.1551 0.6894 -0.7076
vn 0.1096 0.4871 -0.8665
vn 0.0566 0.2516 -0.9662
vn 0.0286 0.1273 -0.9914
vn 0.0315 0.1267 0.9914
vn 0.0623 0.2503 0.9662
vn 0.1206 0.4845 0.8664
vn 0.1707 0.6857 0.7076
vn 0.2092 0.8401 0.5004
vn 0.2190 0.9735 0.0654
vn 0.2333 0.9373 0.2591
vn 0.2411 0.9683 -0.0654
vn 0.2333 0.9373 -0.2591
vn 0.2092 0.8401 -0.5004
vn 0.1707 0.6857 -0.7076
vn 0.1206 0.4845 -0.8664
vn 0.0623 0.2503 -0.9662
vn 0.0315 0.1267 -0.9914
vn 0.0341 0.1260 0.9914
vn 0.0674 0.2491 0.9661
vn 0.1304 0.4821 0.8664
vn 0.1845 0.6822 0.7075
vn 0.2260 0.8358 0.5004
vn 0.2411 0.9683 0.0654
vn 0.2522 0.9324 0.2590
vn 0.2605 0.9632 -0.0654
vn 0.2522 0.9324 -0.2590
vn 0.2260 0.8358 -0.5004
vn 0.1845 0.6822 -0.7075
vn 0.1304 0.4821 -0.8664
vn 0.0674 0.2491 -0.9661
vn 0.0341 0.1260 -0.9914
vn 0.0363 0.1254 0.9914
vn 0.0718 0.2480 0.9661
vn 0.1388 0.4798 0.8663
vn 0.1964 0.6789 0.7075
vn 0.2406 0.8317 0.5003
vn 0.2605 0.9632 0.0654
vn 0.2684 0.9278 0.2590
vn 0.2773 0.9585 -0.0654
vn 0.2684 0.9278 -0.2590
vn 0.2406 0.8317 -0.5003
vn 0.1964 0.6789 -0.7075
vn 0.1388 0.4798 -0.8663
vn 0.0718 0.2480 -0.9661
vn 0.0363 0.1254 -0.9914
vn 0.0381 0.1248 0.9914
vn 0.0754 0.2470 0.9661
vn 0.1459 0.4777 0.8663
vn -0.9490 0.2943 0.1129
vn -0.9373 0.3384 0.0840
vn 0.2773 0.9585 0.0654
vn -0.9318 0.3605 0.0428
vn -0.9440 0.3298 -0.0052
vn -0.9318 0.3605 -0.0428
vn -0.9373 0.3384 -0.0840
vn -0.9490 0.2943 -0.1130
vn 0.1459 0.4777 -0.8663
vn 0.0754 0.2470 -0.9661
vn 0.0381 0.1248 -0.9914
vn 0.1370 0.1007 0.9854
vn 0.3101 0.2279 0.9230
vn 0.5816 -0.8040 0.1237
vn 0.6216 -0.7776 0.0941
vn -0.9442 0.3292 0.0052
vn 0.6475 -0.7603 0.0517
vn 0.6249 -0.7807 -0.0067
vn 0.6475 -0.7603 -0.0517
vn 0.6216 -0.7776 -0.0941
vn 0.5816 -0.8040 -0.1237
vn 0.3101 0.2279 -0.9230
vn 0.1370 0.1007 -0.9854
vn 0.0996 -0.0996 0.9900
vn 0.0850 0.0625 0.9944
vn 0.2368 -0.2368 0.9423
vn 0.3816 -0.3816 0.8419
vn 0.5292 -0.5292 0.6632
vn 0.6546 -0.6546 0.3780
vn 0.7038 -0.7038 0.0959
vn 0.6249 -0.7807 0.0067
vn 0.7039 -0.7038 -0.0959
vn 0.6546 -0.6546 -0.3780
vn 0.5292 -0.5292 -0.6632
vn 0.3816 -0.3816 -0.8419
vn 0.2368 -0.2368 -0.9423
vn 0.0850 0.0625 -0.9944
vn 0.0996 -0.0996 -0.9900
vn 0.0655 -0.0655 0.9957
vn 0.1646 -0.1646 0.9725
vn 0.2996 -0.2996 0.9058
vn 0.4371 -0.4371 0.7860
vn 0.5679 -0.5679 0.5957
vn 0.6684 -0.6684 0.3262
vn 0.7043 -0.7044 -0.0883
vn 0.6684 -0.6684 -0.3262
vn 0.5679 -0.5679 -0.5957
vn 0.4371 -0.4371 -0.7860
vn 0.2996 -0.2996 -0.9058
vn 0.1646 -0.1646 -0.9725
vn 0.0655 -0.0655 -0.9957
vn 0.1646 0.1646 0.9725
vn 0.2996 0.2996 0.9058
vn 0.4371 0.4371 0.7860
vn 0.6684 0.6684 0.3262
vn 0.7043 0.7043 0.0883
vn 0.7043 -0.7043 0.0883
vn 0.7043 0.7043 -0.0883
vn 0.5679 0.5679 -0.5957
vn 0.4371 0.4371 -0.7860
vn 0.2996 0.2996 -0.9058
vn 0.0655 0.0655 -0.9957
vn -0.1646 0.1646 0.9725
vn 0.0655 0.0655 0.9957
vn -0.2996 0.2996 0.9058
vn -0.4371 0.4371 0.7860
vn -0.5679 0.5679 0.5957
vn 0.5679 0.5679 0.5957
vn -0.6684 0.6684 0.3262
vn -0.7043 0.7044 0.0883
vn -0.7044 0.7043 -0.0883
vn -0.6684 0.6684 -0.3262
vn 0.6684 0.6684 -0.3262
vn -0.5679 0.5679 -0.5957
vn -0.4371 0.4371 -0.7860
vn -0.2996 0.2996 -0.9058
vn -0.1646 0.1646 -0.9725
vn 0.1646 0.1646 -0.9725
vn -0.0655 0.0655 -0.9957
vn -0.2149 -0.1423 0.9662
vn -0.0655 0.0655 0.9957
vn -0.3915 -0.2592 0.8829
vn -0.5574 -0.3691 0.7437
vn -0.6994 -0.4631 0.5444
vn -0.7981 -0.5285 0.2895
vn -0.8314 -0.5505 0.0762
vn -0.8313 -0.5505 -0.0762
vn -0.7981 -0.5285 -0.2895
vn -0.6994 -0.4631 -0.5444
vn -0.5574 -0.3691 -0.7437
vn -0.3915 -0.2592 -0.8829
vn -0.2149 -0.1423 -0.9662
vn -0.0910 -0.0602 0.9940
vn -0.0910 -0.0602 -0.9940
vn 0.0983 -0.1523 0.9834
vn 0.0596 -0.0924 0.9939
vn 0.1403 -0.2175 0.9659
vn 0.2182 -0.3383 0.9154
vn 0.2556 -0.3963 0.8818
vn 0.3345 -0.5187 0.7868
vn 0.3635 -0.5637 0.7417
vn 0.4384 -0.6798 0.5880
vn 0.4555 -0.7062 0.5420
vn 0.5139 -0.7967 0.3181
vn 0.5191 -0.8048 0.2879
vn 0.5403 -0.8377 0.0798
vn 0.5405 -0.8380 0.0756
vn 0.5403 -0.8377 -0.0798
vn 0.5405 -0.8380 -0.0756
vn 0.5191 -0.8048 -0.2879
vn 0.4555 -0.7062 -0.5420
vn 0.5139 -0.7967 -0.3181
vn 0.3635 -0.5637 -0.7417
vn 0.4384 -0.6798 -0.5880
vn 0.2556 -0.3963 -0.8818
vn 0.3345 -0.5187 -0.7868
vn 0.1403 -0.2175 -0.9659
vn 0.2182 -0.3383 -0.9154
vn 0.0596 -0.0924 -0.9939
vn 0.0983 -0.1523 -0.9834
vn -0.0988 -0.1497 0.9838
vn -0.2201 -0.3336 0.9167
vn -0.3382 -0.5126 0.7892
vn -0.4443 -0.6733 0.5910
vn -0.5217 -0.7907 0.3203
vn -0.5490 -0.8320 0.0804
vn -0.5490 -0.8320 -0.0804
vn -0.5217 -0.7907 -0.3203
vn -0.4443 -0.6733 -0.5910
vn -0.3382 -0.5126 -0.7892
vn -0.2201 -0.3336 -0.9167
vn -0.0988 -0.1497 -0.9838
vn -0.0602 -0.0912 0.9940
vn -0.1420 -0.2152 0.9662
vn -0.2588 -0.3922 0.8828
vn -0.3683 -0.5582 0.7435
vn -0.4621 -0.7003 0.5440
vn -0.5272 -0.7990 0.2893
vn -0.5491 -0.8323 -0.0761
vn -0.5272 -0.7990 -0.2893
vn -0.4621 -0.7003 -0.5440
vn -0.3683 -0.5582 -0.7435
vn -0.2588 -0.3922 -0.8828
vn -0.1420 -0.2152 -0.9662
vn -0.0602 -0.0912 -0.9940
vn 0.0604 -0.0399 0.9974
vn 0.1614 -0.1065 0.9811
vn 0.2954 -0.1950 0.9353
vn 0.4474 -0.2954 0.8441
vn 0.6160 -0.4068 0.6746
vn -0.5491 -0.8323 0.0761
vn 0.7691 -0.5078 0.3882
vn 0.8294 -0.5476 -0.1104
vn 0.7691 -0.5078 -0.3882
vn 0.6160 -0.4068 -0.6746
vn 0.4474 -0.2954 -0.8441
vn 0.2954 -0.1950 -0.9353
vn 0.1614 -0.1065 -0.9811
vn 0.0604 -0.0399 -0.9974
vn 0.1421 0.2152 0.9662
vn 0.2588 0.3920 0.8828
vn 0.3685 0.5580 0.7435
vn 0.4623 0.7002 0.5441
vn 0.5274 0.7988 0.2893
vn 0.5494 0.8321 0.0761
vn 0.8294 -0.5476 0.1104
vn 0.5494 0.8321 -0.0761
vn 0.5274 0.7988 -0.2893
vn 0.4623 0.7002 -0.5441
vn 0.3685 0.5580 -0.7435
vn 0.2588 0.3920 -0.8828
vn 0.1421 0.2152 -0.9662
vn -0.1408 0.2167 0.9660
vn 0.0602 0.0911 0.9940
vn -0.2567 0.3950 0.8821
vn -0.3651 0.5619 0.7423
vn -0.4577 0.7043 0.5426
vn -0.5217 0.8029 0.2883
vn -0.5433 0.8361 0.0758
vn -0.5433 0.8361 -0.0758
vn -0.5217 0.8029 -0.2883
vn -0.4577 0.7043 -0.5426
vn -0.3651 0.5619 -0.7423
vn -0.2567 0.3950 -0.8821
vn 0.0602 0.0911 -0.9940
vn -0.1408 0.2167 -0.9660
vn -0.0600 -0.0390 0.9974
vn -0.0598 0.0920 0.9940
vn -0.1607 -0.1044 0.9815
vn -0.2943 -0.1912 0.9364
vn -0.4464 -0.2901 0.8465
vn -0.6163 -0.4005 0.6780
vn -0.7717 -0.5014 0.3911
vn -0.8333 -0.5415 -0.1115
vn -0.7717 -0.5014 -0.3911
vn -0.6163 -0.4005 -0.6780
vn -0.4464 -0.2901 -0.8465
vn -0.2943 -0.1912 -0.9364
vn -0.1607 -0.1044 -0.9815
vn -0.0600 -0.0390 -0.9974
vn -0.0598 0.0920 -0.9940
vn -0.8333 -0.5415 0.1115
vn -0.0009 -0.0661 0.9978
vn 0.0600 0.0389 0.9974
vn 0.0832 0.0541 0.9951
vn -0.0025 -0.1793 0.9838
vn 0.2125 0.1380 0.9674
vn -0.0043 -0.3172 0.9484
vn 0.3613 0.2346 0.9025
vn -0.0069 -0.5079 0.8614
vn 0.5403 0.3509 0.7648
vn -0.0108 -0.7872 0.6165
vn 0.7358 0.4778 0.4798
vn -0.0135 -0.9840 0.1777
vn 0.8320 0.5402 0.1265
vn -0.0135 -0.9840 -0.1777
vn 0.8320 0.5402 -0.1265
vn 0.7358 0.4778 -0.4798
vn 0.5403 0.3509 -0.7648
vn -0.0108 -0.7872 -0.6165
vn 0.3613 0.2346 -0.9025
vn -0.0069 -0.5079 -0.8614
vn 0.2125 0.1380 -0.9674
vn -0.0043 -0.3172 -0.9484
vn 0.0832 0.0541 -0.9951
vn -0.0025 -0.1793 -0.9838
vn 0.0600 0.0389 -0.9974
vn -0.0009 -0.0661 -0.9978
vn -0.0607 0.0406 0.9973
vn -0.0007 -0.0518 0.9987
vn -0.0847 0.0567 0.9948
vn -0.2153 0.1440 0.9659
vn -0.3648 0.2440 0.8985
vn -0.5427 0.3630 0.7574
vn -0.7331 0.4904 0.4713
vn -0.8248 0.5517 -0.1238
vn -0.7331 0.4904 -0.4713
vn -0.5427 0.3630 -0.7574
vn -0.3648 0.2440 -0.8985
vn -0.2153 0.1440 -0.9659
vn -0.0847 0.0567 -0.9948
vn -0.0607 0.0406 -0.9973
vn -0.0007 -0.0518 -0.9987
vn -0.8248 0.5518 0.1238
vn 0.5270 0.8375 0.1444
vn 0.6428 0.7530 0.1407
vn 0.6932 0.7095 0.1268
vn 0.7281 0.6780 0.1006
vn 0.7532 0.6553 0.0576
vn 0.7356 0.6774 0.0077
vn 0.7355 0.6774 -0.0077
vn 0.7043 -0.7043 -0.0883
vn 0.7532 0.6553 -0.0576
vn 0.7281 0.6780 -0.1006
vn 0.6932 0.7095 -0.1268
vn 0.6428 0.7530 -0.1407
vn 0.5270 0.8375 -0.1444
vn -0.7521 0.6418 0.1499
vn -0.8531 0.5020 0.1419
vn -0.8925 0.4347 0.1204
vn -0.9156 0.3924 0.0883
vn -0.9290 0.3670 0.0470
vn -0.9178 0.3969 0.0060
vn -0.9179 0.3968 -0.0060
vn -0.9290 0.3670 -0.0470
vn -0.9156 0.3924 -0.0883
vn -0.8925 0.4347 -0.1204
vn -0.8531 0.5020 -0.1419
vn -0.7521 0.6418 -0.1499
vn -0.0512 -0.1061 0.9930
vn -0.1160 -0.2404 0.9637
vn -0.2126 -0.4407 0.8721
vn -0.2997 -0.6212 0.7241
vn -0.3707 -0.7685 0.5216
vn -0.4178 -0.8663 0.2739
vn -0.4333 -0.8984 -0.0711
vn -0.4178 -0.8662 -0.2739
vn -0.3707 -0.7685 -0.5216
vn -0.2996 -0.6212 -0.7241
vn -0.2126 -0.4407 -0.8721
vn -0.1160 -0.2404 -0.9637
vn -0.0512 -0.1061 -0.9930
vn 0.1160 -0.2404 0.9637
vn 0.2126 -0.4407 0.8721
vn 0.2996 -0.6212 0.7241
vn 0.3707 -0.7685 0.5216
vn 0.4178 -0.8662 0.2739
vn 0.4333 -0.8984 0.0711
vn -0.4333 -0.8984 0.0711
vn 0.4333 -0.8984 -0.0711
vn 0.4178 -0.8663 -0.2739
vn 0.3707 -0.7685 -0.5216
vn 0.2997 -0.6212 -0.7241
vn 0.2126 -0.4407 -0.8721
vn 0.1160 -0.2404 -0.9637
vn 0.0512 -0.1061 -0.9930
vn 0.7521 0.6418 0.1499
vn 0.0512 -0.1061 0.9930
vn 0.8531 0.5020 0.1419
vn 0.8925 0.4347 0.1204
vn 0.9156 0.3924 0.0883
vn 0.9290 0.3670 0.0470
vn 0.9179 0.3969 0.0060
vn 0.9178 0.3969 -0.0060
vn 0.9290 0.3670 -0.0470
vn 0.9156 0.3924 -0.0883
vn 0.8925 0.4347 -0.1204
vn 0.8531 0.5020 -0.1419
vn 0.7521 0.6418 -0.1499
vn -0.0655 -0.0655 0.9957
vn -0.5270 0.8375 0.1444
vn -0.6428 0.7530 0.1407
vn -0.6932 0.7095 0.1268
vn -0.7281 0.6780 0.1006
vn -0.7532 0.6553 0.0576
vn -0.7356 0.6774 -0.0077
vn -0.7532 0.6553 -0.0576
vn -0.7281 0.6780 -0.1006
vn -0.6932 0.7095 -0.1268
vn -0.6428 0.7530 -0.1407
vn -0.5270 0.8375 -0.1444
vn -0.0655 -0.0655 -0.9957
vn -0.1646 -0.1646 0.9725
vn -0.2996 -0.2996 0.9058
vn -0.4371 -0.4371 0.7860
vn -0.5679 -0.5679 0.5957
vn -0.7355 0.6774 0.0077
vn -0.6684 -0.6684 0.3262
vn -0.7043 -0.7043 -0.0883
vn -0.6684 -0.6684 -0.3262
vn -0.5679 -0.5679 -0.5957
vn -0.4371 -0.4371 -0.7860
vn -0.2996 -0.2996 -0.9058
vn -0.1646 -0.1646 -0.9725
vn -0.7043 -0.7043 0.0883
vn -0.1152 0.2410 0.9637
vn -0.2112 0.4418 0.8719
vn -0.2976 0.6227 0.7236
vn -0.3681 0.7701 0.5211
vn -0.4148 0.8678 0.2736
vn -0.4301 0.9000 0.0710
vn -0.4301 0.9000 -0.0710
vn -0.4148 0.8678 -0.2736
vn -0.3681 0.7701 -0.5211
vn -0.2976 0.6227 -0.7236
vn -0.2112 0.4418 -0.8719
vn -0.1152 0.2410 -0.9637
vn -0.0001 0.1200 0.9928
vn -0.0509 0.1064 0.9930
vn -0.0003 0.2955 0.9553
vn -0.0005 0.4892 0.8722
vn -0.0008 0.7032 0.7110
vn -0.0010 0.9065 0.4222
vn -0.0011 0.9941 0.1086
vn -0.0011 0.9941 -0.1086
vn -0.0010 0.9065 -0.4222
vn -0.0008 0.7032 -0.7110
vn -0.0005 0.4892 -0.8722
vn -0.0003 0.2955 -0.9553
vn -0.0509 0.1064 -0.9930
vn -0.0001 0.1200 -0.9928
vn 0.0508 0.1065 0.9930
vn -0.0001 0.0825 0.9966
vn 0.1149 0.2412 0.9637
vn 0.2107 0.4421 0.8718
vn 0.2970 0.6231 0.7235
vn 0.3673 0.7705 0.5210
vn 0.4139 0.8683 0.2735
vn 0.4292 0.9004 -0.0710
vn 0.4139 0.8683 -0.2735
vn 0.3673 0.7705 -0.5210
vn 0.2970 0.6231 -0.7235
vn 0.2107 0.4421 -0.8718
vn 0.1149 0.2412 -0.9637
vn 0.0508 0.1065 -0.9930
vn -0.0001 0.0825 -0.9966
vn 0.4292 0.9004 0.0710
vn -0.7043 0.7043 -0.0883
vn -0.7043 0.7043 0.0883
vn -0.0996 0.0996 0.9900
vn -0.0996 -0.0996 0.9900
vn -0.2368 0.2368 0.9423
vn -0.2368 -0.2368 0.9423
vn -0.3816 0.3816 0.8419
vn -0.3816 -0.3816 0.8419
vn -0.5292 -0.5292 0.6632
vn -0.6546 0.6546 0.3781
vn -0.6546 -0.6546 0.3780
vn -0.7039 0.7038 0.0959
vn -0.7038 -0.7038 0.0959
vn -0.7038 0.7038 -0.0959
vn -0.7039 -0.7038 -0.0959
vn -0.6546 0.6546 -0.3781
vn -0.6546 -0.6546 -0.3780
vn -0.5292 -0.5292 -0.6632
vn -0.3816 0.3816 -0.8419
vn -0.3816 -0.3816 -0.8419
vn -0.2368 -0.2368 -0.9423
vn -0.0996 0.0996 -0.9900
vn -0.0996 -0.0996 -0.9900
vn -0.5292 0.5292 0.6632
vn -0.5292 0.5292 -0.6632
vn -0.2368 0.2368 -0.9423
vn -0.6546 0.6546 0.3780
vn -0.6546 0.6546 -0.3780
vn 0.2996 0.2995 0.9058
vn -0.0320 0.2612 0.9647
vn -0.0321 0.1262 0.9915
vn -0.0159 0.1293 0.9915
vn -0.0612 0.4994 0.8642
vn -0.0649 0.2552 0.9647
vn -0.0863 0.7037 0.7052
vn -0.1240 0.4877 0.8641
vn -0.1055 0.8605 0.4985
vn -0.1748 0.6872 0.7051
vn -0.1176 0.9590 0.2580
vn -0.2137 0.8402 0.4984
vn -0.1214 0.9904 0.0654
vn -0.2381 0.9363 0.2580
vn -0.2459 0.9671 -0.0654
vn -0.1214 0.9904 -0.0654
vn -0.2381 0.9363 -0.2580
vn -0.1176 0.9590 -0.2580
vn -0.2137 0.8402 -0.4984
vn -0.1055 0.8605 -0.4985
vn -0.1748 0.6872 -0.7051
vn -0.0863 0.7037 -0.7052
vn -0.1240 0.4877 -0.8641
vn -0.0612 0.4994 -0.8642
vn -0.0649 0.2552 -0.9647
vn -0.0320 0.2612 -0.9647
vn -0.0321 0.1262 -0.9915
vn -0.0159 0.1293 -0.9915
vn -0.0483 0.1209 0.9915
vn -0.0978 0.2446 0.9647
vn -0.1868 0.4674 0.8641
vn -0.2632 0.6584 0.7051
vn -0.3218 0.8050 0.4984
vn -0.2459 0.9671 0.0654
vn -0.3587 0.8971 0.2580
vn -0.3704 0.9266 -0.0654
vn -0.3587 0.8971 -0.2580
vn -0.3218 0.8050 -0.4984
vn -0.2632 0.6584 -0.7051
vn -0.1868 0.4674 -0.8641
vn -0.0978 0.2446 -0.9647
vn -0.0483 0.1209 -0.9915
vn -0.0641 0.1134 0.9915
vn -0.1297 0.2294 0.9647
vn -0.2477 0.4382 0.8641
vn -0.3490 0.6173 0.7051
vn -0.4266 0.7547 0.4984
vn -0.3704 0.9266 0.0654
vn -0.4755 0.8411 0.2580
vn -0.4911 0.8687 -0.0654
vn -0.4755 0.8411 -0.2580
vn -0.4266 0.7547 -0.4984
vn -0.3490 0.6173 -0.7051
vn -0.2477 0.4382 -0.8641
vn -0.1297 0.2294 -0.9647
vn -0.0641 0.1134 -0.9915
vn -0.0788 0.1037 0.9915
vn -0.1595 0.2098 0.9647
vn -0.3047 0.4007 0.8641
vn -0.4293 0.5644 0.7051
vn -0.5248 0.6901 0.4984
vn -0.4911 0.8687 0.0654
vn -0.5848 0.7690 0.2580
vn -0.6040 0.7943 -0.0654
vn -0.5848 0.7690 -0.2580
vn -0.5248 0.6901 -0.4984
vn -0.4293 0.5644 -0.7051
vn -0.3047 0.4007 -0.8641
vn -0.1595 0.2098 -0.9647
vn -0.0788 0.1037 -0.9915
vn -0.1865 0.1862 0.9647
vn -0.3562 0.3557 0.8641
vn -0.5018 0.5011 0.7051
vn -0.6135 0.6126 0.4984
vn -0.6837 0.6827 0.2580
vn -0.7061 0.7051 0.0654
vn -0.6040 0.7943 0.0654
vn -0.7061 0.7051 -0.0654
vn -0.6837 0.6827 -0.2580
vn -0.6135 0.6126 -0.4984
vn -0.5018 0.5011 -0.7051
vn -0.3562 0.3557 -0.8641
vn -0.1865 0.1862 -0.9647
vn -0.2098 0.1593 0.9647
vn -0.0922 0.0920 0.9915
vn -0.4009 0.3044 0.8641
vn -0.5647 0.4288 0.7051
vn -0.6904 0.5243 0.4984
vn -0.7695 0.5843 0.2580
vn -0.7947 0.6035 0.0654
vn -0.7947 0.6035 -0.0654
vn -0.7695 0.5843 -0.2580
vn -0.6904 0.5243 -0.4984
vn -0.5647 0.4288 -0.7051
vn -0.4009 0.3044 -0.8641
vn -0.0922 0.0920 -0.9915
vn -0.2098 0.1593 -0.9647
vn -0.2292 0.1299 0.9647
vn -0.1037 0.0788 0.9915
vn -0.4379 0.2482 0.8641
vn -0.6169 0.3497 0.7051
vn -0.7542 0.4275 0.4984
vn -0.8405 0.4764 0.2580
vn -0.8681 0.4920 0.0654
vn -0.8681 0.4920 -0.0654
vn -0.8405 0.4764 -0.2580
vn -0.7542 0.4275 -0.4984
vn -0.6169 0.3497 -0.7051
vn -0.4379 0.2482 -0.8641
vn -0.1037 0.0788 -0.9915
vn -0.2292 0.1299 -0.9647
vn -0.2442 0.0986 0.9647
vn -0.1133 0.0642 0.9915
vn -0.4667 0.1884 0.8641
vn -0.6575 0.2654 0.7051
vn -0.8039 0.3245 0.4984
vn -0.8959 0.3616 0.2580
vn -0.9253 0.3735 0.0654
vn -0.9253 0.3735 -0.0654
vn -0.8959 0.3616 -0.2580
vn -0.8039 0.3245 -0.4984
vn -0.6575 0.2654 -0.7051
vn -0.4667 0.1884 -0.8641
vn -0.1133 0.0642 -0.9915
vn -0.2442 0.0986 -0.9647
vn -0.2549 0.0661 0.9647
vn -0.1208 0.0488 0.9915
vn -0.4871 0.1263 0.8641
vn -0.6864 0.1779 0.7051
vn -0.8392 0.2176 0.4984
vn -0.9352 0.2425 0.2580
vn -0.9659 0.2504 0.0654
vn -0.9659 0.2504 -0.0654
vn -0.9352 0.2425 -0.2580
vn -0.8392 0.2176 -0.4984
vn -0.6864 0.1779 -0.7051
vn -0.4871 0.1263 -0.8641
vn -0.1208 0.0488 -0.9915
vn -0.2549 0.0661 -0.9647
vn -0.2612 0.0330 0.9647
vn -0.1261 0.0327 0.9915
vn -0.4992 0.0631 0.8642
vn -0.7034 0.0890 0.7052
vn -0.8601 0.1088 0.4985
vn -0.9585 0.1212 0.2580
vn -0.9900 0.1252 0.0654
vn -0.9900 0.1252 -0.0654
vn -0.9585 0.1212 -0.2580
vn -0.8601 0.1088 -0.4985
vn -0.7034 0.0890 -0.7052
vn -0.4992 0.0631 -0.8642
vn -0.1261 0.0327 -0.9915
vn -0.2612 0.0330 -0.9647
vn -0.2632 -0.0000 0.9647
vn -0.1292 0.0163 0.9915
vn -0.5032 -0.0000 0.8642
vn -0.7090 -0.0000 0.7052
vn -0.8669 -0.0000 0.4985
vn -0.9661 -0.0000 0.2580
vn -0.9979 -0.0000 0.0654
vn -0.9979 -0.0000 -0.0654
vn -0.9661 -0.0000 -0.2580
vn -0.8669 -0.0000 -0.4985
vn -0.7090 -0.0000 -0.7052
vn -0.5032 -0.0000 -0.8642
vn -0.1292 0.0163 -0.9915
vn -0.2632 -0.0000 -0.9647
vn -0.1292 -0.0163 0.9915
vn -0.1303 -0.0000 0.9915
vn -0.2611 -0.0329 0.9647
vn -0.4992 -0.0630 0.8642
vn -0.7035 -0.0887 0.7052
vn -0.8601 -0.1085 0.4985
vn -0.9586 -0.1209 0.2580
vn -0.9900 -0.1249 -0.0654
vn -0.9586 -0.1209 -0.2580
vn -0.8601 -0.1085 -0.4985
vn -0.7035 -0.0887 -0.7052
vn -0.4992 -0.0630 -0.8642
vn -0.2611 -0.0329 -0.9647
vn -0.1292 -0.0163 -0.9915
vn -0.1303 -0.0000 -0.9915
vn -0.1261 -0.0325 0.9915
vn -0.2549 -0.0657 0.9647
vn -0.4873 -0.1255 0.8642
vn -0.6866 -0.1768 0.7052
vn -0.8395 -0.2162 0.4985
vn -0.9900 -0.1249 0.0654
vn -0.9356 -0.2410 0.2580
vn -0.9663 -0.2489 -0.0654
vn -0.9356 -0.2410 -0.2580
vn -0.8395 -0.2162 -0.4985
vn -0.6866 -0.1768 -0.7052
vn -0.4873 -0.1255 -0.8642
vn -0.2549 -0.0657 -0.9647
vn -0.1261 -0.0325 -0.9915
vn -0.1210 -0.0483 0.9915
vn -0.2445 -0.0977 0.9647
vn -0.4673 -0.1868 0.8641
vn -0.6584 -0.2631 0.7051
vn -0.8050 -0.3217 0.4984
vn -0.9663 -0.2489 0.0654
vn -0.8972 -0.3586 0.2580
vn -0.9266 -0.3703 -0.0654
vn -0.8972 -0.3586 -0.2580
vn -0.8050 -0.3217 -0.4984
vn -0.6584 -0.2631 -0.7051
vn -0.4673 -0.1868 -0.8641
vn -0.2445 -0.0977 -0.9647
vn -0.1210 -0.0483 -0.9915
vn -0.1137 -0.0636 0.9915
vn -0.2298 -0.1287 0.9647
vn -0.4392 -0.2458 0.8641
vn -0.6187 -0.3464 0.7051
vn -0.7565 -0.4235 0.4984
vn -0.9266 -0.3703 0.0654
vn -0.8430 -0.4719 0.2580
vn -0.8707 -0.4874 -0.0654
vn -0.8430 -0.4719 -0.2580
vn -0.7565 -0.4235 -0.4984
vn -0.6187 -0.3464 -0.7051
vn -0.4392 -0.2458 -0.8641
vn -0.2298 -0.1287 -0.9647
vn -0.1137 -0.0636 -0.9915
vn -0.1043 -0.0781 0.9915
vn -0.2109 -0.1579 0.9647
vn -0.4029 -0.3016 0.8641
vn -0.5676 -0.4250 0.7051
vn -0.6940 -0.5196 0.4984
vn -0.8707 -0.4874 0.0654
vn -0.7734 -0.5790 0.2580
vn -0.7988 -0.5980 -0.0654
vn -0.7734 -0.5790 -0.2580
vn -0.6940 -0.5196 -0.4984
vn -0.5676 -0.4250 -0.7051
vn -0.4029 -0.3016 -0.8641
vn -0.2109 -0.1579 -0.9647
vn -0.1043 -0.0781 -0.9915
vn -0.0929 -0.0913 0.9915
vn -0.1879 -0.1848 0.9647
vn -0.3589 -0.3529 0.8641
vn -0.5056 -0.4972 0.7051
vn -0.6181 -0.6079 0.4984
vn -0.7988 -0.5980 0.0654
vn -0.6889 -0.6774 0.2580
vn -0.7115 -0.6997 -0.0654
vn -0.6889 -0.6774 -0.2580
vn -0.6181 -0.6079 -0.4984
vn -0.5056 -0.4972 -0.7051
vn -0.3589 -0.3529 -0.8641
vn -0.1879 -0.1848 -0.9647
vn -0.0929 -0.0913 -0.9915
vn -0.0796 -0.1031 0.9915
vn -0.1611 -0.2086 0.9646
vn -0.3078 -0.3984 0.8641
vn -0.4335 -0.5612 0.7051
vn -0.5300 -0.6861 0.4984
vn -0.7115 -0.6997 0.0654
vn -0.5907 -0.7646 0.2580
vn -0.6101 -0.7897 -0.0654
vn -0.5907 -0.7646 -0.2580
vn -0.5300 -0.6861 -0.4984
vn -0.4335 -0.5612 -0.7051
vn -0.3078 -0.3984 -0.8641
vn -0.1611 -0.2086 -0.9646
vn -0.0796 -0.1031 -0.9915
vn -0.1312 -0.2285 0.9646
vn -0.2507 -0.4365 0.8641
vn -0.3531 -0.6150 0.7051
vn -0.4317 -0.7518 0.4984
vn -0.4811 -0.8378 0.2580
vn -0.4969 -0.8653 0.0654
vn -0.6101 -0.7897 0.0654
vn -0.4969 -0.8653 -0.0654
vn -0.4811 -0.8378 -0.2580
vn -0.4317 -0.7518 -0.4984
vn -0.3531 -0.6150 -0.7051
vn -0.2507 -0.4365 -0.8641
vn -0.1312 -0.2285 -0.9646
vn -0.0991 -0.2441 0.9647
vn -0.0648 -0.1129 0.9915
vn -0.1893 -0.4664 0.8641
vn -0.2667 -0.6571 0.7051
vn -0.3260 -0.8033 0.4984
vn -0.3633 -0.8952 0.2580
vn -0.3753 -0.9246 0.0654
vn -0.3753 -0.9246 -0.0654
vn -0.3633 -0.8952 -0.2580
vn -0.3260 -0.8033 -0.4984
vn -0.2667 -0.6571 -0.7051
vn -0.1893 -0.4664 -0.8641
vn -0.0648 -0.1129 -0.9915
vn -0.0991 -0.2441 -0.9647
vn -0.0658 -0.2550 0.9647
vn -0.0490 -0.1207 0.9915
vn -0.1257 -0.4873 0.8641
vn -0.1771 -0.6866 0.7051
vn -0.2165 -0.8395 0.4984
vn -0.2413 -0.9355 0.2580
vn -0.2492 -0.9662 0.0654
vn -0.2492 -0.9662 -0.0654
vn -0.2413 -0.9355 -0.2580
vn -0.2165 -0.8395 -0.4984
vn -0.1771 -0.6866 -0.7051
vn -0.1257 -0.4873 -0.8641
vn -0.0490 -0.1207 -0.9915
vn -0.0658 -0.2550 -0.9647
vn -0.0324 -0.2612 0.9647
vn -0.0325 -0.1261 0.9915
vn -0.0620 -0.4994 0.8642
vn -0.0874 -0.7036 0.7052
vn -0.1068 -0.8603 0.4985
vn -0.1190 -0.9588 0.2580
vn -0.1230 -0.9903 0.0654
vn -0.1230 -0.9903 -0.0654
vn -0.1190 -0.9588 -0.2580
vn -0.1068 -0.8603 -0.4985
vn -0.0874 -0.7036 -0.7052
vn -0.0620 -0.4994 -0.8642
vn -0.0325 -0.1261 -0.9915
vn -0.0324 -0.2612 -0.9647
vn 0.0002 -0.2631 0.9648
vn -0.0161 -0.1293 0.9915
vn 0.0004 -0.5031 0.8642
vn 0.0006 -0.7090 0.7052
vn 0.0007 -0.8669 0.4985
vn 0.0008 -0.9661 0.2580
vn 0.0008 -0.9979 0.0654
vn 0.0008 -0.9979 -0.0654
vn 0.0008 -0.9661 -0.2580
vn 0.0007 -0.8669 -0.4985
vn 0.0006 -0.7090 -0.7052
vn 0.0004 -0.5031 -0.8642
vn -0.0161 -0.1293 -0.9915
vn 0.0002 -0.2631 -0.9648
vn 0.0164 -0.1292 0.9915
vn 0.0001 -0.1303 0.9915
vn 0.0332 -0.2612 0.9647
vn 0.0634 -0.4992 0.8641
vn 0.0893 -0.7034 0.7052
vn 0.1092 -0.8600 0.4984
vn 0.1217 -0.9585 0.2580
vn 0.1257 -0.9899 -0.0654
vn 0.1217 -0.9585 -0.2580
vn 0.1092 -0.8600 -0.4984
vn 0.0893 -0.7034 -0.7052
vn 0.0634 -0.4992 -0.8641
vn 0.0332 -0.2612 -0.9647
vn 0.0164 -0.1292 -0.9915
vn 0.0001 -0.1303 -0.9915
vn 0.0331 -0.1260 0.9915
vn 0.0669 -0.2548 0.9647
vn 0.1279 -0.4868 0.8641
vn 0.1802 -0.6858 0.7051
vn 0.2203 -0.8385 0.4984
vn 0.1257 -0.9899 0.0654
vn 0.2455 -0.9344 0.2580
vn 0.2536 -0.9651 -0.0654
vn 0.2455 -0.9344 -0.2580
vn 0.2203 -0.8385 -0.4984
vn 0.1802 -0.6858 -0.7051
vn 0.1279 -0.4868 -0.8641
vn 0.0669 -0.2548 -0.9647
vn 0.0331 -0.1260 -0.9915
vn 0.0496 -0.1204 0.9915
vn 0.1003 -0.2436 0.9647
vn 0.1916 -0.4655 0.8641
vn 0.2699 -0.6557 0.7051
vn 0.3300 -0.8017 0.4984
vn 0.2536 -0.9651 0.0654
vn 0.3678 -0.8934 0.2580
vn 0.3799 -0.9227 -0.0654
vn 0.3678 -0.8934 -0.2580
vn 0.3300 -0.8017 -0.4984
vn 0.2699 -0.6557 -0.7051
vn 0.1916 -0.4655 -0.8641
vn 0.1003 -0.2436 -0.9647
vn 0.0496 -0.1204 -0.9915
vn 0.0653 -0.1127 0.9915
vn 0.1322 -0.2279 0.9647
vn 0.2525 -0.4354 0.8641
vn 0.3558 -0.6134 0.7051
vn 0.4349 -0.7499 0.4984
vn 0.3799 -0.9227 0.0654
vn 0.4847 -0.8358 0.2580
vn 0.5006 -0.8632 -0.0654
vn 0.4847 -0.8358 -0.2580
vn 0.4349 -0.7499 -0.4984
vn 0.3558 -0.6134 -0.7051
vn 0.2525 -0.4354 -0.8641
vn 0.1322 -0.2279 -0.9647
vn 0.0653 -0.1127 -0.9915
vn 0.1617 -0.2081 0.9647
vn 0.3089 -0.3974 0.8641
vn 0.4351 -0.5599 0.7051
vn 0.5320 -0.6845 0.4984
vn 0.5929 -0.7629 0.2580
vn 0.6123 -0.7879 0.0654
vn 0.5006 -0.8632 0.0654
vn 0.6123 -0.7879 -0.0654
vn 0.5929 -0.7629 -0.2580
vn 0.5320 -0.6845 -0.4984
vn 0.4351 -0.5599 -0.7051
vn 0.3089 -0.3974 -0.8641
vn 0.1617 -0.2080 -0.9647
vn 0.1880 -0.1845 0.9647
vn 0.0799 -0.1028 0.9915
vn 0.3592 -0.3525 0.8641
vn 0.5061 -0.4967 0.7051
vn 0.6188 -0.6072 0.4984
vn 0.6896 -0.6767 0.2580
vn 0.7122 -0.6989 0.0654
vn 0.7122 -0.6989 -0.0654
vn 0.6896 -0.6767 -0.2580
vn 0.6188 -0.6072 -0.4984
vn 0.5061 -0.4967 -0.7051
vn 0.3592 -0.3525 -0.8641
vn 0.0799 -0.1028 -0.9915
vn 0.1880 -0.1845 -0.9647
vn 0.2107 -0.1580 0.9647
vn 0.0930 -0.0912 0.9915
vn 0.4027 -0.3019 0.8641
vn 0.5673 -0.4254 0.7051
vn 0.6936 -0.5200 0.4984
vn 0.7730 -0.5796 0.2580
vn 0.7984 -0.5986 0.0654
vn 0.7984 -0.5986 -0.0654
vn 0.7730 -0.5796 -0.2580
vn 0.6936 -0.5200 -0.4984
vn 0.5673 -0.4254 -0.7051
vn 0.4027 -0.3019 -0.8641
vn 0.0930 -0.0912 -0.9915
vn 0.2107 -0.1580 -0.9647
vn 0.2295 -0.1291 0.9647
vn 0.1042 -0.0781 0.9915
vn 0.4386 -0.2467 0.8641
vn 0.6180 -0.3476 0.7051
vn 0.7556 -0.4250 0.4984
vn 0.8421 -0.4737 0.2580
vn 0.8697 -0.4892 0.0654
vn 0.8697 -0.4892 -0.0654
vn 0.8421 -0.4737 -0.2580
vn 0.7556 -0.4250 -0.4984
vn 0.6180 -0.3476 -0.7051
vn 0.4386 -0.2467 -0.8641
vn 0.1042 -0.0781 -0.9915
vn 0.2295 -0.1291 -0.9647
vn 0.2442 -0.0984 0.9647
vn 0.1135 -0.0639 0.9915
vn 0.4668 -0.1880 0.8641
vn 0.6577 -0.2649 0.7052
vn 0.8041 -0.3239 0.4984
vn 0.8962 -0.3610 0.2580
vn 0.9256 -0.3728 0.0654
vn 0.9256 -0.3728 -0.0654
vn 0.8962 -0.3610 -0.2580
vn 0.8041 -0.3239 -0.4984
vn 0.6577 -0.2649 -0.7052
vn 0.4668 -0.1880 -0.8641
vn 0.1135 -0.0639 -0.9915
vn 0.2442 -0.0984 -0.9647
vn 0.2548 -0.0663 0.9647
vn 0.1208 -0.0487 0.9915
vn 0.4870 -0.1267 0.8642
vn 0.6862 -0.1786 0.7052
vn 0.8390 -0.2184 0.4985
vn 0.9350 -0.2433 0.2580
vn 0.9657 -0.2513 0.0654
vn 0.9657 -0.2513 -0.0654
vn 0.9350 -0.2433 -0.2580
vn 0.8390 -0.2184 -0.4985
vn 0.6862 -0.1786 -0.7052
vn 0.4870 -0.1267 -0.8642
vn 0.1208 -0.0487 -0.9915
vn 0.2548 -0.0663 -0.9647
vn 0.2611 -0.0334 0.9647
vn 0.1261 -0.0328 0.9915
vn 0.4992 -0.0638 0.8642
vn 0.7033 -0.0898 0.7052
vn 0.8599 -0.1098 0.4985
vn 0.9584 -0.1224 0.2580
vn 0.9898 -0.1264 0.0654
vn 0.9898 -0.1264 -0.0654
vn 0.9584 -0.1224 -0.2580
vn 0.8599 -0.1098 -0.4985
vn 0.7033 -0.0898 -0.7052
vn 0.4992 -0.0638 -0.8642
vn 0.1261 -0.0328 -0.9915
vn 0.2611 -0.0334 -0.9647
vn 0.1292 -0.0165 0.9915
vn 0.5032 0.0001 0.8642
vn 0.7090 0.0002 0.7052
vn 0.8669 0.0002 0.4985
vn 0.9662 0.0003 0.2580
vn 0.9979 0.0003 0.0654
vn 0.9979 0.0003 -0.0654
vn 0.9662 0.0003 -0.2580
vn 0.8669 0.0002 -0.4985
vn 0.7090 0.0002 -0.7052
vn 0.5032 0.0001 -0.8642
vn 0.1292 -0.0165 -0.9915
vn 0.1292 0.0167 0.9915
vn 0.1303 -0.0000 0.9915
vn 0.2611 0.0337 0.9647
vn 0.4991 0.0644 0.8641
vn 0.7032 0.0908 0.7051
vn 0.8598 0.1110 0.4984
vn 0.9582 0.1237 0.2580
vn 0.9896 0.1278 -0.0654
vn 0.9582 0.1237 -0.2580
vn 0.8598 0.1110 -0.4984
vn 0.7032 0.0908 -0.7051
vn 0.4991 0.0644 -0.8641
vn 0.2611 0.0337 -0.9647
vn 0.1292 0.0167 -0.9915
vn 0.1303 -0.0000 -0.9915
vn 0.1259 0.0332 0.9915
vn 0.2546 0.0672 0.9647
vn 0.4866 0.1284 0.8641
vn 0.6856 0.1809 0.7051
vn 0.8383 0.2211 0.4984
vn 0.9896 0.1278 0.0654
vn 0.9342 0.2464 0.2580
vn 0.9649 0.2545 -0.0654
vn 0.9342 0.2464 -0.2580
vn 0.8383 0.2211 -0.4984
vn 0.6856 0.1809 -0.7051
vn 0.4866 0.1284 -0.8641
vn 0.2546 0.0672 -0.9647
vn 0.1259 0.0332 -0.9915
vn 0.1206 0.0493 0.9915
vn 0.2438 0.0997 0.9647
vn 0.4658 0.1906 0.8641
vn 0.6563 0.2685 0.7051
vn 0.8024 0.3283 0.4984
vn 0.9649 0.2545 0.0654
vn 0.8942 0.3659 0.2580
vn 0.9235 0.3779 -0.0654
vn 0.8942 0.3659 -0.2580
vn 0.8024 0.3283 -0.4984
vn 0.6563 0.2685 -0.7051
vn 0.4658 0.1906 -0.8641
vn 0.2438 0.0997 -0.9647
vn 0.1205 0.0493 -0.9915
vn 0.1130 0.0647 0.9915
vn 0.2286 0.1308 0.9647
vn 0.4368 0.2500 0.8641
vn 0.6154 0.3522 0.7051
vn 0.7524 0.4306 0.4984
vn 0.9235 0.3779 0.0654
vn 0.8385 0.4799 0.2580
vn 0.8660 0.4957 -0.0654
vn 0.8385 0.4799 -0.2580
vn 0.7524 0.4306 -0.4984
vn 0.6154 0.3522 -0.7051
vn 0.4368 0.2500 -0.8641
vn 0.2286 0.1308 -0.9647
vn 0.1130 0.0647 -0.9915
vn 0.1035 0.0791 0.9915
vn 0.2094 0.1599 0.9647
vn 0.4000 0.3055 0.8641
vn 0.5635 0.4304 0.7051
vn 0.6890 0.5262 0.4984
vn 0.8660 0.4957 0.0654
vn 0.7678 0.5865 0.2580
vn 0.7930 0.6057 -0.0654
vn 0.7678 0.5865 -0.2580
vn 0.6890 0.5262 -0.4984
vn 0.5635 0.4304 -0.7051
vn 0.4000 0.3055 -0.8641
vn 0.2094 0.1599 -0.9647
vn 0.1035 0.0791 -0.9915
vn 0.0921 0.0921 0.9915
vn 0.1863 0.1863 0.9647
vn 0.3558 0.3560 0.8641
vn 0.5013 0.5015 0.7051
vn 0.6129 0.6132 0.4984
vn 0.7930 0.6057 0.0654
vn 0.6830 0.6833 0.2580
vn 0.7054 0.7058 -0.0654
vn 0.6830 0.6833 -0.2580
vn 0.6129 0.6132 -0.4984
vn 0.5013 0.5015 -0.7051
vn 0.3558 0.3560 -0.8641
vn 0.1863 0.1863 -0.9647
vn 0.0921 0.0921 -0.9915
vn 0.0789 0.1036 0.9915
vn 0.1597 0.2096 0.9647
vn 0.3051 0.4003 0.8641
vn 0.4298 0.5640 0.7051
vn 0.5255 0.6895 0.4984
vn 0.7054 0.7058 0.0654
vn 0.5856 0.7684 0.2580
vn 0.6048 0.7937 -0.0654
vn 0.5856 0.7684 -0.2580
vn 0.5255 0.6895 -0.4984
vn 0.4298 0.5640 -0.7051
vn 0.3051 0.4003 -0.8641
vn 0.1597 0.2096 -0.9647
vn 0.0789 0.1036 -0.9915
vn 0.1303 0.2290 0.9647
vn 0.2488 0.4375 0.8641
vn 0.3506 0.6164 0.7051
vn 0.4286 0.7536 0.4984
vn 0.4777 0.8398 0.2580
vn 0.4933 0.8674 0.0654
vn 0.6048 0.7937 0.0654
vn 0.4933 0.8674 -0.0654
vn 0.4777 0.8398 -0.2580
vn 0.4286 0.7536 -0.4984
vn 0.3506 0.6164 -0.7051
vn 0.2488 0.4375 -0.8641
vn 0.1303 0.2290 -0.9647
vn 0.0987 0.2443 0.9647
vn 0.0644 0.1132 0.9915
vn 0.1885 0.4667 0.8641
vn 0.2656 0.6575 0.7051
vn 0.3247 0.8038 0.4984
vn 0.3618 0.8958 0.2580
vn 0.3737 0.9252 0.0654
vn 0.3737 0.9252 -0.0654
vn 0.3618 0.8958 -0.2580
vn 0.3247 0.8038 -0.4984
vn 0.2656 0.6575 -0.7051
vn 0.1885 0.4667 -0.8641
vn 0.0644 0.1132 -0.9915
vn 0.0987 0.2443 -0.9647
vn 0.0658 0.2550 0.9647
vn 0.0488 0.1208 0.9915
vn 0.1257 0.4873 0.8641
vn 0.1771 0.6866 0.7051
vn 0.2166 0.8394 0.4984
vn 0.2414 0.9355 0.2580
vn 0.2493 0.9662 0.0654
vn 0.2493 0.9662 -0.0654
vn 0.2414 0.9355 -0.2580
vn 0.2166 0.8394 -0.4984
vn 0.1771 0.6866 -0.7051
vn 0.1257 0.4873 -0.8641
vn 0.0488 0.1208 -0.9915
vn 0.0658 0.2550 -0.9647
vn 0.0326 0.2612 0.9647
vn 0.0325 0.1261 0.9915
vn 0.0623 0.4993 0.8642
vn 0.0879 0.7036 0.7052
vn 0.1074 0.8602 0.4985
vn 0.1197 0.9587 0.2580
vn 0.1236 0.9902 0.0654
vn 0.1236 0.9902 -0.0654
vn 0.1197 0.9587 -0.2580
vn 0.1074 0.8602 -0.4985
vn 0.0879 0.7036 -0.7052
vn 0.0623 0.4993 -0.8642
vn 0.0325 0.1261 -0.9915
vn 0.0326 0.2612 -0.9647
vn 0.0002 0.2631 0.9648
vn 0.0003 0.5031 0.8642
vn 0.0005 0.7090 0.7052
vn 0.0006 0.8669 0.4985
vn 0.0006 0.9661 0.2580
vn 0.0007 0.9979 0.0654
vn 0.0007 0.9979 -0.0654
vn 0.0006 0.9661 -0.2580
vn 0.0006 0.8669 -0.4985
vn 0.0005 0.7090 -0.7052
vn 0.0003 0.5031 -0.8642
vn 0.0002 0.2631 -0.9648
vn 0.0001 0.1303 0.9915
vn 0.0001 0.1303 -0.9915
vn 0.0624 0.2456 0.9674
vn 0.0160 0.1293 0.9915
vn 0.0311 0.2516 0.9673
vn 0.1220 0.4800 0.8687
vn 0.0607 0.4917 0.8687
vn 0.1734 0.6820 0.7105
vn 0.0863 0.6985 0.7104
vn 0.2129 0.8376 0.5030
vn 0.1060 0.8578 0.5030
vn 0.2379 0.9357 0.2606
vn 0.1184 0.9582 0.2606
vn 0.2458 0.9671 0.0657
vn 0.1224 0.9903 0.0657
vn 0.2458 0.9671 -0.0657
vn 0.1224 0.9903 -0.0657
vn 0.1184 0.9582 -0.2606
vn 0.1060 0.8578 -0.5030
vn 0.2379 0.9357 -0.2606
vn 0.0863 0.6985 -0.7104
vn 0.2129 0.8376 -0.5030
vn 0.0607 0.4917 -0.8687
vn 0.1734 0.6820 -0.7105
vn 0.0311 0.2516 -0.9673
vn 0.1220 0.4800 -0.8687
vn 0.0160 0.1293 -0.9915
vn 0.0624 0.2456 -0.9674
vn 0.0934 0.2354 0.9674
vn 0.0321 0.1262 0.9915
vn 0.1826 0.4603 0.8688
vn 0.2595 0.6541 0.7105
vn 0.3187 0.8033 0.5031
vn 0.3560 0.8974 0.2607
vn 0.3680 0.9275 0.0657
vn 0.3680 0.9275 -0.0657
vn 0.3560 0.8974 -0.2607
vn 0.3187 0.8033 -0.5031
vn 0.2595 0.6541 -0.7105
vn 0.1826 0.4603 -0.8688
vn 0.0321 0.1263 -0.9915
vn 0.0934 0.2354 -0.9674
vn 0.1233 0.2212 0.9674
vn 0.2411 0.4324 0.8688
vn 0.3426 0.6146 0.7106
vn 0.4208 0.7548 0.5032
vn 0.4701 0.8432 0.2607
vn 0.4858 0.8716 0.0657
vn 0.4859 0.8716 -0.0657
vn 0.4701 0.8433 -0.2607
vn 0.4208 0.7548 -0.5032
vn 0.3426 0.6146 -0.7106
vn 0.2411 0.4324 -0.8688
vn 0.1233 0.2212 -0.9674
vn 0.1514 0.2029 0.9674
vn 0.0634 0.1138 0.9915
vn 0.2961 0.3967 0.8689
vn 0.4208 0.5639 0.7106
vn 0.5168 0.6926 0.5032
vn 0.5774 0.7737 0.2607
vn 0.5968 0.7997 0.0657
vn 0.5968 0.7997 -0.0657
vn 0.5774 0.7737 -0.2607
vn 0.5168 0.6926 -0.5032
vn 0.4208 0.5639 -0.7106
vn 0.2961 0.3967 -0.8689
vn 0.0634 0.1138 -0.9915
vn 0.1514 0.2029 -0.9674
vn 0.1771 0.1808 0.9674
vn 0.0779 0.1044 0.9915
vn 0.3463 0.3537 0.8689
vn 0.4922 0.5027 0.7107
vn 0.6045 0.6175 0.5032
vn 0.6754 0.6898 0.2608
vn 0.6981 0.7130 0.0657
vn 0.6981 0.7130 -0.0657
vn 0.6754 0.6898 -0.2608
vn 0.6045 0.6175 -0.5032
vn 0.4922 0.5027 -0.7107
vn 0.3463 0.3537 -0.8689
vn 0.0779 0.1044 -0.9915
vn 0.1771 0.1808 -0.9674
vn 0.1997 0.1555 0.9674
vn 0.0911 0.0931 0.9915
vn 0.3906 0.3041 0.8689
vn 0.5551 0.4322 0.7107
vn 0.6819 0.5308 0.5033
vn 0.7618 0.5930 0.2608
vn 0.7874 0.6130 0.0657
vn 0.7874 0.6130 -0.0657
vn 0.7618 0.5930 -0.2608
vn 0.6819 0.5308 -0.5033
vn 0.5551 0.4322 -0.7107
vn 0.3906 0.3041 -0.8689
vn 0.0911 0.0931 -0.9915
vn 0.1997 0.1555 -0.9674
vn 0.1126 0.0655 0.9915
vn 0.1028 0.0800 0.9915
vn 0.2188 0.1272 0.9674
vn 0.4279 0.2489 0.8689
vn 0.6081 0.3537 0.7107
vn 0.7470 0.4345 0.5033
vn 0.8345 0.4854 0.2608
vn 0.8625 0.5017 -0.0657
vn 0.8345 0.4854 -0.2608
vn 0.7470 0.4345 -0.5033
vn 0.6081 0.3537 -0.7107
vn 0.4279 0.2489 -0.8689
vn 0.2188 0.1272 -0.9674
vn 0.1126 0.0655 -0.9915
vn 0.1028 0.0800 -0.9915
vn 0.1203 0.0498 0.9915
vn 0.2339 0.0968 0.9674
vn 0.4573 0.1893 0.8689
vn 0.6500 0.2691 0.7107
vn 0.7984 0.3306 0.5032
vn 0.8625 0.5017 0.0657
vn 0.8920 0.3693 0.2607
vn 0.9219 0.3817 -0.0657
vn 0.8920 0.3693 -0.2607
vn 0.7984 0.3306 -0.5032
vn 0.6500 0.2691 -0.7107
vn 0.4573 0.1893 -0.8689
vn 0.2339 0.0968 -0.9674
vn 0.1203 0.0498 -0.9915
vn 0.1259 0.0334 0.9915
vn 0.2447 0.0649 0.9674
vn 0.4785 0.1270 0.8689
vn 0.6800 0.1805 0.7106
vn 0.8353 0.2217 0.5032
vn 0.9219 0.3817 0.0657
vn 0.9331 0.2476 0.2607
vn 0.9645 0.2560 -0.0657
vn 0.9331 0.2476 -0.2607
vn 0.8353 0.2217 -0.5032
vn 0.6800 0.1805 -0.7106
vn 0.4785 0.1270 -0.8689
vn 0.2447 0.0649 -0.9674
vn 0.1259 0.0334 -0.9915
vn 0.2512 0.0324 0.9674
vn 0.4911 0.0634 0.8688
vn 0.6979 0.0900 0.7105
vn 0.8571 0.1106 0.5031
vn 0.9645 0.2560 0.0657
vn 0.9575 0.1235 0.2607
vn 0.9896 0.1277 -0.0657
vn 0.9575 0.1235 -0.2607
vn 0.8571 0.1106 -0.5031
vn 0.6979 0.0900 -0.7105
vn 0.4911 0.0634 -0.8688
vn 0.2512 0.0324 -0.9674
vn 0.2534 -0.0000 0.9673
vn 0.4953 0.0001 0.8687
vn 0.7038 0.0001 0.7104
vn 0.8643 0.0002 0.5030
vn 0.9896 0.1277 0.0657
vn 0.9654 0.0002 0.2606
vn 0.9978 0.0002 -0.0657
vn 0.9654 0.0002 -0.2606
vn 0.8643 0.0002 -0.5030
vn 0.7038 0.0001 -0.7104
vn 0.4953 0.0001 -0.8687
vn 0.2534 -0.0000 -0.9673
vn 0.2512 -0.0323 0.9674
vn 0.4912 -0.0631 0.8688
vn 0.6979 -0.0897 0.7105
vn 0.8572 -0.1101 0.5031
vn 0.9576 -0.1230 0.2607
vn 0.9897 -0.1271 0.0657
vn 0.9978 0.0002 0.0657
vn 0.9897 -0.1271 -0.0657
vn 0.9576 -0.1230 -0.2607
vn 0.8572 -0.1101 -0.5031
vn 0.6979 -0.0897 -0.7105
vn 0.4912 -0.0631 -0.8688
vn 0.2512 -0.0323 -0.9674
vn 0.2447 -0.0648 0.9674
vn 0.1292 -0.0166 0.9915
vn 0.4786 -0.1266 0.8689
vn 0.6802 -0.1800 0.7106
vn 0.8354 -0.2211 0.5032
vn 0.9333 -0.2470 0.2607
vn 0.9646 -0.2553 0.0657
vn 0.9646 -0.2553 -0.0657
vn 0.9333 -0.2470 -0.2607
vn 0.8354 -0.2211 -0.5032
vn 0.6802 -0.1800 -0.7106
vn 0.4786 -0.1266 -0.8689
vn 0.1292 -0.0166 -0.9915
vn 0.2447 -0.0648 -0.9674
vn 0.2339 -0.0967 0.9674
vn 0.1259 -0.0333 0.9915
vn 0.4574 -0.1891 0.8689
vn 0.6501 -0.2688 0.7107
vn 0.7986 -0.3302 0.5033
vn 0.8922 -0.3689 0.2608
vn 0.9221 -0.3812 0.0657
vn 0.9221 -0.3812 -0.0657
vn 0.8922 -0.3689 -0.2608
vn 0.7986 -0.3302 -0.5033
vn 0.6501 -0.2688 -0.7107
vn 0.4574 -0.1891 -0.8689
vn 0.1259 -0.0333 -0.9915
vn 0.2339 -0.0967 -0.9674
vn 0.2187 -0.1272 0.9675
vn 0.1204 -0.0498 0.9915
vn 0.4278 -0.2488 0.8689
vn 0.6081 -0.3537 0.7107
vn 0.7470 -0.4345 0.5033
vn 0.8345 -0.4854 0.2608
vn 0.8625 -0.5017 0.0657
vn 0.8625 -0.5017 -0.0657
vn 0.8345 -0.4854 -0.2608
vn 0.7470 -0.4345 -0.5033
vn 0.6081 -0.3537 -0.7107
vn 0.4278 -0.2488 -0.8689
vn 0.1204 -0.0498 -0.9915
vn 0.2187 -0.1272 -0.9675
vn 0.1996 -0.1556 0.9675
vn 0.1126 -0.0655 0.9915
vn 0.3903 -0.3043 0.8689
vn 0.5548 -0.4325 0.7107
vn 0.6815 -0.5313 0.5033
vn 0.7614 -0.5936 0.2608
vn 0.7870 -0.6135 0.0657
vn 0.7870 -0.6135 -0.0657
vn 0.7614 -0.5936 -0.2608
vn 0.6815 -0.5313 -0.5033
vn 0.5548 -0.4325 -0.7107
vn 0.3903 -0.3043 -0.8689
vn 0.1126 -0.0655 -0.9915
vn 0.1996 -0.1556 -0.9675
vn 0.0910 -0.0932 0.9915
vn 0.1027 -0.0801 0.9915
vn 0.1768 -0.1811 0.9675
vn 0.3458 -0.3541 0.8689
vn 0.4915 -0.5033 0.7107
vn 0.6037 -0.6183 0.5033
vn 0.6745 -0.6907 0.2608
vn 0.6971 -0.7139 -0.0657
vn 0.6745 -0.6907 -0.2608
vn 0.6037 -0.6183 -0.5033
vn 0.4915 -0.5033 -0.7107
vn 0.3458 -0.3541 -0.8689
vn 0.1768 -0.1811 -0.9675
vn 0.0910 -0.0932 -0.9915
vn 0.1027 -0.0801 -0.9915
vn 0.0777 -0.1045 0.9915
vn 0.1510 -0.2031 0.9674
vn 0.2953 -0.3973 0.8689
vn 0.4197 -0.5646 0.7107
vn 0.5155 -0.6935 0.5032
vn 0.6971 -0.7139 0.0657
vn 0.5759 -0.7748 0.2607
vn 0.5953 -0.8008 -0.0657
vn 0.5759 -0.7748 -0.2607
vn 0.5155 -0.6935 -0.5032
vn 0.4197 -0.5646 -0.7107
vn 0.2953 -0.3973 -0.8689
vn 0.1510 -0.2031 -0.9674
vn 0.0777 -0.1045 -0.9915
vn 0.0632 -0.1139 0.9915
vn 0.1228 -0.2214 0.9674
vn 0.2401 -0.4329 0.8688
vn 0.3413 -0.6153 0.7106
vn 0.4192 -0.7557 0.5032
vn 0.5953 -0.8008 0.0657
vn 0.4683 -0.8442 0.2607
vn 0.4840 -0.8726 -0.0657
vn 0.4683 -0.8442 -0.2607
vn 0.4192 -0.7557 -0.5032
vn 0.3413 -0.6153 -0.7106
vn 0.2401 -0.4329 -0.8688
vn 0.1228 -0.2214 -0.9674
vn 0.0632 -0.1139 -0.9915
vn 0.0478 -0.1212 0.9915
vn 0.0929 -0.2356 0.9674
vn 0.1817 -0.4607 0.8688
vn 0.2581 -0.6546 0.7105
vn 0.3170 -0.8040 0.5031
vn 0.4840 -0.8726 0.0657
vn 0.3542 -0.8981 0.2607
vn 0.3661 -0.9283 -0.0657
vn 0.3542 -0.8981 -0.2607
vn 0.3170 -0.8040 -0.5031
vn 0.2581 -0.6546 -0.7105
vn 0.1816 -0.4607 -0.8688
vn 0.0929 -0.2356 -0.9674
vn 0.0478 -0.1212 -0.9915
vn 0.0319 -0.1263 0.9915
vn 0.0620 -0.2457 0.9674
vn 0.1212 -0.4802 0.8687
vn 0.1723 -0.6823 0.7104
vn 0.2116 -0.8380 0.5030
vn 0.3661 -0.9283 0.0657
vn 0.2363 -0.9361 0.2606
vn 0.2442 -0.9675 -0.0657
vn 0.2363 -0.9361 -0.2606
vn 0.2116 -0.8380 -0.5030
vn 0.1723 -0.6823 -0.7104
vn 0.1212 -0.4802 -0.8687
vn 0.0620 -0.2457 -0.9674
vn 0.0319 -0.1263 -0.9915
vn 0.0159 -0.1293 0.9915
vn 0.0309 -0.2517 0.9673
vn 0.0603 -0.4918 0.8686
vn 0.0856 -0.6986 0.7103
vn 0.1052 -0.8579 0.5029
vn 0.2442 -0.9675 0.0657
vn 0.1175 -0.9583 0.2606
vn 0.1214 -0.9904 -0.0657
vn 0.1175 -0.9583 -0.2606
vn 0.1052 -0.8579 -0.5029
vn 0.0856 -0.6986 -0.7103
vn 0.0603 -0.4918 -0.8686
vn 0.0309 -0.2517 -0.9673
vn 0.0159 -0.1293 -0.9915
vn -0.0000 -0.1303 0.9915
vn -0.0000 -0.2537 0.9673
vn -0.0001 -0.4956 0.8686
vn -0.0001 -0.7040 0.7102
vn -0.0002 -0.8644 0.5028
vn 0.1214 -0.9904 0.0657
vn -0.0002 -0.9655 0.2605
vn -0.0002 -0.9978 -0.0657
vn -0.0002 -0.9655 -0.2605
vn -0.0002 -0.8644 -0.5028
vn -0.0001 -0.7040 -0.7102
vn -0.0001 -0.4956 -0.8686
vn -0.0000 -0.2537 -0.9673
vn -0.0000 -0.1303 -0.9915
vn -0.0310 -0.2516 0.9673
vn -0.0606 -0.4917 0.8687
vn -0.0861 -0.6986 0.7104
vn -0.1058 -0.8578 0.5030
vn -0.1181 -0.9582 0.2606
vn -0.1221 -0.9903 0.0657
vn -0.0002 -0.9978 0.0657
vn -0.1221 -0.9903 -0.0657
vn -0.1181 -0.9582 -0.2606
vn -0.1058 -0.8578 -0.5029
vn -0.0861 -0.6986 -0.7104
vn -0.0606 -0.4917 -0.8687
vn -0.0310 -0.2516 -0.9673
vn -0.0623 -0.2456 0.9674
vn -0.0159 -0.1293 0.9915
vn -0.1218 -0.4801 0.8687
vn -0.1731 -0.6821 0.7105
vn -0.2125 -0.8377 0.5030
vn -0.2374 -0.9358 0.2606
vn -0.2454 -0.9672 0.0657
vn -0.2454 -0.9672 -0.0657
vn -0.2374 -0.9358 -0.2606
vn -0.2125 -0.8377 -0.5030
vn -0.1731 -0.6821 -0.7105
vn -0.1218 -0.4801 -0.8687
vn -0.0159 -0.1293 -0.9915
vn -0.0623 -0.2456 -0.9674
vn -0.0933 -0.2355 0.9674
vn -0.0320 -0.1263 0.9915
vn -0.1823 -0.4604 0.8688
vn -0.2591 -0.6542 0.7105
vn -0.3182 -0.8035 0.5031
vn -0.3555 -0.8976 0.2607
vn -0.3674 -0.9277 0.0657
vn -0.3674 -0.9277 -0.0657
vn -0.3555 -0.8976 -0.2607
vn -0.3182 -0.8035 -0.5031
vn -0.2591 -0.6542 -0.7105
vn -0.1823 -0.4604 -0.8688
vn -0.0320 -0.1263 -0.9915
vn -0.0933 -0.2355 -0.9674
vn -0.1232 -0.2212 0.9674
vn -0.0480 -0.1211 0.9915
vn -0.2408 -0.4326 0.8688
vn -0.3423 -0.6147 0.7106
vn -0.4204 -0.7550 0.5032
vn -0.4696 -0.8435 0.2607
vn -0.4854 -0.8718 0.0657
vn -0.4854 -0.8718 -0.0657
vn -0.4696 -0.8435 -0.2607
vn -0.4204 -0.7550 -0.5032
vn -0.3423 -0.6147 -0.7106
vn -0.2408 -0.4326 -0.8688
vn -0.0480 -0.1211 -0.9915
vn -0.1232 -0.2212 -0.9674
vn -0.1513 -0.2029 0.9674
vn -0.0634 -0.1138 0.9915
vn -0.2959 -0.3968 0.8689
vn -0.4206 -0.5640 0.7106
vn -0.5166 -0.6927 0.5032
vn -0.5771 -0.7739 0.2607
vn -0.5965 -0.7999 0.0657
vn -0.5965 -0.7999 -0.0657
vn -0.5771 -0.7739 -0.2607
vn -0.5166 -0.6927 -0.5032
vn -0.4206 -0.5640 -0.7106
vn -0.2959 -0.3968 -0.8689
vn -0.0634 -0.1138 -0.9915
vn -0.1513 -0.2029 -0.9674
vn -0.1770 -0.1808 0.9674
vn -0.0779 -0.1044 0.9915
vn -0.3463 -0.3537 0.8689
vn -0.4922 -0.5027 0.7107
vn -0.6045 -0.6175 0.5033
vn -0.6754 -0.6898 0.2608
vn -0.6981 -0.7130 0.0657
vn -0.6981 -0.7130 -0.0657
vn -0.6754 -0.6898 -0.2608
vn -0.6045 -0.6175 -0.5033
vn -0.4922 -0.5027 -0.7107
vn -0.3463 -0.3537 -0.8689
vn -0.0779 -0.1044 -0.9915
vn -0.1770 -0.1808 -0.9674
vn -0.1997 -0.1554 0.9675
vn -0.0911 -0.0931 0.9915
vn -0.3907 -0.3039 0.8689
vn -0.5553 -0.4320 0.7107
vn -0.6821 -0.5306 0.5033
vn -0.7620 -0.5928 0.2608
vn -0.7876 -0.6127 0.0657
vn -0.7876 -0.6127 -0.0657
vn -0.7620 -0.5928 -0.2608
vn -0.6821 -0.5306 -0.5033
vn -0.5553 -0.4320 -0.7107
vn -0.3907 -0.3039 -0.8689
vn -0.0911 -0.0931 -0.9915
vn -0.1997 -0.1554 -0.9675
vn -0.1126 -0.0654 0.9915
vn -0.1028 -0.0800 0.9915
vn -0.2188 -0.1271 0.9675
vn -0.4280 -0.2485 0.8689
vn -0.6084 -0.3533 0.7107
vn -0.7473 -0.4339 0.5033
vn -0.8349 -0.4848 0.2608
vn -0.8629 -0.5011 -0.0657
vn -0.8349 -0.4848 -0.2608
vn -0.7473 -0.4339 -0.5033
vn -0.6084 -0.3533 -0.7107
vn -0.4280 -0.2485 -0.8689
vn -0.2188 -0.1271 -0.9675
vn -0.1126 -0.0654 -0.9915
vn -0.1028 -0.0800 -0.9915
vn -0.1204 -0.0497 0.9915
vn -0.2339 -0.0966 0.9674
vn -0.4575 -0.1889 0.8689
vn -0.6503 -0.2685 0.7107
vn -0.7987 -0.3298 0.5032
vn -0.8629 -0.5011 0.0657
vn -0.8923 -0.3685 0.2608
vn -0.9223 -0.3808 -0.0657
vn -0.8923 -0.3685 -0.2607
vn -0.7987 -0.3298 -0.5032
vn -0.6503 -0.2685 -0.7107
vn -0.4575 -0.1889 -0.8689
vn -0.2339 -0.0966 -0.9674
vn -0.1204 -0.0497 -0.9915
vn -0.1259 -0.0333 0.9915
vn -0.2448 -0.0647 0.9674
vn -0.4786 -0.1265 0.8689
vn -0.6802 -0.1798 0.7106
vn -0.8355 -0.2209 0.5032
vn -0.9223 -0.3808 0.0657
vn -0.9333 -0.2468 0.2607
vn -0.9647 -0.2551 -0.0657
vn -0.9333 -0.2468 -0.2607
vn -0.8355 -0.2209 -0.5032
vn -0.6802 -0.1798 -0.7106
vn -0.4786 -0.1265 -0.8689
vn -0.2448 -0.0647 -0.9674
vn -0.1259 -0.0333 -0.9915
vn -0.1292 -0.0166 0.9915
vn -0.2512 -0.0323 0.9674
vn -0.4912 -0.0631 0.8688
vn -0.6980 -0.0896 0.7105
vn -0.8572 -0.1101 0.5031
vn -0.9647 -0.2551 0.0657
vn -0.9576 -0.1230 0.2607
vn -0.9897 -0.1271 -0.0657
vn -0.9576 -0.1230 -0.2607
vn -0.8572 -0.1101 -0.5031
vn -0.6980 -0.0896 -0.7105
vn -0.4912 -0.0631 -0.8688
vn -0.2512 -0.0323 -0.9674
vn -0.1292 -0.0166 -0.9915
vn -0.2534 -0.0000 0.9673
vn -0.4953 0.0001 0.8687
vn -0.7038 0.0001 0.7104
vn -0.8643 0.0002 0.5030
vn -0.9897 -0.1271 0.0657
vn -0.9654 0.0002 0.2606
vn -0.9978 0.0002 -0.0657
vn -0.9654 0.0002 -0.2606
vn -0.8643 0.0002 -0.5030
vn -0.7038 0.0001 -0.7104
vn -0.4953 0.0001 -0.8687
vn -0.2534 -0.0000 -0.9673
vn -0.4911 0.0633 0.8688
vn -0.6979 0.0900 0.7105
vn -0.8571 0.1105 0.5031
vn -0.9575 0.1235 0.2607
vn -0.9896 0.1276 0.0657
vn -0.9978 0.0002 0.0657
vn -0.9896 0.1276 -0.0657
vn -0.9575 0.1235 -0.2607
vn -0.8571 0.1105 -0.5031
vn -0.6979 0.0900 -0.7105
vn -0.4911 0.0633 -0.8688
vn -0.2447 0.0649 0.9674
vn -0.4785 0.1269 0.8689
vn -0.6801 0.1803 0.7106
vn -0.8353 0.2215 0.5032
vn -0.9332 0.2474 0.2607
vn -0.9645 0.2558 0.0657
vn -0.9645 0.2558 -0.0657
vn -0.9332 0.2474 -0.2607
vn -0.8353 0.2215 -0.5032
vn -0.6801 0.1803 -0.7106
vn -0.4785 0.1269 -0.8689
vn -0.2447 0.0649 -0.9674
vn -0.2339 0.0967 0.9674
vn -0.1259 0.0334 0.9915
vn -0.4574 0.1892 0.8689
vn -0.6501 0.2688 0.7107
vn -0.7986 0.3302 0.5032
vn -0.8921 0.3689 0.2607
vn -0.9221 0.3813 0.0657
vn -0.9221 0.3813 -0.0657
vn -0.8921 0.3689 -0.2607
vn -0.7986 0.3302 -0.5032
vn -0.6502 0.2688 -0.7107
vn -0.4574 0.1892 -0.8689
vn -0.1259 0.0334 -0.9915
vn -0.2339 0.0967 -0.9674
vn -0.2189 0.1271 0.9674
vn -0.1204 0.0498 0.9915
vn -0.4280 0.2486 0.8689
vn -0.6084 0.3533 0.7107
vn -0.7473 0.4339 0.5033
vn -0.8349 0.4848 0.2608
vn -0.8629 0.5011 0.0657
vn -0.8629 0.5011 -0.0657
vn -0.8349 0.4848 -0.2608
vn -0.7473 0.4339 -0.5033
vn -0.6084 0.3533 -0.7107
vn -0.4280 0.2486 -0.8689
vn -0.1204 0.0498 -0.9915
vn -0.2189 0.1271 -0.9674
vn -0.1999 0.1553 0.9674
vn -0.1126 0.0654 0.9915
vn -0.3909 0.3037 0.8689
vn -0.5556 0.4316 0.7107
vn -0.6824 0.5301 0.5033
vn -0.7624 0.5923 0.2608
vn -0.7880 0.6122 0.0657
vn -0.7880 0.6122 -0.0657
vn -0.7624 0.5923 -0.2608
vn -0.6824 0.5301 -0.5033
vn -0.5556 0.4316 -0.7107
vn -0.3909 0.3037 -0.8689
vn -0.1126 0.0654 -0.9915
vn -0.1999 0.1553 -0.9674
vn -0.0912 0.0929 0.9915
vn -0.1028 0.0799 0.9915
vn -0.1773 0.1806 0.9674
vn -0.3468 0.3532 0.8689
vn -0.4928 0.5021 0.7107
vn -0.6054 0.6167 0.5032
vn -0.6763 0.6889 0.2608
vn -0.6990 0.7121 -0.0657
vn -0.6763 0.6889 -0.2608
vn -0.6054 0.6167 -0.5032
vn -0.4928 0.5021 -0.7107
vn -0.3468 0.3532 -0.8689
vn -0.1773 0.1806 -0.9674
vn -0.0912 0.0929 -0.9915
vn -0.1028 0.0799 -0.9915
vn -0.0781 0.1043 0.9915
vn -0.1517 0.2026 0.9674
vn -0.2967 0.3963 0.8689
vn -0.4216 0.5632 0.7106
vn -0.5179 0.6918 0.5032
vn -0.6990 0.7121 0.0657
vn -0.5785 0.7729 0.2607
vn -0.5980 0.7988 -0.0657
vn -0.5785 0.7729 -0.2607
vn -0.5179 0.6918 -0.5032
vn -0.4216 0.5632 -0.7106
vn -0.2967 0.3963 -0.8689
vn -0.1517 0.2026 -0.9674
vn -0.0781 0.1043 -0.9915
vn -0.0636 0.1137 0.9915
vn -0.1236 0.2210 0.9674
vn -0.2417 0.4321 0.8688
vn -0.3436 0.6140 0.7106
vn -0.4220 0.7542 0.5032
vn -0.5980 0.7988 0.0657
vn -0.4714 0.8425 0.2607
vn -0.4872 0.8708 -0.0657
vn -0.4714 0.8425 -0.2607
vn -0.4220 0.7542 -0.5032
vn -0.3436 0.6140 -0.7106
vn -0.2417 0.4321 -0.8688
vn -0.1236 0.2210 -0.9674
vn -0.0636 0.1137 -0.9915
vn -0.0482 0.1210 0.9915
vn -0.0937 0.2353 0.9674
vn -0.1833 0.4600 0.8688
vn -0.2604 0.6537 0.7105
vn -0.3199 0.8028 0.5031
vn -0.4872 0.8708 0.0657
vn -0.3573 0.8969 0.2607
vn -0.3693 0.9270 -0.0657
vn -0.3573 0.8969 -0.2607
vn -0.3199 0.8028 -0.5031
vn -0.2604 0.6537 -0.7105
vn -0.1833 0.4600 -0.8688
vn -0.0937 0.2353 -0.9674
vn -0.0482 0.1210 -0.9915
vn -0.0322 0.1262 0.9915
vn -0.0627 0.2455 0.9674
vn -0.1226 0.4798 0.8687
vn -0.1742 0.6818 0.7105
vn -0.2139 0.8374 0.5031
vn -0.3693 0.9270 0.0657
vn -0.2390 0.9354 0.2606
vn -0.2470 0.9668 -0.0657
vn -0.2390 0.9354 -0.2606
vn -0.2139 0.8374 -0.5031
vn -0.1742 0.6818 -0.7105
vn -0.1226 0.4798 -0.8687
vn -0.0627 0.2455 -0.9674
vn -0.0322 0.1262 -0.9915
vn -0.0161 0.1293 0.9915
vn -0.0313 0.2516 0.9673
vn -0.0611 0.4916 0.8687
vn -0.0868 0.6984 0.7104
vn -0.1066 0.8577 0.5030
vn -0.2470 0.9668 0.0657
vn -0.1190 0.9581 0.2606
vn -0.1230 0.9902 -0.0657
vn -0.1190 0.9581 -0.2606
vn -0.1066 0.8577 -0.5030
vn -0.0868 0.6984 -0.7104
vn -0.0611 0.4916 -0.8687
vn -0.0313 0.2516 -0.9673
vn -0.0161 0.1293 -0.9915
vn -0.0000 0.1303 0.9915
vn -0.0000 0.2537 0.9673
vn -0.0001 0.4955 0.8686
vn -0.0001 0.7039 0.7103
vn -0.0002 0.8644 0.5029
vn -0.1230 0.9902 0.0657
vn -0.0002 0.9655 0.2605
vn -0.0002 0.9978 -0.0657
vn -0.0002 0.9655 -0.2605
vn -0.0002 0.8644 -0.5029
vn -0.0001 0.7039 -0.7103
vn -0.0001 0.4955 -0.8686
vn -0.0000 0.2537 -0.9673
vn -0.0000 0.1303 -0.9915
vn -0.0002 0.9978 0.0657
vn 0.1419 -0.2153 0.9662
vn 0.0603 0.0398 0.9974
vn 0.0601 -0.0912 0.9940
vn 0.2586 -0.3923 0.8827
vn 0.1613 0.1063 0.9812
vn 0.3682 -0.5584 0.7434
vn 0.2953 0.1947 0.9354
vn 0.4619 -0.7006 0.5440
vn 0.4473 0.2949 0.8444
vn 0.5269 -0.7992 0.2892
vn 0.6161 0.4062 0.6749
vn 0.5488 -0.8325 0.0761
vn 0.7693 0.5072 0.3885
vn 0.8298 0.5470 -0.1105
vn 0.5488 -0.8325 -0.0761
vn 0.7693 0.5072 -0.3885
vn 0.5269 -0.7992 -0.2892
vn 0.6161 0.4062 -0.6749
vn 0.4619 -0.7006 -0.5440
vn 0.4473 0.2949 -0.8444
vn 0.3682 -0.5584 -0.7434
vn 0.2953 0.1947 -0.9354
vn 0.2586 -0.3923 -0.8827
vn 0.1613 0.1063 -0.9812
vn 0.1419 -0.2153 -0.9662
vn 0.0603 0.0398 -0.9974
vn 0.0601 -0.0912 -0.9940
vn -0.1420 0.2152 0.9662
vn -0.2587 0.3922 0.8828
vn -0.3683 0.5582 0.7435
vn -0.4621 0.7004 0.5440
vn -0.5272 0.7990 0.2893
vn -0.5491 0.8323 0.0761
vn 0.8298 0.5470 0.1105
vn -0.5491 0.8323 -0.0761
vn -0.5272 0.7990 -0.2893
vn -0.4621 0.7004 -0.5440
vn -0.3683 0.5582 -0.7435
vn -0.2587 0.3922 -0.8828
vn -0.1420 0.2152 -0.9662
vn 0.0001 0.0658 0.9978
vn -0.0602 0.0912 0.9940
vn 0.0002 0.1785 0.9839
vn 0.0003 0.3159 0.9488
vn 0.0004 0.5062 0.8624
vn 0.0007 0.7859 0.6183
vn 0.0009 0.9839 0.1785
vn 0.0009 0.9839 -0.1785
vn 0.0007 0.7859 -0.6183
vn 0.0004 0.5062 -0.8624
vn 0.0003 0.3159 -0.9488
vn 0.0002 0.1785 -0.9839
vn -0.0602 0.0912 -0.9940
vn 0.0001 0.0658 -0.9978
vn -0.0000 0.0516 0.9987
vn 0.1421 0.2150 0.9662
vn 0.2590 0.3918 0.8828
vn 0.3687 0.5578 0.7436
vn 0.4626 0.6999 0.5442
vn 0.5278 0.7985 0.2894
vn 0.5498 0.8318 -0.0761
vn 0.5278 0.7985 -0.2894
vn 0.4626 0.6999 -0.5442
vn 0.3687 0.5578 -0.7436
vn 0.2590 0.3918 -0.8828
vn 0.1421 0.2150 -0.9662
vn -0.0000 0.0516 -0.9987
vn -0.0605 0.0402 0.9974
vn -0.1616 0.1074 0.9810
vn -0.2958 0.1966 0.9348
vn -0.4478 0.2976 0.8432
vn -0.6159 0.4093 0.6732
vn 0.5498 0.8318 0.0761
vn -0.7679 0.5104 0.3870
vn -0.8278 0.5501 -0.1099
vn -0.7679 0.5104 -0.3870
vn -0.6159 0.4093 -0.6732
vn -0.4478 0.2976 -0.8432
vn -0.2958 0.1966 -0.9348
vn -0.1616 0.1074 -0.9810
vn -0.0605 0.0402 -0.9974
vn -0.1426 -0.2145 0.9663
vn -0.2597 -0.3908 0.8831
vn -0.3698 -0.5565 0.7440
vn -0.4642 -0.6984 0.5447
vn -0.5298 -0.7971 0.2897
vn -0.5519 -0.8304 0.0762
vn -0.8278 0.5501 0.1099
vn -0.5519 -0.8304 -0.0762
vn -0.5298 -0.7971 -0.2897
vn -0.4642 -0.6984 -0.5447
vn -0.3698 -0.5565 -0.7440
vn -0.2597 -0.3908 -0.8831
vn -0.1426 -0.2145 -0.9663
vn -0.0603 -0.0908 0.9940
vn -0.0603 -0.0908 -0.9940
vn -0.2996 -0.2995 -0.9058
vn -0.6546 -0.6546 0.3781
vn -0.6546 -0.6546 -0.3781
vn -0.5679 -0.5679 0.5958
vn -0.5679 -0.5679 -0.5958
vn -0.0245 0.2611 0.9650
vn -0.0253 0.1279 0.9915
vn -0.0122 0.1298 0.9915
vn -0.0469 0.5004 0.8645
vn -0.0510 0.2576 0.9649
vn -0.0662 0.7056 0.7055
vn -0.0976 0.4932 0.8644
vn -0.0810 0.8630 0.4987
vn -0.1377 0.6953 0.7054
vn -0.0902 0.9619 0.2581
vn -0.1683 0.8503 0.4986
vn -0.0932 0.9935 0.0653
vn -0.1876 0.9477 0.2581
vn -0.1938 0.9789 -0.0653
vn -0.0932 0.9935 -0.0653
vn -0.1876 0.9477 -0.2581
vn -0.0902 0.9619 -0.2581
vn -0.1683 0.8503 -0.4986
vn -0.0810 0.8630 -0.4987
vn -0.1377 0.6953 -0.7054
vn -0.0662 0.7056 -0.7055
vn -0.0976 0.4932 -0.8644
vn -0.0469 0.5004 -0.8645
vn -0.0510 0.2576 -0.9649
vn -0.0245 0.2611 -0.9650
vn -0.0253 0.1279 -0.9915
vn -0.0122 0.1298 -0.9915
vn -0.0395 0.1242 0.9915
vn -0.0796 0.2506 0.9648
vn -0.1523 0.4794 0.8643
vn -0.2146 0.6757 0.7053
vn -0.2625 0.8262 0.4985
vn -0.1938 0.9789 0.0654
vn -0.2925 0.9208 0.2580
vn -0.3021 0.9510 -0.0654
vn -0.2925 0.9208 -0.2580
vn -0.2625 0.8262 -0.4985
vn -0.2146 0.6757 -0.7053
vn -0.1523 0.4794 -0.8643
vn -0.0796 0.2506 -0.9648
vn -0.0395 0.1242 -0.9915
vn -0.0544 0.1184 0.9915
vn -0.1099 0.2393 0.9647
vn -0.2100 0.4573 0.8642
vn -0.2959 0.6444 0.7052
vn -0.3617 0.7878 0.4984
vn -0.3021 0.9510 0.0654
vn -0.4031 0.8780 0.2580
vn -0.4164 0.9068 -0.0654
vn -0.4031 0.8780 -0.2580
vn -0.3617 0.7878 -0.4984
vn -0.2959 0.6444 -0.7052
vn -0.2100 0.4573 -0.8642
vn -0.1099 0.2393 -0.9647
vn -0.0544 0.1184 -0.9915
vn -0.0696 0.1101 0.9915
vn -0.1409 0.2228 0.9646
vn -0.2690 0.4255 0.8640
vn -0.3789 0.5994 0.7051
vn -0.4633 0.7328 0.4984
vn -0.4164 0.9068 0.0654
vn -0.5163 0.8167 0.2580
vn -0.5332 0.8434 -0.0654
vn -0.5163 0.8167 -0.2579
vn -0.4633 0.7328 -0.4984
vn -0.3789 0.5994 -0.7051
vn -0.2690 0.4255 -0.8640
vn -0.1409 0.2228 -0.9646
vn -0.0696 0.1101 -0.9915
vn -0.0845 0.0990 0.9915
vn -0.1712 0.2007 0.9646
vn -0.3268 0.3831 0.8640
vn -0.4603 0.5396 0.7050
vn -0.5627 0.6596 0.4983
vn -0.5332 0.8435 0.0654
vn -0.6271 0.7350 0.2579
vn -0.6476 0.7591 -0.0654
vn -0.6271 0.7350 -0.2579
vn -0.5627 0.6596 -0.4983
vn -0.4603 0.5396 -0.7050
vn -0.3268 0.3831 -0.8640
vn -0.1712 0.2007 -0.9646
vn -0.0845 0.0990 -0.9915
vn -0.0983 0.0854 0.9915
vn -0.1993 0.1731 0.9645
vn -0.3802 0.3303 0.8639
vn -0.5354 0.4651 0.7050
vn -0.6545 0.5686 0.4983
vn -0.6476 0.7591 0.0654
vn -0.7294 0.6336 0.2579
vn -0.7533 0.6544 -0.0654
vn -0.7294 0.6336 -0.2579
vn -0.6545 0.5686 -0.4983
vn -0.5354 0.4651 -0.7049
vn -0.3802 0.3303 -0.8639
vn -0.1993 0.1731 -0.9645
vn -0.0983 0.0854 -0.9915
vn -0.1101 0.0695 0.9915
vn -0.2233 0.1409 0.9645
vn -0.4260 0.2688 0.8639
vn -0.5998 0.3785 0.7049
vn -0.7332 0.4627 0.4983
vn -0.7533 0.6544 0.0654
vn -0.8171 0.5156 0.2579
vn -0.8439 0.5325 -0.0654
vn -0.8171 0.5156 -0.2579
vn -0.7332 0.4627 -0.4983
vn -0.5998 0.3785 -0.7049
vn -0.4260 0.2688 -0.8639
vn -0.2233 0.1409 -0.9645
vn -0.1101 0.0695 -0.9915
vn -0.2419 0.1056 0.9645
vn -0.4615 0.2015 0.8639
vn -0.6500 0.2838 0.7050
vn -0.7945 0.3470 0.4983
vn -0.8854 0.3866 0.2579
vn -0.9145 0.3993 0.0654
vn -0.8439 0.5325 0.0654
vn -0.9145 0.3993 -0.0654
vn -0.8854 0.3866 -0.2579
vn -0.7945 0.3470 -0.4983
vn -0.6500 0.2838 -0.7050
vn -0.4615 0.2015 -0.8639
vn -0.2419 0.1056 -0.9645
vn -0.2545 0.0693 0.9646
vn -0.1193 0.0521 0.9915
vn -0.4858 0.1322 0.8640
vn -0.6843 0.1863 0.7050
vn -0.8365 0.2277 0.4984
vn -0.9322 0.2538 0.2579
vn -0.9628 0.2621 0.0654
vn -0.9628 0.2621 -0.0654
vn -0.9322 0.2538 -0.2579
vn -0.8365 0.2277 -0.4984
vn -0.6843 0.1863 -0.7050
vn -0.4858 0.1322 -0.8640
vn -0.1193 0.0521 -0.9915
vn -0.2545 0.0693 -0.9646
vn -0.2613 0.0337 0.9647
vn -0.1256 0.0342 0.9915
vn -0.4992 0.0644 0.8641
vn -0.7033 0.0907 0.7051
vn -0.8598 0.1109 0.4984
vn -0.9582 0.1236 0.2580
vn -0.9897 0.1277 0.0654
vn -0.9897 0.1277 -0.0654
vn -0.9582 0.1236 -0.2580
vn -0.8598 0.1109 -0.4984
vn -0.7033 0.0907 -0.7051
vn -0.4992 0.0644 -0.8641
vn -0.1256 0.0342 -0.9915
vn -0.2613 0.0337 -0.9647
vn -0.2626 0.0024 0.9649
vn -0.5028 0.0045 0.8644
vn -0.7088 0.0064 0.7054
vn -0.8668 0.0078 0.4986
vn -0.9661 0.0087 0.2581
vn -0.9978 0.0090 0.0654
vn -0.9978 0.0090 -0.0654
vn -0.9661 0.0087 -0.2581
vn -0.8668 0.0078 -0.4986
vn -0.7088 0.0064 -0.7054
vn -0.5028 0.0045 -0.8644
vn -0.2626 0.0024 -0.9649
vn -0.2611 -0.0235 0.9650
vn -0.1303 0.0012 0.9915
vn -0.5004 -0.0451 0.8646
vn -0.7058 -0.0637 0.7056
vn -0.8633 -0.0779 0.4987
vn -0.9622 -0.0868 0.2581
vn -0.9938 -0.0896 0.0653
vn -0.9938 -0.0896 -0.0653
vn -0.9622 -0.0868 -0.2581
vn -0.8633 -0.0779 -0.4987
vn -0.7058 -0.0637 -0.7056
vn -0.5004 -0.0451 -0.8646
vn -0.1303 0.0012 -0.9915
vn -0.2611 -0.0235 -0.9650
vn -0.1282 -0.0239 0.9915
vn -0.1299 -0.0117 0.9915
vn -0.2578 -0.0482 0.9650
vn -0.4940 -0.0923 0.8645
vn -0.6967 -0.1301 0.7055
vn -0.8521 -0.1591 0.4987
vn -0.9497 -0.1774 0.2581
vn -0.9809 -0.1832 -0.0654
vn -0.9497 -0.1774 -0.2581
vn -0.8521 -0.1591 -0.4987
vn -0.6967 -0.1301 -0.7055
vn -0.4940 -0.0923 -0.8645
vn -0.2578 -0.0482 -0.9650
vn -0.1282 -0.0239 -0.9915
vn -0.1299 -0.0117 -0.9915
vn -0.1251 -0.0365 0.9915
vn -0.2519 -0.0736 0.9649
vn -0.4825 -0.1409 0.8645
vn -0.6803 -0.1987 0.7054
vn -0.8320 -0.2430 0.4986
vn -0.9809 -0.1832 0.0654
vn -0.9274 -0.2709 0.2581
vn -0.9578 -0.2798 -0.0654
vn -0.9274 -0.2709 -0.2581
vn -0.8320 -0.2430 -0.4986
vn -0.6803 -0.1987 -0.7054
vn -0.4825 -0.1409 -0.8645
vn -0.2519 -0.0736 -0.9649
vn -0.1251 -0.0365 -0.9915
vn -0.1207 -0.0493 0.9915
vn -0.2431 -0.0992 0.9649
vn -0.4655 -0.1900 0.8644
vn -0.6562 -0.2679 0.7054
vn -0.8025 -0.3276 0.4986
vn -0.9578 -0.2798 0.0654
vn -0.8945 -0.3652 0.2580
vn -0.9238 -0.3772 -0.0654
vn -0.8945 -0.3652 -0.2580
vn -0.8025 -0.3276 -0.4986
vn -0.6562 -0.2679 -0.7054
vn -0.4655 -0.1900 -0.8644
vn -0.2431 -0.0992 -0.9649
vn -0.1207 -0.0493 -0.9915
vn -0.1148 -0.0618 0.9915
vn -0.2313 -0.1245 0.9649
vn -0.4427 -0.2383 0.8644
vn -0.6242 -0.3359 0.7054
vn -0.7633 -0.4108 0.4986
vn -0.9238 -0.3772 0.0654
vn -0.8507 -0.4579 0.2580
vn -0.8787 -0.4729 -0.0654
vn -0.8507 -0.4579 -0.2580
vn -0.7633 -0.4108 -0.4986
vn -0.6242 -0.3359 -0.7054
vn -0.4427 -0.2383 -0.8644
vn -0.2313 -0.1245 -0.9649
vn -0.1148 -0.0618 -0.9915
vn -0.1075 -0.0737 0.9915
vn -0.2166 -0.1485 0.9649
vn -0.4147 -0.2844 0.8644
vn -0.5846 -0.4009 0.7054
vn -0.7149 -0.4902 0.4986
vn -0.8787 -0.4729 0.0654
vn -0.7968 -0.5464 0.2580
vn -0.8229 -0.5643 -0.0653
vn -0.7968 -0.5464 -0.2580
vn -0.7149 -0.4902 -0.4986
vn -0.5846 -0.4009 -0.7054
vn -0.4147 -0.2844 -0.8644
vn -0.2166 -0.1485 -0.9649
vn -0.1075 -0.0737 -0.9915
vn -0.1995 -0.1708 0.9649
vn -0.3819 -0.3270 0.8644
vn -0.5384 -0.4610 0.7054
vn -0.6584 -0.5638 0.4986
vn -0.7339 -0.6284 0.2580
vn -0.7580 -0.6490 0.0653
vn -0.8229 -0.5643 0.0653
vn -0.7580 -0.6490 -0.0653
vn -0.7339 -0.6284 -0.2580
vn -0.6584 -0.5638 -0.4986
vn -0.5384 -0.4610 -0.7054
vn -0.3819 -0.3270 -0.8644
vn -0.1995 -0.1708 -0.9649
vn -0.1804 -0.1907 0.9649
vn -0.0990 -0.0848 0.9915
vn -0.3455 -0.3652 0.8644
vn -0.4871 -0.5149 0.7054
vn -0.5957 -0.6297 0.4986
vn -0.6639 -0.7019 0.2581
vn -0.6857 -0.7249 0.0653
vn -0.6857 -0.7249 -0.0653
vn -0.6639 -0.7019 -0.2581
vn -0.5957 -0.6297 -0.4986
vn -0.4871 -0.5149 -0.7054
vn -0.3455 -0.3652 -0.8644
vn -0.0990 -0.0848 -0.9915
vn -0.1804 -0.1907 -0.9649
vn -0.1600 -0.2080 0.9650
vn -0.0896 -0.0947 0.9915
vn -0.3065 -0.3984 0.8645
vn -0.4322 -0.5617 0.7055
vn -0.5286 -0.6870 0.4987
vn -0.5891 -0.7657 0.2581
vn -0.6085 -0.7909 0.0653
vn -0.6085 -0.7909 -0.0653
vn -0.5891 -0.7657 -0.2581
vn -0.5286 -0.6870 -0.4987
vn -0.4322 -0.5617 -0.7055
vn -0.3065 -0.3984 -0.8645
vn -0.0896 -0.0947 -0.9915
vn -0.1600 -0.2080 -0.9650
vn -0.1389 -0.2224 0.9650
vn -0.0795 -0.1033 0.9915
vn -0.2662 -0.4262 0.8646
vn -0.3754 -0.6011 0.7055
vn -0.4592 -0.7352 0.4987
vn -0.5118 -0.8194 0.2581
vn -0.5286 -0.8464 0.0653
vn -0.5286 -0.8464 -0.0653
vn -0.5118 -0.8194 -0.2581
vn -0.4592 -0.7352 -0.4987
vn -0.3754 -0.6011 -0.7055
vn -0.2662 -0.4262 -0.8646
vn -0.0795 -0.1033 -0.9915
vn -0.1389 -0.2224 -0.9650
vn -0.1177 -0.2341 0.9651
vn -0.0691 -0.1106 0.9915
vn -0.9180 0.3701 -0.1424
vn -0.8870 0.4466 -0.1174
vn -0.8678 0.4899 -0.0828
vn -0.8568 0.5139 -0.0429
vn -0.8742 0.4855 -0.0054
vn -0.8740 0.4859 0.0054
vn -0.8568 0.5139 0.0429
vn -0.8678 0.4899 0.0828
vn -0.8870 0.4466 0.1174
vn -0.9180 0.3701 0.1424
vn -0.0691 -0.1106 -0.9915
vn -0.1177 -0.2341 -0.9651
vn -0.0878 -0.0087 0.9961
vn -0.0586 -0.1165 0.9915
vn 0.3249 0.0323 -0.9452
vn 0.4992 0.0497 -0.8651
vn 0.7045 0.0701 -0.7062
vn 0.9051 0.0901 -0.4156
vn 0.9878 0.0983 0.1208
vn 0.9051 0.0901 0.4156
vn 0.7045 0.0701 0.7062
vn 0.4992 0.0497 0.8651
vn 0.3249 0.0323 0.9452
vn -0.0878 -0.0087 -0.9961
vn -0.0586 -0.1165 -0.9915
vn -0.0793 0.1036 0.9915
vn -0.0650 -0.0065 0.9979
vn -0.8329 -0.5348 -0.1424
vn -0.7880 -0.6043 -0.1174
vn -0.7613 -0.6431 -0.0826
vn -0.7459 -0.6647 -0.0427
vn -0.7683 -0.6401 -0.0054
vn 0.9878 0.0983 -0.1208
vn -0.7686 -0.6397 0.0054
vn -0.7459 -0.6646 0.0427
vn -0.7613 -0.6431 0.0826
vn -0.7880 -0.6043 0.1174
vn -0.8329 -0.5348 0.1424
vn -0.0793 0.1036 -0.9915
vn -0.0650 -0.0065 -0.9979
vn -0.1721 0.1964 0.9653
vn -0.1589 0.2075 0.9653
vn -0.3307 0.3774 0.8650
vn -0.4668 0.5326 0.7060
vn -0.5712 0.6517 0.4990
vn -0.6368 0.7265 0.2583
vn -0.6577 0.7504 0.0653
vn -0.6577 0.7504 -0.0653
vn -0.6368 0.7265 -0.2583
vn -0.5712 0.6517 -0.4990
vn -0.4668 0.5326 -0.7060
vn -0.1589 0.2075 -0.9653
vn -0.3307 0.3774 -0.8650
vn -0.1721 0.1964 -0.9653
vn -0.1837 0.1854 0.9653
vn -0.0860 0.0981 0.9915
vn -0.3531 0.3564 0.8651
vn -0.4984 0.5030 0.7060
vn -0.6099 0.6155 0.4991
vn -0.6800 0.6862 0.2583
vn -0.7023 0.7088 0.0653
vn -0.7023 0.7088 -0.0654
vn -0.6800 0.6862 -0.2583
vn -0.6099 0.6155 -0.4991
vn -0.4984 0.5030 -0.7060
vn -0.3531 0.3564 -0.8651
vn -0.0860 0.0981 -0.9915
vn -0.1837 0.1854 -0.9653
vn -0.1934 0.1749 0.9654
vn -0.0918 0.0927 0.9915
vn -0.3720 0.3363 0.8652
vn -0.5252 0.4749 0.7062
vn -0.6427 0.5812 0.4992
vn -0.7165 0.6479 0.2584
vn -0.7401 0.6693 0.0654
vn -0.7402 0.6693 -0.0654
vn -0.7165 0.6479 -0.2584
vn -0.6427 0.5812 -0.4992
vn -0.5252 0.4749 -0.7062
vn -0.3720 0.3363 -0.8652
vn -0.0918 0.0927 -0.9915
vn -0.1934 0.1749 -0.9654
vn -0.2013 0.1653 0.9655
vn -0.0968 0.0875 0.9915
vn -0.3874 0.3181 0.8653
vn -0.5472 0.4492 0.7063
vn -0.6697 0.5498 0.4993
vn -0.7466 0.6130 0.2584
vn -0.7712 0.6332 0.0654
vn -0.7712 0.6332 -0.0654
vn -0.7466 0.6130 -0.2584
vn -0.6697 0.5498 -0.4993
vn -0.5472 0.4492 -0.7063
vn -0.3874 0.3181 -0.8653
vn -0.0968 0.0875 -0.9915
vn -0.2013 0.1653 -0.9655
vn -0.2076 0.1569 0.9656
vn -0.1009 0.0828 0.9914
vn -0.3997 0.3021 0.8654
vn -0.5647 0.4268 0.7064
vn -0.6912 0.5224 0.4994
vn -0.7707 0.5825 0.2585
vn -0.7961 0.6017 0.0654
vn -0.7961 0.6017 -0.0654
vn -0.7707 0.5825 -0.2585
vn -0.6912 0.5224 -0.4994
vn -0.5647 0.4268 -0.7064
vn -0.3997 0.3021 -0.8654
vn -0.1009 0.0828 -0.9914
vn -0.2076 0.1569 -0.9656
vn -0.2124 0.1499 0.9656
vn -0.1041 0.0787 0.9914
vn -0.4092 0.2888 0.8655
vn -0.5782 0.4080 0.7065
vn -0.7078 0.4995 0.4995
vn -0.7893 0.5570 0.2585
vn -0.8153 0.5753 0.0654
vn -0.8153 0.5753 -0.0654
vn -0.7893 0.5570 -0.2585
vn -0.7078 0.4995 -0.4995
vn -0.5782 0.4080 -0.7065
vn -0.4092 0.2888 -0.8655
vn -0.1041 0.0787 -0.9914
vn -0.2124 0.1499 -0.9656
vn -0.2159 0.1443 0.9657
vn -0.1066 0.0752 0.9914
vn -0.4163 0.2782 0.8656
vn -0.5883 0.3931 0.7067
vn -0.7202 0.4813 0.4996
vn -0.8032 0.5367 0.2586
vn -0.8297 0.5544 0.0654
vn -0.8297 0.5544 -0.0654
vn -0.8032 0.5367 -0.2586
vn -0.7202 0.4813 -0.4996
vn -0.5883 0.3931 -0.7067
vn -0.4163 0.2782 -0.8656
vn -0.1066 0.0752 -0.9914
vn -0.2159 0.1443 -0.9657
vn -0.2183 0.1401 0.9658
vn -0.1085 0.0725 0.9914
vn -0.4212 0.2703 0.8658
vn -0.5954 0.3820 0.7068
vn -0.7290 0.4677 0.4997
vn -0.8130 0.5216 0.2587
vn -0.8399 0.5388 0.0654
vn -0.8399 0.5389 -0.0654
vn -0.8130 0.5216 -0.2587
vn -0.7290 0.4677 -0.4997
vn -0.5954 0.3820 -0.7068
vn -0.4212 0.2703 -0.8658
vn -0.1085 0.0725 -0.9914
vn -0.2183 0.1401 -0.9658
vn -0.2199 0.1373 0.9658
vn -0.1099 0.0705 0.9914
vn -0.4244 0.2649 0.8659
vn -0.6000 0.3746 0.7069
vn -0.7347 0.4587 0.4998
vn -0.8194 0.5115 0.2587
vn -0.8464 0.5284 0.0654
vn -0.8464 0.5284 -0.0654
vn -0.8194 0.5115 -0.2587
vn -0.7347 0.4587 -0.4998
vn -0.6000 0.3746 -0.7069
vn -0.4244 0.2649 -0.8659
vn -0.1099 0.0705 -0.9914
vn -0.2199 0.1373 -0.9658
vn -0.2206 0.1357 0.9659
vn -0.1107 0.0691 0.9914
vn -0.4260 0.2620 0.8660
vn -0.6024 0.3705 0.7070
vn -0.7377 0.4537 0.4999
vn -0.8228 0.5060 0.2588
vn -0.8500 0.5228 0.0654
vn -0.8500 0.5228 -0.0654
vn -0.8228 0.5060 -0.2588
vn -0.7377 0.4537 -0.4999
vn -0.6024 0.3705 -0.7070
vn -0.4260 0.2620 -0.8660
vn -0.1107 0.0691 -0.9914
vn -0.2206 0.1357 -0.9659
vn -0.2200 0.1358 0.9660
vn -0.1112 0.0684 0.9914
vn -0.4253 0.2625 0.8662
vn -0.6016 0.3713 0.7073
vn -0.7369 0.4548 0.5001
vn -0.8219 0.5073 0.2589
vn -0.8491 0.5241 0.0654
vn -0.8491 0.5241 -0.0654
vn -0.8219 0.5073 -0.2589
vn -0.7369 0.4548 -0.5001
vn -0.6016 0.3713 -0.7073
vn -0.4253 0.2625 -0.8662
vn -0.1112 0.0684 -0.9914
vn -0.2200 0.1358 -0.9660
vn -0.2189 0.1375 0.9660
vn -0.1111 0.0686 0.9914
vn -0.4232 0.2658 0.8662
vn -0.5986 0.3761 0.7073
vn -0.7332 0.4606 0.5002
vn -0.8179 0.5138 0.2589
vn -0.8450 0.5308 0.0654
vn -0.8450 0.5308 -0.0654
vn -0.8179 0.5138 -0.2589
vn -0.7332 0.4606 -0.5002
vn -0.5986 0.3761 -0.7073
vn -0.4232 0.2658 -0.8662
vn -0.1111 0.0686 -0.9914
vn -0.2189 0.1375 -0.9660
vn -0.2176 0.1395 0.9660
vn -0.1105 0.0694 0.9914
vn -0.4207 0.2696 0.8662
vn -0.5951 0.3815 0.7073
vn -0.7290 0.4673 0.5002
vn -0.8132 0.5212 0.2589
vn -0.8401 0.5385 0.0654
vn -0.8401 0.5385 -0.0654
vn -0.8132 0.5212 -0.2589
vn -0.7290 0.4673 -0.5002
vn -0.5951 0.3815 -0.7073
vn -0.4207 0.2696 -0.8662
vn -0.1105 0.0694 -0.9914
vn -0.2176 0.1395 -0.9660
vn -0.2162 0.1416 0.9660
vn -0.1099 0.0704 0.9914
vn -0.4180 0.2738 0.8662
vn -0.5913 0.3873 0.7073
vn -0.7244 0.4744 0.5002
vn -0.8080 0.5292 0.2589
vn -0.8347 0.5467 0.0654
vn -0.8347 0.5467 -0.0654
vn -0.8080 0.5292 -0.2589
vn -0.7244 0.4744 -0.5002
vn -0.5913 0.3873 -0.7073
vn -0.4180 0.2738 -0.8662
vn -0.1099 0.0704 -0.9914
vn -0.2162 0.1416 -0.9660
vn -0.1085 0.0726 0.9914
vn -0.1092 0.0715 0.9914
vn -0.2147 0.1438 0.9660
vn -0.4152 0.2780 0.8662
vn -0.5874 0.3932 0.7073
vn -0.7196 0.4817 0.5002
vn -0.8026 0.5373 0.2589
vn -0.8292 0.5551 -0.0654
vn -0.8026 0.5373 -0.2589
vn -0.7196 0.4817 -0.5002
vn -0.5874 0.3932 -0.7073
vn -0.4152 0.2780 -0.8662
vn -0.2147 0.1438 -0.9660
vn -0.1085 0.0726 -0.9914
vn -0.1092 0.0715 -0.9914
vn -0.1078 0.0736 0.9914
vn -0.2134 0.1458 0.9660
vn -0.4126 0.2820 0.8662
vn -0.5836 0.3989 0.7073
vn -0.7149 0.4886 0.5002
vn -0.8292 0.5551 0.0654
vn -0.7975 0.5450 0.2589
vn -0.8239 0.5630 -0.0654
vn -0.7975 0.5450 -0.2589
vn -0.7149 0.4886 -0.5002
vn -0.5836 0.3989 -0.7073
vn -0.4126 0.2820 -0.8662
vn -0.2134 0.1458 -0.9660
vn -0.1078 0.0736 -0.9914
vn -0.1071 0.0746 0.9914
vn -0.2122 0.1477 0.9660
vn -0.4102 0.2854 0.8662
vn -0.5803 0.4038 0.7073
vn -0.7108 0.4946 0.5001
vn -0.8239 0.5630 0.0654
vn -0.7928 0.5517 0.2589
vn -0.8191 0.5699 -0.0654
vn -0.7928 0.5517 -0.2589
vn -0.7108 0.4946 -0.5001
vn -0.5803 0.4038 -0.7073
vn -0.4102 0.2854 -0.8662
vn -0.2122 0.1477 -0.9660
vn -0.1071 0.0746 -0.9914
vn -0.1066 0.0753 0.9914
vn -0.2112 0.1492 0.9660
vn -0.4083 0.2883 0.8661
vn -0.5775 0.4078 0.7072
vn -0.7074 0.4995 0.5001
vn -0.8191 0.5700 0.0654
vn -0.7890 0.5572 0.2589
vn -0.8151 0.5756 -0.0654
vn -0.7890 0.5572 -0.2589
vn -0.7074 0.4995 -0.5001
vn -0.5775 0.4078 -0.7072
vn -0.4083 0.2883 -0.8661
vn -0.2112 0.1492 -0.9660
vn -0.1066 0.0753 -0.9914
vn -0.1062 0.0758 0.9914
vn -0.2105 0.1503 0.9660
vn -0.4068 0.2904 0.8661
vn -0.5754 0.4108 0.7072
vn -0.7048 0.5032 0.5001
vn -0.8151 0.5756 0.0654
vn -0.7861 0.5612 0.2589
vn -0.8121 0.5798 -0.0654
vn -0.7861 0.5612 -0.2589
vn -0.7048 0.5032 -0.5001
vn -0.5754 0.4108 -0.7072
vn -0.4068 0.2904 -0.8661
vn -0.2105 0.1503 -0.9660
vn -0.1062 0.0758 -0.9914
vn -0.1060 0.0762 0.9914
vn -0.2100 0.1511 0.9660
vn -0.4059 0.2919 0.8661
vn -0.5740 0.4128 0.7072
vn -0.7031 0.5056 0.5000
vn -0.8121 0.5798 0.0654
vn -0.7842 0.5639 0.2589
vn -0.8101 0.5826 -0.0654
vn -0.7842 0.5639 -0.2589
vn -0.7031 0.5056 -0.5000
vn -0.5740 0.4128 -0.7072
vn -0.4059 0.2919 -0.8661
vn -0.2100 0.1511 -0.9660
vn -0.1060 0.0762 -0.9914
vn -0.1058 0.0764 0.9914
vn -0.2098 0.1515 0.9659
vn -0.4053 0.2927 0.8660
vn -0.5732 0.4139 0.7071
vn -0.7021 0.5070 0.5000
vn -0.8101 0.5826 0.0654
vn -0.7831 0.5655 0.2588
vn -0.8090 0.5842 -0.0654
vn -0.7831 0.5655 -0.2588
vn -0.7021 0.5070 -0.5000
vn -0.5732 0.4139 -0.7071
vn -0.4053 0.2927 -0.8660
vn -0.2098 0.1515 -0.9659
vn -0.1058 0.0764 -0.9914
vn -0.1058 0.0765 0.9914
vn -0.2097 0.1517 0.9659
vn -0.4051 0.2930 0.8660
vn -0.5730 0.4144 0.7071
vn -0.7017 0.5075 0.5000
vn -0.8090 0.5842 0.0654
vn -0.7827 0.5661 0.2588
vn -0.8086 0.5848 -0.0654
vn -0.7827 0.5661 -0.2588
vn -0.7017 0.5075 -0.5000
vn -0.5730 0.4144 -0.7071
vn -0.4051 0.2930 -0.8660
vn -0.2097 0.1517 -0.9659
vn -0.1058 0.0765 -0.9914
vn -0.0532 -0.0272 0.9982
vn -0.1472 -0.0752 0.9862
vn -0.2708 -0.1383 0.9527
vn -0.4206 -0.2149 0.8814
vn -0.6063 -0.3097 0.7325
vn -0.8086 0.5848 0.0654
vn -0.7999 -0.4086 0.4396
vn -0.8829 -0.4510 -0.1304
vn -0.7999 -0.4086 -0.4396
vn -0.6063 -0.3097 -0.7325
vn -0.4206 -0.2149 -0.8814
vn -0.2708 -0.1383 -0.9527
vn -0.1472 -0.0752 -0.9862
vn -0.0532 -0.0272 -0.9982
vn 0.1266 -0.2319 0.9645
vn 0.2314 -0.4239 0.8757
vn 0.3272 -0.5994 0.7305
vn 0.4066 -0.7448 0.5290
vn 0.4602 -0.8429 0.2790
vn 0.4779 -0.8754 0.0727
vn -0.8829 -0.4510 0.1304
vn 0.4779 -0.8754 -0.0727
vn 0.4602 -0.8429 -0.2790
vn 0.4066 -0.7448 -0.5290
vn 0.3272 -0.5994 -0.7305
vn 0.2314 -0.4239 -0.8757
vn 0.1266 -0.2319 -0.9645
vn 0.2163 -0.1412 0.9661
vn 0.0550 -0.1008 0.9934
vn 0.4184 -0.2730 0.8663
vn 0.5919 -0.3863 0.7074
vn 0.7251 -0.4732 0.5003
vn 0.8089 -0.5279 0.2590
vn 0.8357 -0.5453 0.0654
vn 0.8357 -0.5453 -0.0654
vn 0.8089 -0.5279 -0.2590
vn 0.7251 -0.4732 -0.5003
vn 0.5919 -0.3863 -0.7074
vn 0.4184 -0.2730 -0.8663
vn 0.0550 -0.1008 -0.9934
vn 0.2163 -0.1412 -0.9661
vn 0.2123 -0.1457 0.9663
vn 0.1093 -0.0713 0.9914
vn 0.4114 -0.2823 0.8666
vn 0.5824 -0.3997 0.7078
vn 0.7138 -0.4898 0.5006
vn 0.7964 -0.5464 0.2592
vn 0.8228 -0.5646 0.0655
vn 0.8228 -0.5646 -0.0655
vn 0.7964 -0.5464 -0.2592
vn 0.7138 -0.4898 -0.5006
vn 0.5824 -0.3997 -0.7078
vn 0.4114 -0.2823 -0.8666
vn 0.1093 -0.0713 -0.9914
vn 0.2123 -0.1457 -0.9663
vn 0.2065 -0.1533 0.9664
vn 0.1076 -0.0738 0.9914
vn 0.4004 -0.2972 0.8668
vn 0.5670 -0.4209 0.7080
vn 0.6950 -0.5159 0.5008
vn 0.7755 -0.5756 0.2593
vn 0.8013 -0.5947 0.0655
vn 0.8013 -0.5947 -0.0655
vn 0.7755 -0.5756 -0.2593
vn 0.6950 -0.5159 -0.5008
vn 0.5670 -0.4209 -0.7080
vn 0.4004 -0.2972 -0.8668
vn 0.1076 -0.0738 -0.9914
vn 0.2065 -0.1533 -0.9664
vn 0.1987 -0.1625 0.9665
vn 0.1048 -0.0778 0.9914
vn 0.3856 -0.3155 0.8670
vn 0.5464 -0.4469 0.7083
vn 0.6698 -0.5480 0.5011
vn 0.7475 -0.6115 0.2594
vn 0.7723 -0.6318 0.0655
vn 0.7723 -0.6318 -0.0655
vn 0.7475 -0.6115 -0.2594
vn 0.6698 -0.5480 -0.5011
vn 0.5464 -0.4469 -0.7083
vn 0.3856 -0.3155 -0.8670
vn 0.1048 -0.0778 -0.9914
vn 0.1987 -0.1625 -0.9665
vn 0.1882 -0.1737 0.9667
vn 0.1010 -0.0826 0.9915
vn 0.3657 -0.3376 0.8673
vn 0.5184 -0.4785 0.7087
vn 0.6357 -0.5869 0.5014
vn 0.7096 -0.6550 0.2596
vn 0.7332 -0.6768 0.0655
vn 0.7332 -0.6768 -0.0655
vn 0.7096 -0.6550 -0.2596
vn 0.6357 -0.5869 -0.5014
vn 0.5184 -0.4785 -0.7087
vn 0.3657 -0.3376 -0.8673
vn 0.1010 -0.0826 -0.9915
vn 0.1882 -0.1737 -0.9667
vn 0.1741 -0.1868 0.9668
vn 0.0959 -0.0885 0.9915
vn 0.3389 -0.3637 0.8677
vn 0.4807 -0.5158 0.7091
vn 0.5897 -0.6328 0.5018
vn 0.6583 -0.7065 0.2599
vn 0.6803 -0.7300 0.0656
vn 0.6803 -0.7300 -0.0656
vn 0.6583 -0.7065 -0.2599
vn 0.5897 -0.6328 -0.5018
vn 0.4807 -0.5158 -0.7091
vn 0.3389 -0.3637 -0.8677
vn 0.0959 -0.0885 -0.9915
vn 0.1741 -0.1868 -0.9668
vn 0.1555 -0.2015 0.9671
vn 0.0889 -0.0954 0.9915
vn 0.3032 -0.3929 0.8681
vn 0.4304 -0.5577 0.7097
vn 0.5283 -0.6845 0.5023
vn 0.5899 -0.7644 0.2602
vn 0.6096 -0.7900 0.0656
vn 0.6096 -0.7900 -0.0656
vn 0.5899 -0.7644 -0.2602
vn 0.5283 -0.6845 -0.5023
vn 0.4304 -0.5577 -0.7097
vn 0.3032 -0.3929 -0.8681
vn 0.0889 -0.0954 -0.9915
vn 0.1555 -0.2015 -0.9671
vn 0.1319 -0.2168 0.9673
vn 0.0796 -0.1032 0.9915
vn 0.2577 -0.4234 0.8685
vn 0.3660 -0.6014 0.7102
vn 0.4494 -0.7384 0.5028
vn 0.5019 -0.8248 0.2605
vn 0.5187 -0.8524 0.0657
vn 0.5187 -0.8524 -0.0657
vn 0.5019 -0.8248 -0.2605
vn 0.4494 -0.7384 -0.5028
vn 0.3660 -0.6014 -0.7102
vn 0.2577 -0.4234 -0.8685
vn 0.0796 -0.1032 -0.9915
vn 0.1319 -0.2168 -0.9673
vn 0.1038 -0.2310 0.9674
vn 0.0677 -0.1113 0.9915
vn 0.2030 -0.4517 0.8688
vn 0.2885 -0.6418 0.7105
vn 0.3543 -0.7883 0.5031
vn 0.3958 -0.8806 0.2607
vn 0.4091 -0.9101 0.0657
vn 0.4091 -0.9101 -0.0657
vn 0.3958 -0.8806 -0.2607
vn 0.3543 -0.7883 -0.5031
vn 0.2885 -0.6418 -0.7105
vn 0.2030 -0.4517 -0.8688
vn 0.0677 -0.1113 -0.9915
vn 0.1038 -0.2310 -0.9674
vn 0.0377 -0.1247 0.9915
vn 0.0534 -0.1188 0.9915
vn 0.0734 -0.2425 0.9674
vn 0.1434 -0.4740 0.8687
vn 0.2038 -0.6736 0.7105
vn 0.2502 -0.8272 0.5031
vn 0.2795 -0.9241 0.2606
vn 0.2889 -0.9551 -0.0657
vn 0.2795 -0.9241 -0.2606
vn 0.2502 -0.8272 -0.5031
vn 0.2038 -0.6736 -0.7105
vn 0.1434 -0.4740 -0.8687
vn 0.0734 -0.2425 -0.9674
vn 0.0377 -0.1247 -0.9915
vn 0.0534 -0.1188 -0.9915
vn 0.0225 -0.1284 0.9915
vn 0.0439 -0.2503 0.9672
vn 0.0857 -0.4885 0.8684
vn 0.1217 -0.6936 0.7100
vn 0.1494 -0.8515 0.5026
vn 0.2889 -0.9551 0.0657
vn 0.1668 -0.9510 0.2604
vn 0.1724 -0.9828 -0.0657
vn 0.1668 -0.9510 -0.2604
vn 0.1494 -0.8515 -0.5026
vn 0.1217 -0.6936 -0.7100
vn 0.0857 -0.4885 -0.8684
vn 0.0439 -0.2503 -0.9672
vn 0.0225 -0.1284 -0.9915
vn 0.0097 -0.1300 0.9915
vn 0.0191 -0.2546 0.9669
vn 0.0371 -0.4956 0.8678
vn 0.0527 -0.7030 0.7092
vn 0.0646 -0.8625 0.5019
vn 0.1724 -0.9828 0.0657
vn 0.0722 -0.9629 0.2599
vn 0.0746 -0.9951 -0.0656
vn 0.0722 -0.9629 -0.2599
vn 0.0646 -0.8625 -0.5019
vn 0.0527 -0.7030 -0.7092
vn 0.0371 -0.4956 -0.8678
vn 0.0191 -0.2546 -0.9669
vn 0.0097 -0.1300 -0.9915
vn 0.0021 -0.1305 0.9914
vn 0.0041 -0.2575 0.9663
vn 0.0080 -0.4989 0.8666
vn 0.0113 -0.7063 0.7078
vn 0.0139 -0.8656 0.5006
vn 0.0746 -0.9951 0.0656
vn 0.0155 -0.9657 0.2592
vn 0.0160 -0.9977 -0.0655
vn 0.0155 -0.9657 -0.2592
vn 0.0139 -0.8656 -0.5006
vn 0.0113 -0.7063 -0.7078
vn 0.0080 -0.4989 -0.8666
vn 0.0041 -0.2575 -0.9663
vn 0.0021 -0.1305 -0.9914
vn -0.7038 -0.7039 0.0959
vn 0.0160 -0.9977 0.0655
vn -0.7038 -0.7039 -0.0959
vn -0.0059 0.2604 0.9655
vn -0.0113 0.5012 0.8653
vn -0.0159 0.7078 0.7063
vn -0.0195 0.8662 0.4993
vn -0.0217 0.9658 0.2584
vn -0.0225 0.9976 0.0654
vn -0.0225 0.9976 -0.0654
vn -0.0217 0.9658 -0.2584
vn -0.0195 0.8662 -0.4993
vn -0.0159 0.7078 -0.7063
vn -0.0113 0.5012 -0.8653
vn -0.0059 0.2604 -0.9655
vn -0.0029 0.1305 0.9914
vn -0.0029 0.1305 -0.9914
vn 0.0240 0.2535 0.9670
vn 0.0029 0.1305 0.9914
vn 0.0057 0.2570 0.9664
vn 0.0468 0.4942 0.8681
vn 0.0110 0.4984 0.8669
vn 0.0665 0.7014 0.7096
vn 0.0156 0.7059 0.7081
vn 0.0816 0.8608 0.5023
vn 0.0192 0.8653 0.5009
vn 0.0911 0.9613 0.2602
vn 0.0214 0.9656 0.2593
vn 0.0942 0.9934 0.0656
vn 0.0221 0.9976 0.0655
vn 0.0942 0.9934 -0.0656
vn 0.0221 0.9976 -0.0655
vn 0.0214 0.9656 -0.2593
vn 0.0192 0.8653 -0.5009
vn 0.0911 0.9613 -0.2602
vn 0.0156 0.7059 -0.7081
vn 0.0816 0.8608 -0.5023
vn 0.0110 0.4984 -0.8669
vn 0.0665 0.7014 -0.7096
vn 0.0057 0.2570 -0.9664
vn 0.0468 0.4942 -0.8681
vn 0.0029 0.1305 -0.9914
vn 0.0240 0.2535 -0.9670
vn 0.0512 0.2487 0.9672
vn 0.0123 0.1298 0.9915
vn 0.1000 0.4855 0.8685
vn 0.1420 0.6896 0.7101
vn 0.1744 0.8467 0.5027
vn 0.1948 0.9456 0.2604
vn 0.2013 0.9773 0.0657
vn 0.2013 0.9773 -0.0657
vn 0.1948 0.9456 -0.2604
vn 0.1744 0.8467 -0.5027
vn 0.1420 0.6896 -0.7101
vn 0.1000 0.4855 -0.8685
vn 0.0123 0.1298 -0.9915
vn 0.0512 0.2487 -0.9672
vn 0.0816 0.2396 0.9674
vn 0.0263 0.1276 0.9915
vn 0.1597 0.4685 0.8689
vn 0.2269 0.6659 0.7107
vn 0.2787 0.8180 0.5032
vn 0.3114 0.9138 0.2607
vn 0.3218 0.9445 0.0657
vn 0.3218 0.9445 -0.0657
vn 0.3114 0.9138 -0.2607
vn 0.2787 0.8180 -0.5032
vn 0.2269 0.6659 -0.7107
vn 0.1597 0.4685 -0.8689
vn 0.0263 0.1276 -0.9915
vn 0.0816 0.2396 -0.9674
vn 0.1143 0.2250 0.9676
vn 0.0420 0.1233 0.9915
vn 0.2239 0.4407 0.8693
vn 0.3184 0.6268 0.7112
vn 0.3912 0.7702 0.5037
vn 0.4372 0.8607 0.2610
vn 0.4519 0.8896 0.0658
vn 0.4519 0.8896 -0.0658
vn 0.4372 0.8606 -0.2610
vn 0.3912 0.7702 -0.5037
vn 0.3184 0.6268 -0.7112
vn 0.2239 0.4407 -0.8693
vn 0.0420 0.1233 -0.9915
vn 0.1143 0.2250 -0.9676
vn 0.1474 0.2042 0.9678
vn 0.0590 0.1161 0.9915
vn 0.2889 0.4004 0.8696
vn 0.4111 0.5698 0.7116
vn 0.5053 0.7004 0.5041
vn 0.5648 0.7828 0.2613
vn 0.5838 0.8092 0.0658
vn 0.5838 0.8092 -0.0658
vn 0.5648 0.7828 -0.2613
vn 0.5053 0.7004 -0.5041
vn 0.4111 0.5698 -0.7116
vn 0.2889 0.4005 -0.8696
vn 0.0590 0.1161 -0.9915
vn 0.1474 0.2042 -0.9678
vn 0.1784 0.1775 0.9678
vn 0.0761 0.1055 0.9915
vn 0.3499 0.3482 0.8697
vn 0.4979 0.4955 0.7117
vn 0.6121 0.6092 0.5042
vn 0.6842 0.6809 0.2614
vn 0.7073 0.7039 0.0658
vn 0.7073 0.7039 -0.0658
vn 0.6842 0.6809 -0.2614
vn 0.6121 0.6092 -0.5042
vn 0.4979 0.4955 -0.7117
vn 0.3499 0.3482 -0.8697
vn 0.0761 0.1055 -0.9915
vn 0.1784 0.1775 -0.9678
vn 0.1059 0.0756 0.9915
vn 0.0922 0.0918 0.9915
vn 0.2049 0.1463 0.9678
vn 0.4019 0.2869 0.8696
vn 0.5719 0.4082 0.7116
vn 0.7029 0.5018 0.5041
vn 0.7856 0.5608 0.2613
vn 0.8121 0.5797 -0.0658
vn 0.7856 0.5608 -0.2613
vn 0.7029 0.5018 -0.5041
vn 0.5719 0.4082 -0.7116
vn 0.4019 0.2869 -0.8696
vn 0.2049 0.1463 -0.9678
vn 0.1059 0.0756 -0.9915
vn 0.0922 0.0918 -0.9915
vn 0.1164 0.0583 0.9915
vn 0.2256 0.1130 0.9676
vn 0.4420 0.2213 0.8693
vn 0.6286 0.3147 0.7112
vn 0.7724 0.3867 0.5038
vn 0.8121 0.5797 0.0658
vn 0.8632 0.4322 0.2611
vn 0.8923 0.4467 -0.0658
vn 0.8632 0.4322 -0.2611
vn 0.7724 0.3867 -0.5038
vn 0.6286 0.3147 -0.7112
vn 0.4420 0.2213 -0.8693
vn 0.2256 0.1130 -0.9676
vn 0.1164 0.0583 -0.9915
vn 0.1236 0.0411 0.9915
vn 0.2401 0.0799 0.9675
vn 0.4696 0.1562 0.8689
vn 0.6675 0.2220 0.7107
vn 0.8199 0.2727 0.5033
vn 0.8923 0.4467 0.0658
vn 0.9160 0.3047 0.2608
vn 0.9468 0.3150 -0.0657
vn 0.9160 0.3047 -0.2608
vn 0.8199 0.2727 -0.5033
vn 0.6675 0.2220 -0.7107
vn 0.4696 0.1562 -0.8689
vn 0.2401 0.0799 -0.9675
vn 0.1236 0.0411 -0.9915
vn 0.1279 0.0251 0.9915
vn 0.2490 0.0488 0.9673
vn 0.4864 0.0953 0.8685
vn 0.6908 0.1354 0.7102
vn 0.8483 0.1663 0.5028
vn 0.9468 0.3150 0.0657
vn 0.9474 0.1857 0.2605
vn 0.9792 0.1920 -0.0657
vn 0.9474 0.1857 -0.2605
vn 0.8482 0.1663 -0.5028
vn 0.6908 0.1354 -0.7102
vn 0.4864 0.0953 -0.8685
vn 0.2490 0.0488 -0.9673
vn 0.1279 0.0251 -0.9915
vn 0.1299 0.0106 0.9915
vn 0.2536 0.0208 0.9671
vn 0.4946 0.0405 0.8682
vn 0.7021 0.0576 0.7097
vn 0.8618 0.0706 0.5024
vn 0.9792 0.1920 0.0657
vn 0.9623 0.0789 0.2602
vn 0.9945 0.0815 -0.0656
vn 0.9623 0.0789 -0.2602
vn 0.8618 0.0706 -0.5024
vn 0.7021 0.0576 -0.7097
vn 0.4946 0.0405 -0.8682
vn 0.2536 0.0208 -0.9671
vn 0.1299 0.0106 -0.9915
vn 0.1304 -0.0024 0.9915
vn 0.2548 -0.0047 0.9670
vn 0.4965 -0.0092 0.8680
vn 0.7046 -0.0130 0.7095
vn 0.8646 -0.0160 0.5022
vn 0.9945 0.0815 0.0656
vn 0.9654 -0.0178 0.2601
vn 0.9977 -0.0184 -0.0656
vn 0.9654 -0.0178 -0.2601
vn 0.8646 -0.0160 -0.5022
vn 0.7046 -0.0130 -0.7095
vn 0.4965 -0.0092 -0.8680
vn 0.2548 -0.0047 -0.9670
vn 0.1304 -0.0024 -0.9915
vn 0.2520 -0.0315 0.9672
vn 0.4920 -0.0614 0.8684
vn 0.6987 -0.0872 0.7101
vn 0.8578 -0.1071 0.5027
vn 0.9581 -0.1196 0.2604
vn 0.9902 -0.1236 0.0657
vn 0.9977 -0.0184 0.0656
vn 0.9902 -0.1236 -0.0657
vn 0.9581 -0.1196 -0.2604
vn 0.8578 -0.1071 -0.5027
vn 0.6987 -0.0872 -0.7101
vn 0.4920 -0.0614 -0.8684
vn 0.2520 -0.0315 -0.9672
vn 0.2453 -0.0623 0.9674
vn 0.1293 -0.0161 0.9915
vn 0.4798 -0.1218 0.8689
vn 0.6819 -0.1732 0.7107
vn 0.8376 -0.2127 0.5032
vn 0.9357 -0.2376 0.2607
vn 0.9671 -0.2456 0.0657
vn 0.9671 -0.2456 -0.0657
vn 0.9357 -0.2376 -0.2607
vn 0.8376 -0.2127 -0.5032
vn 0.6819 -0.1732 -0.7107
vn 0.4798 -0.1218 -0.8689
vn 0.1293 -0.0161 -0.9915
vn 0.2453 -0.0623 -0.9674
vn 0.2332 -0.0962 0.9677
vn 0.1262 -0.0321 0.9915
vn 0.4569 -0.1884 0.8693
vn 0.6498 -0.2680 0.7112
vn 0.7986 -0.3294 0.5038
vn 0.8924 -0.3681 0.2611
vn 0.9225 -0.3804 0.0658
vn 0.9225 -0.3805 -0.0658
vn 0.8924 -0.3681 -0.2611
vn 0.7986 -0.3294 -0.5038
vn 0.6498 -0.2680 -0.7112
vn 0.4569 -0.1884 -0.8693
vn 0.1262 -0.0321 -0.9915
vn 0.2332 -0.0962 -0.9677
vn 0.2148 -0.1312 0.9678
vn 0.1203 -0.0496 0.9915
vn 0.4212 -0.2574 0.8697
vn 0.5994 -0.3663 0.7117
vn 0.7369 -0.4503 0.5042
vn 0.8236 -0.5033 0.2613
vn 0.8514 -0.5203 0.0658
vn 0.8514 -0.5203 -0.0658
vn 0.8236 -0.5033 -0.2613
vn 0.7369 -0.4503 -0.5042
vn 0.5994 -0.3663 -0.7117
vn 0.4212 -0.2574 -0.8697
vn 0.1203 -0.0496 -0.9915
vn 0.2148 -0.1312 -0.9678
vn 0.1900 -0.1647 0.9679
vn 0.1110 -0.0678 0.9915
vn 0.3728 -0.3233 0.8698
vn 0.5307 -0.4601 0.7118
vn 0.6524 -0.5657 0.5043
vn 0.7293 -0.6323 0.2614
vn 0.7539 -0.6537 0.0659
vn 0.7539 -0.6537 -0.0659
vn 0.7293 -0.6323 -0.2614
vn 0.6524 -0.5657 -0.5043
vn 0.5307 -0.4601 -0.7118
vn 0.3728 -0.3233 -0.8698
vn 0.1110 -0.0678 -0.9915
vn 0.1900 -0.1647 -0.9679
vn 0.0829 -0.1002 0.9915
vn 0.0983 -0.0852 0.9915
vn 0.1605 -0.1940 0.9678
vn 0.3147 -0.3804 0.8696
vn 0.4478 -0.5413 0.7116
vn 0.5505 -0.6655 0.5042
vn 0.6153 -0.7438 0.2613
vn 0.6360 -0.7689 -0.0658
vn 0.6153 -0.7438 -0.2613
vn 0.5505 -0.6655 -0.5042
vn 0.4478 -0.5413 -0.7116
vn 0.3147 -0.3804 -0.8696
vn 0.1605 -0.1940 -0.9678
vn 0.0829 -0.1002 -0.9915
vn 0.0983 -0.0852 -0.9915
vn 0.0663 -0.1120 0.9915
vn 0.1286 -0.2171 0.9676
vn 0.2519 -0.4253 0.8693
vn 0.3583 -0.6049 0.7112
vn 0.4402 -0.7433 0.5037
vn 0.6360 -0.7689 0.0658
vn 0.4919 -0.8306 0.2611
vn 0.5085 -0.8585 -0.0658
vn 0.4919 -0.8306 -0.2611
vn 0.4402 -0.7433 -0.5037
vn 0.3583 -0.6049 -0.7112
vn 0.2519 -0.4253 -0.8693
vn 0.1286 -0.2171 -0.9676
vn 0.0663 -0.1120 -0.9915
vn 0.0499 -0.1203 0.9915
vn 0.0971 -0.2338 0.9674
vn 0.1899 -0.4572 0.8689
vn 0.2698 -0.6498 0.7106
vn 0.3314 -0.7981 0.5032
vn 0.5085 -0.8585 0.0658
vn 0.3702 -0.8916 0.2607
vn 0.3827 -0.9215 -0.0657
vn 0.3702 -0.8916 -0.2607
vn 0.3314 -0.7981 -0.5032
vn 0.2698 -0.6498 -0.7106
vn 0.1899 -0.4572 -0.8689
vn 0.0971 -0.2338 -0.9674
vn 0.0499 -0.1203 -0.9915
vn 0.0348 -0.1256 0.9915
vn 0.0679 -0.2448 0.9672
vn 0.1325 -0.4778 0.8684
vn 0.1881 -0.6786 0.7100
vn 0.2309 -0.8331 0.5026
vn 0.3827 -0.9215 0.0657
vn 0.2579 -0.9304 0.2604
vn 0.2665 -0.9616 -0.0657
vn 0.2579 -0.9304 -0.2604
vn 0.2309 -0.8331 -0.5027
vn 0.1881 -0.6786 -0.7100
vn 0.1325 -0.4778 -0.8684
vn 0.0679 -0.2448 -0.9672
vn 0.0348 -0.1256 -0.9915
vn 0.0214 -0.1286 0.9915
vn 0.0419 -0.2513 0.9670
vn 0.0817 -0.4898 0.8680
vn 0.1159 -0.6951 0.7095
vn 0.1422 -0.8530 0.5022
vn 0.2665 -0.9616 0.0657
vn 0.1588 -0.9524 0.2601
vn 0.1641 -0.9843 -0.0656
vn 0.1588 -0.9524 -0.2601
vn 0.1422 -0.8530 -0.5022
vn 0.1159 -0.6951 -0.7095
vn 0.0817 -0.4898 -0.8680
vn 0.0419 -0.2513 -0.9670
vn 0.0214 -0.1286 -0.9915
vn 0.0099 -0.1300 0.9915
vn 0.0195 -0.2547 0.9668
vn 0.0379 -0.4957 0.8677
vn 0.0537 -0.7031 0.7091
vn 0.0659 -0.8625 0.5018
vn 0.1641 -0.9843 0.0656
vn 0.0736 -0.9628 0.2599
vn 0.0760 -0.9949 -0.0656
vn 0.0736 -0.9628 -0.2599
vn 0.0659 -0.8625 -0.5018
vn 0.0537 -0.7031 -0.7091
vn 0.0379 -0.4957 -0.8677
vn 0.0195 -0.2547 -0.9668
vn 0.0099 -0.1300 -0.9915
vn 0.0023 -0.1305 0.9914
vn 0.0046 -0.2574 0.9663
vn 0.0089 -0.4988 0.8667
vn 0.0126 -0.7062 0.7079
vn 0.0154 -0.8655 0.5007
vn 0.0760 -0.9949 0.0656
vn 0.0172 -0.9657 0.2592
vn 0.0178 -0.9977 -0.0655
vn 0.0172 -0.9657 -0.2592
vn 0.0154 -0.8655 -0.5007
vn 0.0126 -0.7062 -0.7079
vn 0.0089 -0.4988 -0.8667
vn 0.0046 -0.2574 -0.9663
vn 0.0023 -0.1305 -0.9914
vn 0.0178 -0.9977 0.0655
vt 0.688172 0.000000
vt 0.989247 0.000000
vt 0.698925 0.000000
vt 0.709677 0.000000
vt 0.000000 0.000000
vt 0.010753 0.000000
vt 0.021505 0.000000
vt 0.032258 0.000000
vt 0.043011 0.000000
vt 0.053763 0.000000
vt 0.064516 0.000000
vt 0.978495 0.000000
vt 0.075269 0.000000
vt 1.000000 0.000000
vt 0.967742 0.000000
vt 0.956989 0.000000
vt 0.946237 0.000000
vt 0.086022 0.000000
vt 0.935484 0.000000
vt 0.924731 0.000000
vt 0.913979 0.000000
vt 0.096774 0.000000
vt 0.903226 0.000000
vt 0.892473 0.000000
vt 0.881720 0.000000
vt 0.107527 0.000000
vt 0.870968 0.000000
vt 0.860215 0.000000
vt 0.118280 0.000000
vt 0.849462 0.000000
vt 0.838710 0.000000
vt 0.129032 0.000000
vt 0.827957 0.000000
vt 0.139785 0.000000
vt 0.817204 0.000000
vt 0.806452 0.000000
vt 0.150538 0.000000
vt 0.795699 0.000000
vt 0.161290 0.000000
vt 0.784946 0.000000
vt 0.172043 0.000000
vt 0.774194 0.000000
vt 0.763441 0.000000
vt 0.182796 0.000000
vt 0.752688 0.000000
vt 0.741935 0.000000
vt 0.193548 0.000000
vt 0.731183 0.000000
vt 0.720430 0.000000
vt 0.666667 0.000000
vt 0.204301 0.000000
vt 0.215054 0.000000
vt 0.225806 0.000000
vt 0.236559 0.000000
vt 0.247312 0.000000
vt 0.258065 0.000000
vt 0.268817 0.000000
vt 0.655914 0.000000
vt 0.645161 0.000000
vt 0.279570 0.000000
vt 0.677419 0.000000
vt 0.634409 0.000000
vt 0.623656 0.000000
vt 0.612903 0.000000
vt 0.290323 0.000000
vt 0.602151 0.000000
vt 0.591398 0.000000
vt 0.301075 0.000000
vt 0.580645 0.000000
vt 0.311828 0.000000
vt 0.569892 0.000000
vt 0.322581 0.000000
vt 0.559140 0.000000
vt 0.333333 0.000000
vt 0.548387 0.000000
vt 0.344086 0.000000
vt 0.537634 0.000000
vt 0.354839 0.000000
vt 0.365591 0.000000
vt 0.526882 0.000000
vt 0.376344 0.000000
vt 0.516129 0.000000
vt 0.387097 0.000000
vt 0.397849 0.000000
vt 0.408602 0.000000
vt 0.419355 0.000000
vt 0.430108 0.000000
vt 0.440860 0.000000
vt 0.451613 0.000000
vt 0.462366 0.000000
vt 0.473118 0.000000
vt 0.483871 0.000000
vt 0.494624 0.000000
vt 0.505376 0.000000
vt 0.727273 0.000000
vt 0.818182 0.000000
vt 0.909091 0.000000
vt 0.090909 0.000000
vt 0.363636 0.000000
vt 0.181818 0.000000
vt 0.272727 0.000000
vt 0.454545 0.000000
vt 0.545455 0.000000
vt 0.636364 0.000000
vt 0.166667 0.000000
vt 0.500000 0.000000
vt 0.833333 0.000000
vt 0.484211 0.000000
vt 0.494737 0.000000
vt 0.010526 0.000000
vt 0.473684 0.000000
vt 0.021053 0.000000
vt 0.463158 0.000000
vt 0.031579 0.000000
vt 0.452632 0.000000
vt 0.042105 0.000000
vt 0.442105 0.000000
vt 0.052632 0.000000
vt 0.431579 0.000000
vt 0.747368 0.000000
vt 0.757895 0.000000
vt 0.736842 0.000000
vt 0.726316 0.000000
vt 0.768421 0.000000
vt 0.715789 0.000000
vt 0.778947 0.000000
vt 0.063158 0.000000
vt 0.421053 0.000000
vt 0.705263 0.000000
vt 0.789474 0.000000
vt 0.694737 0.000000
vt 0.800000 0.000000
vt 0.073684 0.000000
vt 0.410526 0.000000
vt 0.684211 0.000000
vt 0.810526 0.000000
vt 0.673684 0.000000
vt 0.821053 0.000000
vt 0.084211 0.000000
vt 0.400000 0.000000
vt 0.663158 0.000000
vt 0.831579 0.000000
vt 0.094737 0.000000
vt 0.389474 0.000000
vt 0.652632 0.000000
vt 0.842105 0.000000
vt 0.642105 0.000000
vt 0.852632 0.000000
vt 0.105263 0.000000
vt 0.378947 0.000000
vt 0.631579 0.000000
vt 0.863158 0.000000
vt 0.115789 0.000000
vt 0.368421 0.000000
vt 0.621053 0.000000
vt 0.873684 0.000000
vt 0.357895 0.000000
vt 0.884211 0.000000
vt 0.610526 0.000000
vt 0.126316 0.000000
vt 0.894737 0.000000
vt 0.600000 0.000000
vt 0.136842 0.000000
vt 0.347368 0.000000
vt 0.905263 0.000000
vt 0.589474 0.000000
vt 0.147368 0.000000
vt 0.336842 0.000000
vt 0.578947 0.000000
vt 0.915789 0.000000
vt 0.157895 0.000000
vt 0.326316 0.000000
vt 0.568421 0.000000
vt 0.926316 0.000000
vt 0.557895 0.000000
vt 0.936842 0.000000
vt 0.168421 0.000000
vt 0.315789 0.000000
vt 0.547368 0.000000
vt 0.947368 0.000000
vt 0.536842 0.000000
vt 0.957895 0.000000
vt 0.178947 0.000000
vt 0.305263 0.000000
vt 0.526316 0.000000
vt 0.968421 0.000000
vt 0.515789 0.000000
vt 0.978947 0.000000
vt 0.189474 0.000000
vt 0.294737 0.000000
vt 0.505263 0.000000
vt 0.989474 0.000000
vt 0.200000 0.000000
vt 0.284211 0.000000
vt 0.210526 0.000000
vt 0.273684 0.000000
vt 0.221053 0.000000
vt 0.263158 0.000000
vt 0.231579 0.000000
vt 0.252632 0.000000
vt 0.242105 0.000000
vt 0.571429 0.000000
vt 0.714286 0.000000
vt 0.642857 0.000000
vt 0.428571 0.000000
vt 0.357143 0.000000
vt 0.785714 0.000000
vt 0.928571 0.000000
vt 0.857143 0.000000
vt 0.142857 0.000000
vt 0.071429 0.000000
vt 0.285714 0.000000
vt 0.214286 0.000000
vt 0.900000 0.000000
vt 0.700000 0.000000
vt 0.100000 0.000000
vt 0.300000 0.000000
vt 0.336634 0.000000
vt 0.356436 0.000000
vt 0.346535 0.000000
vt 0.366337 0.000000
vt 0.376238 0.000000
vt 0.386139 0.000000
vt 0.326733 0.000000
vt 0.396040 0.000000
vt 0.405941 0.000000
vt 0.415842 0.000000
vt 0.316832 0.000000
vt 0.425743 0.000000
vt 0.435644 0.000000
vt 0.306931 0.000000
vt 0.445545 0.000000
vt 0.455446 0.000000
vt 0.297030 0.000000
vt 0.465347 0.000000
vt 0.574257 0.000000
vt 0.564356 0.000000
vt 0.554455 0.000000
vt 0.544554 0.000000
vt 0.534653 0.000000
vt 0.524752 0.000000
vt 0.514852 0.000000
vt 0.504951 0.000000
vt 0.495050 0.000000
vt 0.485149 0.000000
vt 0.475248 0.000000
vt 0.287129 0.000000
vt 0.594059 0.000000
vt 0.584158 0.000000
vt 0.603960 0.000000
vt 0.613861 0.000000
vt 0.623762 0.000000
vt 0.277228 0.000000
vt 0.633663 0.000000
vt 0.643564 0.000000
vt 0.267327 0.000000
vt 0.653465 0.000000
vt 0.663366 0.000000
vt 0.257426 0.000000
vt 0.673267 0.000000
vt 0.247525 0.000000
vt 0.683168 0.000000
vt 0.693069 0.000000
vt 0.237624 0.000000
vt 0.702970 0.000000
vt 0.227723 0.000000
vt 0.712871 0.000000
vt 0.722772 0.000000
vt 0.217822 0.000000
vt 0.970297 0.000000
vt 0.990099 0.000000
vt 0.980198 0.000000
vt 0.960396 0.000000
vt 0.732673 0.000000
vt 0.207921 0.000000
vt 0.742574 0.000000
vt 0.950495 0.000000
vt 0.198020 0.000000
vt 0.752475 0.000000
vt 0.762376 0.000000
vt 0.188119 0.000000
vt 0.772277 0.000000
vt 0.178218 0.000000
vt 0.782178 0.000000
vt 0.792079 0.000000
vt 0.168317 0.000000
vt 0.801980 0.000000
vt 0.940594 0.000000
vt 0.930693 0.000000
vt 0.920792 0.000000
vt 0.811881 0.000000
vt 0.910891 0.000000
vt 0.900990 0.000000
vt 0.891089 0.000000
vt 0.821782 0.000000
vt 0.158416 0.000000
vt 0.881188 0.000000
vt 0.871287 0.000000
vt 0.861386 0.000000
vt 0.831683 0.000000
vt 0.851485 0.000000
vt 0.841584 0.000000
vt 0.148515 0.000000
vt 0.009901 0.000000
vt 0.138614 0.000000
vt 0.019802 0.000000
vt 0.029703 0.000000
vt 0.128713 0.000000
vt 0.039604 0.000000
vt 0.049505 0.000000
vt 0.059406 0.000000
vt 0.118812 0.000000
vt 0.069307 0.000000
vt 0.079208 0.000000
vt 0.089109 0.000000
vt 0.108911 0.000000
vt 0.099010 0.000000
vt 0.000000 0.076923
vt 0.009804 0.000000
vt 0.000000 0.153846
vt 0.009804 0.076923
vt 0.000000 0.230769
vt 0.009804 0.153846
vt 0.000000 0.307692
vt 0.009804 0.230769
vt 0.000000 0.384615
vt 0.009804 0.307692
vt 0.000000 0.461538
vt 0.009804 0.384615
vt 0.009804 0.538462
vt 0.000000 0.538462
vt 0.009804 0.615385
vt 0.000000 0.615385
vt 0.009804 0.692308
vt 0.000000 0.692308
vt 0.009804 0.769231
vt 0.000000 0.769231
vt 0.009804 0.846154
vt 0.000000 0.846154
vt 0.009804 0.923077
vt 0.000000 0.923077
vt 0.009804 1.000000
vt 0.000000 1.000000
vt 0.019608 0.000000
vt 0.019608 0.076923
vt 0.019608 0.153846
vt 0.019608 0.230769
vt 0.019608 0.307692
vt 0.009804 0.461538
vt 0.019608 0.384615
vt 0.019608 0.538462
vt 0.019608 0.615385
vt 0.019608 0.692308
vt 0.019608 0.769231
vt 0.019608 0.846154
vt 0.019608 0.923077
vt 0.019608 1.000000
vt 0.029412 0.000000
vt 0.029412 0.076923
vt 0.029412 0.153846
vt 0.029412 0.230769
vt 0.029412 0.307692
vt 0.019608 0.461538
vt 0.029412 0.384615
vt 0.029412 0.538462
vt 0.029412 0.615385
vt 0.029412 0.692308
vt 0.029412 0.769231
vt 0.029412 0.846154
vt 0.029412 0.923077
vt 0.029412 1.000000
vt 0.039216 0.000000
vt 0.039216 0.076923
vt 0.039216 0.153846
vt 0.039216 0.230769
vt 0.039216 0.307692
vt 0.029412 0.461538
vt 0.039216 0.384615
vt 0.039216 0.538462
vt 0.039216 0.615385
vt 0.039216 0.692308
vt 0.039216 0.769231
vt 0.039216 0.846154
vt 0.039216 0.923077
vt 0.039216 1.000000
vt 0.049020 0.000000
vt 0.049020 0.076923
vt 0.049020 0.153846
vt 0.049020 0.230769
vt 0.049020 0.307692
vt 0.039216 0.461538
vt 0.049020 0.384615
vt 0.049020 0.538462
vt 0.049020 0.615385
vt 0.049020 0.692308
vt 0.049020 0.769231
vt 0.049020 0.846154
vt 0.049020 0.923077
vt 0.049020 1.000000
vt 0.058824 0.076923
vt 0.058824 0.230769
vt 0.058824 0.307692
vt 0.058824 0.461538
vt 0.049020 0.461538
vt 0.058824 0.538462
vt 0.058824 0.692308
vt 0.058824 0.769231
vt 0.058824 0.923077
vt 0.068627 0.076923
vt 0.058824 0.000000
vt 0.068627 0.153846
vt 0.058824 0.153846
vt 0.068627 0.230769
vt 0.068627 0.307692
vt 0.068627 0.384615
vt 0.058824 0.384615
vt 0.068627 0.461538
vt 0.068627 0.538462
vt 0.058824 0.615385
vt 0.068627 0.615385
vt 0.068627 0.692308
vt 0.058824 0.846154
vt 0.068627 0.769231
vt 0.068627 0.846154
vt 0.058824 1.000000
vt 0.068627 0.923077
vt 0.078431 0.076923
vt 0.068627 0.000000
vt 0.078431 0.153846
vt 0.078431 0.230769
vt 0.078431 0.307692
vt 0.078431 0.384615
vt 0.078431 0.461538
vt 0.078431 0.538462
vt 0.078431 0.615385
vt 0.078431 0.692308
vt 0.078431 0.769231
vt 0.078431 0.846154
vt 0.068627 1.000000
vt 0.078431 0.923077
vt 0.088235 0.076923
vt 0.078431 0.000000
vt 0.088235 0.153846
vt 0.088235 0.230769
vt 0.088235 0.307692
vt 0.088235 0.384615
vt 0.088235 0.461538
vt 0.088235 0.538462
vt 0.088235 0.615385
vt 0.088235 0.692308
vt 0.088235 0.769231
vt 0.088235 0.846154
vt 0.078431 1.000000
vt 0.088235 0.923077
vt 0.098039 0.076923
vt 0.088235 0.000000
vt 0.098039 0.153846
vt 0.098039 0.230769
vt 0.098039 0.307692
vt 0.098039 0.384615
vt 0.098039 0.461538
vt 0.098039 0.538462
vt 0.098039 0.615385
vt 0.098039 0.692308
vt 0.098039 0.769231
vt 0.098039 0.846154
vt 0.088235 1.000000
vt 0.098039 0.923077
vt 0.107843 0.000000
vt 0.098039 0.000000
vt 0.107843 0.076923
vt 0.107843 0.153846
vt 0.107843 0.230769
vt 0.107843 0.307692
vt 0.107843 0.384615
vt 0.107843 0.538462
vt 0.107843 0.615385
vt 0.107843 0.692308
vt 0.107843 0.769231
vt 0.107843 0.846154
vt 0.107843 0.923077
vt 0.107843 1.000000
vt 0.098039 1.000000
vt 0.117647 0.000000
vt 0.117647 0.076923
vt 0.117647 0.153846
vt 0.117647 0.230769
vt 0.117647 0.307692
vt 0.107843 0.461538
vt 0.117647 0.384615
vt 0.117647 0.538462
vt 0.117647 0.615385
vt 0.117647 0.692308
vt 0.117647 0.769231
vt 0.117647 0.846154
vt 0.117647 0.923077
vt 0.117647 1.000000
vt 0.127451 0.000000
vt 0.127451 0.076923
vt 0.127451 0.153846
vt 0.127451 0.230769
vt 0.127451 0.307692
vt 0.117647 0.461538
vt 0.127451 0.384615
vt 0.127451 0.538462
vt 0.127451 0.615385
vt 0.127451 0.692308
vt 0.127451 0.769231
vt 0.127451 0.846154
vt 0.127451 0.923077
vt 0.127451 1.000000
vt 0.137255 0.000000
vt 0.137255 0.076923
vt 0.137255 0.153846
vt 0.137255 0.230769
vt 0.137255 0.307692
vt 0.127451 0.461538
vt 0.137255 0.384615
vt 0.137255 0.538462
vt 0.137255 0.615385
vt 0.137255 0.692308
vt 0.137255 0.769231
vt 0.137255 0.846154
vt 0.137255 0.923077
vt 0.137255 1.000000
vt 0.147059 0.000000
vt 0.147059 0.076923
vt 0.147059 0.153846
vt 0.147059 0.230769
vt 0.147059 0.307692
vt 0.137255 0.461538
vt 0.147059 0.384615
vt 0.147059 0.538462
vt 0.147059 0.615385
vt 0.147059 0.692308
vt 0.147059 0.769231
vt 0.147059 0.846154
vt 0.147059 0.923077
vt 0.147059 1.000000
vt 0.156863 0.000000
vt 0.156863 0.076923
vt 0.156863 0.153846
vt 0.156863 0.230769
vt 0.156863 0.307692
vt 0.147059 0.461538
vt 0.156863 0.384615
vt 0.156863 0.538462
vt 0.156863 0.615385
vt 0.156863 0.692308
vt 0.156863 0.769231
vt 0.156863 0.846154
vt 0.156863 0.923077
vt 0.156863 1.000000
vt 0.166667 0.076923
vt 0.166667 0.153846
vt 0.166667 0.230769
vt 0.166667 0.307692
vt 0.156863 0.461538
vt 0.166667 0.384615
vt 0.166667 0.538462
vt 0.166667 0.615385
vt 0.166667 0.692308
vt 0.166667 0.769231
vt 0.166667 0.846154
vt 0.166667 0.923077
vt 0.166667 1.000000
vt 0.176471 0.000000
vt 0.176471 0.076923
vt 0.176471 0.153846
vt 0.176471 0.230769
vt 0.176471 0.307692
vt 0.166667 0.461538
vt 0.176471 0.384615
vt 0.176471 0.538462
vt 0.176471 0.615385
vt 0.176471 0.692308
vt 0.176471 0.769231
vt 0.176471 0.846154
vt 0.176471 0.923077
vt 0.176471 1.000000
vt 0.186275 0.000000
vt 0.186275 0.076923
vt 0.186275 0.153846
vt 0.186275 0.230769
vt 0.186275 0.307692
vt 0.176471 0.461538
vt 0.186275 0.384615
vt 0.186275 0.538462
vt 0.186275 0.615385
vt 0.186275 0.692308
vt 0.186275 0.769231
vt 0.186275 0.846154
vt 0.186275 0.923077
vt 0.186275 1.000000
vt 0.196078 0.076923
vt 0.196078 0.153846
vt 0.196078 0.230769
vt 0.196078 0.307692
vt 0.196078 0.384615
vt 0.196078 0.461538
vt 0.186275 0.461538
vt 0.196078 0.538462
vt 0.196078 0.615385
vt 0.196078 0.692308
vt 0.196078 0.769231
vt 0.196078 0.846154
vt 0.196078 0.923077
vt 0.205882 0.076923
vt 0.196078 0.000000
vt 0.205882 0.153846
vt 0.205882 0.230769
vt 0.205882 0.307692
vt 0.205882 0.384615
vt 0.205882 0.461538
vt 0.205882 0.538462
vt 0.205882 0.615385
vt 0.205882 0.692308
vt 0.205882 0.769231
vt 0.205882 0.846154
vt 0.196078 1.000000
vt 0.205882 0.923077
vt 0.215686 0.076923
vt 0.205882 0.000000
vt 0.215686 0.153846
vt 0.215686 0.230769
vt 0.215686 0.307692
vt 0.215686 0.384615
vt 0.215686 0.461538
vt 0.215686 0.538462
vt 0.215686 0.615385
vt 0.215686 0.692308
vt 0.215686 0.769231
vt 0.215686 0.846154
vt 0.205882 1.000000
vt 0.215686 0.923077
vt 0.225490 0.076923
vt 0.215686 0.000000
vt 0.225490 0.153846
vt 0.225490 0.230769
vt 0.225490 0.307692
vt 0.225490 0.384615
vt 0.225490 0.461538
vt 0.225490 0.538462
vt 0.225490 0.615385
vt 0.225490 0.692308
vt 0.225490 0.769231
vt 0.225490 0.846154
vt 0.215686 1.000000
vt 0.225490 0.923077
vt 0.235294 0.000000
vt 0.225490 0.000000
vt 0.235294 0.076923
vt 0.235294 0.153846
vt 0.235294 0.230769
vt 0.235294 0.307692
vt 0.235294 0.384615
vt 0.235294 0.538462
vt 0.235294 0.615385
vt 0.235294 0.692308
vt 0.235294 0.769231
vt 0.235294 0.846154
vt 0.235294 0.923077
vt 0.235294 1.000000
vt 0.225490 1.000000
vt 0.245098 0.000000
vt 0.245098 0.076923
vt 0.245098 0.153846
vt 0.245098 0.230769
vt 0.245098 0.307692
vt 0.235294 0.461538
vt 0.245098 0.384615
vt 0.245098 0.538462
vt 0.245098 0.615385
vt 0.245098 0.692308
vt 0.245098 0.769231
vt 0.245098 0.846154
vt 0.245098 0.923077
vt 0.245098 1.000000
vt 0.254902 0.000000
vt 0.254902 0.076923
vt 0.254902 0.153846
vt 0.254902 0.230769
vt 0.254902 0.307692
vt 0.245098 0.461538
vt 0.254902 0.384615
vt 0.254902 0.538462
vt 0.254902 0.615385
vt 0.254902 0.692308
vt 0.254902 0.769231
vt 0.254902 0.846154
vt 0.254902 0.923077
vt 0.254902 1.000000
vt 0.264706 0.076923
vt 0.264706 0.153846
vt 0.264706 0.230769
vt 0.264706 0.307692
vt 0.264706 0.384615
vt 0.264706 0.461538
vt 0.254902 0.461538
vt 0.264706 0.538462
vt 0.264706 0.615385
vt 0.264706 0.692308
vt 0.264706 0.769231
vt 0.264706 0.846154
vt 0.264706 0.923077
vt 0.274510 0.076923
vt 0.264706 0.000000
vt 0.274510 0.153846
vt 0.274510 0.230769
vt 0.274510 0.307692
vt 0.274510 0.384615
vt 0.274510 0.461538
vt 0.274510 0.538462
vt 0.274510 0.615385
vt 0.274510 0.692308
vt 0.274510 0.769231
vt 0.274510 0.846154
vt 0.264706 1.000000
vt 0.274510 0.923077
vt 0.284314 0.076923
vt 0.274510 0.000000
vt 0.284314 0.153846
vt 0.284314 0.230769
vt 0.284314 0.307692
vt 0.284314 0.384615
vt 0.284314 0.461538
vt 0.284314 0.538462
vt 0.284314 0.615385
vt 0.284314 0.692308
vt 0.284314 0.769231
vt 0.284314 0.846154
vt 0.274510 1.000000
vt 0.284314 0.923077
vt 0.294118 0.076923
vt 0.284314 0.000000
vt 0.294118 0.153846
vt 0.294118 0.230769
vt 0.294118 0.307692
vt 0.294118 0.384615
vt 0.294118 0.461538
vt 0.294118 0.538462
vt 0.294118 0.615385
vt 0.294118 0.692308
vt 0.294118 0.769231
vt 0.294118 0.846154
vt 0.284314 1.000000
vt 0.294118 0.923077
vt 0.303922 0.076923
vt 0.294118 0.000000
vt 0.303922 0.153846
vt 0.303922 0.230769
vt 0.303922 0.307692
vt 0.303922 0.384615
vt 0.303922 0.461538
vt 0.303922 0.538462
vt 0.303922 0.615385
vt 0.303922 0.692308
vt 0.303922 0.769231
vt 0.303922 0.846154
vt 0.294118 1.000000
vt 0.303922 0.923077
vt 0.313726 0.076923
vt 0.303922 0.000000
vt 0.313726 0.153846
vt 0.313726 0.230769
vt 0.313726 0.307692
vt 0.313726 0.384615
vt 0.313726 0.461538
vt 0.313726 0.538462
vt 0.313726 0.615385
vt 0.313726 0.692308
vt 0.313726 0.769231
vt 0.313726 0.846154
vt 0.303922 1.000000
vt 0.313726 0.923077
vt 0.323529 0.076923
vt 0.313726 0.000000
vt 0.323529 0.153846
vt 0.323529 0.230769
vt 0.323529 0.307692
vt 0.323529 0.384615
vt 0.323529 0.461538
vt 0.323529 0.538462
vt 0.323529 0.615385
vt 0.323529 0.692308
vt 0.323529 0.769231
vt 0.323529 0.846154
vt 0.313726 1.000000
vt 0.323529 0.923077
vt 0.333333 0.076923
vt 0.323529 0.000000
vt 0.333333 0.153846
vt 0.333333 0.230769
vt 0.333333 0.307692
vt 0.333333 0.384615
vt 0.333333 0.461538
vt 0.333333 0.538462
vt 0.333333 0.615385
vt 0.333333 0.692308
vt 0.333333 0.769231
vt 0.333333 0.846154
vt 0.323529 1.000000
vt 0.333333 0.923077
vt 0.343137 0.076923
vt 0.343137 0.153846
vt 0.343137 0.230769
vt 0.343137 0.307692
vt 0.343137 0.384615
vt 0.343137 0.461538
vt 0.343137 0.538462
vt 0.343137 0.615385
vt 0.343137 0.692308
vt 0.343137 0.769231
vt 0.343137 0.846154
vt 0.333333 1.000000
vt 0.343137 0.923077
vt 0.352941 0.076923
vt 0.343137 0.000000
vt 0.352941 0.153846
vt 0.352941 0.230769
vt 0.352941 0.307692
vt 0.352941 0.384615
vt 0.352941 0.461538
vt 0.352941 0.538462
vt 0.352941 0.615385
vt 0.352941 0.692308
vt 0.352941 0.769231
vt 0.352941 0.846154
vt 0.343137 1.000000
vt 0.352941 0.923077
vt 0.362745 0.000000
vt 0.352941 0.000000
vt 0.362745 0.076923
vt 0.362745 0.153846
vt 0.362745 0.230769
vt 0.362745 0.307692
vt 0.362745 0.384615
vt 0.362745 0.538462
vt 0.362745 0.615385
vt 0.362745 0.692308
vt 0.362745 0.769231
vt 0.362745 0.846154
vt 0.362745 0.923077
vt 0.362745 1.000000
vt 0.352941 1.000000
vt 0.372549 0.000000
vt 0.372549 0.076923
vt 0.372549 0.153846
vt 0.372549 0.230769
vt 0.372549 0.307692
vt 0.362745 0.461538
vt 0.372549 0.384615
vt 0.372549 0.538462
vt 0.372549 0.615385
vt 0.372549 0.692308
vt 0.372549 0.769231
vt 0.372549 0.846154
vt 0.372549 0.923077
vt 0.372549 1.000000
vt 0.382353 0.000000
vt 0.382353 0.076923
vt 0.382353 0.153846
vt 0.382353 0.230769
vt 0.382353 0.307692
vt 0.372549 0.461538
vt 0.382353 0.384615
vt 0.382353 0.538462
vt 0.382353 0.615385
vt 0.382353 0.692308
vt 0.382353 0.769231
vt 0.382353 0.846154
vt 0.382353 0.923077
vt 0.382353 1.000000
vt 0.392157 0.076923
vt 0.392157 0.153846
vt 0.392157 0.230769
vt 0.392157 0.307692
vt 0.392157 0.384615
vt 0.392157 0.461538
vt 0.382353 0.461538
vt 0.392157 0.538462
vt 0.392157 0.615385
vt 0.392157 0.692308
vt 0.392157 0.769231
vt 0.392157 0.846154
vt 0.392157 0.923077
vt 0.401961 0.076923
vt 0.392157 0.000000
vt 0.401961 0.153846
vt 0.401961 0.230769
vt 0.401961 0.307692
vt 0.401961 0.384615
vt 0.401961 0.461538
vt 0.401961 0.538462
vt 0.401961 0.615385
vt 0.401961 0.692308
vt 0.401961 0.769231
vt 0.401961 0.846154
vt 0.392157 1.000000
vt 0.401961 0.923077
vt 0.411765 0.076923
vt 0.401961 0.000000
vt 0.411765 0.153846
vt 0.411765 0.230769
vt 0.411765 0.307692
vt 0.411765 0.384615
vt 0.411765 0.461538
vt 0.411765 0.538462
vt 0.411765 0.615385
vt 0.411765 0.692308
vt 0.411765 0.769231
vt 0.411765 0.846154
vt 0.401961 1.000000
vt 0.411765 0.923077
vt 0.421569 0.076923
vt 0.411765 0.000000
vt 0.421569 0.153846
vt 0.421569 0.230769
vt 0.421569 0.307692
vt 0.421569 0.384615
vt 0.421569 0.461538
vt 0.421569 0.538462
vt 0.421569 0.615385
vt 0.421569 0.692308
vt 0.421569 0.769231
vt 0.421569 0.846154
vt 0.411765 1.000000
vt 0.421569 0.923077
vt 0.431373 0.076923
vt 0.421569 0.000000
vt 0.431373 0.153846
vt 0.431373 0.230769
vt 0.431373 0.307692
vt 0.431373 0.384615
vt 0.431373 0.461538
vt 0.431373 0.538462
vt 0.431373 0.615385
vt 0.431373 0.692308
vt 0.431373 0.769231
vt 0.431373 0.846154
vt 0.421569 1.000000
vt 0.431373 0.923077
vt 0.441176 0.076923
vt 0.431373 0.000000
vt 0.441176 0.153846
vt 0.441176 0.230769
vt 0.441176 0.307692
vt 0.441176 0.384615
vt 0.441176 0.461538
vt 0.441176 0.538462
vt 0.441176 0.615385
vt 0.441176 0.692308
vt 0.441176 0.769231
vt 0.441176 0.846154
vt 0.431373 1.000000
vt 0.441176 0.923077
vt 0.450980 0.076923
vt 0.441176 0.000000
vt 0.450980 0.153846
vt 0.450980 0.230769
vt 0.450980 0.307692
vt 0.450980 0.384615
vt 0.450980 0.461538
vt 0.450980 0.538462
vt 0.450980 0.615385
vt 0.450980 0.692308
vt 0.450980 0.769231
vt 0.450980 0.846154
vt 0.441176 1.000000
vt 0.450980 0.923077
vt 0.460784 0.000000
vt 0.450980 0.000000
vt 0.460784 0.076923
vt 0.460784 0.153846
vt 0.460784 0.230769
vt 0.460784 0.307692
vt 0.460784 0.384615
vt 0.460784 0.538462
vt 0.460784 0.615385
vt 0.460784 0.692308
vt 0.460784 0.769231
vt 0.460784 0.846154
vt 0.460784 0.923077
vt 0.460784 1.000000
vt 0.450980 1.000000
vt 0.470588 0.000000
vt 0.470588 0.076923
vt 0.470588 0.153846
vt 0.470588 0.230769
vt 0.470588 0.307692
vt 0.460784 0.461538
vt 0.470588 0.384615
vt 0.470588 0.538462
vt 0.470588 0.615385
vt 0.470588 0.692308
vt 0.470588 0.769231
vt 0.470588 0.846154
vt 0.470588 0.923077
vt 0.470588 1.000000
vt 0.480392 0.076923
vt 0.480392 0.153846
vt 0.480392 0.230769
vt 0.480392 0.307692
vt 0.480392 0.384615
vt 0.480392 0.461538
vt 0.470588 0.461538
vt 0.480392 0.538462
vt 0.480392 0.615385
vt 0.480392 0.692308
vt 0.480392 0.769231
vt 0.480392 0.846154
vt 0.480392 0.923077
vt 0.490196 0.076923
vt 0.480392 0.000000
vt 0.490196 0.153846
vt 0.490196 0.230769
vt 0.490196 0.307692
vt 0.490196 0.384615
vt 0.490196 0.461538
vt 0.490196 0.538462
vt 0.490196 0.615385
vt 0.490196 0.692308
vt 0.490196 0.769231
vt 0.490196 0.846154
vt 0.480392 1.000000
vt 0.490196 0.923077
vt 0.500000 0.076923
vt 0.490196 0.000000
vt 0.500000 0.153846
vt 0.500000 0.230769
vt 0.500000 0.307692
vt 0.500000 0.384615
vt 0.500000 0.461538
vt 0.500000 0.538462
vt 0.500000 0.615385
vt 0.500000 0.692308
vt 0.500000 0.769231
vt 0.500000 0.846154
vt 0.490196 1.000000
vt 0.500000 0.923077
vt 0.509804 0.076923
vt 0.509804 0.153846
vt 0.509804 0.230769
vt 0.509804 0.307692
vt 0.509804 0.384615
vt 0.509804 0.461538
vt 0.509804 0.538462
vt 0.509804 0.615385
vt 0.509804 0.692308
vt 0.509804 0.769231
vt 0.509804 0.846154
vt 0.500000 1.000000
vt 0.509804 0.923077
vt 0.519608 0.076923
vt 0.509804 0.000000
vt 0.519608 0.153846
vt 0.519608 0.230769
vt 0.519608 0.307692
vt 0.519608 0.384615
vt 0.519608 0.461538
vt 0.519608 0.538462
vt 0.519608 0.615385
vt 0.519608 0.692308
vt 0.519608 0.769231
vt 0.519608 0.846154
vt 0.509804 1.000000
vt 0.519608 0.923077
vt 0.529412 0.076923
vt 0.519608 0.000000
vt 0.529412 0.153846
vt 0.529412 0.230769
vt 0.529412 0.307692
vt 0.529412 0.384615
vt 0.529412 0.461538
vt 0.529412 0.538462
vt 0.529412 0.615385
vt 0.529412 0.692308
vt 0.529412 0.769231
vt 0.529412 0.846154
vt 0.519608 1.000000
vt 0.529412 0.923077
vt 0.539216 0.076923
vt 0.529412 0.000000
vt 0.539216 0.153846
vt 0.539216 0.230769
vt 0.539216 0.307692
vt 0.539216 0.384615
vt 0.539216 0.461538
vt 0.539216 0.538462
vt 0.539216 0.615385
vt 0.539216 0.692308
vt 0.539216 0.769231
vt 0.539216 0.846154
vt 0.529412 1.000000
vt 0.539216 0.923077
vt 0.549020 0.076923
vt 0.539216 0.000000
vt 0.549020 0.153846
vt 0.549020 0.230769
vt 0.549020 0.307692
vt 0.549020 0.384615
vt 0.549020 0.461538
vt 0.549020 0.538462
vt 0.549020 0.615385
vt 0.549020 0.692308
vt 0.549020 0.769231
vt 0.549020 0.846154
vt 0.539216 1.000000
vt 0.549020 0.923077
vt 0.558824 0.076923
vt 0.549020 0.000000
vt 0.558824 0.153846
vt 0.558824 0.230769
vt 0.558824 0.307692
vt 0.558824 0.384615
vt 0.558824 0.461538
vt 0.558824 0.538462
vt 0.558824 0.615385
vt 0.558824 0.692308
vt 0.558824 0.769231
vt 0.558824 0.846154
vt 0.549020 1.000000
vt 0.558824 0.923077
vt 0.568627 0.076923
vt 0.558824 0.000000
vt 0.568627 0.153846
vt 0.568627 0.230769
vt 0.568627 0.307692
vt 0.568627 0.384615
vt 0.568627 0.461538
vt 0.568627 0.538462
vt 0.568627 0.615385
vt 0.568627 0.692308
vt 0.568627 0.769231
vt 0.568627 0.846154
vt 0.558824 1.000000
vt 0.568627 0.923077
vt 0.578431 0.076923
vt 0.568627 0.000000
vt 0.578431 0.153846
vt 0.578431 0.230769
vt 0.578431 0.307692
vt 0.578431 0.384615
vt 0.578431 0.461538
vt 0.578431 0.538462
vt 0.578431 0.615385
vt 0.578431 0.692308
vt 0.578431 0.769231
vt 0.578431 0.846154
vt 0.568627 1.000000
vt 0.578431 0.923077
vt 0.588235 0.076923
vt 0.578431 0.000000
vt 0.588235 0.153846
vt 0.588235 0.230769
vt 0.588235 0.307692
vt 0.588235 0.384615
vt 0.588235 0.461538
vt 0.588235 0.538462
vt 0.588235 0.615385
vt 0.588235 0.692308
vt 0.588235 0.769231
vt 0.588235 0.846154
vt 0.578431 1.000000
vt 0.588235 0.923077
vt 0.598039 0.076923
vt 0.588235 0.000000
vt 0.598039 0.153846
vt 0.598039 0.230769
vt 0.598039 0.307692
vt 0.598039 0.384615
vt 0.598039 0.461538
vt 0.598039 0.538462
vt 0.598039 0.615385
vt 0.598039 0.692308
vt 0.598039 0.769231
vt 0.598039 0.846154
vt 0.588235 1.000000
vt 0.598039 0.923077
vt 0.607843 0.076923
vt 0.598039 0.000000
vt 0.607843 0.153846
vt 0.607843 0.230769
vt 0.607843 0.307692
vt 0.607843 0.384615
vt 0.607843 0.461538
vt 0.607843 0.538462
vt 0.607843 0.615385
vt 0.607843 0.692308
vt 0.607843 0.769231
vt 0.607843 0.846154
vt 0.598039 1.000000
vt 0.607843 0.923077
vt 0.617647 0.076923
vt 0.607843 0.000000
vt 0.617647 0.153846
vt 0.617647 0.230769
vt 0.617647 0.307692
vt 0.617647 0.384615
vt 0.617647 0.461538
vt 0.617647 0.538462
vt 0.617647 0.615385
vt 0.617647 0.692308
vt 0.617647 0.769231
vt 0.617647 0.846154
vt 0.607843 1.000000
vt 0.617647 0.923077
vt 0.627451 0.076923
vt 0.617647 0.000000
vt 0.627451 0.153846
vt 0.627451 0.230769
vt 0.627451 0.307692
vt 0.627451 0.384615
vt 0.627451 0.461538
vt 0.627451 0.538462
vt 0.627451 0.615385
vt 0.627451 0.692308
vt 0.627451 0.769231
vt 0.627451 0.846154
vt 0.617647 1.000000
vt 0.627451 0.923077
vt 0.637255 0.076923
vt 0.627451 0.000000
vt 0.637255 0.153846
vt 0.637255 0.230769
vt 0.637255 0.307692
vt 0.637255 0.384615
vt 0.637255 0.461538
vt 0.637255 0.538462
vt 0.637255 0.615385
vt 0.637255 0.692308
vt 0.637255 0.769231
vt 0.637255 0.846154
vt 0.627451 1.000000
vt 0.637255 0.923077
vt 0.647059 0.076923
vt 0.637255 0.000000
vt 0.647059 0.153846
vt 0.647059 0.230769
vt 0.647059 0.307692
vt 0.647059 0.384615
vt 0.647059 0.461538
vt 0.647059 0.538462
vt 0.647059 0.615385
vt 0.647059 0.692308
vt 0.647059 0.769231
vt 0.647059 0.846154
vt 0.637255 1.000000
vt 0.647059 0.923077
vt 0.656863 0.076923
vt 0.647059 0.000000
vt 0.656863 0.153846
vt 0.656863 0.230769
vt 0.656863 0.307692
vt 0.656863 0.384615
vt 0.656863 0.461538
vt 0.656863 0.538462
vt 0.656863 0.615385
vt 0.656863 0.692308
vt 0.656863 0.769231
vt 0.656863 0.846154
vt 0.647059 1.000000
vt 0.656863 0.923077
vt 0.666667 0.076923
vt 0.656863 0.000000
vt 0.666667 0.153846
vt 0.666667 0.230769
vt 0.666667 0.307692
vt 0.666667 0.384615
vt 0.666667 0.461538
vt 0.666667 0.538462
vt 0.666667 0.615385
vt 0.666667 0.692308
vt 0.666667 0.769231
vt 0.666667 0.846154
vt 0.656863 1.000000
vt 0.666667 0.923077
vt 0.676471 0.076923
vt 0.676471 0.153846
vt 0.676471 0.230769
vt 0.676471 0.307692
vt 0.676471 0.384615
vt 0.676471 0.461538
vt 0.676471 0.538462
vt 0.676471 0.615385
vt 0.676471 0.692308
vt 0.676471 0.769231
vt 0.676471 0.846154
vt 0.666667 1.000000
vt 0.676471 0.923077
vt 0.686275 0.000000
vt 0.676471 0.000000
vt 0.686275 0.076923
vt 0.686275 0.153846
vt 0.686275 0.230769
vt 0.686275 0.307692
vt 0.686275 0.384615
vt 0.686275 0.538462
vt 0.686275 0.615385
vt 0.686275 0.692308
vt 0.686275 0.769231
vt 0.686275 0.846154
vt 0.686275 0.923077
vt 0.686275 1.000000
vt 0.676471 1.000000
vt 0.696078 0.000000
vt 0.696078 0.076923
vt 0.696078 0.153846
vt 0.696078 0.230769
vt 0.696078 0.307692
vt 0.686275 0.461538
vt 0.696078 0.384615
vt 0.696078 0.538462
vt 0.696078 0.615385
vt 0.696078 0.692308
vt 0.696078 0.769231
vt 0.696078 0.846154
vt 0.696078 0.923077
vt 0.696078 1.000000
vt 0.705882 0.000000
vt 0.705882 0.076923
vt 0.705882 0.153846
vt 0.705882 0.230769
vt 0.705882 0.307692
vt 0.696078 0.461538
vt 0.705882 0.384615
vt 0.705882 0.538462
vt 0.705882 0.615385
vt 0.705882 0.692308
vt 0.705882 0.769231
vt 0.705882 0.846154
vt 0.705882 0.923077
vt 0.705882 1.000000
vt 0.715686 0.076923
vt 0.715686 0.153846
vt 0.715686 0.230769
vt 0.715686 0.307692
vt 0.715686 0.384615
vt 0.715686 0.461538
vt 0.705882 0.461538
vt 0.715686 0.538462
vt 0.715686 0.615385
vt 0.715686 0.692308
vt 0.715686 0.769231
vt 0.715686 0.846154
vt 0.715686 0.923077
vt 0.725490 0.076923
vt 0.715686 0.000000
vt 0.725490 0.153846
vt 0.725490 0.230769
vt 0.725490 0.307692
vt 0.725490 0.384615
vt 0.725490 0.461538
vt 0.725490 0.538462
vt 0.725490 0.615385
vt 0.725490 0.692308
vt 0.725490 0.769231
vt 0.725490 0.846154
vt 0.715686 1.000000
vt 0.725490 0.923077
vt 0.735294 0.076923
vt 0.725490 0.000000
vt 0.735294 0.153846
vt 0.735294 0.230769
vt 0.735294 0.307692
vt 0.735294 0.384615
vt 0.735294 0.461538
vt 0.735294 0.538462
vt 0.735294 0.615385
vt 0.735294 0.692308
vt 0.735294 0.769231
vt 0.735294 0.846154
vt 0.725490 1.000000
vt 0.735294 0.923077
vt 0.745098 0.076923
vt 0.735294 0.000000
vt 0.745098 0.153846
vt 0.745098 0.230769
vt 0.745098 0.307692
vt 0.745098 0.384615
vt 0.745098 0.461538
vt 0.745098 0.538462
vt 0.745098 0.615385
vt 0.745098 0.692308
vt 0.745098 0.769231
vt 0.745098 0.846154
vt 0.735294 1.000000
vt 0.745098 0.923077
vt 0.754902 0.000000
vt 0.745098 0.000000
vt 0.754902 0.076923
vt 0.754902 0.153846
vt 0.754902 0.230769
vt 0.754902 0.307692
vt 0.754902 0.384615
vt 0.754902 0.538462
vt 0.754902 0.615385
vt 0.754902 0.692308
vt 0.754902 0.769231
vt 0.754902 0.846154
vt 0.754902 0.923077
vt 0.754902 1.000000
vt 0.745098 1.000000
vt 0.764706 0.000000
vt 0.764706 0.076923
vt 0.764706 0.153846
vt 0.764706 0.230769
vt 0.764706 0.307692
vt 0.754902 0.461538
vt 0.764706 0.384615
vt 0.764706 0.538462
vt 0.764706 0.615385
vt 0.764706 0.692308
vt 0.764706 0.769231
vt 0.764706 0.846154
vt 0.764706 0.923077
vt 0.764706 1.000000
vt 0.774510 0.000000
vt 0.774510 0.076923
vt 0.774510 0.153846
vt 0.774510 0.230769
vt 0.774510 0.307692
vt 0.764706 0.461538
vt 0.774510 0.384615
vt 0.774510 0.538462
vt 0.774510 0.615385
vt 0.774510 0.692308
vt 0.774510 0.769231
vt 0.774510 0.846154
vt 0.774510 0.923077
vt 0.774510 1.000000
vt 0.784314 0.000000
vt 0.784314 0.076923
vt 0.784314 0.153846
vt 0.784314 0.230769
vt 0.784314 0.307692
vt 0.774510 0.461538
vt 0.784314 0.384615
vt 0.784314 0.538462
vt 0.784314 0.615385
vt 0.784314 0.692308
vt 0.784314 0.769231
vt 0.784314 0.846154
vt 0.784314 0.923077
vt 0.784314 1.000000
vt 0.794118 0.000000
vt 0.794118 0.076923
vt 0.794118 0.153846
vt 0.794118 0.230769
vt 0.794118 0.307692
vt 0.784314 0.461538
vt 0.794118 0.384615
vt 0.794118 0.538462
vt 0.794118 0.615385
vt 0.794118 0.692308
vt 0.794118 0.769231
vt 0.794118 0.846154
vt 0.794118 0.923077
vt 0.794118 1.000000
vt 0.803922 0.000000
vt 0.803922 0.076923
vt 0.803922 0.153846
vt 0.803922 0.230769
vt 0.803922 0.307692
vt 0.794118 0.461538
vt 0.803922 0.384615
vt 0.803922 0.538462
vt 0.803922 0.615385
vt 0.803922 0.692308
vt 0.803922 0.769231
vt 0.803922 0.846154
vt 0.803922 0.923077
vt 0.803922 1.000000
vt 0.813725 0.000000
vt 0.813725 0.076923
vt 0.813725 0.153846
vt 0.813725 0.230769
vt 0.813725 0.307692
vt 0.803922 0.461538
vt 0.813725 0.384615
vt 0.813725 0.538462
vt 0.813725 0.615385
vt 0.813725 0.692308
vt 0.813725 0.769231
vt 0.813725 0.846154
vt 0.813725 0.923077
vt 0.813725 1.000000
vt 0.823529 0.000000
vt 0.823529 0.076923
vt 0.823529 0.153846
vt 0.823529 0.230769
vt 0.823529 0.307692
vt 0.813725 0.461538
vt 0.823529 0.384615
vt 0.823529 0.538462
vt 0.823529 0.615385
vt 0.823529 0.692308
vt 0.823529 0.769231
vt 0.823529 0.846154
vt 0.823529 0.923077
vt 0.823529 1.000000
vt 0.833333 0.076923
vt 0.833333 0.153846
vt 0.833333 0.230769
vt 0.833333 0.307692
vt 0.823529 0.461538
vt 0.833333 0.384615
vt 0.833333 0.538462
vt 0.833333 0.615385
vt 0.833333 0.692308
vt 0.833333 0.769231
vt 0.833333 0.846154
vt 0.833333 0.923077
vt 0.833333 1.000000
vt 0.843137 0.000000
vt 0.843137 0.076923
vt 0.843137 0.153846
vt 0.843137 0.230769
vt 0.843137 0.307692
vt 0.833333 0.461538
vt 0.843137 0.384615
vt 0.843137 0.538462
vt 0.843137 0.615385
vt 0.843137 0.692308
vt 0.843137 0.769231
vt 0.843137 0.846154
vt 0.843137 0.923077
vt 0.843137 1.000000
vt 0.852941 0.000000
vt 0.852941 0.076923
vt 0.852941 0.153846
vt 0.852941 0.230769
vt 0.852941 0.307692
vt 0.843137 0.461538
vt 0.852941 0.384615
vt 0.852941 0.538462
vt 0.852941 0.615385
vt 0.852941 0.692308
vt 0.852941 0.769231
vt 0.852941 0.846154
vt 0.852941 0.923077
vt 0.852941 1.000000
vt 0.862745 0.000000
vt 0.862745 0.076923
vt 0.862745 0.153846
vt 0.862745 0.230769
vt 0.862745 0.307692
vt 0.852941 0.461538
vt 0.862745 0.384615
vt 0.862745 0.538462
vt 0.862745 0.615385
vt 0.862745 0.692308
vt 0.862745 0.769231
vt 0.862745 0.846154
vt 0.862745 0.923077
vt 0.862745 1.000000
vt 0.872549 0.000000
vt 0.872549 0.076923
vt 0.872549 0.153846
vt 0.872549 0.230769
vt 0.872549 0.307692
vt 0.862745 0.461538
vt 0.872549 0.384615
vt 0.872549 0.538462
vt 0.872549 0.615385
vt 0.872549 0.692308
vt 0.872549 0.769231
vt 0.872549 0.846154
vt 0.872549 0.923077
vt 0.872549 1.000000
vt 0.882353 0.000000
vt 0.882353 0.076923
vt 0.882353 0.153846
vt 0.882353 0.230769
vt 0.882353 0.307692
vt 0.872549 0.461538
vt 0.882353 0.384615
vt 0.882353 0.538462
vt 0.882353 0.615385
vt 0.882353 0.692308
vt 0.882353 0.769231
vt 0.882353 0.846154
vt 0.882353 0.923077
vt 0.882353 1.000000
vt 0.892157 0.000000
vt 0.892157 0.076923
vt 0.892157 0.153846
vt 0.892157 0.230769
vt 0.892157 0.307692
vt 0.882353 0.461538
vt 0.892157 0.384615
vt 0.892157 0.538462
vt 0.892157 0.615385
vt 0.892157 0.692308
vt 0.892157 0.769231
vt 0.892157 0.846154
vt 0.892157 0.923077
vt 0.892157 1.000000
vt 0.901961 0.000000
vt 0.901961 0.076923
vt 0.901961 0.153846
vt 0.901961 0.230769
vt 0.901961 0.307692
vt 0.892157 0.461538
vt 0.901961 0.384615
vt 0.901961 0.538462
vt 0.901961 0.615385
vt 0.901961 0.692308
vt 0.901961 0.769231
vt 0.901961 0.846154
vt 0.901961 0.923077
vt 0.901961 1.000000
vt 0.911765 0.000000
vt 0.911765 0.076923
vt 0.911765 0.153846
vt 0.911765 0.230769
vt 0.911765 0.307692
vt 0.901961 0.461538
vt 0.911765 0.384615
vt 0.911765 0.538462
vt 0.911765 0.615385
vt 0.911765 0.692308
vt 0.911765 0.769231
vt 0.911765 0.846154
vt 0.911765 0.923077
vt 0.911765 1.000000
vt 0.921569 0.000000
vt 0.921569 0.076923
vt 0.921569 0.153846
vt 0.921569 0.230769
vt 0.921569 0.307692
vt 0.911765 0.461538
vt 0.921569 0.384615
vt 0.921569 0.538462
vt 0.921569 0.615385
vt 0.921569 0.692308
vt 0.921569 0.769231
vt 0.921569 0.846154
vt 0.921569 0.923077
vt 0.921569 1.000000
vt 0.931373 0.000000
vt 0.931373 0.076923
vt 0.931373 0.153846
vt 0.931373 0.230769
vt 0.931373 0.307692
vt 0.921569 0.461538
vt 0.931373 0.384615
vt 0.931373 0.538462
vt 0.931373 0.615385
vt 0.931373 0.692308
vt 0.931373 0.769231
vt 0.931373 0.846154
vt 0.931373 0.923077
vt 0.931373 1.000000
vt 0.941176 0.076923
vt 0.941176 0.153846
vt 0.941176 0.230769
vt 0.941176 0.307692
vt 0.931373 0.461538
vt 0.941176 0.384615
vt 0.941176 0.538462
vt 0.941176 0.615385
vt 0.941176 0.692308
vt 0.941176 0.769231
vt 0.941176 0.846154
vt 0.941176 0.923077
vt 0.950980 0.076923
vt 0.941176 0.000000
vt 0.950980 0.153846
vt 0.950980 0.230769
vt 0.950980 0.307692
vt 0.950980 0.384615
vt 0.950980 0.461538
vt 0.941176 0.461538
vt 0.950980 0.538462
vt 0.950980 0.615385
vt 0.950980 0.692308
vt 0.950980 0.769231
vt 0.950980 0.846154
vt 0.941176 1.000000
vt 0.950980 0.923077
vt 0.960784 0.000000
vt 0.950980 0.000000
vt 0.960784 0.076923
vt 0.960784 0.153846
vt 0.960784 0.230769
vt 0.960784 0.307692
vt 0.960784 0.384615
vt 0.960784 0.538462
vt 0.960784 0.615385
vt 0.960784 0.692308
vt 0.960784 0.769231
vt 0.960784 0.846154
vt 0.960784 0.923077
vt 0.960784 1.000000
vt 0.950980 1.000000
vt 0.970588 0.076923
vt 0.970588 0.153846
vt 0.970588 0.230769
vt 0.970588 0.384615
vt 0.970588 0.461538
vt 0.960784 0.461538
vt 0.970588 0.538462
vt 0.970588 0.692308
vt 0.970588 0.769231
vt 0.970588 0.846154
vt 0.970588 1.000000
vt 0.980392 0.076923
vt 0.970588 0.000000
vt 0.980392 0.153846
vt 0.980392 0.230769
vt 0.980392 0.307692
vt 0.970588 0.307692
vt 0.980392 0.384615
vt 0.980392 0.461538
vt 0.980392 0.538462
vt 0.980392 0.615385
vt 0.970588 0.615385
vt 0.980392 0.692308
vt 0.980392 0.769231
vt 0.980392 0.846154
vt 0.980392 0.923077
vt 0.970588 0.923077
vt 0.980392 1.000000
vt 0.990196 0.076923
vt 0.980392 0.000000
vt 0.990196 0.153846
vt 0.990196 0.230769
vt 0.990196 0.307692
vt 0.990196 0.384615
vt 0.990196 0.461538
vt 0.990196 0.538462
vt 0.990196 0.615385
vt 0.990196 0.692308
vt 0.990196 0.769231
vt 0.990196 0.846154
vt 0.990196 0.923077
vt 1.000000 0.076923
vt 0.990196 0.000000
vt 1.000000 0.153846
vt 1.000000 0.230769
vt 1.000000 0.307692
vt 1.000000 0.384615
vt 1.000000 0.461538
vt 1.000000 0.538462
vt 1.000000 0.615385
vt 1.000000 0.692308
vt 1.000000 0.769231
vt 1.000000 0.846154
vt 0.990196 1.000000
vt 1.000000 0.923077
vt 0.125000 0.076923
vt 0.125000 0.153846
vt 0.125000 0.230769
vt 0.125000 0.307692
vt 0.125000 0.384615
vt 0.125000 0.461538
vt 0.125000 0.538462
vt 0.125000 0.615385
vt 0.125000 0.692308
vt 0.125000 0.769231
vt 0.125000 0.846154
vt 0.125000 0.923077
vt 0.250000 0.076923
vt 0.125000 0.000000
vt 0.250000 0.153846
vt 0.250000 0.230769
vt 0.250000 0.307692
vt 0.250000 0.384615
vt 0.250000 0.461538
vt 0.250000 0.538462
vt 0.250000 0.615385
vt 0.250000 0.692308
vt 0.250000 0.769231
vt 0.250000 0.846154
vt 0.125000 1.000000
vt 0.250000 0.923077
vt 0.375000 0.000000
vt 0.250000 0.000000
vt 0.375000 0.076923
vt 0.375000 0.153846
vt 0.375000 0.230769
vt 0.375000 0.307692
vt 0.375000 0.384615
vt 0.375000 0.538462
vt 0.375000 0.615385
vt 0.375000 0.692308
vt 0.375000 0.769231
vt 0.375000 0.846154
vt 0.375000 0.923077
vt 0.375000 1.000000
vt 0.250000 1.000000
vt 0.375000 0.461538
vt 0.625000 0.076923
vt 0.625000 0.153846
vt 0.625000 0.230769
vt 0.625000 0.307692
vt 0.625000 0.384615
vt 0.625000 0.461538
vt 0.625000 0.538462
vt 0.625000 0.615385
vt 0.625000 0.692308
vt 0.625000 0.769231
vt 0.625000 0.846154
vt 0.625000 0.923077
vt 0.750000 0.076923
vt 0.625000 0.000000
vt 0.750000 0.153846
vt 0.750000 0.230769
vt 0.750000 0.307692
vt 0.750000 0.384615
vt 0.750000 0.461538
vt 0.750000 0.538462
vt 0.750000 0.615385
vt 0.750000 0.692308
vt 0.750000 0.769231
vt 0.750000 0.846154
vt 0.625000 1.000000
vt 0.750000 0.923077
vt 0.875000 0.000000
vt 0.750000 0.000000
vt 0.875000 0.076923
vt 0.875000 0.153846
vt 0.875000 0.230769
vt 0.875000 0.307692
vt 0.875000 0.384615
vt 0.875000 0.538462
vt 0.875000 0.615385
vt 0.875000 0.692308
vt 0.875000 0.769231
vt 0.875000 0.846154
vt 0.875000 0.923077
vt 0.875000 1.000000
vt 0.750000 1.000000
vt 0.875000 0.461538
vt 0.066667 0.076923
vt 0.066667 0.153846
vt 0.066667 0.230769
vt 0.066667 0.307692
vt 0.066667 0.384615
vt 0.066667 0.461538
vt 0.066667 0.538462
vt 0.066667 0.615385
vt 0.066667 0.692308
vt 0.066667 0.769231
vt 0.066667 0.846154
vt 0.066667 0.923077
vt 0.133333 0.076923
vt 0.066667 0.000000
vt 0.133333 0.153846
vt 0.133333 0.230769
vt 0.133333 0.307692
vt 0.133333 0.384615
vt 0.133333 0.461538
vt 0.133333 0.538462
vt 0.133333 0.615385
vt 0.133333 0.692308
vt 0.133333 0.769231
vt 0.133333 0.846154
vt 0.066667 1.000000
vt 0.133333 0.923077
vt 0.133333 0.000000
vt 0.200000 0.076923
vt 0.200000 0.153846
vt 0.200000 0.230769
vt 0.200000 0.307692
vt 0.200000 0.384615
vt 0.200000 0.538462
vt 0.200000 0.615385
vt 0.200000 0.692308
vt 0.200000 0.769231
vt 0.200000 0.846154
vt 0.200000 0.923077
vt 0.200000 1.000000
vt 0.133333 1.000000
vt 0.266667 0.076923
vt 0.266667 0.153846
vt 0.266667 0.230769
vt 0.266667 0.307692
vt 0.266667 0.384615
vt 0.266667 0.461538
vt 0.200000 0.461538
vt 0.266667 0.538462
vt 0.266667 0.615385
vt 0.266667 0.692308
vt 0.266667 0.769231
vt 0.266667 0.846154
vt 0.266667 0.923077
vt 0.266667 1.000000
vt 0.266667 0.000000
vt 0.400000 0.076923
vt 0.400000 0.153846
vt 0.400000 0.230769
vt 0.400000 0.307692
vt 0.400000 0.384615
vt 0.400000 0.538462
vt 0.400000 0.615385
vt 0.400000 0.692308
vt 0.400000 0.769231
vt 0.400000 0.846154
vt 0.400000 0.923077
vt 0.400000 1.000000
vt 0.466667 0.000000
vt 0.466667 0.076923
vt 0.466667 0.153846
vt 0.466667 0.230769
vt 0.466667 0.307692
vt 0.400000 0.461538
vt 0.466667 0.384615
vt 0.466667 0.538462
vt 0.466667 0.615385
vt 0.466667 0.692308
vt 0.466667 0.769231
vt 0.466667 0.846154
vt 0.466667 0.923077
vt 0.466667 1.000000
vt 0.533333 0.076923
vt 0.533333 0.153846
vt 0.533333 0.230769
vt 0.533333 0.307692
vt 0.533333 0.384615
vt 0.533333 0.461538
vt 0.466667 0.461538
vt 0.533333 0.538462
vt 0.533333 0.615385
vt 0.533333 0.692308
vt 0.533333 0.769231
vt 0.533333 0.846154
vt 0.533333 0.923077
vt 0.533333 1.000000
vt 0.600000 0.076923
vt 0.533333 0.000000
vt 0.600000 0.153846
vt 0.600000 0.230769
vt 0.600000 0.307692
vt 0.600000 0.384615
vt 0.600000 0.461538
vt 0.600000 0.538462
vt 0.600000 0.615385
vt 0.600000 0.692308
vt 0.600000 0.769231
vt 0.600000 0.846154
vt 0.600000 0.923077
vt 0.600000 1.000000
vt 0.733333 0.076923
vt 0.733333 0.153846
vt 0.733333 0.230769
vt 0.733333 0.307692
vt 0.733333 0.384615
vt 0.733333 0.461538
vt 0.733333 0.538462
vt 0.733333 0.615385
vt 0.733333 0.692308
vt 0.733333 0.769231
vt 0.733333 0.846154
vt 0.733333 0.923077
vt 0.733333 0.000000
vt 0.800000 0.076923
vt 0.800000 0.153846
vt 0.800000 0.230769
vt 0.800000 0.307692
vt 0.800000 0.384615
vt 0.800000 0.538462
vt 0.800000 0.615385
vt 0.800000 0.692308
vt 0.800000 0.769231
vt 0.800000 0.846154
vt 0.800000 0.923077
vt 0.800000 1.000000
vt 0.733333 1.000000
vt 0.866667 0.000000
vt 0.866667 0.076923
vt 0.866667 0.153846
vt 0.866667 0.230769
vt 0.866667 0.307692
vt 0.800000 0.461538
vt 0.866667 0.384615
vt 0.866667 0.538462
vt 0.866667 0.615385
vt 0.866667 0.692308
vt 0.866667 0.769231
vt 0.866667 0.846154
vt 0.866667 0.923077
vt 0.866667 1.000000
vt 0.933333 0.076923
vt 0.933333 0.153846
vt 0.933333 0.230769
vt 0.933333 0.307692
vt 0.933333 0.384615
vt 0.933333 0.461538
vt 0.866667 0.461538
vt 0.933333 0.538462
vt 0.933333 0.615385
vt 0.933333 0.692308
vt 0.933333 0.769231
vt 0.933333 0.846154
vt 0.933333 0.923077
vt 0.933333 1.000000
vt 0.933333 0.000000
vt 1.000000 1.000000
vt 0.083333 0.076923
vt 0.083333 0.153846
vt 0.083333 0.230769
vt 0.083333 0.384615
vt 0.083333 0.461538
vt 0.083333 0.538462
vt 0.083333 0.615385
vt 0.083333 0.769231
vt 0.083333 0.923077
vt 0.083333 1.000000
vt 0.083333 0.000000
vt 0.083333 0.307692
vt 0.083333 0.692308
vt 0.083333 0.846154
vt 0.416667 0.076923
vt 0.416667 0.153846
vt 0.416667 0.307692
vt 0.416667 0.384615
vt 0.416667 0.461538
vt 0.416667 0.538462
vt 0.416667 0.615385
vt 0.416667 0.692308
vt 0.416667 0.769231
vt 0.416667 0.846154
vt 0.416667 1.000000
vt 0.416667 0.000000
vt 0.416667 0.230769
vt 0.416667 0.923077
vt 0.583333 0.076923
vt 0.583333 0.153846
vt 0.583333 0.230769
vt 0.583333 0.307692
vt 0.583333 0.461538
vt 0.583333 0.538462
vt 0.583333 0.615385
vt 0.583333 0.692308
vt 0.583333 0.769231
vt 0.583333 0.846154
vt 0.583333 0.923077
vt 0.583333 1.000000
vt 0.583333 0.000000
vt 0.583333 0.384615
vt 0.916667 0.076923
vt 0.916667 0.153846
vt 0.916667 0.230769
vt 0.916667 0.307692
vt 0.916667 0.384615
vt 0.916667 0.461538
vt 0.916667 0.538462
vt 0.916667 0.615385
vt 0.916667 0.692308
vt 0.916667 0.769231
vt 0.916667 0.846154
vt 0.916667 0.923077
vt 0.916667 1.000000
vt 0.916667 0.000000
vt 0.020833 0.000000
vt 0.020833 0.076923
vt 0.020833 0.153846
vt 0.020833 0.230769
vt 0.020833 0.307692
vt 0.020833 0.384615
vt 0.020833 0.538462
vt 0.020833 0.615385
vt 0.020833 0.692308
vt 0.020833 0.769231
vt 0.020833 0.846154
vt 0.020833 0.923077
vt 0.020833 1.000000
vt 0.041667 0.000000
vt 0.041667 0.076923
vt 0.041667 0.153846
vt 0.041667 0.230769
vt 0.041667 0.307692
vt 0.020833 0.461538
vt 0.041667 0.384615
vt 0.041667 0.538462
vt 0.041667 0.615385
vt 0.041667 0.692308
vt 0.041667 0.769231
vt 0.041667 0.846154
vt 0.041667 0.923077
vt 0.041667 1.000000
vt 0.062500 0.000000
vt 0.062500 0.076923
vt 0.062500 0.153846
vt 0.062500 0.230769
vt 0.062500 0.307692
vt 0.041667 0.461538
vt 0.062500 0.384615
vt 0.062500 0.538462
vt 0.062500 0.615385
vt 0.062500 0.692308
vt 0.062500 0.769231
vt 0.062500 0.846154
vt 0.062500 0.923077
vt 0.062500 1.000000
vt 0.062500 0.461538
vt 0.104167 0.076923
vt 0.104167 0.153846
vt 0.104167 0.230769
vt 0.104167 0.307692
vt 0.104167 0.384615
vt 0.104167 0.461538
vt 0.104167 0.538462
vt 0.104167 0.615385
vt 0.104167 0.692308
vt 0.104167 0.769231
vt 0.104167 0.846154
vt 0.104167 0.923077
vt 0.104167 0.000000
vt 0.104167 1.000000
vt 0.145833 0.076923
vt 0.145833 0.153846
vt 0.145833 0.230769
vt 0.145833 0.307692
vt 0.145833 0.384615
vt 0.145833 0.461538
vt 0.145833 0.538462
vt 0.145833 0.615385
vt 0.145833 0.692308
vt 0.145833 0.769231
vt 0.145833 0.846154
vt 0.145833 0.923077
vt 0.145833 0.000000
vt 0.145833 1.000000
vt 0.187500 0.076923
vt 0.187500 0.153846
vt 0.187500 0.230769
vt 0.187500 0.307692
vt 0.187500 0.384615
vt 0.187500 0.461538
vt 0.187500 0.538462
vt 0.187500 0.615385
vt 0.187500 0.692308
vt 0.187500 0.769231
vt 0.187500 0.846154
vt 0.187500 0.923077
vt 0.208333 0.076923
vt 0.187500 0.000000
vt 0.208333 0.153846
vt 0.208333 0.230769
vt 0.208333 0.307692
vt 0.208333 0.384615
vt 0.208333 0.461538
vt 0.208333 0.538462
vt 0.208333 0.615385
vt 0.208333 0.692308
vt 0.208333 0.769231
vt 0.208333 0.846154
vt 0.187500 1.000000
vt 0.208333 0.923077
vt 0.229167 0.076923
vt 0.208333 0.000000
vt 0.229167 0.153846
vt 0.229167 0.230769
vt 0.229167 0.307692
vt 0.229167 0.384615
vt 0.229167 0.461538
vt 0.229167 0.538462
vt 0.229167 0.615385
vt 0.229167 0.692308
vt 0.229167 0.769231
vt 0.229167 0.846154
vt 0.208333 1.000000
vt 0.229167 0.923077
vt 0.229167 0.000000
vt 0.229167 1.000000
vt 0.270833 0.000000
vt 0.270833 0.076923
vt 0.270833 0.153846
vt 0.270833 0.230769
vt 0.270833 0.307692
vt 0.270833 0.384615
vt 0.270833 0.538462
vt 0.270833 0.615385
vt 0.270833 0.692308
vt 0.270833 0.769231
vt 0.270833 0.846154
vt 0.270833 0.923077
vt 0.270833 1.000000
vt 0.291667 0.000000
vt 0.291667 0.076923
vt 0.291667 0.153846
vt 0.291667 0.230769
vt 0.291667 0.307692
vt 0.270833 0.461538
vt 0.291667 0.384615
vt 0.291667 0.538462
vt 0.291667 0.615385
vt 0.291667 0.692308
vt 0.291667 0.769231
vt 0.291667 0.846154
vt 0.291667 0.923077
vt 0.291667 1.000000
vt 0.312500 0.000000
vt 0.312500 0.076923
vt 0.312500 0.153846
vt 0.312500 0.230769
vt 0.312500 0.307692
vt 0.291667 0.461538
vt 0.312500 0.384615
vt 0.312500 0.538462
vt 0.312500 0.615385
vt 0.312500 0.692308
vt 0.312500 0.769231
vt 0.312500 0.846154
vt 0.312500 0.923077
vt 0.312500 1.000000
vt 0.312500 0.461538
vt 0.354167 0.000000
vt 0.354167 0.076923
vt 0.354167 0.153846
vt 0.354167 0.230769
vt 0.354167 0.307692
vt 0.354167 0.384615
vt 0.354167 0.538462
vt 0.354167 0.615385
vt 0.354167 0.692308
vt 0.354167 0.769231
vt 0.354167 0.846154
vt 0.354167 0.923077
vt 0.354167 1.000000
vt 0.354167 0.461538
vt 0.395833 0.076923
vt 0.395833 0.153846
vt 0.395833 0.230769
vt 0.395833 0.307692
vt 0.395833 0.384615
vt 0.395833 0.461538
vt 0.395833 0.538462
vt 0.395833 0.615385
vt 0.395833 0.692308
vt 0.395833 0.769231
vt 0.395833 0.846154
vt 0.395833 0.923077
vt 0.395833 0.000000
vt 0.395833 1.000000
vt 0.437500 0.076923
vt 0.437500 0.153846
vt 0.437500 0.230769
vt 0.437500 0.307692
vt 0.437500 0.384615
vt 0.437500 0.461538
vt 0.437500 0.538462
vt 0.437500 0.615385
vt 0.437500 0.692308
vt 0.437500 0.769231
vt 0.437500 0.846154
vt 0.437500 0.923077
vt 0.458333 0.076923
vt 0.437500 0.000000
vt 0.458333 0.153846
vt 0.458333 0.230769
vt 0.458333 0.307692
vt 0.458333 0.384615
vt 0.458333 0.461538
vt 0.458333 0.538462
vt 0.458333 0.615385
vt 0.458333 0.692308
vt 0.458333 0.769231
vt 0.458333 0.846154
vt 0.437500 1.000000
vt 0.458333 0.923077
vt 0.479167 0.076923
vt 0.458333 0.000000
vt 0.479167 0.153846
vt 0.479167 0.230769
vt 0.479167 0.307692
vt 0.479167 0.384615
vt 0.479167 0.461538
vt 0.479167 0.538462
vt 0.479167 0.615385
vt 0.479167 0.692308
vt 0.479167 0.769231
vt 0.479167 0.846154
vt 0.458333 1.000000
vt 0.479167 0.923077
vt 0.479167 0.000000
vt 0.479167 1.000000
vt 0.520833 0.000000
vt 0.520833 0.076923
vt 0.520833 0.153846
vt 0.520833 0.230769
vt 0.520833 0.307692
vt 0.520833 0.384615
vt 0.520833 0.538462
vt 0.520833 0.615385
vt 0.520833 0.692308
vt 0.520833 0.769231
vt 0.520833 0.846154
vt 0.520833 0.923077
vt 0.520833 1.000000
vt 0.541667 0.000000
vt 0.541667 0.076923
vt 0.541667 0.153846
vt 0.541667 0.230769
vt 0.541667 0.307692
vt 0.520833 0.461538
vt 0.541667 0.384615
vt 0.541667 0.538462
vt 0.541667 0.615385
vt 0.541667 0.692308
vt 0.541667 0.769231
vt 0.541667 0.846154
vt 0.541667 0.923077
vt 0.541667 1.000000
vt 0.562500 0.000000
vt 0.562500 0.076923
vt 0.562500 0.153846
vt 0.562500 0.230769
vt 0.562500 0.307692
vt 0.541667 0.461538
vt 0.562500 0.384615
vt 0.562500 0.538462
vt 0.562500 0.615385
vt 0.562500 0.692308
vt 0.562500 0.769231
vt 0.562500 0.846154
vt 0.562500 0.923077
vt 0.562500 1.000000
vt 0.562500 0.461538
vt 0.604167 0.076923
vt 0.604167 0.153846
vt 0.604167 0.230769
vt 0.604167 0.307692
vt 0.604167 0.384615
vt 0.604167 0.461538
vt 0.604167 0.538462
vt 0.604167 0.615385
vt 0.604167 0.692308
vt 0.604167 0.769231
vt 0.604167 0.846154
vt 0.604167 0.923077
vt 0.604167 0.000000
vt 0.604167 1.000000
vt 0.645833 0.076923
vt 0.645833 0.153846
vt 0.645833 0.230769
vt 0.645833 0.307692
vt 0.645833 0.384615
vt 0.645833 0.461538
vt 0.645833 0.538462
vt 0.645833 0.615385
vt 0.645833 0.692308
vt 0.645833 0.769231
vt 0.645833 0.846154
vt 0.645833 0.923077
vt 0.645833 0.000000
vt 0.645833 1.000000
vt 0.687500 0.076923
vt 0.687500 0.153846
vt 0.687500 0.230769
vt 0.687500 0.307692
vt 0.687500 0.384615
vt 0.687500 0.461538
vt 0.687500 0.538462
vt 0.687500 0.615385
vt 0.687500 0.692308
vt 0.687500 0.769231
vt 0.687500 0.846154
vt 0.687500 0.923077
vt 0.708333 0.076923
vt 0.687500 0.000000
vt 0.708333 0.153846
vt 0.708333 0.230769
vt 0.708333 0.307692
vt 0.708333 0.384615
vt 0.708333 0.461538
vt 0.708333 0.538462
vt 0.708333 0.615385
vt 0.708333 0.692308
vt 0.708333 0.769231
vt 0.708333 0.846154
vt 0.687500 1.000000
vt 0.708333 0.923077
vt 0.729167 0.076923
vt 0.708333 0.000000
vt 0.729167 0.153846
vt 0.729167 0.230769
vt 0.729167 0.307692
vt 0.729167 0.384615
vt 0.729167 0.461538
vt 0.729167 0.538462
vt 0.729167 0.615385
vt 0.729167 0.692308
vt 0.729167 0.769231
vt 0.729167 0.846154
vt 0.708333 1.000000
vt 0.729167 0.923077
vt 0.729167 0.000000
vt 0.729167 1.000000
vt 0.770833 0.000000
vt 0.770833 0.076923
vt 0.770833 0.153846
vt 0.770833 0.230769
vt 0.770833 0.307692
vt 0.770833 0.384615
vt 0.770833 0.538462
vt 0.770833 0.615385
vt 0.770833 0.692308
vt 0.770833 0.769231
vt 0.770833 0.846154
vt 0.770833 0.923077
vt 0.770833 1.000000
vt 0.791667 0.000000
vt 0.791667 0.076923
vt 0.791667 0.153846
vt 0.791667 0.230769
vt 0.791667 0.307692
vt 0.770833 0.461538
vt 0.791667 0.384615
vt 0.791667 0.538462
vt 0.791667 0.615385
vt 0.791667 0.692308
vt 0.791667 0.769231
vt 0.791667 0.846154
vt 0.791667 0.923077
vt 0.791667 1.000000
vt 0.812500 0.000000
vt 0.812500 0.076923
vt 0.812500 0.153846
vt 0.812500 0.230769
vt 0.812500 0.307692
vt 0.791667 0.461538
vt 0.812500 0.384615
vt 0.812500 0.538462
vt 0.812500 0.615385
vt 0.812500 0.692308
vt 0.812500 0.769231
vt 0.812500 0.846154
vt 0.812500 0.923077
vt 0.812500 1.000000
vt 0.812500 0.461538
vt 0.854167 0.000000
vt 0.854167 0.076923
vt 0.854167 0.153846
vt 0.854167 0.230769
vt 0.854167 0.307692
vt 0.854167 0.384615
vt 0.854167 0.538462
vt 0.854167 0.615385
vt 0.854167 0.692308
vt 0.854167 0.769231
vt 0.854167 0.846154
vt 0.854167 0.923077
vt 0.854167 1.000000
vt 0.854167 0.461538
vt 0.895833 0.076923
vt 0.895833 0.153846
vt 0.895833 0.230769
vt 0.895833 0.307692
vt 0.895833 0.384615
vt 0.895833 0.461538
vt 0.895833 0.538462
vt 0.895833 0.615385
vt 0.895833 0.692308
vt 0.895833 0.769231
vt 0.895833 0.846154
vt 0.895833 0.923077
vt 0.895833 0.000000
vt 0.895833 1.000000
vt 0.937500 0.076923
vt 0.937500 0.153846
vt 0.937500 0.230769
vt 0.937500 0.307692
vt 0.937500 0.384615
vt 0.937500 0.461538
vt 0.937500 0.538462
vt 0.937500 0.615385
vt 0.937500 0.692308
vt 0.937500 0.769231
vt 0.937500 0.846154
vt 0.937500 0.923077
vt 0.958333 0.076923
vt 0.937500 0.000000
vt 0.958333 0.153846
vt 0.958333 0.230769
vt 0.958333 0.307692
vt 0.958333 0.384615
vt 0.958333 0.461538
vt 0.958333 0.538462
vt 0.958333 0.615385
vt 0.958333 0.692308
vt 0.958333 0.769231
vt 0.958333 0.846154
vt 0.937500 1.000000
vt 0.958333 0.923077
vt 0.979167 0.076923
vt 0.958333 0.000000
vt 0.979167 0.153846
vt 0.979167 0.230769
vt 0.979167 0.307692
vt 0.979167 0.384615
vt 0.979167 0.461538
vt 0.979167 0.538462
vt 0.979167 0.615385
vt 0.979167 0.692308
vt 0.979167 0.769231
vt 0.979167 0.846154
vt 0.958333 1.000000
vt 0.979167 0.923077
vt 0.979167 0.000000
vt 0.979167 1.000000
vt 0.142857 0.076923
vt 0.142857 0.153846
vt 0.142857 0.230769
vt 0.142857 0.307692
vt 0.142857 0.384615
vt 0.142857 0.538462
vt 0.142857 0.615385
vt 0.142857 0.692308
vt 0.142857 0.769231
vt 0.142857 0.846154
vt 0.142857 0.923077
vt 0.142857 1.000000
vt 0.285714 0.076923
vt 0.285714 0.153846
vt 0.285714 0.230769
vt 0.285714 0.307692
vt 0.285714 0.384615
vt 0.285714 0.461538
vt 0.142857 0.461538
vt 0.285714 0.538462
vt 0.285714 0.615385
vt 0.285714 0.692308
vt 0.285714 0.769231
vt 0.285714 0.846154
vt 0.285714 0.923077
vt 0.428571 0.076923
vt 0.428571 0.153846
vt 0.428571 0.230769
vt 0.428571 0.307692
vt 0.428571 0.384615
vt 0.428571 0.461538
vt 0.428571 0.538462
vt 0.428571 0.615385
vt 0.428571 0.692308
vt 0.428571 0.769231
vt 0.428571 0.846154
vt 0.285714 1.000000
vt 0.428571 0.923077
vt 0.571429 0.076923
vt 0.571429 0.153846
vt 0.571429 0.230769
vt 0.571429 0.307692
vt 0.571429 0.384615
vt 0.571429 0.538462
vt 0.571429 0.615385
vt 0.571429 0.692308
vt 0.571429 0.769231
vt 0.571429 0.846154
vt 0.571429 0.923077
vt 0.571429 1.000000
vt 0.428571 1.000000
vt 0.714286 0.076923
vt 0.714286 0.153846
vt 0.714286 0.230769
vt 0.714286 0.307692
vt 0.571429 0.461538
vt 0.714286 0.384615
vt 0.714286 0.538462
vt 0.714286 0.615385
vt 0.714286 0.692308
vt 0.714286 0.769231
vt 0.714286 0.846154
vt 0.714286 0.923077
vt 0.714286 1.000000
vt 0.857143 0.076923
vt 0.857143 0.153846
vt 0.857143 0.230769
vt 0.857143 0.307692
vt 0.857143 0.384615
vt 0.857143 0.461538
vt 0.714286 0.461538
vt 0.857143 0.538462
vt 0.857143 0.615385
vt 0.857143 0.692308
vt 0.857143 0.769231
vt 0.857143 0.846154
vt 0.857143 0.923077
vt 0.857143 1.000000
vt 0.014925 0.000000
vt 0.014925 0.076923
vt 0.014925 0.153846
vt 0.014925 0.230769
vt 0.014925 0.307692
vt 0.014925 0.384615
vt 0.014925 0.538462
vt 0.014925 0.615385
vt 0.014925 0.692308
vt 0.014925 0.769231
vt 0.014925 0.846154
vt 0.014925 0.923077
vt 0.014925 1.000000
vt 0.029851 0.000000
vt 0.029851 0.076923
vt 0.029851 0.153846
vt 0.029851 0.230769
vt 0.029851 0.307692
vt 0.014925 0.461538
vt 0.029851 0.384615
vt 0.029851 0.538462
vt 0.029851 0.615385
vt 0.029851 0.692308
vt 0.029851 0.769231
vt 0.029851 0.846154
vt 0.029851 0.923077
vt 0.029851 1.000000
vt 0.044776 0.000000
vt 0.044776 0.076923
vt 0.044776 0.153846
vt 0.044776 0.230769
vt 0.044776 0.307692
vt 0.029851 0.461538
vt 0.044776 0.384615
vt 0.044776 0.538462
vt 0.044776 0.615385
vt 0.044776 0.692308
vt 0.044776 0.769231
vt 0.044776 0.846154
vt 0.044776 0.923077
vt 0.044776 1.000000
vt 0.059701 0.000000
vt 0.059701 0.076923
vt 0.059701 0.153846
vt 0.059701 0.230769
vt 0.059701 0.307692
vt 0.044776 0.461538
vt 0.059701 0.384615
vt 0.059701 0.538462
vt 0.059701 0.615385
vt 0.059701 0.692308
vt 0.059701 0.769231
vt 0.059701 0.846154
vt 0.059701 0.923077
vt 0.059701 1.000000
vt 0.074627 0.000000
vt 0.074627 0.076923
vt 0.074627 0.153846
vt 0.074627 0.230769
vt 0.074627 0.307692
vt 0.059701 0.461538
vt 0.074627 0.384615
vt 0.074627 0.538462
vt 0.074627 0.615385
vt 0.074627 0.692308
vt 0.074627 0.769231
vt 0.074627 0.846154
vt 0.074627 0.923077
vt 0.074627 1.000000
vt 0.089552 0.000000
vt 0.089552 0.076923
vt 0.089552 0.153846
vt 0.089552 0.230769
vt 0.089552 0.307692
vt 0.074627 0.461538
vt 0.089552 0.384615
vt 0.089552 0.538462
vt 0.089552 0.615385
vt 0.089552 0.692308
vt 0.089552 0.769231
vt 0.089552 0.846154
vt 0.089552 0.923077
vt 0.089552 1.000000
vt 0.104478 0.000000
vt 0.104478 0.076923
vt 0.104478 0.153846
vt 0.104478 0.230769
vt 0.104478 0.307692
vt 0.089552 0.461538
vt 0.104478 0.384615
vt 0.104478 0.538462
vt 0.104478 0.615385
vt 0.104478 0.692308
vt 0.104478 0.769231
vt 0.104478 0.846154
vt 0.104478 0.923077
vt 0.104478 1.000000
vt 0.119403 0.076923
vt 0.119403 0.153846
vt 0.119403 0.230769
vt 0.119403 0.307692
vt 0.119403 0.384615
vt 0.119403 0.461538
vt 0.104478 0.461538
vt 0.119403 0.538462
vt 0.119403 0.615385
vt 0.119403 0.692308
vt 0.119403 0.769231
vt 0.119403 0.846154
vt 0.119403 0.923077
vt 0.134328 0.076923
vt 0.119403 0.000000
vt 0.134328 0.153846
vt 0.134328 0.230769
vt 0.134328 0.307692
vt 0.134328 0.384615
vt 0.134328 0.461538
vt 0.134328 0.538462
vt 0.134328 0.615385
vt 0.134328 0.692308
vt 0.134328 0.769231
vt 0.134328 0.846154
vt 0.119403 1.000000
vt 0.134328 0.923077
vt 0.149254 0.076923
vt 0.134328 0.000000
vt 0.149254 0.153846
vt 0.149254 0.230769
vt 0.149254 0.307692
vt 0.149254 0.384615
vt 0.149254 0.461538
vt 0.149254 0.538462
vt 0.149254 0.615385
vt 0.149254 0.692308
vt 0.149254 0.769231
vt 0.149254 0.846154
vt 0.134328 1.000000
vt 0.149254 0.923077
vt 0.164179 0.076923
vt 0.149254 0.000000
vt 0.164179 0.153846
vt 0.164179 0.230769
vt 0.164179 0.307692
vt 0.164179 0.384615
vt 0.164179 0.461538
vt 0.164179 0.538462
vt 0.164179 0.615385
vt 0.164179 0.692308
vt 0.164179 0.769231
vt 0.164179 0.846154
vt 0.149254 1.000000
vt 0.164179 0.923077
vt 0.179104 0.076923
vt 0.164179 0.000000
vt 0.179104 0.153846
vt 0.179104 0.230769
vt 0.179104 0.307692
vt 0.179104 0.384615
vt 0.179104 0.461538
vt 0.179104 0.538462
vt 0.179104 0.615385
vt 0.179104 0.692308
vt 0.179104 0.769231
vt 0.179104 0.846154
vt 0.164179 1.000000
vt 0.179104 0.923077
vt 0.194030 0.000000
vt 0.179104 0.000000
vt 0.194030 0.076923
vt 0.194030 0.153846
vt 0.194030 0.230769
vt 0.194030 0.307692
vt 0.194030 0.384615
vt 0.194030 0.538462
vt 0.194030 0.615385
vt 0.194030 0.692308
vt 0.194030 0.769231
vt 0.194030 0.846154
vt 0.194030 0.923077
vt 0.194030 1.000000
vt 0.179104 1.000000
vt 0.208955 0.000000
vt 0.208955 0.076923
vt 0.208955 0.153846
vt 0.208955 0.230769
vt 0.208955 0.307692
vt 0.194030 0.461538
vt 0.208955 0.384615
vt 0.208955 0.538462
vt 0.208955 0.615385
vt 0.208955 0.692308
vt 0.208955 0.769231
vt 0.208955 0.846154
vt 0.208955 0.923077
vt 0.208955 1.000000
vt 0.223881 0.000000
vt 0.223881 0.076923
vt 0.223881 0.153846
vt 0.223881 0.230769
vt 0.223881 0.307692
vt 0.208955 0.461538
vt 0.223881 0.384615
vt 0.223881 0.538462
vt 0.223881 0.615385
vt 0.223881 0.692308
vt 0.223881 0.769231
vt 0.223881 0.846154
vt 0.223881 0.923077
vt 0.223881 1.000000
vt 0.238806 0.000000
vt 0.238806 0.076923
vt 0.238806 0.153846
vt 0.238806 0.230769
vt 0.238806 0.307692
vt 0.223881 0.461538
vt 0.238806 0.384615
vt 0.238806 0.538462
vt 0.238806 0.615385
vt 0.238806 0.692308
vt 0.238806 0.769231
vt 0.238806 0.846154
vt 0.238806 0.923077
vt 0.238806 1.000000
vt 0.253731 0.000000
vt 0.253731 0.076923
vt 0.253731 0.153846
vt 0.253731 0.230769
vt 0.253731 0.307692
vt 0.238806 0.461538
vt 0.253731 0.384615
vt 0.253731 0.538462
vt 0.253731 0.615385
vt 0.253731 0.692308
vt 0.253731 0.769231
vt 0.253731 0.846154
vt 0.253731 0.923077
vt 0.253731 1.000000
vt 0.268657 0.076923
vt 0.268657 0.153846
vt 0.268657 0.230769
vt 0.268657 0.307692
vt 0.268657 0.384615
vt 0.268657 0.461538
vt 0.253731 0.461538
vt 0.268657 0.538462
vt 0.268657 0.615385
vt 0.268657 0.692308
vt 0.268657 0.769231
vt 0.268657 0.846154
vt 0.268657 0.923077
vt 0.283582 0.076923
vt 0.268657 0.000000
vt 0.283582 0.153846
vt 0.283582 0.230769
vt 0.283582 0.307692
vt 0.283582 0.384615
vt 0.283582 0.461538
vt 0.283582 0.538462
vt 0.283582 0.615385
vt 0.283582 0.692308
vt 0.283582 0.769231
vt 0.283582 0.846154
vt 0.268657 1.000000
vt 0.283582 0.923077
vt 0.298507 0.076923
vt 0.283582 0.000000
vt 0.298507 0.153846
vt 0.298507 0.230769
vt 0.298507 0.307692
vt 0.298507 0.384615
vt 0.298507 0.461538
vt 0.298507 0.538462
vt 0.298507 0.615385
vt 0.298507 0.692308
vt 0.298507 0.769231
vt 0.298507 0.846154
vt 0.283582 1.000000
vt 0.298507 0.923077
vt 0.313433 0.076923
vt 0.298507 0.000000
vt 0.313433 0.153846
vt 0.313433 0.230769
vt 0.313433 0.307692
vt 0.313433 0.384615
vt 0.313433 0.461538
vt 0.313433 0.538462
vt 0.313433 0.615385
vt 0.313433 0.692308
vt 0.313433 0.769231
vt 0.313433 0.846154
vt 0.298507 1.000000
vt 0.313433 0.923077
vt 0.328358 0.076923
vt 0.313433 0.000000
vt 0.328358 0.153846
vt 0.328358 0.230769
vt 0.328358 0.307692
vt 0.328358 0.384615
vt 0.328358 0.461538
vt 0.328358 0.538462
vt 0.328358 0.615385
vt 0.328358 0.692308
vt 0.328358 0.769231
vt 0.328358 0.846154
vt 0.313433 1.000000
vt 0.328358 0.923077
vt 0.343284 0.076923
vt 0.328358 0.000000
vt 0.343284 0.153846
vt 0.343284 0.230769
vt 0.343284 0.307692
vt 0.343284 0.384615
vt 0.343284 0.538462
vt 0.343284 0.615385
vt 0.343284 0.692308
vt 0.343284 0.769231
vt 0.343284 0.846154
vt 0.343284 0.923077
vt 0.328358 1.000000
vt 0.358209 0.000000
vt 0.343284 0.000000
vt 0.358209 0.153846
vt 0.358209 0.230769
vt 0.358209 0.307692
vt 0.358209 0.384615
vt 0.358209 0.461538
vt 0.343284 0.461538
vt 0.358209 0.538462
vt 0.358209 0.615385
vt 0.358209 0.692308
vt 0.358209 0.769231
vt 0.358209 0.846154
vt 0.358209 1.000000
vt 0.343284 1.000000
vt 0.373134 0.076923
vt 0.358209 0.076923
vt 0.373134 0.153846
vt 0.373134 0.230769
vt 0.373134 0.307692
vt 0.373134 0.384615
vt 0.373134 0.461538
vt 0.373134 0.538462
vt 0.373134 0.615385
vt 0.373134 0.692308
vt 0.373134 0.769231
vt 0.358209 0.923077
vt 0.373134 0.846154
vt 0.373134 0.923077
vt 0.388060 0.076923
vt 0.373134 0.000000
vt 0.388060 0.153846
vt 0.388060 0.230769
vt 0.388060 0.307692
vt 0.388060 0.384615
vt 0.388060 0.461538
vt 0.388060 0.538462
vt 0.388060 0.615385
vt 0.388060 0.692308
vt 0.388060 0.769231
vt 0.388060 0.846154
vt 0.373134 1.000000
vt 0.388060 0.923077
vt 0.402985 0.076923
vt 0.388060 0.000000
vt 0.402985 0.153846
vt 0.402985 0.230769
vt 0.402985 0.307692
vt 0.402985 0.384615
vt 0.402985 0.461538
vt 0.402985 0.538462
vt 0.402985 0.615385
vt 0.402985 0.692308
vt 0.402985 0.769231
vt 0.402985 0.846154
vt 0.388060 1.000000
vt 0.402985 0.923077
vt 0.417910 0.076923
vt 0.402985 0.000000
vt 0.417910 0.153846
vt 0.417910 0.230769
vt 0.417910 0.307692
vt 0.417910 0.384615
vt 0.417910 0.461538
vt 0.417910 0.538462
vt 0.417910 0.615385
vt 0.417910 0.692308
vt 0.417910 0.769231
vt 0.417910 0.846154
vt 0.402985 1.000000
vt 0.417910 0.923077
vt 0.432836 0.076923
vt 0.417910 0.000000
vt 0.432836 0.153846
vt 0.432836 0.230769
vt 0.432836 0.307692
vt 0.432836 0.384615
vt 0.432836 0.461538
vt 0.432836 0.538462
vt 0.432836 0.615385
vt 0.432836 0.692308
vt 0.432836 0.769231
vt 0.432836 0.846154
vt 0.417910 1.000000
vt 0.432836 0.923077
vt 0.447761 0.076923
vt 0.432836 0.000000
vt 0.447761 0.153846
vt 0.447761 0.230769
vt 0.447761 0.307692
vt 0.447761 0.384615
vt 0.447761 0.461538
vt 0.447761 0.538462
vt 0.447761 0.615385
vt 0.447761 0.692308
vt 0.447761 0.769231
vt 0.447761 0.846154
vt 0.432836 1.000000
vt 0.447761 0.923077
vt 0.462687 0.076923
vt 0.447761 0.000000
vt 0.462687 0.153846
vt 0.462687 0.230769
vt 0.462687 0.307692
vt 0.462687 0.384615
vt 0.462687 0.461538
vt 0.462687 0.538462
vt 0.462687 0.615385
vt 0.462687 0.692308
vt 0.462687 0.769231
vt 0.462687 0.846154
vt 0.447761 1.000000
vt 0.462687 0.923077
vt 0.477612 0.076923
vt 0.462687 0.000000
vt 0.477612 0.153846
vt 0.477612 0.230769
vt 0.477612 0.307692
vt 0.477612 0.384615
vt 0.477612 0.461538
vt 0.477612 0.538462
vt 0.477612 0.615385
vt 0.477612 0.692308
vt 0.477612 0.769231
vt 0.477612 0.846154
vt 0.462687 1.000000
vt 0.477612 0.923077
vt 0.492537 0.076923
vt 0.477612 0.000000
vt 0.492537 0.153846
vt 0.492537 0.230769
vt 0.492537 0.307692
vt 0.492537 0.384615
vt 0.492537 0.461538
vt 0.492537 0.538462
vt 0.492537 0.615385
vt 0.492537 0.692308
vt 0.492537 0.769231
vt 0.492537 0.846154
vt 0.477612 1.000000
vt 0.492537 0.923077
vt 0.507463 0.076923
vt 0.492537 0.000000
vt 0.507463 0.153846
vt 0.507463 0.230769
vt 0.507463 0.307692
vt 0.507463 0.384615
vt 0.507463 0.461538
vt 0.507463 0.538462
vt 0.507463 0.615385
vt 0.507463 0.692308
vt 0.507463 0.769231
vt 0.507463 0.846154
vt 0.492537 1.000000
vt 0.507463 0.923077
vt 0.522388 0.076923
vt 0.507463 0.000000
vt 0.522388 0.153846
vt 0.522388 0.230769
vt 0.522388 0.307692
vt 0.522388 0.384615
vt 0.522388 0.461538
vt 0.522388 0.538462
vt 0.522388 0.615385
vt 0.522388 0.692308
vt 0.522388 0.769231
vt 0.522388 0.846154
vt 0.507463 1.000000
vt 0.522388 0.923077
vt 0.537313 0.076923
vt 0.522388 0.000000
vt 0.537313 0.153846
vt 0.537313 0.230769
vt 0.537313 0.307692
vt 0.537313 0.384615
vt 0.537313 0.461538
vt 0.537313 0.538462
vt 0.537313 0.615385
vt 0.537313 0.692308
vt 0.537313 0.769231
vt 0.537313 0.846154
vt 0.522388 1.000000
vt 0.537313 0.923077
vt 0.552239 0.076923
vt 0.537313 0.000000
vt 0.552239 0.153846
vt 0.552239 0.230769
vt 0.552239 0.307692
vt 0.552239 0.384615
vt 0.552239 0.461538
vt 0.552239 0.538462
vt 0.552239 0.615385
vt 0.552239 0.692308
vt 0.552239 0.769231
vt 0.552239 0.846154
vt 0.537313 1.000000
vt 0.552239 0.923077
vt 0.567164 0.076923
vt 0.552239 0.000000
vt 0.567164 0.153846
vt 0.567164 0.230769
vt 0.567164 0.307692
vt 0.567164 0.384615
vt 0.567164 0.461538
vt 0.567164 0.538462
vt 0.567164 0.615385
vt 0.567164 0.692308
vt 0.567164 0.769231
vt 0.567164 0.846154
vt 0.552239 1.000000
vt 0.567164 0.923077
vt 0.582090 0.000000
vt 0.567164 0.000000
vt 0.582090 0.076923
vt 0.582090 0.153846
vt 0.582090 0.230769
vt 0.582090 0.307692
vt 0.582090 0.384615
vt 0.582090 0.538462
vt 0.582090 0.615385
vt 0.582090 0.692308
vt 0.582090 0.769231
vt 0.582090 0.846154
vt 0.582090 0.923077
vt 0.582090 1.000000
vt 0.567164 1.000000
vt 0.597015 0.000000
vt 0.597015 0.076923
vt 0.597015 0.153846
vt 0.597015 0.230769
vt 0.597015 0.307692
vt 0.582090 0.461538
vt 0.597015 0.384615
vt 0.597015 0.538462
vt 0.597015 0.615385
vt 0.597015 0.692308
vt 0.597015 0.769231
vt 0.597015 0.846154
vt 0.597015 0.923077
vt 0.597015 1.000000
vt 0.611940 0.000000
vt 0.611940 0.076923
vt 0.611940 0.153846
vt 0.611940 0.230769
vt 0.611940 0.307692
vt 0.597015 0.461538
vt 0.611940 0.384615
vt 0.611940 0.538462
vt 0.611940 0.615385
vt 0.611940 0.692308
vt 0.611940 0.769231
vt 0.611940 0.846154
vt 0.611940 0.923077
vt 0.611940 1.000000
vt 0.626866 0.000000
vt 0.626866 0.076923
vt 0.626866 0.153846
vt 0.626866 0.230769
vt 0.626866 0.307692
vt 0.611940 0.461538
vt 0.626866 0.384615
vt 0.626866 0.538462
vt 0.626866 0.615385
vt 0.626866 0.692308
vt 0.626866 0.769231
vt 0.626866 0.846154
vt 0.626866 0.923077
vt 0.626866 1.000000
vt 0.641791 0.000000
vt 0.641791 0.076923
vt 0.641791 0.153846
vt 0.641791 0.230769
vt 0.641791 0.307692
vt 0.626866 0.461538
vt 0.641791 0.384615
vt 0.641791 0.538462
vt 0.641791 0.615385
vt 0.641791 0.692308
vt 0.641791 0.769231
vt 0.641791 0.846154
vt 0.641791 0.923077
vt 0.641791 1.000000
vt 0.656716 0.000000
vt 0.656716 0.076923
vt 0.656716 0.153846
vt 0.656716 0.230769
vt 0.656716 0.307692
vt 0.641791 0.461538
vt 0.656716 0.384615
vt 0.656716 0.538462
vt 0.656716 0.615385
vt 0.656716 0.692308
vt 0.656716 0.769231
vt 0.656716 0.846154
vt 0.656716 0.923077
vt 0.656716 1.000000
vt 0.671642 0.000000
vt 0.671642 0.076923
vt 0.671642 0.153846
vt 0.671642 0.230769
vt 0.671642 0.307692
vt 0.656716 0.461538
vt 0.671642 0.384615
vt 0.671642 0.538462
vt 0.671642 0.615385
vt 0.671642 0.692308
vt 0.671642 0.769231
vt 0.671642 0.846154
vt 0.671642 0.923077
vt 0.671642 1.000000
vt 0.686567 0.000000
vt 0.686567 0.076923
vt 0.686567 0.153846
vt 0.686567 0.230769
vt 0.686567 0.307692
vt 0.671642 0.461538
vt 0.686567 0.384615
vt 0.686567 0.538462
vt 0.686567 0.615385
vt 0.686567 0.692308
vt 0.686567 0.769231
vt 0.686567 0.846154
vt 0.686567 0.923077
vt 0.686567 1.000000
vt 0.701493 0.000000
vt 0.701493 0.076923
vt 0.701493 0.153846
vt 0.701493 0.230769
vt 0.701493 0.307692
vt 0.686567 0.461538
vt 0.701493 0.384615
vt 0.701493 0.538462
vt 0.701493 0.615385
vt 0.701493 0.692308
vt 0.701493 0.769231
vt 0.701493 0.846154
vt 0.701493 0.923077
vt 0.701493 1.000000
vt 0.716418 0.076923
vt 0.716418 0.153846
vt 0.716418 0.230769
vt 0.716418 0.307692
vt 0.716418 0.384615
vt 0.716418 0.461538
vt 0.701493 0.461538
vt 0.716418 0.538462
vt 0.716418 0.615385
vt 0.716418 0.692308
vt 0.716418 0.769231
vt 0.716418 0.846154
vt 0.716418 0.923077
vt 0.731343 0.076923
vt 0.716418 0.000000
vt 0.731343 0.153846
vt 0.731343 0.230769
vt 0.731343 0.307692
vt 0.731343 0.384615
vt 0.731343 0.461538
vt 0.731343 0.538462
vt 0.731343 0.615385
vt 0.731343 0.692308
vt 0.731343 0.769231
vt 0.731343 0.846154
vt 0.716418 1.000000
vt 0.731343 0.923077
vt 0.746269 0.076923
vt 0.731343 0.000000
vt 0.746269 0.153846
vt 0.746269 0.230769
vt 0.746269 0.307692
vt 0.746269 0.384615
vt 0.746269 0.461538
vt 0.746269 0.538462
vt 0.746269 0.615385
vt 0.746269 0.692308
vt 0.746269 0.769231
vt 0.746269 0.846154
vt 0.731343 1.000000
vt 0.746269 0.923077
vt 0.761194 0.076923
vt 0.746269 0.000000
vt 0.761194 0.153846
vt 0.761194 0.230769
vt 0.761194 0.307692
vt 0.761194 0.384615
vt 0.761194 0.461538
vt 0.761194 0.538462
vt 0.761194 0.615385
vt 0.761194 0.692308
vt 0.761194 0.769231
vt 0.761194 0.846154
vt 0.746269 1.000000
vt 0.761194 0.923077
vt 0.776119 0.076923
vt 0.761194 0.000000
vt 0.776119 0.153846
vt 0.776119 0.230769
vt 0.776119 0.307692
vt 0.776119 0.384615
vt 0.776119 0.461538
vt 0.776119 0.538462
vt 0.776119 0.615385
vt 0.776119 0.692308
vt 0.776119 0.769231
vt 0.776119 0.846154
vt 0.761194 1.000000
vt 0.776119 0.923077
vt 0.791045 0.076923
vt 0.776119 0.000000
vt 0.791045 0.153846
vt 0.791045 0.230769
vt 0.791045 0.307692
vt 0.791045 0.384615
vt 0.791045 0.461538
vt 0.791045 0.538462
vt 0.791045 0.615385
vt 0.791045 0.692308
vt 0.791045 0.769231
vt 0.791045 0.846154
vt 0.776119 1.000000
vt 0.791045 0.923077
vt 0.805970 0.076923
vt 0.791045 0.000000
vt 0.805970 0.153846
vt 0.805970 0.230769
vt 0.805970 0.307692
vt 0.805970 0.384615
vt 0.805970 0.461538
vt 0.805970 0.538462
vt 0.805970 0.615385
vt 0.805970 0.692308
vt 0.805970 0.769231
vt 0.805970 0.846154
vt 0.791045 1.000000
vt 0.805970 0.923077
vt 0.820895 0.076923
vt 0.805970 0.000000
vt 0.820895 0.153846
vt 0.820895 0.230769
vt 0.820895 0.307692
vt 0.820895 0.384615
vt 0.820895 0.461538
vt 0.820895 0.538462
vt 0.820895 0.615385
vt 0.820895 0.692308
vt 0.820895 0.769231
vt 0.820895 0.846154
vt 0.805970 1.000000
vt 0.820895 0.923077
vt 0.835821 0.076923
vt 0.820895 0.000000
vt 0.835821 0.153846
vt 0.835821 0.230769
vt 0.835821 0.307692
vt 0.835821 0.384615
vt 0.835821 0.461538
vt 0.835821 0.538462
vt 0.835821 0.615385
vt 0.835821 0.692308
vt 0.835821 0.769231
vt 0.835821 0.846154
vt 0.820895 1.000000
vt 0.835821 0.923077
vt 0.850746 0.076923
vt 0.835821 0.000000
vt 0.850746 0.153846
vt 0.850746 0.230769
vt 0.850746 0.307692
vt 0.850746 0.384615
vt 0.850746 0.461538
vt 0.850746 0.538462
vt 0.850746 0.615385
vt 0.850746 0.692308
vt 0.850746 0.769231
vt 0.850746 0.846154
vt 0.835821 1.000000
vt 0.850746 0.923077
vt 0.865672 0.000000
vt 0.850746 0.000000
vt 0.865672 0.076923
vt 0.865672 0.153846
vt 0.865672 0.230769
vt 0.865672 0.307692
vt 0.865672 0.384615
vt 0.865672 0.538462
vt 0.865672 0.615385
vt 0.865672 0.692308
vt 0.865672 0.769231
vt 0.865672 0.846154
vt 0.865672 0.923077
vt 0.865672 1.000000
vt 0.850746 1.000000
vt 0.880597 0.000000
vt 0.880597 0.076923
vt 0.880597 0.153846
vt 0.880597 0.230769
vt 0.880597 0.307692
vt 0.865672 0.461538
vt 0.880597 0.384615
vt 0.880597 0.538462
vt 0.880597 0.615385
vt 0.880597 0.692308
vt 0.880597 0.769231
vt 0.880597 0.846154
vt 0.880597 0.923077
vt 0.880597 1.000000
vt 0.895522 0.000000
vt 0.895522 0.076923
vt 0.895522 0.153846
vt 0.895522 0.230769
vt 0.895522 0.307692
vt 0.880597 0.461538
vt 0.895522 0.384615
vt 0.895522 0.538462
vt 0.895522 0.615385
vt 0.895522 0.692308
vt 0.895522 0.769231
vt 0.895522 0.846154
vt 0.895522 0.923077
vt 0.895522 1.000000
vt 0.910448 0.000000
vt 0.910448 0.076923
vt 0.910448 0.153846
vt 0.910448 0.230769
vt 0.910448 0.307692
vt 0.895522 0.461538
vt 0.910448 0.384615
vt 0.910448 0.538462
vt 0.910448 0.615385
vt 0.910448 0.692308
vt 0.910448 0.769231
vt 0.910448 0.846154
vt 0.910448 0.923077
vt 0.910448 1.000000
vt 0.925373 0.076923
vt 0.925373 0.153846
vt 0.925373 0.230769
vt 0.925373 0.307692
vt 0.925373 0.384615
vt 0.925373 0.461538
vt 0.910448 0.461538
vt 0.925373 0.538462
vt 0.925373 0.615385
vt 0.925373 0.692308
vt 0.925373 0.769231
vt 0.925373 0.846154
vt 0.925373 0.923077
vt 0.940298 0.000000
vt 0.925373 0.000000
vt 0.940298 0.076923
vt 0.940298 0.153846
vt 0.940298 0.230769
vt 0.940298 0.307692
vt 0.940298 0.384615
vt 0.940298 0.538462
vt 0.940298 0.615385
vt 0.940298 0.692308
vt 0.940298 0.769231
vt 0.940298 0.846154
vt 0.940298 0.923077
vt 0.940298 1.000000
vt 0.925373 1.000000
vt 0.955224 0.076923
vt 0.955224 0.153846
vt 0.955224 0.230769
vt 0.955224 0.307692
vt 0.955224 0.384615
vt 0.955224 0.461538
vt 0.940298 0.461538
vt 0.955224 0.538462
vt 0.955224 0.615385
vt 0.955224 0.692308
vt 0.955224 0.769231
vt 0.955224 0.846154
vt 0.955224 0.923077
vt 0.955224 1.000000
vt 0.970149 0.076923
vt 0.955224 0.000000
vt 0.970149 0.153846
vt 0.970149 0.230769
vt 0.970149 0.307692
vt 0.970149 0.384615
vt 0.970149 0.461538
vt 0.970149 0.538462
vt 0.970149 0.615385
vt 0.970149 0.692308
vt 0.970149 0.769231
vt 0.970149 0.846154
vt 0.970149 0.923077
vt 0.970149 1.000000
vt 0.985075 0.076923
vt 0.970149 0.000000
vt 0.985075 0.153846
vt 0.985075 0.230769
vt 0.985075 0.307692
vt 0.985075 0.384615
vt 0.985075 0.461538
vt 0.985075 0.538462
vt 0.985075 0.615385
vt 0.985075 0.692308
vt 0.985075 0.769231
vt 0.985075 0.846154
vt 0.985075 0.923077
vt 0.985075 0.000000
vt 0.985075 1.000000
vt 0.037037 0.076923
vt 0.037037 0.153846
vt 0.037037 0.230769
vt 0.037037 0.307692
vt 0.037037 0.384615
vt 0.037037 0.461538
vt 0.037037 0.538462
vt 0.037037 0.615385
vt 0.037037 0.692308
vt 0.037037 0.769231
vt 0.037037 0.846154
vt 0.037037 0.923077
vt 0.074074 0.076923
vt 0.037037 0.000000
vt 0.074074 0.153846
vt 0.074074 0.230769
vt 0.074074 0.307692
vt 0.074074 0.384615
vt 0.074074 0.461538
vt 0.074074 0.538462
vt 0.074074 0.615385
vt 0.074074 0.692308
vt 0.074074 0.769231
vt 0.074074 0.846154
vt 0.037037 1.000000
vt 0.074074 0.923077
vt 0.111111 0.076923
vt 0.074074 0.000000
vt 0.111111 0.153846
vt 0.111111 0.230769
vt 0.111111 0.307692
vt 0.111111 0.384615
vt 0.111111 0.461538
vt 0.111111 0.538462
vt 0.111111 0.615385
vt 0.111111 0.692308
vt 0.111111 0.769231
vt 0.111111 0.846154
vt 0.074074 1.000000
vt 0.111111 0.923077
vt 0.148148 0.076923
vt 0.111111 0.000000
vt 0.148148 0.153846
vt 0.148148 0.230769
vt 0.148148 0.307692
vt 0.148148 0.384615
vt 0.148148 0.461538
vt 0.148148 0.538462
vt 0.148148 0.615385
vt 0.148148 0.692308
vt 0.148148 0.769231
vt 0.148148 0.846154
vt 0.111111 1.000000
vt 0.148148 0.923077
vt 0.185185 0.076923
vt 0.148148 0.000000
vt 0.185185 0.153846
vt 0.185185 0.230769
vt 0.185185 0.307692
vt 0.185185 0.384615
vt 0.185185 0.461538
vt 0.185185 0.538462
vt 0.185185 0.615385
vt 0.185185 0.692308
vt 0.185185 0.769231
vt 0.185185 0.846154
vt 0.148148 1.000000
vt 0.185185 0.923077
vt 0.222222 0.076923
vt 0.185185 0.000000
vt 0.222222 0.153846
vt 0.222222 0.230769
vt 0.222222 0.307692
vt 0.222222 0.384615
vt 0.222222 0.461538
vt 0.222222 0.538462
vt 0.222222 0.615385
vt 0.222222 0.692308
vt 0.222222 0.769231
vt 0.222222 0.846154
vt 0.185185 1.000000
vt 0.222222 0.923077
vt 0.259259 0.000000
vt 0.222222 0.000000
vt 0.259259 0.076923
vt 0.259259 0.153846
vt 0.259259 0.230769
vt 0.259259 0.307692
vt 0.259259 0.384615
vt 0.259259 0.538462
vt 0.259259 0.615385
vt 0.259259 0.692308
vt 0.259259 0.769231
vt 0.259259 0.846154
vt 0.259259 0.923077
vt 0.259259 1.000000
vt 0.222222 1.000000
vt 0.296296 0.000000
vt 0.296296 0.076923
vt 0.296296 0.153846
vt 0.296296 0.230769
vt 0.296296 0.307692
vt 0.259259 0.461538
vt 0.296296 0.384615
vt 0.296296 0.538462
vt 0.296296 0.615385
vt 0.296296 0.692308
vt 0.296296 0.769231
vt 0.296296 0.846154
vt 0.296296 0.923077
vt 0.296296 1.000000
vt 0.296296 0.461538
vt 0.370370 0.000000
vt 0.370370 0.076923
vt 0.370370 0.153846
vt 0.370370 0.230769
vt 0.370370 0.307692
vt 0.370370 0.384615
vt 0.370370 0.538462
vt 0.370370 0.615385
vt 0.370370 0.692308
vt 0.370370 0.769231
vt 0.370370 0.846154
vt 0.370370 0.923077
vt 0.370370 1.000000
vt 0.407407 0.000000
vt 0.407407 0.076923
vt 0.407407 0.153846
vt 0.407407 0.230769
vt 0.407407 0.307692
vt 0.370370 0.461538
vt 0.407407 0.384615
vt 0.407407 0.538462
vt 0.407407 0.615385
vt 0.407407 0.692308
vt 0.407407 0.769231
vt 0.407407 0.846154
vt 0.407407 0.923077
vt 0.407407 1.000000
vt 0.444444 0.000000
vt 0.444444 0.076923
vt 0.444444 0.153846
vt 0.444444 0.230769
vt 0.444444 0.307692
vt 0.407407 0.461538
vt 0.444444 0.384615
vt 0.444444 0.538462
vt 0.444444 0.615385
vt 0.444444 0.692308
vt 0.444444 0.769231
vt 0.444444 0.846154
vt 0.444444 0.923077
vt 0.444444 1.000000
vt 0.481481 0.076923
vt 0.481481 0.153846
vt 0.481481 0.230769
vt 0.481481 0.307692
vt 0.481481 0.384615
vt 0.481481 0.461538
vt 0.444444 0.461538
vt 0.481481 0.538462
vt 0.481481 0.615385
vt 0.481481 0.692308
vt 0.481481 0.769231
vt 0.481481 0.846154
vt 0.481481 0.923077
vt 0.518519 0.076923
vt 0.481481 0.000000
vt 0.518519 0.153846
vt 0.518519 0.230769
vt 0.518519 0.307692
vt 0.518519 0.384615
vt 0.518519 0.461538
vt 0.518519 0.538462
vt 0.518519 0.615385
vt 0.518519 0.692308
vt 0.518519 0.769231
vt 0.518519 0.846154
vt 0.481481 1.000000
vt 0.518519 0.923077
vt 0.555556 0.076923
vt 0.518519 0.000000
vt 0.555556 0.153846
vt 0.555556 0.230769
vt 0.555556 0.307692
vt 0.555556 0.384615
vt 0.555556 0.461538
vt 0.555556 0.538462
vt 0.555556 0.615385
vt 0.555556 0.692308
vt 0.555556 0.769231
vt 0.555556 0.846154
vt 0.518519 1.000000
vt 0.555556 0.923077
vt 0.592593 0.076923
vt 0.555556 0.000000
vt 0.592593 0.153846
vt 0.592593 0.230769
vt 0.592593 0.307692
vt 0.592593 0.384615
vt 0.592593 0.461538
vt 0.592593 0.538462
vt 0.592593 0.615385
vt 0.592593 0.692308
vt 0.592593 0.769231
vt 0.592593 0.846154
vt 0.555556 1.000000
vt 0.592593 0.923077
vt 0.629630 0.076923
vt 0.592593 0.000000
vt 0.629630 0.153846
vt 0.629630 0.230769
vt 0.629630 0.307692
vt 0.629630 0.384615
vt 0.629630 0.461538
vt 0.629630 0.538462
vt 0.629630 0.615385
vt 0.629630 0.692308
vt 0.629630 0.769231
vt 0.629630 0.846154
vt 0.592593 1.000000
vt 0.629630 0.923077
vt 0.629630 0.000000
vt 0.629630 1.000000
vt 0.703704 0.000000
vt 0.703704 0.076923
vt 0.703704 0.153846
vt 0.703704 0.230769
vt 0.703704 0.307692
vt 0.703704 0.384615
vt 0.703704 0.538462
vt 0.703704 0.615385
vt 0.703704 0.692308
vt 0.703704 0.769231
vt 0.703704 0.846154
vt 0.703704 0.923077
vt 0.703704 1.000000
vt 0.740741 0.000000
vt 0.740741 0.076923
vt 0.740741 0.153846
vt 0.740741 0.230769
vt 0.740741 0.307692
vt 0.703704 0.461538
vt 0.740741 0.384615
vt 0.740741 0.538462
vt 0.740741 0.615385
vt 0.740741 0.692308
vt 0.740741 0.769231
vt 0.740741 0.846154
vt 0.740741 0.923077
vt 0.740741 1.000000
vt 0.777778 0.000000
vt 0.777778 0.076923
vt 0.777778 0.153846
vt 0.777778 0.230769
vt 0.777778 0.307692
vt 0.740741 0.461538
vt 0.777778 0.384615
vt 0.777778 0.538462
vt 0.777778 0.615385
vt 0.777778 0.692308
vt 0.777778 0.769231
vt 0.777778 0.846154
vt 0.777778 0.923077
vt 0.777778 1.000000
vt 0.814815 0.000000
vt 0.814815 0.076923
vt 0.814815 0.153846
vt 0.814815 0.230769
vt 0.814815 0.307692
vt 0.777778 0.461538
vt 0.814815 0.384615
vt 0.814815 0.538462
vt 0.814815 0.615385
vt 0.814815 0.692308
vt 0.814815 0.769231
vt 0.814815 0.846154
vt 0.814815 0.923077
vt 0.814815 1.000000
vt 0.851852 0.000000
vt 0.851852 0.076923
vt 0.851852 0.153846
vt 0.851852 0.230769
vt 0.851852 0.307692
vt 0.814815 0.461538
vt 0.851852 0.384615
vt 0.851852 0.538462
vt 0.851852 0.615385
vt 0.851852 0.692308
vt 0.851852 0.769231
vt 0.851852 0.846154
vt 0.851852 0.923077
vt 0.851852 1.000000
vt 0.888889 0.000000
vt 0.888889 0.076923
vt 0.888889 0.153846
vt 0.888889 0.230769
vt 0.888889 0.307692
vt 0.851852 0.461538
vt 0.888889 0.384615
vt 0.888889 0.538462
vt 0.888889 0.615385
vt 0.888889 0.692308
vt 0.888889 0.769231
vt 0.888889 0.846154
vt 0.888889 0.923077
vt 0.888889 1.000000
vt 0.925926 0.076923
vt 0.925926 0.153846
vt 0.925926 0.230769
vt 0.925926 0.307692
vt 0.925926 0.384615
vt 0.925926 0.461538
vt 0.888889 0.461538
vt 0.925926 0.538462
vt 0.925926 0.615385
vt 0.925926 0.692308
vt 0.925926 0.769231
vt 0.925926 0.846154
vt 0.925926 0.923077
vt 0.962963 0.076923
vt 0.925926 0.000000
vt 0.962963 0.153846
vt 0.962963 0.230769
vt 0.962963 0.384615
vt 0.962963 0.461538
vt 0.962963 0.538462
vt 0.962963 0.615385
vt 0.962963 0.769231
vt 0.962963 0.923077
vt 0.962963 1.000000
vt 0.925926 1.000000
vt 0.962963 0.000000
vt 0.962963 0.307692
vt 0.962963 0.692308
vt 0.962963 0.846154
s 0
usemtl マテリアル
f 65/1/1 93/2/1 66/3/1
f 93/2/1 67/4/1 66/3/1
f 93/2/1 1/5/1 67/4/1
f 93/2/1 2/6/1 1/5/1
f 93/2/1 3/7/1 2/6/1
f 93/2/1 4/8/1 3/7/1
f 93/2/1 5/9/1 4/8/1
f 93/2/1 6/10/1 5/9/1
f 93/2/1 7/11/1 6/10/1
f 93/2/1 92/12/1 7/11/1
f 92/12/1 8/13/1 7/11/1
f 65/1/1 94/14/1 93/2/1
f 91/15/1 8/13/1 92/12/1
f 90/16/1 8/13/1 91/15/1
f 89/17/1 8/13/1 90/16/1
f 89/17/1 9/18/1 8/13/1
f 88/19/1 9/18/1 89/17/1
f 87/20/1 9/18/1 88/19/1
f 86/21/1 9/18/1 87/20/1
f 86/21/1 10/22/1 9/18/1
f 85/23/1 10/22/1 86/21/1
f 84/24/1 10/22/1 85/23/1
f 83/25/1 10/22/1 84/24/1
f 83/25/1 11/26/1 10/22/1
f 82/27/1 11/26/1 83/25/1
f 81/28/1 11/26/1 82/27/1
f 81/28/1 12/29/1 11/26/1
f 80/30/1 12/29/1 81/28/1
f 79/31/1 12/29/1 80/30/1
f 79/31/1 13/32/1 12/29/1
f 78/33/1 13/32/1 79/31/1
f 78/33/1 14/34/1 13/32/1
f 77/35/1 14/34/1 78/33/1
f 76/36/1 14/34/1 77/35/1
f 76/36/1 15/37/1 14/34/1
f 75/38/1 15/37/1 76/36/1
f 75/38/1 16/39/1 15/37/1
f 74/40/1 16/39/1 75/38/1
f 74/40/1 17/41/1 16/39/1
f 73/42/1 17/41/1 74/40/1
f 72/43/1 17/41/1 73/42/1
f 72/43/1 18/44/1 17/41/1
f 71/45/1 18/44/1 72/43/1
f 70/46/1 18/44/1 71/45/1
f 70/46/1 19/47/1 18/44/1
f 69/48/1 19/47/1 70/46/1
f 68/49/1 19/47/1 69/48/1
f 65/1/1 63/50/1 94/14/1
f 63/50/1 68/49/1 94/14/1
f 63/50/1 19/47/1 68/49/1
f 63/50/1 20/51/1 19/47/1
f 63/50/1 21/52/1 20/51/1
f 63/50/1 22/53/1 21/52/1
f 63/50/1 23/54/1 22/53/1
f 63/50/1 24/55/1 23/54/1
f 63/50/1 25/56/1 24/55/1
f 63/50/1 26/57/1 25/56/1
f 63/50/1 62/58/1 26/57/1
f 62/58/1 61/59/1 26/57/1
f 61/59/1 27/60/1 26/57/1
f 65/1/1 64/61/1 63/50/1
f 60/62/1 27/60/1 61/59/1
f 59/63/1 27/60/1 60/62/1
f 58/64/1 27/60/1 59/63/1
f 58/64/1 28/65/1 27/60/1
f 57/66/1 28/65/1 58/64/1
f 56/67/1 28/65/1 57/66/1
f 56/67/1 29/68/1 28/65/1
f 55/69/1 29/68/1 56/67/1
f 55/69/1 30/70/1 29/68/1
f 54/71/1 30/70/1 55/69/1
f 54/71/1 31/72/1 30/70/1
f 53/73/1 31/72/1 54/71/1
f 53/73/1 32/74/1 31/72/1
f 52/75/1 32/74/1 53/73/1
f 52/75/1 33/76/1 32/74/1
f 51/77/1 33/76/1 52/75/1
f 51/77/1 34/78/1 33/76/1
f 51/77/1 35/79/1 34/78/1
f 50/80/1 35/79/1 51/77/1
f 50/80/1 36/81/1 35/79/1
f 49/82/1 36/81/1 50/80/1
f 49/82/1 37/83/1 36/81/1
f 49/82/1 38/84/1 37/83/1
f 49/82/1 39/85/1 38/84/1
f 49/82/1 40/86/1 39/85/1
f 49/82/1 41/87/1 40/86/1
f 49/82/1 42/88/1 41/87/1
f 49/82/1 43/89/1 42/88/1
f 49/82/1 44/90/1 43/89/1
f 49/82/1 45/91/1 44/90/1
f 49/82/1 46/92/1 45/91/1
f 49/82/1 47/93/1 46/92/1
f 49/82/1 48/94/1 47/93/1
f 103/95/1 95/5/1 104/96/1
f 95/5/1 105/97/1 104/96/1
f 95/5/1 106/14/1 105/97/1
f 103/95/1 96/98/1 95/5/1
f 103/95/1 99/99/1 96/98/1
f 99/99/1 97/100/1 96/98/1
f 99/99/1 98/101/1 97/100/1
f 103/95/1 100/102/1 99/99/1
f 103/95/1 101/103/1 100/102/1
f 103/95/1 102/104/1 101/103/1
f 107/5/1 109/74/1 108/105/1
f 107/5/1 110/106/1 109/74/1
f 110/106/1 112/107/1 111/50/1
f 110/106/1 113/14/1 112/107/1
f 107/5/1 113/14/1 110/106/1
f 160/108/1 114/5/1 161/109/1
f 160/108/1 115/110/1 114/5/1
f 159/111/1 115/110/1 160/108/1
f 159/111/1 116/112/1 115/110/1
f 158/113/1 116/112/1 159/111/1
f 158/113/1 117/114/1 116/112/1
f 157/115/1 117/114/1 158/113/1
f 157/115/1 118/116/1 117/114/1
f 156/117/1 118/116/1 157/115/1
f 156/117/1 119/118/1 118/116/1
f 155/119/1 185/120/1 156/117/1
f 185/120/1 119/118/1 156/117/1
f 155/119/1 186/121/1 185/120/1
f 184/122/1 119/118/1 185/120/1
f 183/123/1 119/118/1 184/122/1
f 155/119/1 187/124/1 186/121/1
f 182/125/1 119/118/1 183/123/1
f 155/119/1 188/126/1 187/124/1
f 182/125/1 120/127/1 119/118/1
f 154/128/1 188/126/1 155/119/1
f 181/129/1 120/127/1 182/125/1
f 154/128/1 189/130/1 188/126/1
f 180/131/1 120/127/1 181/129/1
f 154/128/1 190/132/1 189/130/1
f 180/131/1 121/133/1 120/127/1
f 153/134/1 190/132/1 154/128/1
f 179/135/1 121/133/1 180/131/1
f 153/134/1 191/136/1 190/132/1
f 178/137/1 121/133/1 179/135/1
f 153/134/1 192/138/1 191/136/1
f 178/137/1 122/139/1 121/133/1
f 152/140/1 192/138/1 153/134/1
f 177/141/1 122/139/1 178/137/1
f 152/140/1 193/142/1 192/138/1
f 177/141/1 123/143/1 122/139/1
f 151/144/1 193/142/1 152/140/1
f 176/145/1 123/143/1 177/141/1
f 151/144/1 194/146/1 193/142/1
f 175/147/1 123/143/1 176/145/1
f 151/144/1 195/148/1 194/146/1
f 175/147/1 124/149/1 123/143/1
f 150/150/1 195/148/1 151/144/1
f 174/151/1 124/149/1 175/147/1
f 150/150/1 196/152/1 195/148/1
f 174/151/1 125/153/1 124/149/1
f 149/154/1 196/152/1 150/150/1
f 173/155/1 125/153/1 174/151/1
f 149/154/1 197/156/1 196/152/1
f 148/157/1 197/156/1 149/154/1
f 148/157/1 198/158/1 197/156/1
f 172/159/1 125/153/1 173/155/1
f 172/159/1 126/160/1 125/153/1
f 148/157/1 199/161/1 198/158/1
f 171/162/1 126/160/1 172/159/1
f 171/162/1 127/163/1 126/160/1
f 147/164/1 199/161/1 148/157/1
f 147/164/1 200/165/1 199/161/1
f 170/166/1 127/163/1 171/162/1
f 170/166/1 128/167/1 127/163/1
f 146/168/1 200/165/1 147/164/1
f 169/169/1 128/167/1 170/166/1
f 146/168/1 201/170/1 200/165/1
f 169/169/1 129/171/1 128/167/1
f 145/172/1 201/170/1 146/168/1
f 168/173/1 129/171/1 169/169/1
f 145/172/1 202/174/1 201/170/1
f 167/175/1 129/171/1 168/173/1
f 145/172/1 203/176/1 202/174/1
f 167/175/1 130/177/1 129/171/1
f 144/178/1 203/176/1 145/172/1
f 166/179/1 130/177/1 167/175/1
f 144/178/1 204/180/1 203/176/1
f 165/181/1 130/177/1 166/179/1
f 144/178/1 205/182/1 204/180/1
f 165/181/1 131/183/1 130/177/1
f 143/184/1 205/182/1 144/178/1
f 164/185/1 131/183/1 165/181/1
f 143/184/1 206/186/1 205/182/1
f 163/187/1 131/183/1 164/185/1
f 143/184/1 207/188/1 206/186/1
f 163/187/1 132/189/1 131/183/1
f 142/190/1 207/188/1 143/184/1
f 162/191/1 132/189/1 163/187/1
f 142/190/1 208/192/1 207/188/1
f 209/14/1 132/189/1 162/191/1
f 142/190/1 209/14/1 208/192/1
f 142/190/1 132/189/1 209/14/1
f 142/190/1 133/193/1 132/189/1
f 141/194/1 133/193/1 142/190/1
f 141/194/1 134/195/1 133/193/1
f 140/196/1 134/195/1 141/194/1
f 140/196/1 135/197/1 134/195/1
f 139/198/1 135/197/1 140/196/1
f 139/198/1 136/199/1 135/197/1
f 138/200/1 136/199/1 139/198/1
f 138/200/1 137/201/1 136/199/1
f 218/95/1 210/5/1 219/96/1
f 210/5/1 220/97/1 219/96/1
f 210/5/1 221/14/1 220/97/1
f 218/95/1 211/98/1 210/5/1
f 218/95/1 214/99/1 211/98/1
f 214/99/1 212/100/1 211/98/1
f 214/99/1 213/101/1 212/100/1
f 218/95/1 215/102/1 214/99/1
f 218/95/1 216/103/1 215/102/1
f 218/95/1 217/104/1 216/103/1
f 230/202/1 232/203/1 231/204/1
f 230/202/1 228/205/1 232/203/1
f 228/205/1 227/206/1 232/203/1
f 227/206/1 233/207/1 232/203/1
f 233/207/1 235/208/1 234/209/1
f 233/207/1 224/210/1 235/208/1
f 224/210/1 223/211/1 235/208/1
f 223/211/1 236/14/1 235/208/1
f 230/202/1 229/106/1 228/205/1
f 226/212/1 233/207/1 227/206/1
f 233/207/1 225/213/1 224/210/1
f 222/5/1 236/14/1 223/211/1
f 226/212/1 225/213/1 233/207/1
f 241/140/1 243/162/1 242/106/1
f 241/140/1 246/214/1 243/162/1
f 246/214/1 244/215/1 243/162/1
f 241/140/1 247/14/1 246/214/1
f 245/132/1 244/215/1 246/214/1
f 241/140/1 239/193/1 247/14/1
f 239/193/1 245/132/1 247/14/1
f 239/193/1 238/216/1 245/132/1
f 238/216/1 244/215/1 245/132/1
f 241/140/1 240/217/1 239/193/1
f 237/5/1 244/215/1 238/216/1
f 282/218/1 284/219/1 283/220/1
f 282/218/1 285/221/1 284/219/1
f 282/218/1 286/222/1 285/221/1
f 282/218/1 287/223/1 286/222/1
f 281/224/1 287/223/1 282/218/1
f 281/224/1 288/225/1 287/223/1
f 281/224/1 289/226/1 288/225/1
f 281/224/1 290/227/1 289/226/1
f 280/228/1 290/227/1 281/224/1
f 280/228/1 291/229/1 290/227/1
f 280/228/1 292/230/1 291/229/1
f 279/231/1 292/230/1 280/228/1
f 279/231/1 293/232/1 292/230/1
f 279/231/1 294/233/1 293/232/1
f 278/234/1 294/233/1 279/231/1
f 278/234/1 295/235/1 294/233/1
f 278/234/1 306/236/1 295/235/1
f 306/236/1 305/237/1 295/235/1
f 305/237/1 304/238/1 295/235/1
f 304/238/1 303/239/1 295/235/1
f 303/239/1 302/240/1 295/235/1
f 302/240/1 301/241/1 295/235/1
f 301/241/1 300/242/1 295/235/1
f 300/242/1 299/243/1 295/235/1
f 299/243/1 298/244/1 295/235/1
f 298/244/1 297/245/1 295/235/1
f 297/245/1 296/246/1 295/235/1
f 277/247/1 308/248/1 278/234/1
f 308/248/1 307/249/1 278/234/1
f 307/249/1 306/236/1 278/234/1
f 277/247/1 309/250/1 308/248/1
f 277/247/1 310/251/1 309/250/1
f 277/247/1 311/252/1 310/251/1
f 276/253/1 311/252/1 277/247/1
f 276/253/1 312/254/1 311/252/1
f 276/253/1 313/255/1 312/254/1
f 275/256/1 313/255/1 276/253/1
f 275/256/1 314/257/1 313/255/1
f 275/256/1 315/258/1 314/257/1
f 274/259/1 315/258/1 275/256/1
f 274/259/1 316/260/1 315/258/1
f 273/261/1 316/260/1 274/259/1
f 273/261/1 317/262/1 316/260/1
f 273/261/1 318/263/1 317/262/1
f 272/264/1 318/263/1 273/261/1
f 272/264/1 319/265/1 318/263/1
f 271/266/1 319/265/1 272/264/1
f 271/266/1 320/267/1 319/265/1
f 271/266/1 321/268/1 320/267/1
f 270/269/1 321/268/1 271/266/1
f 346/270/1 348/271/1 347/272/1
f 346/270/1 345/273/1 348/271/1
f 345/273/1 349/14/1 348/271/1
f 270/269/1 322/274/1 321/268/1
f 269/275/1 322/274/1 270/269/1
f 269/275/1 323/276/1 322/274/1
f 344/277/1 349/14/1 345/273/1
f 268/278/1 323/276/1 269/275/1
f 268/278/1 324/279/1 323/276/1
f 268/278/1 325/280/1 324/279/1
f 267/281/1 325/280/1 268/278/1
f 267/281/1 326/282/1 325/280/1
f 266/283/1 326/282/1 267/281/1
f 266/283/1 327/284/1 326/282/1
f 266/283/1 328/285/1 327/284/1
f 265/286/1 328/285/1 266/283/1
f 265/286/1 329/287/1 328/285/1
f 343/288/1 349/14/1 344/277/1
f 342/289/1 349/14/1 343/288/1
f 341/290/1 349/14/1 342/289/1
f 265/286/1 330/291/1 329/287/1
f 340/292/1 349/14/1 341/290/1
f 339/293/1 349/14/1 340/292/1
f 338/294/1 349/14/1 339/293/1
f 265/286/1 331/295/1 330/291/1
f 264/296/1 331/295/1 265/286/1
f 337/297/1 349/14/1 338/294/1
f 336/298/1 349/14/1 337/297/1
f 335/299/1 349/14/1 336/298/1
f 264/296/1 332/300/1 331/295/1
f 334/301/1 349/14/1 335/299/1
f 333/302/1 349/14/1 334/301/1
f 332/300/1 349/14/1 333/302/1
f 264/296/1 349/14/1 332/300/1
f 263/303/1 349/14/1 264/296/1
f 263/303/1 248/5/1 349/14/1
f 263/303/1 249/304/1 248/5/1
f 262/305/1 249/304/1 263/303/1
f 262/305/1 250/306/1 249/304/1
f 262/305/1 251/307/1 250/306/1
f 261/308/1 251/307/1 262/305/1
f 261/308/1 252/309/1 251/307/1
f 261/308/1 253/310/1 252/309/1
f 261/308/1 254/311/1 253/310/1
f 260/312/1 254/311/1 261/308/1
f 260/312/1 255/313/1 254/311/1
f 260/312/1 256/314/1 255/313/1
f 260/312/1 257/315/1 256/314/1
f 259/316/1 257/315/1 260/312/1
f 259/316/1 258/317/1 257/315/1
f 414/1/2 415/3/2 442/2/2
f 442/2/2 415/3/2 416/4/2
f 442/2/2 416/4/2 350/5/2
f 442/2/2 350/5/2 351/6/2
f 442/2/2 351/6/2 352/7/2
f 442/2/2 352/7/2 353/8/2
f 442/2/2 353/8/2 354/9/2
f 442/2/2 354/9/2 355/10/2
f 442/2/2 355/10/2 356/11/2
f 442/2/2 356/11/2 441/12/2
f 441/12/2 356/11/2 357/13/2
f 414/1/2 442/2/2 443/14/2
f 440/15/2 441/12/2 357/13/2
f 439/16/2 440/15/2 357/13/2
f 438/17/2 439/16/2 357/13/2
f 438/17/2 357/13/2 358/18/2
f 437/19/2 438/17/2 358/18/2
f 436/20/2 437/19/2 358/18/2
f 435/21/2 436/20/2 358/18/2
f 435/21/2 358/18/2 359/22/2
f 434/23/2 435/21/2 359/22/2
f 433/24/2 434/23/2 359/22/2
f 432/25/2 433/24/2 359/22/2
f 432/25/2 359/22/2 360/26/2
f 431/27/2 432/25/2 360/26/2
f 430/28/2 431/27/2 360/26/2
f 430/28/2 360/26/2 361/29/2
f 429/30/2 430/28/2 361/29/2
f 428/31/2 429/30/2 361/29/2
f 428/31/2 361/29/2 362/32/2
f 427/33/2 428/31/2 362/32/2
f 427/33/2 362/32/2 363/34/2
f 426/35/2 427/33/2 363/34/2
f 425/36/2 426/35/2 363/34/2
f 425/36/2 363/34/2 364/37/2
f 424/38/2 425/36/2 364/37/2
f 424/38/2 364/37/2 365/39/2
f 423/40/2 424/38/2 365/39/2
f 423/40/2 365/39/2 366/41/2
f 422/42/2 423/40/2 366/41/2
f 421/43/2 422/42/2 366/41/2
f 421/43/2 366/41/2 367/44/2
f 420/45/2 421/43/2 367/44/2
f 419/46/2 420/45/2 367/44/2
f 419/46/2 367/44/2 368/47/2
f 418/48/2 419/46/2 368/47/2
f 417/49/2 418/48/2 368/47/2
f 414/1/2 443/14/2 412/50/2
f 412/50/2 443/14/2 417/49/2
f 412/50/2 417/49/2 368/47/2
f 412/50/2 368/47/2 369/51/2
f 412/50/2 369/51/2 370/52/2
f 412/50/2 370/52/2 371/53/2
f 412/50/2 371/53/2 372/54/2
f 412/50/2 372/54/2 373/55/2
f 412/50/2 373/55/2 374/56/2
f 412/50/2 374/56/2 375/57/2
f 412/50/2 375/57/2 411/58/2
f 411/58/2 375/57/2 410/59/2
f 410/59/2 375/57/2 376/60/2
f 414/1/2 412/50/2 413/61/2
f 409/62/2 410/59/2 376/60/2
f 408/63/2 409/62/2 376/60/2
f 407/64/2 408/63/2 376/60/2
f 407/64/2 376/60/2 377/65/2
f 406/66/2 407/64/2 377/65/2
f 405/67/2 406/66/2 377/65/2
f 405/67/2 377/65/2 378/68/2
f 404/69/2 405/67/2 378/68/2
f 404/69/2 378/68/2 379/70/2
f 403/71/2 404/69/2 379/70/2
f 403/71/2 379/70/2 380/72/2
f 402/73/2 403/71/2 380/72/2
f 402/73/2 380/72/2 381/74/2
f 401/75/2 402/73/2 381/74/2
f 401/75/2 381/74/2 382/76/2
f 400/77/2 401/75/2 382/76/2
f 400/77/2 382/76/2 383/78/2
f 400/77/2 383/78/2 384/79/2
f 399/80/2 400/77/2 384/79/2
f 399/80/2 384/79/2 385/81/2
f 398/82/2 399/80/2 385/81/2
f 398/82/2 385/81/2 386/83/2
f 398/82/2 386/83/2 387/84/2
f 398/82/2 387/84/2 388/85/2
f 398/82/2 388/85/2 389/86/2
f 398/82/2 389/86/2 390/87/2
f 398/82/2 390/87/2 391/88/2
f 398/82/2 391/88/2 392/89/2
f 398/82/2 392/89/2 393/90/2
f 398/82/2 393/90/2 394/91/2
f 398/82/2 394/91/2 395/92/2
f 398/82/2 395/92/2 396/93/2
f 398/82/2 396/93/2 397/94/2
f 452/95/2 453/96/2 444/5/2
f 444/5/2 453/96/2 454/97/2
f 444/5/2 454/97/2 455/14/2
f 452/95/2 444/5/2 445/98/2
f 452/95/2 445/98/2 448/99/2
f 448/99/2 445/98/2 446/100/2
f 448/99/2 446/100/2 447/101/2
f 452/95/2 448/99/2 449/102/2
f 452/95/2 449/102/2 450/103/2
f 452/95/2 450/103/2 451/104/2
f 456/5/2 457/105/2 458/74/2
f 456/5/2 458/74/2 459/106/2
f 459/106/2 460/50/2 461/107/2
f 459/106/2 461/107/2 462/14/2
f 456/5/2 459/106/2 462/14/2
f 509/108/2 510/109/2 463/5/2
f 509/108/2 463/5/2 464/110/2
f 508/111/2 509/108/2 464/110/2
f 508/111/2 464/110/2 465/112/2
f 507/113/2 508/111/2 465/112/2
f 507/113/2 465/112/2 466/114/2
f 506/115/2 507/113/2 466/114/2
f 506/115/2 466/114/2 467/116/2
f 505/117/2 506/115/2 467/116/2
f 505/117/2 467/116/2 468/118/2
f 504/119/2 505/117/2 534/120/2
f 534/120/2 505/117/2 468/118/2
f 504/119/2 534/120/2 535/121/2
f 533/122/2 534/120/2 468/118/2
f 532/123/2 533/122/2 468/118/2
f 504/119/2 535/121/2 536/124/2
f 531/125/2 532/123/2 468/118/2
f 504/119/2 536/124/2 537/126/2
f 531/125/2 468/118/2 469/127/2
f 503/128/2 504/119/2 537/126/2
f 530/129/2 531/125/2 469/127/2
f 503/128/2 537/126/2 538/130/2
f 529/131/2 530/129/2 469/127/2
f 503/128/2 538/130/2 539/132/2
f 529/131/2 469/127/2 470/133/2
f 502/134/2 503/128/2 539/132/2
f 528/135/2 529/131/2 470/133/2
f 502/134/2 539/132/2 540/136/2
f 527/137/2 528/135/2 470/133/2
f 502/134/2 540/136/2 541/138/2
f 527/137/2 470/133/2 471/139/2
f 501/140/2 502/134/2 541/138/2
f 526/141/2 527/137/2 471/139/2
f 501/140/2 541/138/2 542/142/2
f 526/141/2 471/139/2 472/143/2
f 500/144/2 501/140/2 542/142/2
f 525/145/2 526/141/2 472/143/2
f 500/144/2 542/142/2 543/146/2
f 524/147/2 525/145/2 472/143/2
f 500/144/2 543/146/2 544/148/2
f 524/147/2 472/143/2 473/149/2
f 499/150/2 500/144/2 544/148/2
f 523/151/2 524/147/2 473/149/2
f 499/150/2 544/148/2 545/152/2
f 523/151/2 473/149/2 474/153/2
f 498/154/2 499/150/2 545/152/2
f 522/155/2 523/151/2 474/153/2
f 498/154/2 545/152/2 546/156/2
f 497/157/2 498/154/2 546/156/2
f 497/157/2 546/156/2 547/158/2
f 521/159/2 522/155/2 474/153/2
f 521/159/2 474/153/2 475/160/2
f 497/157/2 547/158/2 548/161/2
f 520/162/2 521/159/2 475/160/2
f 520/162/2 475/160/2 476/163/2
f 496/164/2 497/157/2 548/161/2
f 496/164/2 548/161/2 549/165/2
f 519/166/2 520/162/2 476/163/2
f 519/166/2 476/163/2 477/167/2
f 495/168/2 496/164/2 549/165/2
f 518/169/2 519/166/2 477/167/2
f 495/168/2 549/165/2 550/170/2
f 518/169/2 477/167/2 478/171/2
f 494/172/2 495/168/2 550/170/2
f 517/173/2 518/169/2 478/171/2
f 494/172/2 550/170/2 551/174/2
f 516/175/2 517/173/2 478/171/2
f 494/172/2 551/174/2 552/176/2
f 516/175/2 478/171/2 479/177/2
f 493/178/2 494/172/2 552/176/2
f 515/179/2 516/175/2 479/177/2
f 493/178/2 552/176/2 553/180/2
f 514/181/2 515/179/2 479/177/2
f 493/178/2 553/180/2 554/182/2
f 514/181/2 479/177/2 480/183/2
f 492/184/2 493/178/2 554/182/2
f 513/185/2 514/181/2 480/183/2
f 492/184/2 554/182/2 555/186/2
f 512/187/2 513/185/2 480/183/2
f 492/184/2 555/186/2 556/188/2
f 512/187/2 480/183/2 481/189/2
f 491/190/2 492/184/2 556/188/2
f 511/191/2 512/187/2 481/189/2
f 491/190/2 556/188/2 557/192/2
f 558/14/2 511/191/2 481/189/2
f 491/190/2 557/192/2 558/14/2
f 491/190/2 558/14/2 481/189/2
f 491/190/2 481/189/2 482/193/2
f 490/194/2 491/190/2 482/193/2
f 490/194/2 482/193/2 483/195/2
f 489/196/2 490/194/2 483/195/2
f 489/196/2 483/195/2 484/197/2
f 488/198/2 489/196/2 484/197/2
f 488/198/2 484/197/2 485/199/2
f 487/200/2 488/198/2 485/199/2
f 487/200/2 485/199/2 486/201/2
f 567/95/2 568/96/2 559/5/2
f 559/5/2 568/96/2 569/97/2
f 559/5/2 569/97/2 570/14/2
f 567/95/2 559/5/2 560/98/2
f 567/95/2 560/98/2 563/99/2
f 563/99/2 560/98/2 561/100/2
f 563/99/2 561/100/2 562/101/2
f 567/95/2 563/99/2 564/102/2
f 567/95/2 564/102/2 565/103/2
f 567/95/2 565/103/2 566/104/2
f 579/202/2 580/204/2 581/203/2
f 579/202/2 581/203/2 577/205/2
f 577/205/2 581/203/2 576/206/2
f 576/206/2 581/203/2 582/207/2
f 582/207/2 583/209/2 584/208/2
f 582/207/2 584/208/2 573/210/2
f 573/210/2 584/208/2 572/211/2
f 572/211/2 584/208/2 585/14/2
f 579/202/2 577/205/2 578/106/2
f 575/212/2 576/206/2 582/207/2
f 582/207/2 573/210/2 574/213/2
f 571/5/2 572/211/2 585/14/2
f 575/212/2 582/207/2 574/213/2
f 590/140/2 591/106/2 592/162/2
f 590/140/2 592/162/2 595/214/2
f 595/214/2 592/162/2 593/215/2
f 590/140/2 595/214/2 596/14/2
f 594/132/2 595/214/2 593/215/2
f 590/140/2 596/14/2 588/193/2
f 588/193/2 596/14/2 594/132/2
f 588/193/2 594/132/2 587/216/2
f 587/216/2 594/132/2 593/215/2
f 590/140/2 588/193/2 589/217/2
f 586/5/2 587/216/2 593/215/2
f 631/218/2 632/220/2 633/219/2
f 631/218/2 633/219/2 634/221/2
f 631/218/2 634/221/2 635/222/2
f 631/218/2 635/222/2 636/223/2
f 630/224/2 631/218/2 636/223/2
f 630/224/2 636/223/2 637/225/2
f 630/224/2 637/225/2 638/226/2
f 630/224/2 638/226/2 639/227/2
f 629/228/2 630/224/2 639/227/2
f 629/228/2 639/227/2 640/229/2
f 629/228/2 640/229/2 641/230/2
f 628/231/2 629/228/2 641/230/2
f 628/231/2 641/230/2 642/232/2
f 628/231/2 642/232/2 643/233/2
f 627/234/2 628/231/2 643/233/2
f 627/234/2 643/233/2 644/235/2
f 627/234/2 644/235/2 655/236/2
f 655/236/2 644/235/2 654/237/2
f 654/237/2 644/235/2 653/238/2
f 653/238/2 644/235/2 652/239/2
f 652/239/2 644/235/2 651/240/2
f 651/240/2 644/235/2 650/241/2
f 650/241/2 644/235/2 649/242/2
f 649/242/2 644/235/2 648/243/2
f 648/243/2 644/235/2 647/244/2
f 647/244/2 644/235/2 646/245/2
f 646/245/2 644/235/2 645/246/2
f 626/247/2 627/234/2 657/248/2
f 657/248/2 627/234/2 656/249/2
f 656/249/2 627/234/2 655/236/2
f 626/247/2 657/248/2 658/250/2
f 626/247/2 658/250/2 659/251/2
f 626/247/2 659/251/2 660/252/2
f 625/253/2 626/247/2 660/252/2
f 625/253/2 660/252/2 661/254/2
f 625/253/2 661/254/2 662/255/2
f 624/256/2 625/253/2 662/255/2
f 624/256/2 662/255/2 663/257/2
f 624/256/2 663/257/2 664/258/2
f 623/259/2 624/256/2 664/258/2
f 623/259/2 664/258/2 665/260/2
f 622/261/2 623/259/2 665/260/2
f 622/261/2 665/260/2 666/262/2
f 622/261/2 666/262/2 667/263/2
f 621/264/2 622/261/2 667/263/2
f 621/264/2 667/263/2 668/265/2
f 620/266/2 621/264/2 668/265/2
f 620/266/2 668/265/2 669/267/2
f 620/266/2 669/267/2 670/268/2
f 619/269/2 620/266/2 670/268/2
f 695/270/2 696/272/2 697/271/2
f 695/270/2 697/271/2 694/273/2
f 694/273/2 697/271/2 698/14/2
f 619/269/2 670/268/2 671/274/2
f 618/275/2 619/269/2 671/274/2
f 618/275/2 671/274/2 672/276/2
f 693/277/2 694/273/2 698/14/2
f 617/278/2 618/275/2 672/276/2
f 617/278/2 672/276/2 673/279/2
f 617/278/2 673/279/2 674/280/2
f 616/281/2 617/278/2 674/280/2
f 616/281/2 674/280/2 675/282/2
f 615/283/2 616/281/2 675/282/2
f 615/283/2 675/282/2 676/284/2
f 615/283/2 676/284/2 677/285/2
f 614/286/2 615/283/2 677/285/2
f 614/286/2 677/285/2 678/287/2
f 692/288/2 693/277/2 698/14/2
f 691/289/2 692/288/2 698/14/2
f 690/290/2 691/289/2 698/14/2
f 614/286/2 678/287/2 679/291/2
f 689/292/2 690/290/2 698/14/2
f 688/293/2 689/292/2 698/14/2
f 687/294/2 688/293/2 698/14/2
f 614/286/2 679/291/2 680/295/2
f 613/296/2 614/286/2 680/295/2
f 686/297/2 687/294/2 698/14/2
f 685/298/2 686/297/2 698/14/2
f 684/299/2 685/298/2 698/14/2
f 613/296/2 680/295/2 681/300/2
f 683/301/2 684/299/2 698/14/2
f 682/302/2 683/301/2 698/14/2
f 681/300/2 682/302/2 698/14/2
f 613/296/2 681/300/2 698/14/2
f 612/303/2 613/296/2 698/14/2
f 612/303/2 698/14/2 597/5/2
f 612/303/2 597/5/2 598/304/2
f 611/305/2 612/303/2 598/304/2
f 611/305/2 598/304/2 599/306/2
f 611/305/2 599/306/2 600/307/2
f 610/308/2 611/305/2 600/307/2
f 610/308/2 600/307/2 601/309/2
f 610/308/2 601/309/2 602/310/2
f 610/308/2 602/310/2 603/311/2
f 609/312/2 610/308/2 603/311/2
f 609/312/2 603/311/2 604/313/2
f 609/312/2 604/313/2 605/314/2
f 609/312/2 605/314/2 606/315/2
f 608/316/2 609/312/2 606/315/2
f 608/316/2 606/315/2 607/317/2
s 1
f 700/318/3 713/319/4 699/5/5
f 701/320/6 714/321/7 700/318/3
f 702/322/8 715/323/9 701/320/6
f 703/324/10 716/325/11 702/322/8
f 704/326/12 717/327/13 703/324/10
f 705/328/14 718/329/15 704/326/12
f 720/330/16 705/328/14 706/331/17
f 721/332/18 706/331/17 707/333/19
f 722/334/20 707/333/19 708/335/21
f 723/336/22 708/335/21 709/337/23
f 724/338/24 709/337/23 710/339/25
f 725/340/26 710/339/25 711/341/27
f 726/342/28 711/341/27 712/343/29
f 714/321/7 727/344/30 713/319/4
f 715/323/9 728/345/31 714/321/7
f 716/325/11 729/346/32 715/323/9
f 717/327/13 730/347/33 716/325/11
f 718/329/15 731/348/34 717/327/13
f 719/349/35 732/350/36 718/329/15
f 734/351/37 719/349/35 720/330/16
f 735/352/38 720/330/16 721/332/18
f 736/353/39 721/332/18 722/334/20
f 737/354/40 722/334/20 723/336/22
f 738/355/41 723/336/22 724/338/24
f 739/356/42 724/338/24 725/340/26
f 740/357/43 725/340/26 726/342/28
f 728/345/31 741/358/44 727/344/30
f 729/346/32 742/359/45 728/345/31
f 730/347/33 743/360/46 729/346/32
f 731/348/34 744/361/47 730/347/33
f 732/350/36 745/362/48 731/348/34
f 733/363/49 746/364/50 732/350/36
f 748/365/51 733/363/49 734/351/37
f 749/366/52 734/351/37 735/352/38
f 750/367/53 735/352/38 736/353/39
f 751/368/54 736/353/39 737/354/40
f 752/369/55 737/354/40 738/355/41
f 753/370/56 738/355/41 739/356/42
f 754/371/57 739/356/42 740/357/43
f 742/359/45 755/372/58 741/358/44
f 743/360/46 756/373/59 742/359/45
f 744/361/47 757/374/60 743/360/46
f 745/362/48 758/375/61 744/361/47
f 746/364/50 759/376/62 745/362/48
f 747/377/63 760/378/64 746/364/50
f 762/379/65 747/377/63 748/365/51
f 763/380/66 748/365/51 749/366/52
f 764/381/67 749/366/52 750/367/53
f 765/382/68 750/367/53 751/368/54
f 766/383/69 751/368/54 752/369/55
f 767/384/70 752/369/55 753/370/56
f 768/385/71 753/370/56 754/371/57
f 756/373/59 769/386/72 755/372/58
f 757/374/60 770/387/73 756/373/59
f 758/375/61 771/388/74 757/374/60
f 759/376/62 772/389/75 758/375/61
f 760/378/64 773/390/76 759/376/62
f 761/391/77 774/392/78 760/378/64
f 776/393/79 761/391/77 762/379/65
f 777/394/80 762/379/65 763/380/66
f 778/395/81 763/380/66 764/381/67
f 779/396/82 764/381/67 765/382/68
f 780/397/83 765/382/68 766/383/69
f 781/398/84 766/383/69 767/384/70
f 782/399/85 767/384/70 768/385/71
f 784/400/86 769/386/72 770/387/73
f 771/388/74 784/400/86 770/387/73
f 786/401/87 771/388/74 772/389/75
f 787/402/88 772/389/75 773/390/76
f 774/392/78 787/402/88 773/390/76
f 789/403/89 774/392/78 775/404/90
f 790/405/91 775/404/90 776/393/79
f 777/394/80 790/405/91 776/393/79
f 792/406/92 777/394/80 778/395/81
f 779/396/82 792/406/92 778/395/81
f 780/397/83 793/407/93 779/396/82
f 795/408/94 780/397/83 781/398/84
f 782/399/85 795/408/94 781/398/84
f 798/409/95 783/410/96 784/400/86
f 799/411/97 784/400/86 785/412/98
f 800/413/99 785/412/98 786/401/87
f 801/414/100 786/401/87 787/402/88
f 802/415/101 787/402/88 788/416/102
f 803/417/103 788/416/102 789/403/89
f 804/418/104 789/403/89 790/405/91
f 791/419/105 804/418/104 790/405/91
f 792/406/92 805/420/106 791/419/105
f 793/407/93 806/421/107 792/406/92
f 794/422/108 807/423/109 793/407/93
f 795/408/94 808/424/110 794/422/108
f 796/425/111 809/426/112 795/408/94
f 812/427/113 797/428/114 798/409/95
f 813/429/115 798/409/95 799/411/97
f 814/430/116 799/411/97 800/413/99
f 815/431/117 800/413/99 801/414/100
f 816/432/118 801/414/100 802/415/101
f 817/433/119 802/415/101 803/417/103
f 818/434/120 803/417/103 804/418/104
f 805/420/106 818/434/120 804/418/104
f 806/421/107 819/435/121 805/420/106
f 807/423/109 820/436/122 806/421/107
f 808/424/110 821/437/123 807/423/109
f 809/426/112 822/438/124 808/424/110
f 810/439/125 823/440/126 809/426/112
f 826/441/127 811/442/128 812/427/113
f 827/443/129 812/427/113 813/429/115
f 828/444/130 813/429/115 814/430/116
f 829/445/131 814/430/116 815/431/117
f 830/446/132 815/431/117 816/432/118
f 831/447/133 816/432/118 817/433/119
f 832/448/134 817/433/119 818/434/120
f 819/435/121 832/448/134 818/434/120
f 820/436/122 833/449/135 819/435/121
f 821/437/123 834/450/136 820/436/122
f 822/438/124 835/451/137 821/437/123
f 823/440/126 836/452/138 822/438/124
f 824/453/139 837/454/140 823/440/126
f 840/455/141 825/456/142 826/441/127
f 841/457/143 826/441/127 827/443/129
f 842/458/144 827/443/129 828/444/130
f 843/459/145 828/444/130 829/445/131
f 844/460/146 829/445/131 830/446/132
f 845/461/147 830/446/132 831/447/133
f 846/462/148 831/447/133 832/448/134
f 833/449/135 846/462/148 832/448/134
f 834/450/136 847/463/149 833/449/135
f 835/451/137 848/464/150 834/450/136
f 836/452/138 849/465/151 835/451/137
f 837/454/140 850/466/152 836/452/138
f 838/467/153 851/468/154 837/454/140
f 840/455/141 853/469/155 839/470/156
f 841/457/143 854/471/157 840/455/141
f 842/458/144 855/472/158 841/457/143
f 843/459/145 856/473/159 842/458/144
f 844/460/146 857/474/160 843/459/145
f 845/461/147 858/475/161 844/460/146
f 860/476/162 845/461/147 846/462/148
f 861/477/163 846/462/148 847/463/149
f 862/478/164 847/463/149 848/464/150
f 863/479/165 848/464/150 849/465/151
f 864/480/166 849/465/151 850/466/152
f 865/481/167 850/466/152 851/468/154
f 866/482/168 851/468/154 852/483/169
f 854/471/157 867/484/170 853/469/155
f 855/472/158 868/485/171 854/471/157
f 856/473/159 869/486/172 855/472/158
f 857/474/160 870/487/173 856/473/159
f 858/475/161 871/488/174 857/474/160
f 859/489/175 872/490/176 858/475/161
f 874/491/177 859/489/175 860/476/162
f 875/492/178 860/476/162 861/477/163
f 876/493/179 861/477/163 862/478/164
f 877/494/180 862/478/164 863/479/165
f 878/495/181 863/479/165 864/480/166
f 879/496/182 864/480/166 865/481/167
f 880/497/183 865/481/167 866/482/168
f 868/485/171 881/498/184 867/484/170
f 869/486/172 882/499/185 868/485/171
f 870/487/173 883/500/186 869/486/172
f 871/488/174 884/501/187 870/487/173
f 872/490/176 885/502/188 871/488/174
f 873/503/189 886/504/190 872/490/176
f 888/505/191 873/503/189 874/491/177
f 889/506/192 874/491/177 875/492/178
f 890/507/193 875/492/178 876/493/179
f 891/508/194 876/493/179 877/494/180
f 892/509/195 877/494/180 878/495/181
f 893/510/196 878/495/181 879/496/182
f 894/511/197 879/496/182 880/497/183
f 882/499/185 895/512/198 881/498/184
f 883/500/186 896/513/199 882/499/185
f 884/501/187 897/514/200 883/500/186
f 885/502/188 898/515/201 884/501/187
f 886/504/190 899/516/202 885/502/188
f 887/517/203 900/518/204 886/504/190
f 902/519/205 887/517/203 888/505/191
f 903/520/206 888/505/191 889/506/192
f 904/521/207 889/506/192 890/507/193
f 905/522/208 890/507/193 891/508/194
f 906/523/209 891/508/194 892/509/195
f 907/524/210 892/509/195 893/510/196
f 908/525/211 893/510/196 894/511/197
f 896/513/199 909/526/212 895/512/198
f 897/514/200 910/527/213 896/513/199
f 898/515/201 911/528/214 897/514/200
f 899/516/202 912/529/215 898/515/201
f 900/518/204 913/530/216 899/516/202
f 901/531/217 914/532/218 900/518/204
f 916/533/219 901/531/217 902/519/205
f 917/534/220 902/519/205 903/520/206
f 918/535/221 903/520/206 904/521/207
f 919/536/222 904/521/207 905/522/208
f 920/537/223 905/522/208 906/523/209
f 921/538/224 906/523/209 907/524/210
f 922/539/225 907/524/210 908/525/211
f 910/527/213 923/540/226 909/526/212
f 911/528/214 924/541/227 910/527/213
f 912/529/215 925/542/228 911/528/214
f 913/530/216 926/543/229 912/529/215
f 914/532/218 927/544/230 913/530/216
f 915/545/231 928/546/232 914/532/218
f 930/547/233 915/545/231 916/533/219
f 931/548/234 916/533/219 917/534/220
f 932/549/235 917/534/220 918/535/221
f 933/550/236 918/535/221 919/536/222
f 934/551/237 919/536/222 920/537/223
f 935/552/238 920/537/223 921/538/224
f 936/553/239 921/538/224 922/539/225
f 924/541/227 937/105/240 923/540/226
f 925/542/228 938/554/241 924/541/227
f 926/543/229 939/555/242 925/542/228
f 927/544/230 940/556/243 926/543/229
f 928/546/232 941/557/244 927/544/230
f 929/558/245 942/559/246 928/546/232
f 944/560/247 929/558/245 930/547/233
f 945/561/248 930/547/233 931/548/234
f 946/562/249 931/548/234 932/549/235
f 947/563/250 932/549/235 933/550/236
f 948/564/251 933/550/236 934/551/237
f 949/565/252 934/551/237 935/552/238
f 950/566/253 935/552/238 936/553/239
f 938/554/241 951/567/254 937/105/240
f 939/555/242 952/568/255 938/554/241
f 940/556/243 953/569/256 939/555/242
f 941/557/244 954/570/257 940/556/243
f 942/559/246 955/571/258 941/557/244
f 943/572/259 956/573/260 942/559/246
f 958/574/261 943/572/259 944/560/247
f 959/575/262 944/560/247 945/561/248
f 960/576/263 945/561/248 946/562/249
f 961/577/264 946/562/249 947/563/250
f 962/578/265 947/563/250 948/564/251
f 963/579/266 948/564/251 949/565/252
f 964/580/267 949/565/252 950/566/253
f 952/568/255 965/581/268 951/567/254
f 953/569/256 966/582/269 952/568/255
f 954/570/257 967/583/270 953/569/256
f 955/571/258 968/584/271 954/570/257
f 956/573/260 969/585/272 955/571/258
f 957/586/273 970/587/274 956/573/260
f 972/588/275 957/586/273 958/574/261
f 973/589/276 958/574/261 959/575/262
f 974/590/277 959/575/262 960/576/263
f 975/591/278 960/576/263 961/577/264
f 976/592/279 961/577/264 962/578/265
f 977/593/280 962/578/265 963/579/266
f 978/594/281 963/579/266 964/580/267
f 980/595/282 965/581/268 966/582/269
f 981/596/283 966/582/269 967/583/270
f 982/597/284 967/583/270 968/584/271
f 983/598/285 968/584/271 969/585/272
f 984/599/286 969/585/272 970/587/274
f 985/600/287 970/587/274 971/601/288
f 986/602/289 971/601/288 972/588/275
f 973/589/276 986/602/289 972/588/275
f 974/590/277 987/603/290 973/589/276
f 975/591/278 988/604/291 974/590/277
f 976/592/279 989/605/292 975/591/278
f 977/593/280 990/606/293 976/592/279
f 978/594/281 991/607/294 977/593/280
f 994/608/295 979/609/296 980/595/282
f 995/610/297 980/595/282 981/596/283
f 996/611/298 981/596/283 982/597/284
f 997/612/299 982/597/284 983/598/285
f 998/613/300 983/598/285 984/599/286
f 999/614/301 984/599/286 985/600/287
f 1000/615/302 985/600/287 986/602/289
f 987/603/290 1000/615/302 986/602/289
f 988/604/291 1001/616/303 987/603/290
f 989/605/292 1002/617/304 988/604/291
f 990/606/293 1003/618/305 989/605/292
f 991/607/294 1004/619/306 990/606/293
f 992/620/307 1005/621/308 991/607/294
f 1008/622/309 993/623/310 994/608/295
f 1009/624/311 994/608/295 995/610/297
f 1010/625/312 995/610/297 996/611/298
f 1011/626/313 996/611/298 997/612/299
f 1012/627/314 997/612/299 998/613/300
f 1013/628/315 998/613/300 999/614/301
f 1014/629/316 999/614/301 1000/615/302
f 1001/616/303 1014/629/316 1000/615/302
f 1002/617/304 1015/630/317 1001/616/303
f 1003/618/305 1016/631/318 1002/617/304
f 1004/619/306 1017/632/319 1003/618/305
f 1005/621/308 1018/633/320 1004/619/306
f 1006/634/321 1019/635/322 1005/621/308
f 1022/636/323 1007/637/324 1008/622/309
f 1023/638/325 1008/622/309 1009/624/311
f 1024/639/326 1009/624/311 1010/625/312
f 1025/640/327 1010/625/312 1011/626/313
f 1026/641/328 1011/626/313 1012/627/314
f 1027/642/329 1012/627/314 1013/628/315
f 1028/643/330 1013/628/315 1014/629/316
f 1015/630/317 1028/643/330 1014/629/316
f 1016/631/318 1029/644/331 1015/630/317
f 1017/632/319 1030/645/332 1016/631/318
f 1018/633/320 1031/646/333 1017/632/319
f 1019/635/322 1032/647/334 1018/633/320
f 1020/648/335 1033/649/336 1019/635/322
f 1022/636/323 1035/650/337 1021/651/338
f 1023/638/325 1036/652/339 1022/636/323
f 1024/639/326 1037/653/340 1023/638/325
f 1025/640/327 1038/654/341 1024/639/326
f 1026/641/328 1039/655/342 1025/640/327
f 1027/642/329 1040/656/343 1026/641/328
f 1042/657/344 1027/642/329 1028/643/330
f 1043/658/345 1028/643/330 1029/644/331
f 1044/659/346 1029/644/331 1030/645/332
f 1045/660/347 1030/645/332 1031/646/333
f 1046/661/348 1031/646/333 1032/647/334
f 1047/662/349 1032/647/334 1033/649/336
f 1048/663/350 1033/649/336 1034/664/351
f 1036/652/339 1049/665/352 1035/650/337
f 1037/653/340 1050/666/353 1036/652/339
f 1038/654/341 1051/667/354 1037/653/340
f 1039/655/342 1052/668/355 1038/654/341
f 1040/656/343 1053/669/356 1039/655/342
f 1041/670/357 1054/671/358 1040/656/343
f 1056/672/359 1041/670/357 1042/657/344
f 1057/673/360 1042/657/344 1043/658/345
f 1058/674/361 1043/658/345 1044/659/346
f 1059/675/362 1044/659/346 1045/660/347
f 1060/676/363 1045/660/347 1046/661/348
f 1061/677/364 1046/661/348 1047/662/349
f 1062/678/365 1047/662/349 1048/663/350
f 1050/666/353 1063/679/366 1049/665/352
f 1051/667/354 1064/680/367 1050/666/353
f 1052/668/355 1065/681/368 1051/667/354
f 1053/669/356 1066/682/369 1052/668/355
f 1054/671/358 1067/683/370 1053/669/356
f 1055/684/371 1068/685/372 1054/671/358
f 1070/686/373 1055/684/371 1056/672/359
f 1071/687/374 1056/672/359 1057/673/360
f 1072/688/375 1057/673/360 1058/674/361
f 1073/689/376 1058/674/361 1059/675/362
f 1074/690/377 1059/675/362 1060/676/363
f 1075/691/378 1060/676/363 1061/677/364
f 1076/692/379 1061/677/364 1062/678/365
f 1078/693/380 1063/679/366 1064/680/367
f 1079/694/381 1064/680/367 1065/681/368
f 1080/695/382 1065/681/368 1066/682/369
f 1081/696/383 1066/682/369 1067/683/370
f 1082/697/384 1067/683/370 1068/685/372
f 1083/698/385 1068/685/372 1069/699/386
f 1084/700/387 1069/699/386 1070/686/373
f 1071/687/374 1084/700/387 1070/686/373
f 1072/688/375 1085/701/388 1071/687/374
f 1073/689/376 1086/702/389 1072/688/375
f 1074/690/377 1087/703/390 1073/689/376
f 1075/691/378 1088/704/391 1074/690/377
f 1076/692/379 1089/705/392 1075/691/378
f 1092/706/393 1077/707/394 1078/693/380
f 1093/708/395 1078/693/380 1079/694/381
f 1094/709/396 1079/694/381 1080/695/382
f 1095/710/397 1080/695/382 1081/696/383
f 1096/711/398 1081/696/383 1082/697/384
f 1097/712/399 1082/697/384 1083/698/385
f 1098/713/400 1083/698/385 1084/700/387
f 1085/701/388 1098/713/400 1084/700/387
f 1086/702/389 1099/714/401 1085/701/388
f 1087/703/390 1100/715/402 1086/702/389
f 1088/704/391 1101/716/403 1087/703/390
f 1089/705/392 1102/717/404 1088/704/391
f 1090/718/405 1103/719/406 1089/705/392
f 1106/720/407 1091/721/408 1092/706/393
f 1107/722/409 1092/706/393 1093/708/395
f 1108/723/410 1093/708/395 1094/709/396
f 1109/724/411 1094/709/396 1095/710/397
f 1110/725/412 1095/710/397 1096/711/398
f 1111/726/413 1096/711/398 1097/712/399
f 1112/727/414 1097/712/399 1098/713/400
f 1099/714/401 1112/727/414 1098/713/400
f 1100/715/402 1113/728/415 1099/714/401
f 1101/716/403 1114/729/416 1100/715/402
f 1102/717/404 1115/730/417 1101/716/403
f 1103/719/406 1116/731/418 1102/717/404
f 1104/732/419 1117/733/420 1103/719/406
f 1120/734/421 1105/735/422 1106/720/407
f 1121/736/423 1106/720/407 1107/722/409
f 1122/737/424 1107/722/409 1108/723/410
f 1123/738/425 1108/723/410 1109/724/411
f 1124/739/426 1109/724/411 1110/725/412
f 1125/740/427 1110/725/412 1111/726/413
f 1126/741/428 1111/726/413 1112/727/414
f 1113/728/415 1126/741/428 1112/727/414
f 1114/729/416 1127/742/429 1113/728/415
f 1115/730/417 1128/743/430 1114/729/416
f 1116/731/418 1129/744/431 1115/730/417
f 1117/733/420 1130/745/432 1116/731/418
f 1118/746/433 1131/747/434 1117/733/420
f 1134/748/435 1119/749/436 1120/734/421
f 1135/750/437 1120/734/421 1121/736/423
f 1136/751/438 1121/736/423 1122/737/424
f 1137/752/439 1122/737/424 1123/738/425
f 1138/753/440 1123/738/425 1124/739/426
f 1139/754/441 1124/739/426 1125/740/427
f 1140/755/442 1125/740/427 1126/741/428
f 1127/742/429 1140/755/442 1126/741/428
f 1128/743/430 1141/756/443 1127/742/429
f 1129/744/431 1142/757/444 1128/743/430
f 1130/745/432 1143/758/445 1129/744/431
f 1131/747/434 1144/759/446 1130/745/432
f 1132/760/447 1145/761/448 1131/747/434
f 1148/762/449 1133/763/450 1134/748/435
f 1149/764/451 1134/748/435 1135/750/437
f 1150/765/452 1135/750/437 1136/751/438
f 1151/766/453 1136/751/438 1137/752/439
f 1152/767/454 1137/752/439 1138/753/440
f 1153/768/455 1138/753/440 1139/754/441
f 1154/769/456 1139/754/441 1140/755/442
f 1141/756/443 1154/769/456 1140/755/442
f 1142/757/444 1155/770/457 1141/756/443
f 1143/758/445 1156/771/458 1142/757/444
f 1144/759/446 1157/772/459 1143/758/445
f 1145/761/448 1158/773/460 1144/759/446
f 1146/774/461 1159/775/462 1145/761/448
f 1162/776/463 1147/777/464 1148/762/449
f 1163/778/465 1148/762/449 1149/764/451
f 1164/779/466 1149/764/451 1150/765/452
f 1165/780/467 1150/765/452 1151/766/453
f 1166/781/468 1151/766/453 1152/767/454
f 1167/782/469 1152/767/454 1153/768/455
f 1168/783/470 1153/768/455 1154/769/456
f 1155/770/457 1168/783/470 1154/769/456
f 1156/771/458 1169/784/471 1155/770/457
f 1157/772/459 1170/785/472 1156/771/458
f 1158/773/460 1171/786/473 1157/772/459
f 1159/775/462 1172/787/474 1158/773/460
f 1160/788/475 1173/789/476 1159/775/462
f 1176/790/477 1161/791/478 1162/776/463
f 1177/792/479 1162/776/463 1163/778/465
f 1178/793/480 1163/778/465 1164/779/466
f 1179/794/481 1164/779/466 1165/780/467
f 1180/795/482 1165/780/467 1166/781/468
f 1181/796/483 1166/781/468 1167/782/469
f 1182/797/484 1167/782/469 1168/783/470
f 1169/784/471 1182/797/484 1168/783/470
f 1170/785/472 1183/798/485 1169/784/471
f 1171/786/473 1184/799/486 1170/785/472
f 1172/787/474 1185/800/487 1171/786/473
f 1173/789/476 1186/801/488 1172/787/474
f 1174/802/489 1187/803/490 1173/789/476
f 1190/804/491 1175/74/492 1176/790/477
f 1191/805/493 1176/790/477 1177/792/479
f 1192/806/494 1177/792/479 1178/793/480
f 1193/807/495 1178/793/480 1179/794/481
f 1194/808/496 1179/794/481 1180/795/482
f 1195/809/497 1180/795/482 1181/796/483
f 1196/810/498 1181/796/483 1182/797/484
f 1183/798/485 1196/810/498 1182/797/484
f 1184/799/486 1197/811/499 1183/798/485
f 1185/800/487 1198/812/500 1184/799/486
f 1186/801/488 1199/813/501 1185/800/487
f 1187/803/490 1200/814/502 1186/801/488
f 1188/815/503 1201/816/504 1187/803/490
f 1204/817/505 1189/818/506 1190/804/491
f 1205/819/507 1190/804/491 1191/805/493
f 1206/820/508 1191/805/493 1192/806/494
f 1207/821/509 1192/806/494 1193/807/495
f 1208/822/510 1193/807/495 1194/808/496
f 1209/823/511 1194/808/496 1195/809/497
f 1210/824/512 1195/809/497 1196/810/498
f 1197/811/499 1210/824/512 1196/810/498
f 1198/812/500 1211/825/513 1197/811/499
f 1199/813/501 1212/826/514 1198/812/500
f 1200/814/502 1213/827/515 1199/813/501
f 1201/816/504 1214/828/516 1200/814/502
f 1202/829/517 1215/830/518 1201/816/504
f 1204/817/505 1217/831/519 1203/832/520
f 1205/819/507 1218/833/521 1204/817/505
f 1206/820/508 1219/834/522 1205/819/507
f 1207/821/509 1220/835/523 1206/820/508
f 1208/822/510 1221/836/524 1207/821/509
f 1209/823/511 1222/837/525 1208/822/510
f 1224/838/526 1209/823/511 1210/824/512
f 1225/839/527 1210/824/512 1211/825/513
f 1226/840/528 1211/825/513 1212/826/514
f 1227/841/529 1212/826/514 1213/827/515
f 1228/842/530 1213/827/515 1214/828/516
f 1229/843/531 1214/828/516 1215/830/518
f 1230/844/532 1215/830/518 1216/845/533
f 1218/833/521 1231/846/534 1217/831/519
f 1219/834/522 1232/847/535 1218/833/521
f 1220/835/523 1233/848/536 1219/834/522
f 1221/836/524 1234/849/537 1220/835/523
f 1222/837/525 1235/850/538 1221/836/524
f 1223/851/539 1236/852/540 1222/837/525
f 1238/853/541 1223/851/539 1224/838/526
f 1239/854/542 1224/838/526 1225/839/527
f 1240/855/543 1225/839/527 1226/840/528
f 1241/856/544 1226/840/528 1227/841/529
f 1242/857/545 1227/841/529 1228/842/530
f 1243/858/546 1228/842/530 1229/843/531
f 1244/859/547 1229/843/531 1230/844/532
f 1232/847/535 1245/860/548 1231/846/534
f 1233/848/536 1246/861/549 1232/847/535
f 1234/849/537 1247/862/550 1233/848/536
f 1235/850/538 1248/863/551 1234/849/537
f 1236/852/540 1249/864/552 1235/850/538
f 1237/865/553 1250/866/554 1236/852/540
f 1252/867/555 1237/865/553 1238/853/541
f 1253/868/556 1238/853/541 1239/854/542
f 1254/869/557 1239/854/542 1240/855/543
f 1255/870/558 1240/855/543 1241/856/544
f 1256/871/559 1241/856/544 1242/857/545
f 1257/872/560 1242/857/545 1243/858/546
f 1258/873/561 1243/858/546 1244/859/547
f 1260/874/562 1245/860/548 1246/861/549
f 1261/875/563 1246/861/549 1247/862/550
f 1262/876/564 1247/862/550 1248/863/551
f 1263/877/565 1248/863/551 1249/864/552
f 1264/878/566 1249/864/552 1250/866/554
f 1265/879/567 1250/866/554 1251/880/568
f 1266/881/569 1251/880/568 1252/867/555
f 1253/868/556 1266/881/569 1252/867/555
f 1254/869/557 1267/882/570 1253/868/556
f 1255/870/558 1268/883/571 1254/869/557
f 1256/871/559 1269/884/572 1255/870/558
f 1257/872/560 1270/885/573 1256/871/559
f 1258/873/561 1271/886/574 1257/872/560
f 1274/887/575 1259/888/576 1260/874/562
f 1275/889/577 1260/874/562 1261/875/563
f 1276/890/578 1261/875/563 1262/876/564
f 1277/891/579 1262/876/564 1263/877/565
f 1278/892/580 1263/877/565 1264/878/566
f 1279/893/581 1264/878/566 1265/879/567
f 1280/894/582 1265/879/567 1266/881/569
f 1267/882/570 1280/894/582 1266/881/569
f 1268/883/571 1281/895/583 1267/882/570
f 1269/884/572 1282/896/584 1268/883/571
f 1270/885/573 1283/897/585 1269/884/572
f 1271/886/574 1284/898/586 1270/885/573
f 1272/899/587 1285/900/588 1271/886/574
f 1288/901/589 1273/902/590 1274/887/575
f 1289/903/591 1274/887/575 1275/889/577
f 1290/904/592 1275/889/577 1276/890/578
f 1291/905/593 1276/890/578 1277/891/579
f 1292/906/594 1277/891/579 1278/892/580
f 1293/907/595 1278/892/580 1279/893/581
f 1294/908/596 1279/893/581 1280/894/582
f 1281/895/583 1294/908/596 1280/894/582
f 1282/896/584 1295/909/597 1281/895/583
f 1283/897/585 1296/910/598 1282/896/584
f 1284/898/586 1297/911/599 1283/897/585
f 1285/900/588 1298/912/600 1284/898/586
f 1286/913/601 1299/914/602 1285/900/588
f 1302/915/603 1287/916/604 1288/901/589
f 1303/917/605 1288/901/589 1289/903/591
f 1304/918/606 1289/903/591 1290/904/592
f 1305/919/607 1290/904/592 1291/905/593
f 1306/920/608 1291/905/593 1292/906/594
f 1307/921/609 1292/906/594 1293/907/595
f 1308/922/610 1293/907/595 1294/908/596
f 1295/909/597 1308/922/610 1294/908/596
f 1296/910/598 1309/923/611 1295/909/597
f 1297/911/599 1310/924/612 1296/910/598
f 1298/912/600 1311/925/613 1297/911/599
f 1299/914/602 1312/926/614 1298/912/600
f 1300/927/615 1313/928/616 1299/914/602
f 1316/929/617 1301/930/618 1302/915/603
f 1317/931/619 1302/915/603 1303/917/605
f 1318/932/620 1303/917/605 1304/918/606
f 1319/933/621 1304/918/606 1305/919/607
f 1320/934/622 1305/919/607 1306/920/608
f 1321/935/623 1306/920/608 1307/921/609
f 1322/936/624 1307/921/609 1308/922/610
f 1309/923/611 1322/936/624 1308/922/610
f 1310/924/612 1323/937/625 1309/923/611
f 1311/925/613 1324/938/626 1310/924/612
f 1312/926/614 1325/939/627 1311/925/613
f 1313/928/616 1326/940/628 1312/926/614
f 1314/941/629 1327/942/630 1313/928/616
f 1330/943/631 1315/944/632 1316/929/617
f 1331/945/633 1316/929/617 1317/931/619
f 1332/946/634 1317/931/619 1318/932/620
f 1333/947/635 1318/932/620 1319/933/621
f 1334/948/636 1319/933/621 1320/934/622
f 1335/949/637 1320/934/622 1321/935/623
f 1336/950/638 1321/935/623 1322/936/624
f 1323/937/625 1336/950/638 1322/936/624
f 1324/938/626 1337/951/639 1323/937/625
f 1325/939/627 1338/952/640 1324/938/626
f 1326/940/628 1339/953/641 1325/939/627
f 1327/942/630 1340/954/642 1326/940/628
f 1328/955/643 1341/956/644 1327/942/630
f 1344/957/645 1329/958/646 1330/943/631
f 1345/959/647 1330/943/631 1331/945/633
f 1346/960/648 1331/945/633 1332/946/634
f 1347/961/649 1332/946/634 1333/947/635
f 1348/962/650 1333/947/635 1334/948/636
f 1349/963/651 1334/948/636 1335/949/637
f 1350/964/652 1335/949/637 1336/950/638
f 1337/951/639 1350/964/652 1336/950/638
f 1338/952/640 1351/965/653 1337/951/639
f 1339/953/641 1352/966/654 1338/952/640
f 1340/954/642 1353/967/655 1339/953/641
f 1341/956/644 1354/968/656 1340/954/642
f 1342/969/657 1355/970/658 1341/956/644
f 1344/957/645 1357/971/659 1343/972/660
f 1345/959/647 1358/973/661 1344/957/645
f 1346/960/648 1359/974/662 1345/959/647
f 1347/961/649 1360/975/663 1346/960/648
f 1348/962/650 1361/976/664 1347/961/649
f 1349/963/651 1362/977/665 1348/962/650
f 1364/978/666 1349/963/651 1350/964/652
f 1365/979/667 1350/964/652 1351/965/653
f 1366/980/668 1351/965/653 1352/966/654
f 1367/981/669 1352/966/654 1353/967/655
f 1368/982/670 1353/967/655 1354/968/656
f 1369/983/671 1354/968/656 1355/970/658
f 1370/984/672 1355/970/658 1356/985/673
f 1358/973/661 1371/986/674 1357/971/659
f 1359/974/662 1372/987/675 1358/973/661
f 1360/975/663 1373/988/676 1359/974/662
f 1361/976/664 1374/989/677 1360/975/663
f 1362/977/665 1375/990/678 1361/976/664
f 1363/991/679 1376/992/680 1362/977/665
f 1378/993/681 1363/991/679 1364/978/666
f 1379/994/682 1364/978/666 1365/979/667
f 1380/995/683 1365/979/667 1366/980/668
f 1381/996/684 1366/980/668 1367/981/669
f 1382/997/685 1367/981/669 1368/982/670
f 1383/998/686 1368/982/670 1369/983/671
f 1384/999/687 1369/983/671 1370/984/672
f 1386/1000/688 1371/986/674 1372/987/675
f 1387/1001/689 1372/987/675 1373/988/676
f 1388/1002/690 1373/988/676 1374/989/677
f 1389/1003/691 1374/989/677 1375/990/678
f 1390/1004/692 1375/990/678 1376/992/680
f 1391/1005/693 1376/992/680 1377/1006/694
f 1392/1007/695 1377/1006/694 1378/993/681
f 1379/994/682 1392/1007/695 1378/993/681
f 1380/995/683 1393/1008/696 1379/994/682
f 1381/996/684 1394/1009/697 1380/995/683
f 1382/997/685 1395/1010/698 1381/996/684
f 1383/998/686 1396/1011/699 1382/997/685
f 1384/999/687 1397/1012/700 1383/998/686
f 1400/1013/701 1385/1014/702 1386/1000/688
f 1401/1015/703 1386/1000/688 1387/1001/689
f 1402/1016/704 1387/1001/689 1388/1002/690
f 1403/1017/705 1388/1002/690 1389/1003/691
f 1404/1018/706 1389/1003/691 1390/1004/692
f 1405/1019/707 1390/1004/692 1391/1005/693
f 1406/1020/708 1391/1005/693 1392/1007/695
f 1393/1008/696 1406/1020/708 1392/1007/695
f 1394/1009/697 1407/1021/709 1393/1008/696
f 1395/1010/698 1408/1022/710 1394/1009/697
f 1396/1011/699 1409/1023/711 1395/1010/698
f 1397/1012/700 1410/1024/712 1396/1011/699
f 1398/1025/713 1411/1026/714 1397/1012/700
f 1414/1027/715 1399/1028/716 1400/1013/701
f 1415/1029/717 1400/1013/701 1401/1015/703
f 1416/1030/718 1401/1015/703 1402/1016/704
f 1417/1031/719 1402/1016/704 1403/1017/705
f 1418/1032/720 1403/1017/705 1404/1018/706
f 1419/1033/721 1404/1018/706 1405/1019/707
f 1420/1034/722 1405/1019/707 1406/1020/708
f 1407/1021/709 1420/1034/722 1406/1020/708
f 1408/1022/710 1421/1035/723 1407/1021/709
f 1409/1023/711 1422/1036/724 1408/1022/710
f 1410/1024/712 1423/1037/725 1409/1023/711
f 1411/1026/714 1424/1038/726 1410/1024/712
f 1412/1039/727 1425/1040/728 1411/1026/714
f 1428/1041/729 1413/106/730 1414/1027/715
f 1429/1042/731 1414/1027/715 1415/1029/717
f 1430/1043/732 1415/1029/717 1416/1030/718
f 1431/1044/733 1416/1030/718 1417/1031/719
f 1432/1045/734 1417/1031/719 1418/1032/720
f 1433/1046/735 1418/1032/720 1419/1033/721
f 1434/1047/736 1419/1033/721 1420/1034/722
f 1421/1035/723 1434/1047/736 1420/1034/722
f 1422/1036/724 1435/1048/737 1421/1035/723
f 1423/1037/725 1436/1049/738 1422/1036/724
f 1424/1038/726 1437/1050/739 1423/1037/725
f 1425/1040/728 1438/1051/740 1424/1038/726
f 1426/1052/741 1439/1053/742 1425/1040/728
f 1442/1054/743 1427/1055/744 1428/1041/729
f 1443/1056/745 1428/1041/729 1429/1042/731
f 1444/1057/746 1429/1042/731 1430/1043/732
f 1445/1058/747 1430/1043/732 1431/1044/733
f 1446/1059/748 1431/1044/733 1432/1045/734
f 1447/1060/749 1432/1045/734 1433/1046/735
f 1448/1061/750 1433/1046/735 1434/1047/736
f 1435/1048/737 1448/1061/750 1434/1047/736
f 1436/1049/738 1449/1062/751 1435/1048/737
f 1437/1050/739 1450/1063/752 1436/1049/738
f 1438/1051/740 1451/1064/753 1437/1050/739
f 1439/1053/742 1452/1065/754 1438/1051/740
f 1440/1066/755 1453/1067/756 1439/1053/742
f 1456/1068/757 1441/1069/758 1442/1054/743
f 1457/1070/759 1442/1054/743 1443/1056/745
f 1458/1071/760 1443/1056/745 1444/1057/746
f 1459/1072/761 1444/1057/746 1445/1058/747
f 1460/1073/762 1445/1058/747 1446/1059/748
f 1461/1074/763 1446/1059/748 1447/1060/749
f 1462/1075/764 1447/1060/749 1448/1061/750
f 1449/1062/751 1462/1075/764 1448/1061/750
f 1450/1063/752 1463/1076/765 1449/1062/751
f 1451/1064/753 1464/1077/766 1450/1063/752
f 1452/1065/754 1465/1078/767 1451/1064/753
f 1453/1067/756 1466/1079/768 1452/1065/754
f 1454/1080/769 1467/1081/770 1453/1067/756
f 1470/1082/771 1455/1083/772 1456/1068/757
f 1471/1084/773 1456/1068/757 1457/1070/759
f 1472/1085/774 1457/1070/759 1458/1071/760
f 1473/1086/775 1458/1071/760 1459/1072/761
f 1474/1087/776 1459/1072/761 1460/1073/762
f 1475/1088/777 1460/1073/762 1461/1074/763
f 1476/1089/778 1461/1074/763 1462/1075/764
f 1463/1076/765 1476/1089/778 1462/1075/764
f 1464/1077/766 1477/1090/779 1463/1076/765
f 1465/1078/767 1478/1091/780 1464/1077/766
f 1466/1079/768 1479/1092/781 1465/1078/767
f 1467/1081/770 1480/1093/782 1466/1079/768
f 1468/1094/783 1481/1095/784 1467/1081/770
f 1484/1096/785 1469/1097/786 1470/1082/771
f 1485/1098/787 1470/1082/771 1471/1084/773
f 1486/1099/788 1471/1084/773 1472/1085/774
f 1487/1100/789 1472/1085/774 1473/1086/775
f 1488/1101/790 1473/1086/775 1474/1087/776
f 1489/1102/791 1474/1087/776 1475/1088/777
f 1490/1103/792 1475/1088/777 1476/1089/778
f 1477/1090/779 1490/1103/792 1476/1089/778
f 1478/1091/780 1491/1104/793 1477/1090/779
f 1479/1092/781 1492/1105/794 1478/1091/780
f 1480/1093/782 1493/1106/795 1479/1092/781
f 1481/1095/784 1494/1107/796 1480/1093/782
f 1482/1108/797 1495/1109/798 1481/1095/784
f 1498/1110/799 1483/1111/800 1484/1096/785
f 1499/1112/801 1484/1096/785 1485/1098/787
f 1500/1113/802 1485/1098/787 1486/1099/788
f 1501/1114/803 1486/1099/788 1487/1100/789
f 1502/1115/804 1487/1100/789 1488/1101/790
f 1503/1116/805 1488/1101/790 1489/1102/791
f 1504/1117/806 1489/1102/791 1490/1103/792
f 1491/1104/793 1504/1117/806 1490/1103/792
f 1492/1105/794 1505/1118/807 1491/1104/793
f 1493/1106/795 1506/1119/808 1492/1105/794
f 1494/1107/796 1507/1120/809 1493/1106/795
f 1495/1109/798 1508/1121/810 1494/1107/796
f 1496/1122/811 1509/1123/812 1495/1109/798
f 1512/1124/813 1497/1125/814 1498/1110/799
f 1513/1126/815 1498/1110/799 1499/1112/801
f 1514/1127/816 1499/1112/801 1500/1113/802
f 1515/1128/817 1500/1113/802 1501/1114/803
f 1516/1129/818 1501/1114/803 1502/1115/804
f 1517/1130/819 1502/1115/804 1503/1116/805
f 1518/1131/820 1503/1116/805 1504/1117/806
f 1505/1118/807 1518/1131/820 1504/1117/806
f 1506/1119/808 1519/1132/821 1505/1118/807
f 1507/1120/809 1520/1133/822 1506/1119/808
f 1508/1121/810 1521/1134/823 1507/1120/809
f 1509/1123/812 1522/1135/824 1508/1121/810
f 1510/1136/825 1523/1137/826 1509/1123/812
f 1526/1138/827 1511/1139/828 1512/1124/813
f 1527/1140/829 1512/1124/813 1513/1126/815
f 1528/1141/830 1513/1126/815 1514/1127/816
f 1529/1142/831 1514/1127/816 1515/1128/817
f 1530/1143/832 1515/1128/817 1516/1129/818
f 1531/1144/833 1516/1129/818 1517/1130/819
f 1532/1145/834 1517/1130/819 1518/1131/820
f 1519/1132/821 1532/1145/834 1518/1131/820
f 1520/1133/822 1533/1146/835 1519/1132/821
f 1521/1134/823 1534/1147/836 1520/1133/822
f 1522/1135/824 1535/1148/837 1521/1134/823
f 1523/1137/826 1536/1149/838 1522/1135/824
f 1524/1150/839 1537/1151/840 1523/1137/826
f 1540/1152/841 1525/1153/842 1526/1138/827
f 1541/1154/843 1526/1138/827 1527/1140/829
f 1542/1155/844 1527/1140/829 1528/1141/830
f 1543/1156/845 1528/1141/830 1529/1142/831
f 1544/1157/846 1529/1142/831 1530/1143/832
f 1545/1158/847 1530/1143/832 1531/1144/833
f 1546/1159/848 1531/1144/833 1532/1145/834
f 1533/1146/835 1546/1159/848 1532/1145/834
f 1534/1147/836 1547/1160/849 1533/1146/835
f 1535/1148/837 1548/1161/850 1534/1147/836
f 1536/1149/838 1549/1162/851 1535/1148/837
f 1537/1151/840 1550/1163/852 1536/1149/838
f 1538/1164/853 1551/1165/854 1537/1151/840
f 1554/1166/855 1539/1167/856 1540/1152/841
f 1555/1168/857 1540/1152/841 1541/1154/843
f 1556/1169/858 1541/1154/843 1542/1155/844
f 1557/1170/859 1542/1155/844 1543/1156/845
f 1558/1171/860 1543/1156/845 1544/1157/846
f 1559/1172/861 1544/1157/846 1545/1158/847
f 1560/1173/862 1545/1158/847 1546/1159/848
f 1547/1160/849 1560/1173/862 1546/1159/848
f 1548/1161/850 1561/1174/863 1547/1160/849
f 1549/1162/851 1562/1175/864 1548/1161/850
f 1550/1163/852 1563/1176/865 1549/1162/851
f 1551/1165/854 1564/1177/866 1550/1163/852
f 1552/1178/867 1565/1179/868 1551/1165/854
f 1568/1180/869 1553/1181/870 1554/1166/855
f 1569/1182/871 1554/1166/855 1555/1168/857
f 1570/1183/872 1555/1168/857 1556/1169/858
f 1571/1184/873 1556/1169/858 1557/1170/859
f 1572/1185/874 1557/1170/859 1558/1171/860
f 1573/1186/875 1558/1171/860 1559/1172/861
f 1574/1187/876 1559/1172/861 1560/1173/862
f 1561/1174/863 1574/1187/876 1560/1173/862
f 1562/1175/864 1575/1188/877 1561/1174/863
f 1563/1176/865 1576/1189/878 1562/1175/864
f 1564/1177/866 1577/1190/879 1563/1176/865
f 1565/1179/868 1578/1191/880 1564/1177/866
f 1566/1192/881 1579/1193/882 1565/1179/868
f 1582/1194/883 1567/1195/884 1568/1180/869
f 1583/1196/885 1568/1180/869 1569/1182/871
f 1584/1197/886 1569/1182/871 1570/1183/872
f 1585/1198/887 1570/1183/872 1571/1184/873
f 1586/1199/888 1571/1184/873 1572/1185/874
f 1587/1200/889 1572/1185/874 1573/1186/875
f 1588/1201/890 1573/1186/875 1574/1187/876
f 1575/1188/877 1588/1201/890 1574/1187/876
f 1576/1189/878 1589/1202/891 1575/1188/877
f 1577/1190/879 1590/1203/892 1576/1189/878
f 1578/1191/880 1591/1204/893 1577/1190/879
f 1579/1193/882 1592/1205/894 1578/1191/880
f 1580/1206/895 1593/1207/896 1579/1193/882
f 1596/1208/897 1581/1209/898 1582/1194/883
f 1597/1210/899 1582/1194/883 1583/1196/885
f 1598/1211/900 1583/1196/885 1584/1197/886
f 1599/1212/901 1584/1197/886 1585/1198/887
f 1600/1213/902 1585/1198/887 1586/1199/888
f 1601/1214/903 1586/1199/888 1587/1200/889
f 1602/1215/904 1587/1200/889 1588/1201/890
f 1589/1202/891 1602/1215/904 1588/1201/890
f 1590/1203/892 1603/1216/905 1589/1202/891
f 1591/1204/893 1604/1217/906 1590/1203/892
f 1592/1205/894 1605/1218/907 1591/1204/893
f 1593/1207/896 1606/1219/908 1592/1205/894
f 1594/1220/909 1607/1221/910 1593/1207/896
f 1610/1222/911 1595/1223/912 1596/1208/897
f 1611/1224/913 1596/1208/897 1597/1210/899
f 1612/1225/914 1597/1210/899 1598/1211/900
f 1613/1226/915 1598/1211/900 1599/1212/901
f 1614/1227/916 1599/1212/901 1600/1213/902
f 1615/1228/917 1600/1213/902 1601/1214/903
f 1616/1229/918 1601/1214/903 1602/1215/904
f 1603/1216/905 1616/1229/918 1602/1215/904
f 1604/1217/906 1617/1230/919 1603/1216/905
f 1605/1218/907 1618/1231/920 1604/1217/906
f 1606/1219/908 1619/1232/921 1605/1218/907
f 1607/1221/910 1620/1233/922 1606/1219/908
f 1608/1234/923 1621/1235/924 1607/1221/910
f 1624/1236/925 1609/1237/926 1610/1222/911
f 1625/1238/927 1610/1222/911 1611/1224/913
f 1626/1239/928 1611/1224/913 1612/1225/914
f 1627/1240/929 1612/1225/914 1613/1226/915
f 1628/1241/930 1613/1226/915 1614/1227/916
f 1629/1242/931 1614/1227/916 1615/1228/917
f 1630/1243/932 1615/1228/917 1616/1229/918
f 1617/1230/919 1630/1243/932 1616/1229/918
f 1618/1231/920 1631/1244/933 1617/1230/919
f 1619/1232/921 1632/1245/934 1618/1231/920
f 1620/1233/922 1633/1246/935 1619/1232/921
f 1621/1235/924 1634/1247/936 1620/1233/922
f 1622/1248/937 1635/1249/938 1621/1235/924
f 1638/1250/939 1623/1251/940 1624/1236/925
f 1639/1252/941 1624/1236/925 1625/1238/927
f 1640/1253/942 1625/1238/927 1626/1239/928
f 1641/1254/943 1626/1239/928 1627/1240/929
f 1642/1255/944 1627/1240/929 1628/1241/930
f 1643/1256/945 1628/1241/930 1629/1242/931
f 1644/1257/946 1629/1242/931 1630/1243/932
f 1631/1244/933 1644/1257/946 1630/1243/932
f 1632/1245/934 1645/1258/947 1631/1244/933
f 1633/1246/935 1646/1259/948 1632/1245/934
f 1634/1247/936 1647/1260/949 1633/1246/935
f 1635/1249/938 1648/1261/950 1634/1247/936
f 1636/1262/951 1649/1263/952 1635/1249/938
f 1652/1264/953 1637/1265/954 1638/1250/939
f 1653/1266/955 1638/1250/939 1639/1252/941
f 1654/1267/956 1639/1252/941 1640/1253/942
f 1655/1268/957 1640/1253/942 1641/1254/943
f 1656/1269/958 1641/1254/943 1642/1255/944
f 1657/1270/959 1642/1255/944 1643/1256/945
f 1658/1271/960 1643/1256/945 1644/1257/946
f 1645/1258/947 1658/1271/960 1644/1257/946
f 1646/1259/948 1659/1272/961 1645/1258/947
f 1647/1260/949 1660/1273/962 1646/1259/948
f 1648/1261/950 1661/1274/963 1647/1260/949
f 1649/1263/952 1662/1275/964 1648/1261/950
f 1650/1276/965 1663/1277/966 1649/1263/952
f 1666/1278/967 1651/50/968 1652/1264/953
f 1667/1279/969 1652/1264/953 1653/1266/955
f 1668/1280/970 1653/1266/955 1654/1267/956
f 1669/1281/971 1654/1267/956 1655/1268/957
f 1670/1282/972 1655/1268/957 1656/1269/958
f 1671/1283/973 1656/1269/958 1657/1270/959
f 1672/1284/974 1657/1270/959 1658/1271/960
f 1659/1272/961 1672/1284/974 1658/1271/960
f 1660/1273/962 1673/1285/975 1659/1272/961
f 1661/1274/963 1674/1286/976 1660/1273/962
f 1662/1275/964 1675/1287/977 1661/1274/963
f 1663/1277/966 1676/1288/978 1662/1275/964
f 1664/1289/979 1677/1290/980 1663/1277/966
f 1666/1278/967 1679/1291/981 1665/1292/982
f 1667/1279/969 1680/1293/983 1666/1278/967
f 1668/1280/970 1681/1294/984 1667/1279/969
f 1669/1281/971 1682/1295/985 1668/1280/970
f 1670/1282/972 1683/1296/986 1669/1281/971
f 1671/1283/973 1684/1297/987 1670/1282/972
f 1686/1298/988 1671/1283/973 1672/1284/974
f 1687/1299/989 1672/1284/974 1673/1285/975
f 1688/1300/990 1673/1285/975 1674/1286/976
f 1689/1301/991 1674/1286/976 1675/1287/977
f 1690/1302/992 1675/1287/977 1676/1288/978
f 1691/1303/993 1676/1288/978 1677/1290/980
f 1692/1304/994 1677/1290/980 1678/1305/995
f 1680/1293/983 1693/1306/996 1679/1291/981
f 1681/1294/984 1694/1307/997 1680/1293/983
f 1682/1295/985 1695/1308/998 1681/1294/984
f 1683/1296/986 1696/1309/999 1682/1295/985
f 1684/1297/987 1697/1310/1000 1683/1296/986
f 1685/1311/1001 1698/1312/1002 1684/1297/987
f 1700/1313/1003 1685/1311/1001 1686/1298/988
f 1701/1314/1004 1686/1298/988 1687/1299/989
f 1702/1315/1005 1687/1299/989 1688/1300/990
f 1703/1316/1006 1688/1300/990 1689/1301/991
f 1704/1317/1007 1689/1301/991 1690/1302/992
f 1705/1318/1008 1690/1302/992 1691/1303/993
f 1706/1319/1009 1691/1303/993 1692/1304/994
f 1694/1307/997 1707/1320/1010 1693/1306/996
f 1695/1308/998 1708/1321/1011 1694/1307/997
f 1696/1309/999 1709/1322/1012 1695/1308/998
f 1697/1310/1000 1710/1323/1013 1696/1309/999
f 1698/1312/1002 1711/1324/1014 1697/1310/1000
f 1699/1325/1015 1712/1326/1016 1698/1312/1002
f 1714/1327/1017 1699/1325/1015 1700/1313/1003
f 1715/1328/1018 1700/1313/1003 1701/1314/1004
f 1716/1329/1019 1701/1314/1004 1702/1315/1005
f 1717/1330/1020 1702/1315/1005 1703/1316/1006
f 1718/1331/1021 1703/1316/1006 1704/1317/1007
f 1719/1332/1022 1704/1317/1007 1705/1318/1008
f 1720/1333/1023 1705/1318/1008 1706/1319/1009
f 1722/1334/1024 1707/1320/1010 1708/1321/1011
f 1723/1335/1025 1708/1321/1011 1709/1322/1012
f 1724/1336/1026 1709/1322/1012 1710/1323/1013
f 1725/1337/1027 1710/1323/1013 1711/1324/1014
f 1726/1338/1028 1711/1324/1014 1712/1326/1016
f 1727/1339/1029 1712/1326/1016 1713/1340/1030
f 1728/1341/1031 1713/1340/1030 1714/1327/1017
f 1715/1328/1018 1728/1341/1031 1714/1327/1017
f 1716/1329/1019 1729/1342/1032 1715/1328/1018
f 1717/1330/1020 1730/1343/1033 1716/1329/1019
f 1718/1331/1021 1731/1344/1034 1717/1330/1020
f 1719/1332/1022 1732/1345/1035 1718/1331/1021
f 1720/1333/1023 1733/1346/1036 1719/1332/1022
f 1736/1347/1037 1721/1348/1038 1722/1334/1024
f 1737/1349/1039 1722/1334/1024 1723/1335/1025
f 1738/1350/1040 1723/1335/1025 1724/1336/1026
f 1739/1351/1041 1724/1336/1026 1725/1337/1027
f 1740/1352/1042 1725/1337/1027 1726/1338/1028
f 1741/1353/1043 1726/1338/1028 1727/1339/1029
f 1742/1354/1044 1727/1339/1029 1728/1341/1031
f 1729/1342/1032 1742/1354/1044 1728/1341/1031
f 1730/1343/1033 1743/1355/1045 1729/1342/1032
f 1731/1344/1034 1744/1356/1046 1730/1343/1033
f 1732/1345/1035 1745/1357/1047 1731/1344/1034
f 1733/1346/1036 1746/1358/1048 1732/1345/1035
f 1734/1359/1049 1747/1360/1050 1733/1346/1036
f 1750/1361/1051 1735/1362/1052 1736/1347/1037
f 1751/1363/1053 1736/1347/1037 1737/1349/1039
f 1752/1364/1054 1737/1349/1039 1738/1350/1040
f 1753/1365/1055 1738/1350/1040 1739/1351/1041
f 1754/1366/1056 1739/1351/1041 1740/1352/1042
f 1755/1367/1057 1740/1352/1042 1741/1353/1043
f 1756/1368/1058 1741/1353/1043 1742/1354/1044
f 1743/1355/1045 1756/1368/1058 1742/1354/1044
f 1744/1356/1046 1757/1369/1059 1743/1355/1045
f 1745/1357/1047 1758/1370/1060 1744/1356/1046
f 1746/1358/1048 1759/1371/1061 1745/1357/1047
f 1747/1360/1050 1760/1372/1062 1746/1358/1048
f 1748/1373/1063 1761/1374/1064 1747/1360/1050
f 1764/1375/1065 1749/1376/1066 1750/1361/1051
f 1765/1377/1067 1750/1361/1051 1751/1363/1053
f 1766/1378/1068 1751/1363/1053 1752/1364/1054
f 1767/1379/1069 1752/1364/1054 1753/1365/1055
f 1768/1380/1070 1753/1365/1055 1754/1366/1056
f 1769/1381/1071 1754/1366/1056 1755/1367/1057
f 1770/1382/1072 1755/1367/1057 1756/1368/1058
f 1757/1369/1059 1770/1382/1072 1756/1368/1058
f 1758/1370/1060 1771/1383/1073 1757/1369/1059
f 1759/1371/1061 1772/1384/1074 1758/1370/1060
f 1760/1372/1062 1773/1385/1075 1759/1371/1061
f 1761/1374/1064 1774/1386/1076 1760/1372/1062
f 1762/1387/1077 1775/1388/1078 1761/1374/1064
f 1764/1375/1065 1777/1389/1079 1763/1390/1080
f 1765/1377/1067 1778/1391/1081 1764/1375/1065
f 1766/1378/1068 1779/1392/1082 1765/1377/1067
f 1767/1379/1069 1780/1393/1083 1766/1378/1068
f 1768/1380/1070 1781/1394/1084 1767/1379/1069
f 1769/1381/1071 1782/1395/1085 1768/1380/1070
f 1784/1396/1086 1769/1381/1071 1770/1382/1072
f 1785/1397/1087 1770/1382/1072 1771/1383/1073
f 1786/1398/1088 1771/1383/1073 1772/1384/1074
f 1787/1399/1089 1772/1384/1074 1773/1385/1075
f 1788/1400/1090 1773/1385/1075 1774/1386/1076
f 1789/1401/1091 1774/1386/1076 1775/1388/1078
f 1790/1402/1092 1775/1388/1078 1776/1403/1093
f 1778/1391/1081 1791/1404/1094 1777/1389/1079
f 1779/1392/1082 1792/1405/1095 1778/1391/1081
f 1780/1393/1083 1793/1406/1096 1779/1392/1082
f 1781/1394/1084 1794/1407/1097 1780/1393/1083
f 1782/1395/1085 1795/1408/1098 1781/1394/1084
f 1783/1409/1099 1796/1410/1100 1782/1395/1085
f 1798/1411/1101 1783/1409/1099 1784/1396/1086
f 1799/1412/1102 1784/1396/1086 1785/1397/1087
f 1800/1413/1103 1785/1397/1087 1786/1398/1088
f 1801/1414/1104 1786/1398/1088 1787/1399/1089
f 1802/1415/1105 1787/1399/1089 1788/1400/1090
f 1803/1416/1106 1788/1400/1090 1789/1401/1091
f 1804/1417/1107 1789/1401/1091 1790/1402/1092
f 1792/1405/1095 1805/1418/1108 1791/1404/1094
f 1793/1406/1096 1806/1419/1109 1792/1405/1095
f 1794/1407/1097 1807/1420/1110 1793/1406/1096
f 1795/1408/1098 1808/1421/1111 1794/1407/1097
f 1796/1410/1100 1809/1422/1112 1795/1408/1098
f 1797/1423/1113 1810/1424/1114 1796/1410/1100
f 1812/1425/1115 1797/1423/1113 1798/1411/1101
f 1813/1426/1116 1798/1411/1101 1799/1412/1102
f 1814/1427/1117 1799/1412/1102 1800/1413/1103
f 1815/1428/1118 1800/1413/1103 1801/1414/1104
f 1816/1429/1119 1801/1414/1104 1802/1415/1105
f 1817/1430/1120 1802/1415/1105 1803/1416/1106
f 1818/1431/1121 1803/1416/1106 1804/1417/1107
f 1806/1419/1109 1819/1432/1122 1805/1418/1108
f 1807/1420/1110 1820/1433/1123 1806/1419/1109
f 1808/1421/1111 1821/1434/1124 1807/1420/1110
f 1809/1422/1112 1822/1435/1125 1808/1421/1111
f 1810/1424/1114 1823/1436/1126 1809/1422/1112
f 1811/1437/1127 1824/1438/1128 1810/1424/1114
f 1826/1439/1129 1811/1437/1127 1812/1425/1115
f 1827/1440/1130 1812/1425/1115 1813/1426/1116
f 1828/1441/1131 1813/1426/1116 1814/1427/1117
f 1829/1442/1132 1814/1427/1117 1815/1428/1118
f 1830/1443/1133 1815/1428/1118 1816/1429/1119
f 1831/1444/1134 1816/1429/1119 1817/1430/1120
f 1832/1445/1135 1817/1430/1120 1818/1431/1121
f 1820/1433/1123 1833/1446/1136 1819/1432/1122
f 1821/1434/1124 1834/1447/1137 1820/1433/1123
f 1822/1435/1125 1835/1448/1138 1821/1434/1124
f 1823/1436/1126 1836/1449/1139 1822/1435/1125
f 1824/1438/1128 1837/1450/1140 1823/1436/1126
f 1825/1451/1141 1838/1452/1142 1824/1438/1128
f 1840/1453/1143 1825/1451/1141 1826/1439/1129
f 1841/1454/1144 1826/1439/1129 1827/1440/1130
f 1842/1455/1145 1827/1440/1130 1828/1441/1131
f 1843/1456/1146 1828/1441/1131 1829/1442/1132
f 1844/1457/1147 1829/1442/1132 1830/1443/1133
f 1845/1458/1148 1830/1443/1133 1831/1444/1134
f 1846/1459/1149 1831/1444/1134 1832/1445/1135
f 1834/1447/1137 1847/1460/1150 1833/1446/1136
f 1835/1448/1138 1848/1461/1151 1834/1447/1137
f 1836/1449/1139 1849/1462/1152 1835/1448/1138
f 1837/1450/1140 1850/1463/1153 1836/1449/1139
f 1838/1452/1142 1851/1464/1154 1837/1450/1140
f 1839/1465/1155 1852/1466/1156 1838/1452/1142
f 1854/1467/1157 1839/1465/1155 1840/1453/1143
f 1855/1468/1158 1840/1453/1143 1841/1454/1144
f 1856/1469/1159 1841/1454/1144 1842/1455/1145
f 1857/1470/1160 1842/1455/1145 1843/1456/1146
f 1858/1471/1161 1843/1456/1146 1844/1457/1147
f 1859/1472/1162 1844/1457/1147 1845/1458/1148
f 1860/1473/1163 1845/1458/1148 1846/1459/1149
f 1848/1461/1151 1861/1474/1164 1847/1460/1150
f 1849/1462/1152 1862/1475/1165 1848/1461/1151
f 1850/1463/1153 1863/1476/1166 1849/1462/1152
f 1851/1464/1154 1864/1477/1167 1850/1463/1153
f 1852/1466/1156 1865/1478/1168 1851/1464/1154
f 1853/1479/1169 1866/1480/1170 1852/1466/1156
f 1868/1481/1171 1853/1479/1169 1854/1467/1157
f 1869/1482/1172 1854/1467/1157 1855/1468/1158
f 1870/1483/1173 1855/1468/1158 1856/1469/1159
f 1871/1484/1174 1856/1469/1159 1857/1470/1160
f 1872/1485/1175 1857/1470/1160 1858/1471/1161
f 1873/1486/1176 1858/1471/1161 1859/1472/1162
f 1874/1487/1177 1859/1472/1162 1860/1473/1163
f 1862/1475/1165 1875/1488/1178 1861/1474/1164
f 1863/1476/1166 1876/1489/1179 1862/1475/1165
f 1864/1477/1167 1877/1490/1180 1863/1476/1166
f 1865/1478/1168 1878/1491/1181 1864/1477/1167
f 1866/1480/1170 1879/1492/1182 1865/1478/1168
f 1867/1493/1183 1880/1494/1184 1866/1480/1170
f 1882/1495/1185 1867/1493/1183 1868/1481/1171
f 1883/1496/1186 1868/1481/1171 1869/1482/1172
f 1884/1497/1187 1869/1482/1172 1870/1483/1173
f 1885/1498/1188 1870/1483/1173 1871/1484/1174
f 1886/1499/1189 1871/1484/1174 1872/1485/1175
f 1887/1500/1190 1872/1485/1175 1873/1486/1176
f 1888/1501/1191 1873/1486/1176 1874/1487/1177
f 1876/1489/1179 1889/107/1192 1875/1488/1178
f 1877/1490/1180 1890/1502/1193 1876/1489/1179
f 1878/1491/1181 1891/1503/1194 1877/1490/1180
f 1879/1492/1182 1892/1504/1195 1878/1491/1181
f 1880/1494/1184 1893/1505/1196 1879/1492/1182
f 1881/1506/1197 1894/1507/1198 1880/1494/1184
f 1896/1508/1199 1881/1506/1197 1882/1495/1185
f 1897/1509/1200 1882/1495/1185 1883/1496/1186
f 1898/1510/1201 1883/1496/1186 1884/1497/1187
f 1899/1511/1202 1884/1497/1187 1885/1498/1188
f 1900/1512/1203 1885/1498/1188 1886/1499/1189
f 1901/1513/1204 1886/1499/1189 1887/1500/1190
f 1902/1514/1205 1887/1500/1190 1888/1501/1191
f 1890/1502/1193 1903/1515/1206 1889/107/1192
f 1891/1503/1194 1904/1516/1207 1890/1502/1193
f 1892/1504/1195 1905/1517/1208 1891/1503/1194
f 1893/1505/1196 1906/1518/1209 1892/1504/1195
f 1894/1507/1198 1907/1519/1210 1893/1505/1196
f 1895/1520/1211 1908/1521/1212 1894/1507/1198
f 1910/1522/1213 1895/1520/1211 1896/1508/1199
f 1911/1523/1214 1896/1508/1199 1897/1509/1200
f 1912/1524/1215 1897/1509/1200 1898/1510/1201
f 1913/1525/1216 1898/1510/1201 1899/1511/1202
f 1914/1526/1217 1899/1511/1202 1900/1512/1203
f 1915/1527/1218 1900/1512/1203 1901/1513/1204
f 1916/1528/1219 1901/1513/1204 1902/1514/1205
f 1904/1516/1207 1917/1529/1220 1903/1515/1206
f 1905/1517/1208 1918/1530/1221 1904/1516/1207
f 1906/1518/1209 1919/1531/1222 1905/1517/1208
f 1907/1519/1210 1920/1532/1223 1906/1518/1209
f 1908/1521/1212 1921/1533/1224 1907/1519/1210
f 1909/1534/1225 1922/1535/1226 1908/1521/1212
f 1924/1536/1227 1909/1534/1225 1910/1522/1213
f 1925/1537/1228 1910/1522/1213 1911/1523/1214
f 1926/1538/1229 1911/1523/1214 1912/1524/1215
f 1927/1539/1230 1912/1524/1215 1913/1525/1216
f 1928/1540/1231 1913/1525/1216 1914/1526/1217
f 1929/1541/1232 1914/1526/1217 1915/1527/1218
f 1930/1542/1233 1915/1527/1218 1916/1528/1219
f 1918/1530/1221 1931/1543/1234 1917/1529/1220
f 1919/1531/1222 1932/1544/1235 1918/1530/1221
f 1920/1532/1223 1933/1545/1236 1919/1531/1222
f 1921/1533/1224 1934/1546/1237 1920/1532/1223
f 1922/1535/1226 1935/1547/1238 1921/1533/1224
f 1923/1548/1239 1936/1549/1240 1922/1535/1226
f 1938/1550/1241 1923/1548/1239 1924/1536/1227
f 1939/1551/1242 1924/1536/1227 1925/1537/1228
f 1940/1552/1243 1925/1537/1228 1926/1538/1229
f 1941/1553/1244 1926/1538/1229 1927/1539/1230
f 1942/1554/1245 1927/1539/1230 1928/1540/1231
f 1943/1555/1246 1928/1540/1231 1929/1541/1232
f 1944/1556/1247 1929/1541/1232 1930/1542/1233
f 1932/1544/1235 1945/1557/1248 1931/1543/1234
f 1933/1545/1236 1946/1558/1249 1932/1544/1235
f 1934/1546/1237 1947/1559/1250 1933/1545/1236
f 1935/1547/1238 1948/1560/1251 1934/1546/1237
f 1936/1549/1240 1949/1561/1252 1935/1547/1238
f 1937/1562/1253 1950/1563/1254 1936/1549/1240
f 1952/1564/1255 1937/1562/1253 1938/1550/1241
f 1953/1565/1256 1938/1550/1241 1939/1551/1242
f 1954/1566/1257 1939/1551/1242 1940/1552/1243
f 1955/1567/1258 1940/1552/1243 1941/1553/1244
f 1956/1568/1259 1941/1553/1244 1942/1554/1245
f 1957/1569/1260 1942/1554/1245 1943/1555/1246
f 1958/1570/1261 1943/1555/1246 1944/1556/1247
f 1946/1558/1249 1959/1571/1262 1945/1557/1248
f 1947/1559/1250 1960/1572/1263 1946/1558/1249
f 1948/1560/1251 1961/1573/1264 1947/1559/1250
f 1949/1561/1252 1962/1574/1265 1948/1560/1251
f 1950/1563/1254 1963/1575/1266 1949/1561/1252
f 1951/1576/1267 1964/1577/1268 1950/1563/1254
f 1966/1578/1269 1951/1576/1267 1952/1564/1255
f 1967/1579/1270 1952/1564/1255 1953/1565/1256
f 1968/1580/1271 1953/1565/1256 1954/1566/1257
f 1969/1581/1272 1954/1566/1257 1955/1567/1258
f 1970/1582/1273 1955/1567/1258 1956/1568/1259
f 1971/1583/1274 1956/1568/1259 1957/1569/1260
f 1972/1584/1275 1957/1569/1260 1958/1570/1261
f 1960/1572/1263 1973/1585/1276 1959/1571/1262
f 1961/1573/1264 1974/1586/1277 1960/1572/1263
f 1962/1574/1265 1975/1587/1278 1961/1573/1264
f 1963/1575/1266 1976/1588/1279 1962/1574/1265
f 1964/1577/1268 1977/1589/1280 1963/1575/1266
f 1965/1590/1281 1978/1591/1282 1964/1577/1268
f 1980/1592/1283 1965/1590/1281 1966/1578/1269
f 1981/1593/1284 1966/1578/1269 1967/1579/1270
f 1982/1594/1285 1967/1579/1270 1968/1580/1271
f 1983/1595/1286 1968/1580/1271 1969/1581/1272
f 1984/1596/1287 1969/1581/1272 1970/1582/1273
f 1985/1597/1288 1970/1582/1273 1971/1583/1274
f 1986/1598/1289 1971/1583/1274 1972/1584/1275
f 1974/1586/1277 1987/1599/1290 1973/1585/1276
f 1975/1587/1278 1988/1600/1291 1974/1586/1277
f 1976/1588/1279 1989/1601/1292 1975/1587/1278
f 1977/1589/1280 1990/1602/1293 1976/1588/1279
f 1978/1591/1282 1991/1603/1294 1977/1589/1280
f 1979/1604/1295 1992/1605/1296 1978/1591/1282
f 1994/1606/1297 1979/1604/1295 1980/1592/1283
f 1995/1607/1298 1980/1592/1283 1981/1593/1284
f 1996/1608/1299 1981/1593/1284 1982/1594/1285
f 1997/1609/1300 1982/1594/1285 1983/1595/1286
f 1998/1610/1301 1983/1595/1286 1984/1596/1287
f 1999/1611/1302 1984/1596/1287 1985/1597/1288
f 2000/1612/1303 1985/1597/1288 1986/1598/1289
f 1988/1600/1291 2001/1613/1304 1987/1599/1290
f 1989/1601/1292 2002/1614/1305 1988/1600/1291
f 1990/1602/1293 2003/1615/1306 1989/1601/1292
f 1991/1603/1294 2004/1616/1307 1990/1602/1293
f 1992/1605/1296 2005/1617/1308 1991/1603/1294
f 1993/1618/1309 2006/1619/1310 1992/1605/1296
f 2008/1620/1311 1993/1618/1309 1994/1606/1297
f 2009/1621/1312 1994/1606/1297 1995/1607/1298
f 2010/1622/1313 1995/1607/1298 1996/1608/1299
f 2011/1623/1314 1996/1608/1299 1997/1609/1300
f 2012/1624/1315 1997/1609/1300 1998/1610/1301
f 2013/1625/1316 1998/1610/1301 1999/1611/1302
f 2014/1626/1317 1999/1611/1302 2000/1612/1303
f 2002/1614/1305 2015/1627/1318 2001/1613/1304
f 2003/1615/1306 2016/1628/1319 2002/1614/1305
f 2004/1616/1307 2017/1629/1320 2003/1615/1306
f 2005/1617/1308 2018/1630/1321 2004/1616/1307
f 2006/1619/1310 2019/1631/1322 2005/1617/1308
f 2007/1632/1323 2020/1633/1324 2006/1619/1310
f 2022/1634/1325 2007/1632/1323 2008/1620/1311
f 2023/1635/1326 2008/1620/1311 2009/1621/1312
f 2024/1636/1327 2009/1621/1312 2010/1622/1313
f 2025/1637/1328 2010/1622/1313 2011/1623/1314
f 2026/1638/1329 2011/1623/1314 2012/1624/1315
f 2027/1639/1330 2012/1624/1315 2013/1625/1316
f 2028/1640/1331 2013/1625/1316 2014/1626/1317
f 2016/1628/1319 2029/1641/1332 2015/1627/1318
f 2017/1629/1320 2030/1642/1333 2016/1628/1319
f 2018/1630/1321 2031/1643/1334 2017/1629/1320
f 2019/1631/1322 2032/1644/1335 2018/1630/1321
f 2020/1633/1324 2033/1645/1336 2019/1631/1322
f 2021/1646/1337 2034/1647/1338 2020/1633/1324
f 2036/1648/1339 2021/1646/1337 2022/1634/1325
f 2037/1649/1340 2022/1634/1325 2023/1635/1326
f 2038/1650/1341 2023/1635/1326 2024/1636/1327
f 2039/1651/1342 2024/1636/1327 2025/1637/1328
f 2040/1652/1343 2025/1637/1328 2026/1638/1329
f 2041/1653/1344 2026/1638/1329 2027/1639/1330
f 2042/1654/1345 2027/1639/1330 2028/1640/1331
f 2044/1655/1346 2029/1641/1332 2030/1642/1333
f 2045/1656/1347 2030/1642/1333 2031/1643/1334
f 2032/1644/1335 2045/1656/1347 2031/1643/1334
f 2033/1645/1336 2046/1657/1348 2032/1644/1335
f 2034/1647/1338 2047/1658/1349 2033/1645/1336
f 2035/1659/1350 2048/1660/1351 2034/1647/1338
f 2050/1661/1352 2035/1659/1350 2036/1648/1339
f 2051/1662/1353 2036/1648/1339 2037/1649/1340
f 2052/1663/1354 2037/1649/1340 2038/1650/1341
f 2053/1664/1355 2038/1650/1341 2039/1651/1342
f 2054/1665/1356 2039/1651/1342 2040/1652/1343
f 2041/1653/1344 2054/1665/1356 2040/1652/1343
f 2042/1654/1345 2055/1666/1357 2041/1653/1344
f 2058/1667/1358 2043/1668/1359 2044/1655/1346
f 2059/1669/1360 2044/1655/1346 2045/1656/1347
f 2060/1670/1361 2045/1656/1347 2046/1657/1348
f 2061/1671/1362 2046/1657/1348 2047/1658/1349
f 2062/1672/1363 2047/1658/1349 2048/1660/1351
f 2063/1673/1364 2048/1660/1351 2049/1674/1365
f 2064/1675/1366 2049/1674/1365 2050/1661/1352
f 2051/1662/1353 2064/1675/1366 2050/1661/1352
f 2052/1663/1354 2065/1676/1367 2051/1662/1353
f 2053/1664/1355 2066/1677/1368 2052/1663/1354
f 2054/1665/1356 2067/1678/1369 2053/1664/1355
f 2055/1666/1357 2068/1679/1370 2054/1665/1356
f 2056/1680/1371 2069/1681/1372 2055/1666/1357
f 2058/1667/1358 2071/1682/1373 2057/1683/1373
f 2059/1669/1360 2072/1684/1374 2058/1667/1358
f 2060/1670/1361 2073/1685/1375 2059/1669/1360
f 2061/1671/1362 2074/1686/1376 2060/1670/1361
f 2062/1672/1363 2075/1687/1377 2061/1671/1362
f 2063/1673/1364 2076/1688/1378 2062/1672/1363
f 2078/1689/1379 2063/1673/1364 2064/1675/1366
f 2079/1690/1380 2064/1675/1366 2065/1676/1367
f 2080/1691/1381 2065/1676/1367 2066/1677/1368
f 2081/1692/1382 2066/1677/1368 2067/1678/1369
f 2082/1693/1383 2067/1678/1369 2068/1679/1370
f 2083/1694/1384 2068/1679/1370 2069/1681/1372
f 2084/1695/1385 2069/1681/1372 2070/1696/1385
f 2086/1697/1386 2071/1682/1373 2072/1684/1374
f 2087/1698/1387 2072/1684/1374 2073/1685/1375
f 2074/1686/1376 2087/1698/1387 2073/1685/1375
f 2075/1687/1377 2088/1699/1388 2074/1686/1376
f 2090/1700/1389 2075/1687/1377 2076/1688/1378
f 2091/1701/1390 2076/1688/1378 2077/1702/1391
f 2092/1703/1392 2077/1702/1391 2078/1689/1379
f 2079/1690/1380 2092/1703/1392 2078/1689/1379
f 2094/1704/1393 2079/1690/1380 2080/1691/1381
f 2095/1705/1394 2080/1691/1381 2081/1692/1382
f 2096/1706/1395 2081/1692/1382 2082/1693/1383
f 2083/1694/1384 2096/1706/1395 2082/1693/1383
f 2098/1707/1396 2083/1694/1384 2084/1695/1385
f 2100/1708/1397 2085/1709/1398 2086/1697/1386
f 2101/1710/1399 2086/1697/1386 2087/1698/1387
f 2102/1711/1400 2087/1698/1387 2088/1699/1388
f 2103/1712/1401 2088/1699/1388 2089/1713/1402
f 2104/1714/1403 2089/1713/1402 2090/1700/1389
f 2105/1715/1404 2090/1700/1389 2091/1701/1390
f 2106/1716/1405 2091/1701/1390 2092/1703/1392
f 2107/1717/1406 2092/1703/1392 2093/1718/1407
f 2108/1719/1408 2093/1718/1407 2094/1704/1393
f 2109/1720/1409 2094/1704/1393 2095/1705/1394
f 2110/1721/1410 2095/1705/1394 2096/1706/1395
f 2111/1722/1411 2096/1706/1395 2097/1723/1412
f 2112/1724/1413 2097/1723/1412 2098/1707/1396
f 2114/1725/1414 2099/1726/1415 2100/1708/1397
f 2115/1727/1416 2100/1708/1397 2101/1710/1399
f 2116/1728/1417 2101/1710/1399 2102/1711/1400
f 2117/1729/1418 2102/1711/1400 2103/1712/1401
f 2118/1730/1419 2103/1712/1401 2104/1714/1403
f 2119/1731/1420 2104/1714/1403 2105/1715/1404
f 2120/1732/1421 2105/1715/1404 2106/1716/1405
f 2107/1717/1406 2120/1732/1421 2106/1716/1405
f 2108/1719/1408 2121/1733/1422 2107/1717/1406
f 2109/1720/1409 2122/1734/1423 2108/1719/1408
f 2110/1721/1410 2123/1735/1424 2109/1720/1409
f 2111/1722/1411 2124/1736/1425 2110/1721/1410
f 2112/1724/1413 2125/1737/1426 2111/1722/1411
f 700/1738/3 2113/1739/1427 2114/1725/1414
f 701/1740/6 2114/1725/1414 2115/1727/1416
f 702/1741/8 2115/1727/1416 2116/1728/1417
f 703/1742/10 2116/1728/1417 2117/1729/1418
f 704/1743/12 2117/1729/1418 2118/1730/1419
f 705/1744/14 2118/1730/1419 2119/1731/1420
f 706/1745/17 2119/1731/1420 2120/1732/1421
f 2121/1733/1422 706/1745/17 2120/1732/1421
f 2122/1734/1423 707/1746/19 2121/1733/1422
f 2123/1735/1424 708/1747/21 2122/1734/1423
f 2124/1736/1425 709/1748/23 2123/1735/1424
f 2125/1737/1426 710/1749/25 2124/1736/1425
f 2126/1750/1428 711/1751/27 2125/1737/1426
f 2142/1752/1429 2127/5/1430 2128/318/1431
f 2143/1753/1432 2128/318/1431 2129/320/1433
f 2144/1754/1434 2129/320/1433 2130/322/1435
f 2145/1755/1436 2130/322/1435 2131/324/1437
f 2146/1756/1438 2131/324/1437 2132/326/1439
f 2147/1757/1440 2132/326/1439 2133/328/1441
f 2148/1758/1442 2133/328/1441 2134/331/1443
f 2135/333/1444 2148/1758/1442 2134/331/1443
f 2136/335/1445 2149/1759/1446 2135/333/1444
f 2137/337/1447 2150/1760/1448 2136/335/1445
f 2138/339/1449 2151/1761/1450 2137/337/1447
f 2139/341/1451 2152/1762/1452 2138/339/1449
f 2140/343/1453 2153/1763/1454 2139/341/1451
f 2156/1764/1455 2141/1765/1430 2142/1752/1429
f 2157/1766/1456 2142/1752/1429 2143/1753/1432
f 2158/1767/1457 2143/1753/1432 2144/1754/1434
f 2159/1768/1458 2144/1754/1434 2145/1755/1436
f 2160/1769/1459 2145/1755/1436 2146/1756/1438
f 2161/1770/1460 2146/1756/1438 2147/1757/1440
f 2162/1771/1461 2147/1757/1440 2148/1758/1442
f 2149/1759/1446 2162/1771/1461 2148/1758/1442
f 2150/1760/1448 2163/1772/1462 2149/1759/1446
f 2151/1761/1450 2164/1773/1463 2150/1760/1448
f 2152/1762/1452 2165/1774/1464 2151/1761/1450
f 2153/1763/1454 2166/1775/1465 2152/1762/1452
f 2154/1776/1453 2167/1777/1466 2153/1763/1454
f 2156/1764/1455 2169/1778/1467 2155/1779/1467
f 2157/1766/1456 2170/1780/1468 2156/1764/1455
f 2158/1767/1457 2171/1781/1469 2157/1766/1456
f 2159/1768/1458 2172/1782/1470 2158/1767/1457
f 2160/1769/1459 2173/1783/1471 2159/1768/1458
f 2161/1770/1460 2174/1784/1472 2160/1769/1459
f 2176/1785/1473 2161/1770/1460 2162/1771/1461
f 2177/1786/1474 2162/1771/1461 2163/1772/1462
f 2178/1787/1475 2163/1772/1462 2164/1773/1463
f 2179/1788/1476 2164/1773/1463 2165/1774/1464
f 2180/1789/1477 2165/1774/1464 2166/1775/1465
f 2181/1790/1478 2166/1775/1465 2167/1777/1466
f 2182/1791/1479 2167/1777/1466 2168/1792/1479
f 2170/1780/1468 2183/106/1480 2169/1778/1467
f 2171/1781/1469 2184/1027/1481 2170/1780/1468
f 2172/1782/1470 2185/1029/1482 2171/1781/1469
f 2173/1783/1471 2186/1030/1483 2172/1782/1470
f 2174/1784/1472 2187/1031/1484 2173/1783/1471
f 2175/1793/1485 2188/1032/1486 2174/1784/1472
f 2190/1034/1487 2175/1793/1485 2176/1785/1473
f 2191/1035/1488 2176/1785/1473 2177/1786/1474
f 2192/1036/1489 2177/1786/1474 2178/1787/1475
f 2193/1037/1490 2178/1787/1475 2179/1788/1476
f 2194/1038/1491 2179/1788/1476 2180/1789/1477
f 2195/1040/1492 2180/1789/1477 2181/1790/1478
f 2196/1052/1493 2181/1790/1478 2182/1791/1479
f 2198/1794/1494 2183/106/1480 2184/1027/1481
f 2199/1795/1495 2184/1027/1481 2185/1029/1482
f 2200/1796/1496 2185/1029/1482 2186/1030/1483
f 2201/1797/1497 2186/1030/1483 2187/1031/1484
f 2202/1798/1498 2187/1031/1484 2188/1032/1486
f 2203/1799/1499 2188/1032/1486 2189/1033/1500
f 2204/1800/1501 2189/1033/1500 2190/1034/1487
f 2191/1035/1488 2204/1800/1501 2190/1034/1487
f 2192/1036/1489 2205/1801/1502 2191/1035/1488
f 2193/1037/1490 2206/1802/1503 2192/1036/1489
f 2194/1038/1491 2207/1803/1504 2193/1037/1490
f 2195/1040/1492 2208/1804/1505 2194/1038/1491
f 2196/1052/1493 2209/1805/1506 2195/1040/1492
f 2212/1806/1507 2197/1807/1508 2198/1794/1494
f 2213/1808/1509 2198/1794/1494 2199/1795/1495
f 2214/1809/1510 2199/1795/1495 2200/1796/1496
f 2215/1810/1511 2200/1796/1496 2201/1797/1497
f 2216/1811/1512 2201/1797/1497 2202/1798/1498
f 2217/1812/1513 2202/1798/1498 2203/1799/1499
f 2218/1813/1514 2203/1799/1499 2204/1800/1501
f 2205/1801/1502 2218/1813/1514 2204/1800/1501
f 2206/1802/1503 2219/1814/1515 2205/1801/1502
f 2207/1803/1504 2220/1815/1516 2206/1802/1503
f 2208/1804/1505 2221/1816/1517 2207/1803/1504
f 2209/1805/1506 2222/1817/1518 2208/1804/1505
f 2210/1818/1519 2223/1819/1520 2209/1805/1506
f 2212/1806/1507 2225/1820/1521 2211/1821/1522
f 2213/1808/1509 2226/1822/1523 2212/1806/1507
f 2214/1809/1510 2227/1823/1524 2213/1808/1509
f 2215/1810/1511 2228/1824/1525 2214/1809/1510
f 2216/1811/1512 2229/1825/1526 2215/1810/1511
f 2217/1812/1513 2230/1826/1527 2216/1811/1512
f 2232/1827/1528 2217/1812/1513 2218/1813/1514
f 2233/1828/1529 2218/1813/1514 2219/1814/1515
f 2234/1829/1530 2219/1814/1515 2220/1815/1516
f 2235/1830/1531 2220/1815/1516 2221/1816/1517
f 2236/1831/1532 2221/1816/1517 2222/1817/1518
f 2237/1832/1533 2222/1817/1518 2223/1819/1520
f 2238/1833/1534 2223/1819/1520 2224/1834/1535
f 2128/1738/1431 2225/1820/1521 2226/1822/1523
f 2129/1740/1433 2226/1822/1523 2227/1823/1524
f 2130/1741/1435 2227/1823/1524 2228/1824/1525
f 2131/1742/1437 2228/1824/1525 2229/1825/1526
f 2132/1743/1439 2229/1825/1526 2230/1826/1527
f 2133/1744/1441 2230/1826/1527 2231/1835/1536
f 2134/1745/1443 2231/1835/1536 2232/1827/1528
f 2233/1828/1529 2134/1745/1443 2232/1827/1528
f 2234/1829/1530 2135/1746/1444 2233/1828/1529
f 2235/1830/1531 2136/1747/1445 2234/1829/1530
f 2236/1831/1532 2137/1748/1447 2235/1830/1531
f 2237/1832/1533 2138/1749/1449 2236/1831/1532
f 2238/1833/1534 2139/1751/1451 2237/1832/1533
f 2254/790/1537 2239/5/1538 2240/318/1539
f 2255/792/1540 2240/318/1539 2241/320/1541
f 2256/793/1542 2241/320/1541 2242/322/1543
f 2257/794/1544 2242/322/1543 2243/324/1545
f 2258/795/1546 2243/324/1545 2244/326/1547
f 2259/796/1548 2244/326/1547 2245/328/1549
f 2260/797/1550 2245/328/1549 2246/331/1551
f 2247/333/1552 2260/797/1550 2246/331/1551
f 2248/335/1553 2261/798/1554 2247/333/1552
f 2249/337/1555 2262/799/1556 2248/335/1553
f 2250/339/1557 2263/800/1558 2249/337/1555
f 2251/341/1559 2264/801/1560 2250/339/1557
f 2252/343/1561 2265/803/1562 2251/341/1559
f 2254/790/1537 2267/50/1563 2253/74/1564
f 2255/792/1540 2268/1264/1565 2254/790/1537
f 2256/793/1542 2269/1266/1566 2255/792/1540
f 2257/794/1544 2270/1267/1567 2256/793/1542
f 2258/795/1546 2271/1268/1568 2257/794/1544
f 2259/796/1548 2272/1269/1569 2258/795/1546
f 2274/1271/1570 2259/796/1548 2260/797/1550
f 2275/1272/1571 2260/797/1550 2261/798/1554
f 2276/1273/1572 2261/798/1554 2262/799/1556
f 2277/1274/1573 2262/799/1556 2263/800/1558
f 2278/1275/1574 2263/800/1558 2264/801/1560
f 2279/1277/1575 2264/801/1560 2265/803/1562
f 2280/1289/1576 2265/803/1562 2266/815/1577
f 2240/1738/1539 2267/50/1563 2268/1264/1565
f 2241/1740/1541 2268/1264/1565 2269/1266/1566
f 2242/1741/1543 2269/1266/1566 2270/1267/1567
f 2243/1742/1545 2270/1267/1567 2271/1268/1568
f 2244/1743/1547 2271/1268/1568 2272/1269/1569
f 2245/1744/1549 2272/1269/1569 2273/1270/1578
f 2246/1745/1551 2273/1270/1578 2274/1271/1570
f 2275/1272/1571 2246/1745/1551 2274/1271/1570
f 2276/1273/1572 2247/1746/1552 2275/1272/1571
f 2277/1274/1573 2248/1747/1553 2276/1273/1572
f 2278/1275/1574 2249/1748/1555 2277/1274/1573
f 2279/1277/1575 2250/1749/1557 2278/1275/1574
f 2280/1289/1576 2251/1751/1559 2279/1277/1575
f 2296/1836/1579 2281/5/1373 2282/318/1374
f 2297/1837/1580 2282/318/1374 2283/320/1375
f 2298/1838/1581 2283/320/1375 2284/322/1376
f 2299/1839/1582 2284/322/1376 2285/324/1377
f 2300/1840/1583 2285/324/1377 2286/326/1378
f 2301/1841/1584 2286/326/1378 2287/328/1391
f 2302/1842/1585 2287/328/1391 2288/331/1586
f 2289/333/1380 2302/1842/1585 2288/331/1586
f 2290/335/1381 2303/1843/1587 2289/333/1380
f 2291/337/1382 2304/1844/1588 2290/335/1381
f 2292/339/1383 2305/1845/1589 2291/337/1382
f 2293/341/1384 2306/1846/1590 2292/339/1383
f 2294/343/1385 2307/1847/1591 2293/341/1384
f 2310/1848/1592 2295/1849/1373 2296/1836/1579
f 2311/1850/1593 2296/1836/1579 2297/1837/1580
f 2312/1851/1594 2297/1837/1580 2298/1838/1581
f 2313/1852/1595 2298/1838/1581 2299/1839/1582
f 2314/1853/1596 2299/1839/1582 2300/1840/1583
f 2315/1854/1597 2300/1840/1583 2301/1841/1584
f 2316/1855/1598 2301/1841/1584 2302/1842/1585
f 2303/1843/1587 2316/1855/1598 2302/1842/1585
f 2304/1844/1588 2317/1856/1599 2303/1843/1587
f 2305/1845/1589 2318/1857/1600 2304/1844/1588
f 2306/1846/1590 2319/1858/1601 2305/1845/1589
f 2307/1847/1591 2320/1859/1602 2306/1846/1590
f 2308/1860/1385 2321/1861/1603 2307/1847/1591
f 2310/1848/1592 2323/193/1604 2309/1862/1604
f 2311/1850/1593 2324/1863/1605 2310/1848/1592
f 2312/1851/1594 2325/1864/1606 2311/1850/1593
f 2313/1852/1595 2326/1865/1607 2312/1851/1594
f 2314/1853/1596 2327/1866/1608 2313/1852/1595
f 2315/1854/1597 2328/1867/1609 2314/1853/1596
f 2330/1868/1610 2315/1854/1597 2316/1855/1598
f 2331/1869/1611 2316/1855/1598 2317/1856/1599
f 2332/1870/1612 2317/1856/1599 2318/1857/1600
f 2333/1871/1613 2318/1857/1600 2319/1858/1601
f 2334/1872/1614 2319/1858/1601 2320/1859/1602
f 2335/1873/1615 2320/1859/1602 2321/1861/1603
f 2336/1874/1616 2321/1861/1603 2322/1875/1616
f 2338/1876/1617 2323/193/1604 2324/1863/1605
f 2339/1877/1618 2324/1863/1605 2325/1864/1606
f 2340/1878/1619 2325/1864/1606 2326/1865/1607
f 2341/1879/1620 2326/1865/1607 2327/1866/1608
f 2342/1880/1621 2327/1866/1608 2328/1867/1609
f 2343/1881/1622 2328/1867/1609 2329/1882/1623
f 2344/1883/1624 2329/1882/1623 2330/1868/1610
f 2345/1884/1625 2330/1868/1610 2331/1869/1611
f 2346/1885/1626 2331/1869/1611 2332/1870/1612
f 2347/1886/1627 2332/1870/1612 2333/1871/1613
f 2348/1887/1628 2333/1871/1613 2334/1872/1614
f 2349/1888/1629 2334/1872/1614 2335/1873/1615
f 2350/1889/1630 2335/1873/1615 2336/1874/1616
f 2352/790/1631 2337/1890/1632 2338/1876/1617
f 2353/792/1633 2338/1876/1617 2339/1877/1618
f 2354/793/1634 2339/1877/1618 2340/1878/1619
f 2355/794/1635 2340/1878/1619 2341/1879/1620
f 2356/795/1636 2341/1879/1620 2342/1880/1621
f 2357/796/1637 2342/1880/1621 2343/1881/1622
f 2358/797/1638 2343/1881/1622 2344/1883/1624
f 2345/1884/1625 2358/797/1638 2344/1883/1624
f 2346/1885/1626 2359/798/1639 2345/1884/1625
f 2347/1886/1627 2360/799/1640 2346/1885/1626
f 2348/1887/1628 2361/800/1641 2347/1886/1627
f 2349/1888/1629 2362/801/1642 2348/1887/1628
f 2350/1889/1630 2363/803/1643 2349/1888/1629
f 2352/790/1631 2365/140/1644 2351/74/1632
f 2353/792/1633 2366/1891/1645 2352/790/1631
f 2354/793/1634 2367/1892/1646 2353/792/1633
f 2355/794/1635 2368/1893/1647 2354/793/1634
f 2356/795/1636 2369/1894/1648 2355/794/1635
f 2357/796/1637 2370/1895/1649 2356/795/1636
f 2372/1896/1650 2357/796/1637 2358/797/1638
f 2373/1897/1651 2358/797/1638 2359/798/1639
f 2374/1898/1652 2359/798/1639 2360/799/1640
f 2375/1899/1653 2360/799/1640 2361/800/1641
f 2376/1900/1654 2361/800/1641 2362/801/1642
f 2377/1901/1655 2362/801/1642 2363/803/1643
f 2378/1902/1656 2363/803/1643 2364/815/1630
f 2366/1891/1645 2379/1903/1644 2365/140/1644
f 2367/1892/1646 2380/1904/1657 2366/1891/1645
f 2368/1893/1647 2381/1905/1658 2367/1892/1646
f 2369/1894/1648 2382/1906/1659 2368/1893/1647
f 2370/1895/1649 2383/1907/1660 2369/1894/1648
f 2371/1908/1661 2384/1909/1662 2370/1895/1649
f 2386/1910/1663 2371/1908/1661 2372/1896/1650
f 2387/1911/1664 2372/1896/1650 2373/1897/1651
f 2388/1912/1665 2373/1897/1651 2374/1898/1652
f 2389/1913/1666 2374/1898/1652 2375/1899/1653
f 2390/1914/1667 2375/1899/1653 2376/1900/1654
f 2391/1915/1668 2376/1900/1654 2377/1901/1655
f 2392/1916/1656 2377/1901/1655 2378/1902/1656
f 2394/1917/1374 2379/1903/1644 2380/1904/1657
f 2395/1918/1375 2380/1904/1657 2381/1905/1658
f 2396/1919/1376 2381/1905/1658 2382/1906/1659
f 2397/1920/1377 2382/1906/1659 2383/1907/1660
f 2398/1921/1378 2383/1907/1660 2384/1909/1662
f 2399/1922/1391 2384/1909/1662 2385/1923/1669
f 2400/1924/1586 2385/1923/1669 2386/1910/1663
f 2401/1925/1380 2386/1910/1663 2387/1911/1664
f 2402/1926/1381 2387/1911/1664 2388/1912/1665
f 2403/1927/1382 2388/1912/1665 2389/1913/1666
f 2404/1928/1383 2389/1913/1666 2390/1914/1667
f 2405/1929/1384 2390/1914/1667 2391/1915/1668
f 2406/1930/1385 2391/1915/1668 2392/1916/1656
f 2408/1931/1386 2393/1932/1373 2394/1917/1374
f 2409/1933/1387 2394/1917/1374 2395/1918/1375
f 2410/1934/1388 2395/1918/1375 2396/1919/1376
f 2411/1935/1402 2396/1919/1376 2397/1920/1377
f 2412/1936/1389 2397/1920/1377 2398/1921/1378
f 2413/1937/1390 2398/1921/1378 2399/1922/1391
f 2414/1938/1392 2399/1922/1391 2400/1924/1586
f 2415/1939/1407 2400/1924/1586 2401/1925/1380
f 2416/1940/1393 2401/1925/1380 2402/1926/1381
f 2417/1941/1394 2402/1926/1381 2403/1927/1382
f 2418/1942/1395 2403/1927/1382 2404/1928/1383
f 2419/1943/1412 2404/1928/1383 2405/1929/1384
f 2420/1944/1396 2405/1929/1384 2406/1930/1385
f 2422/1264/1670 2407/162/1398 2408/1931/1386
f 2423/1266/1671 2408/1931/1386 2409/1933/1387
f 2424/1267/1672 2409/1933/1387 2410/1934/1388
f 2425/1268/1673 2410/1934/1388 2411/1935/1402
f 2426/1269/1674 2411/1935/1402 2412/1936/1389
f 2427/1270/1675 2412/1936/1389 2413/1937/1390
f 2428/1271/1676 2413/1937/1390 2414/1938/1392
f 2415/1939/1407 2428/1271/1676 2414/1938/1392
f 2416/1940/1393 2429/1272/1677 2415/1939/1407
f 2417/1941/1394 2430/1273/1678 2416/1940/1393
f 2418/1942/1395 2431/1274/1679 2417/1941/1394
f 2419/1943/1412 2432/1275/1680 2418/1942/1395
f 2420/1944/1396 2433/1277/1681 2419/1943/1412
f 2436/1945/1682 2421/50/1683 2422/1264/1670
f 2437/1946/1684 2422/1264/1670 2423/1266/1671
f 2438/1947/1685 2423/1266/1671 2424/1267/1672
f 2439/1948/1686 2424/1267/1672 2425/1268/1673
f 2440/1949/1687 2425/1268/1673 2426/1269/1674
f 2441/1950/1688 2426/1269/1674 2427/1270/1675
f 2442/1951/1689 2427/1270/1675 2428/1271/1676
f 2429/1272/1677 2442/1951/1689 2428/1271/1676
f 2430/1273/1678 2443/1952/1690 2429/1272/1677
f 2431/1274/1679 2444/1953/1691 2430/1273/1678
f 2432/1275/1680 2445/1954/1692 2431/1274/1679
f 2433/1277/1681 2446/1955/1693 2432/1275/1680
f 2434/1289/1694 2447/1956/1695 2433/1277/1681
f 2436/1945/1682 2449/132/1696 2435/1957/1697
f 2437/1946/1684 2450/1958/1698 2436/1945/1682
f 2438/1947/1685 2451/1959/1699 2437/1946/1684
f 2439/1948/1686 2452/1960/1700 2438/1947/1685
f 2440/1949/1687 2453/1961/1701 2439/1948/1686
f 2441/1950/1688 2454/1962/1702 2440/1949/1687
f 2456/1963/1703 2441/1950/1688 2442/1951/1689
f 2457/1964/1704 2442/1951/1689 2443/1952/1690
f 2458/1965/1705 2443/1952/1690 2444/1953/1691
f 2459/1966/1706 2444/1953/1691 2445/1954/1692
f 2460/1967/1707 2445/1954/1692 2446/1955/1693
f 2461/1968/1708 2446/1955/1693 2447/1956/1695
f 2462/1969/1709 2447/1956/1695 2448/1970/1710
f 2450/1958/1698 2463/1971/1415 2449/132/1696
f 2451/1959/1699 2464/1972/1397 2450/1958/1698
f 2452/1960/1700 2465/1973/1399 2451/1959/1699
f 2453/1961/1701 2466/1974/1400 2452/1960/1700
f 2454/1962/1702 2467/1975/1401 2453/1961/1701
f 2455/1976/1711 2468/1977/1403 2454/1962/1702
f 2470/1978/1712 2455/1976/1711 2456/1963/1703
f 2471/1979/1406 2456/1963/1703 2457/1964/1704
f 2472/1980/1408 2457/1964/1704 2458/1965/1705
f 2473/1981/1409 2458/1965/1705 2459/1966/1706
f 2474/1982/1410 2459/1966/1706 2460/1967/1707
f 2475/1983/1411 2460/1967/1707 2461/1968/1708
f 2476/1984/1413 2461/1968/1708 2462/1969/1709
f 2478/1985/1657 2463/1971/1415 2464/1972/1397
f 2479/1986/1658 2464/1972/1397 2465/1973/1399
f 2480/1987/1659 2465/1973/1399 2466/1974/1400
f 2481/1988/1660 2466/1974/1400 2467/1975/1401
f 2482/1989/1662 2467/1975/1401 2468/1977/1403
f 2483/1990/1669 2468/1977/1403 2469/1991/1713
f 2484/1992/1663 2469/1991/1713 2470/1978/1712
f 2485/1993/1664 2470/1978/1712 2471/1979/1406
f 2486/1994/1665 2471/1979/1406 2472/1980/1408
f 2487/1995/1666 2472/1980/1408 2473/1981/1409
f 2488/1996/1667 2473/1981/1409 2474/1982/1410
f 2489/1997/1668 2474/1982/1410 2475/1983/1411
f 2490/1998/1656 2475/1983/1411 2476/1984/1413
f 2282/1738/1374 2477/1999/1644 2478/1985/1657
f 2283/1740/1375 2478/1985/1657 2479/1986/1658
f 2284/1741/1376 2479/1986/1658 2480/1987/1659
f 2285/1742/1377 2480/1987/1659 2481/1988/1660
f 2286/1743/1378 2481/1988/1660 2482/1989/1662
f 2287/1744/1391 2482/1989/1662 2483/1990/1669
f 2288/1745/1586 2483/1990/1669 2484/1992/1663
f 2289/1746/1380 2484/1992/1663 2485/1993/1664
f 2290/1747/1381 2485/1993/1664 2486/1994/1665
f 2291/1748/1382 2486/1994/1665 2487/1995/1666
f 2292/1749/1383 2487/1995/1666 2488/1996/1667
f 2293/1751/1384 2488/1996/1667 2489/1997/1668
f 2294/2000/1385 2489/1997/1668 2490/1998/1656
f 2506/2001/1714 2491/5/1644 2492/318/1715
f 2507/2002/1716 2492/318/1715 2493/320/1717
f 2508/2003/1718 2493/320/1717 2494/322/1719
f 2495/324/1720 2508/2003/1718 2494/322/1719
f 2510/2004/1721 2495/324/1720 2496/326/1722
f 2511/2005/1723 2496/326/1722 2497/328/1724
f 2512/2006/1725 2497/328/1724 2498/331/1726
f 2513/2007/1727 2498/331/1726 2499/333/1728
f 2500/335/1729 2513/2007/1727 2499/333/1728
f 2515/2008/1730 2500/335/1729 2501/337/1731
f 2502/339/1732 2515/2008/1730 2501/337/1731
f 2517/2009/1733 2502/339/1732 2503/341/1734
f 2518/2010/1413 2503/341/1734 2504/343/1656
f 2506/2001/1714 2519/105/1415 2505/2011/1415
f 2507/2002/1716 2520/554/1397 2506/2001/1714
f 2508/2003/1718 2521/555/1399 2507/2002/1716
f 2509/2012/1735 2522/556/1400 2508/2003/1718
f 2510/2004/1721 2523/557/1401 2509/2012/1735
f 2511/2005/1723 2524/559/1403 2510/2004/1721
f 2526/560/1712 2511/2005/1723 2512/2006/1725
f 2527/561/1406 2512/2006/1725 2513/2007/1727
f 2528/562/1408 2513/2007/1727 2514/2013/1736
f 2529/563/1409 2514/2013/1736 2515/2008/1730
f 2530/564/1410 2515/2008/1730 2516/2014/1737
f 2531/565/1411 2516/2014/1737 2517/2009/1733
f 2532/566/1413 2517/2009/1733 2518/2010/1413
f 2534/1764/1657 2519/105/1415 2520/554/1397
f 2535/1766/1658 2520/554/1397 2521/555/1399
f 2536/1767/1659 2521/555/1399 2522/556/1400
f 2537/1768/1660 2522/556/1400 2523/557/1401
f 2538/1769/1662 2523/557/1401 2524/559/1403
f 2539/1770/1669 2524/559/1403 2525/572/1713
f 2540/1771/1663 2525/572/1713 2526/560/1712
f 2541/1772/1664 2526/560/1712 2527/561/1406
f 2542/1773/1665 2527/561/1406 2528/562/1408
f 2543/1774/1666 2528/562/1408 2529/563/1409
f 2544/1775/1667 2529/563/1409 2530/564/1410
f 2545/1777/1668 2530/564/1410 2531/565/1411
f 2546/1792/1656 2531/565/1411 2532/566/1413
f 2548/790/1715 2533/1779/1644 2534/1764/1657
f 2549/792/1717 2534/1764/1657 2535/1766/1658
f 2550/793/1719 2535/1766/1658 2536/1767/1659
f 2551/794/1720 2536/1767/1659 2537/1768/1660
f 2552/795/1722 2537/1768/1660 2538/1769/1662
f 2553/796/1724 2538/1769/1662 2539/1770/1669
f 2554/797/1726 2539/1770/1669 2540/1771/1663
f 2541/1772/1664 2554/797/1726 2540/1771/1663
f 2542/1773/1665 2555/798/1728 2541/1772/1664
f 2543/1774/1666 2556/799/1729 2542/1773/1665
f 2544/1775/1667 2557/800/1731 2543/1774/1666
f 2545/1777/1668 2558/801/1732 2544/1775/1667
f 2546/1792/1656 2559/803/1734 2545/1777/1668
f 2562/2015/1714 2547/74/1644 2548/790/1715
f 2563/2016/1716 2548/790/1715 2549/792/1717
f 2550/793/1719 2563/2016/1716 2549/792/1717
f 2565/2017/1735 2550/793/1719 2551/794/1720
f 2566/2018/1738 2551/794/1720 2552/795/1722
f 2567/2019/1723 2552/795/1722 2553/796/1724
f 2568/2020/1725 2553/796/1724 2554/797/1726
f 2569/2021/1739 2554/797/1726 2555/798/1728
f 2570/2022/1736 2555/798/1728 2556/799/1729
f 2571/2023/1730 2556/799/1729 2557/800/1731
f 2572/2024/1737 2557/800/1731 2558/801/1732
f 2559/803/1734 2572/2024/1737 2558/801/1732
f 2574/2025/1413 2559/803/1734 2560/815/1656
f 2562/2015/1714 2575/106/1415 2561/2026/1415
f 2563/2016/1716 2576/1027/1397 2562/2015/1714
f 2564/2027/1718 2577/1029/1399 2563/2016/1716
f 2565/2017/1735 2578/1030/1400 2564/2027/1718
f 2566/2018/1738 2579/1031/1401 2565/2017/1735
f 2567/2019/1723 2580/1032/1403 2566/2018/1738
f 2582/1034/1712 2567/2019/1723 2568/2020/1725
f 2583/1035/1406 2568/2020/1725 2569/2021/1739
f 2584/1036/1408 2569/2021/1739 2570/2022/1736
f 2585/1037/1409 2570/2022/1736 2571/2023/1730
f 2586/1038/1410 2571/2023/1730 2572/2024/1737
f 2587/1040/1411 2572/2024/1737 2573/2028/1733
f 2588/1052/1413 2573/2028/1733 2574/2025/1413
f 2590/2029/1657 2575/106/1415 2576/1027/1397
f 2591/2030/1658 2576/1027/1397 2577/1029/1399
f 2592/2031/1659 2577/1029/1399 2578/1030/1400
f 2593/2032/1660 2578/1030/1400 2579/1031/1401
f 2580/1032/1403 2593/2032/1660 2579/1031/1401
f 2595/2033/1669 2580/1032/1403 2581/1033/1713
f 2596/2034/1663 2581/1033/1713 2582/1034/1712
f 2597/2035/1664 2582/1034/1712 2583/1035/1406
f 2598/2036/1665 2583/1035/1406 2584/1036/1408
f 2599/2037/1666 2584/1036/1408 2585/1037/1409
f 2600/2038/1667 2585/1037/1409 2586/1038/1410
f 2601/2039/1668 2586/1038/1410 2587/1040/1411
f 2602/2040/1656 2587/1040/1411 2588/1052/1413
f 2604/1264/1374 2589/2041/1644 2590/2029/1657
f 2605/1266/1375 2590/2029/1657 2591/2030/1658
f 2606/1267/1376 2591/2030/1658 2592/2031/1659
f 2593/2032/1660 2606/1267/1376 2592/2031/1659
f 2608/1269/1378 2593/2032/1660 2594/2042/1662
f 2609/1270/1391 2594/2042/1662 2595/2033/1669
f 2610/1271/1586 2595/2033/1669 2596/2034/1663
f 2611/1272/1380 2596/2034/1663 2597/2035/1664
f 2598/2036/1665 2611/1272/1380 2597/2035/1664
f 2613/1274/1382 2598/2036/1665 2599/2037/1666
f 2600/2038/1667 2613/1274/1382 2599/2037/1666
f 2615/1277/1384 2600/2038/1667 2601/2039/1668
f 2616/1289/1385 2601/2039/1668 2602/2040/1656
f 2618/1806/1386 2603/50/1373 2604/1264/1374
f 2619/1808/1740 2604/1264/1374 2605/1266/1375
f 2620/1809/1388 2605/1266/1375 2606/1267/1376
f 2621/1810/1402 2606/1267/1376 2607/1268/1377
f 2622/1811/1389 2607/1268/1377 2608/1269/1378
f 2623/1812/1390 2608/1269/1378 2609/1270/1391
f 2624/1813/1392 2609/1270/1391 2610/1271/1586
f 2625/1814/1407 2610/1271/1586 2611/1272/1380
f 2626/1815/1393 2611/1272/1380 2612/1273/1381
f 2627/1816/1394 2612/1273/1381 2613/1274/1382
f 2628/1817/1395 2613/1274/1382 2614/1275/1383
f 2629/1819/1412 2614/1275/1383 2615/1277/1384
f 2630/1834/1396 2615/1277/1384 2616/1289/1385
f 2632/1502/1397 2617/1821/1398 2618/1806/1386
f 2633/1503/1399 2618/1806/1386 2619/1808/1740
f 2620/1809/1388 2633/1503/1399 2619/1808/1740
f 2635/1505/1401 2620/1809/1388 2621/1810/1402
f 2622/1811/1389 2635/1505/1401 2621/1810/1402
f 2637/1520/1713 2622/1811/1389 2623/1812/1390
f 2638/1508/1712 2623/1812/1390 2624/1813/1392
f 2639/1509/1406 2624/1813/1392 2625/1814/1407
f 2640/1510/1408 2625/1814/1407 2626/1815/1393
f 2627/1816/1394 2640/1510/1408 2626/1815/1393
f 2642/1512/1410 2627/1816/1394 2628/1817/1395
f 2643/1513/1411 2628/1817/1395 2629/1819/1412
f 2644/1514/1413 2629/1819/1412 2630/1834/1396
f 2646/2043/1657 2631/107/1415 2632/1502/1397
f 2647/2044/1658 2632/1502/1397 2633/1503/1399
f 2648/2045/1659 2633/1503/1399 2634/1504/1400
f 2649/2046/1660 2634/1504/1400 2635/1505/1401
f 2650/2047/1662 2635/1505/1401 2636/1507/1403
f 2651/2048/1669 2636/1507/1403 2637/1520/1713
f 2652/2049/1663 2637/1520/1713 2638/1508/1712
f 2653/2050/1664 2638/1508/1712 2639/1509/1406
f 2654/2051/1665 2639/1509/1406 2640/1510/1408
f 2655/2052/1666 2640/1510/1408 2641/1511/1409
f 2656/2053/1667 2641/1511/1409 2642/1512/1410
f 2657/2054/1668 2642/1512/1410 2643/1513/1411
f 2658/2055/1656 2643/1513/1411 2644/1514/1413
f 2492/1738/1715 2645/2056/1644 2646/2043/1657
f 2493/1740/1717 2646/2043/1657 2647/2044/1658
f 2494/1741/1719 2647/2044/1658 2648/2045/1659
f 2495/1742/1720 2648/2045/1659 2649/2046/1660
f 2496/1743/1722 2649/2046/1660 2650/2047/1662
f 2497/1744/1724 2650/2047/1662 2651/2048/1669
f 2498/1745/1726 2651/2048/1669 2652/2049/1663
f 2653/2050/1664 2498/1745/1726 2652/2049/1663
f 2654/2051/1665 2499/1746/1728 2653/2050/1664
f 2655/2052/1666 2500/1747/1729 2654/2051/1665
f 2656/2053/1667 2501/1748/1731 2655/2052/1666
f 2657/2054/1668 2502/1749/1732 2656/2053/1667
f 2658/2055/1656 2503/1751/1734 2657/2054/1668
f 2660/318/1741 2673/2057/1742 2659/5/1743
f 2661/320/1744 2674/2058/1745 2660/318/1741
f 2662/322/1746 2675/2059/1747 2661/320/1744
f 2663/324/1748 2676/2060/1749 2662/322/1746
f 2664/326/1750 2677/2061/1751 2663/324/1748
f 2665/328/1752 2678/2062/1753 2664/326/1750
f 2680/2063/1754 2665/328/1752 2666/331/1755
f 2681/2064/1756 2666/331/1755 2667/333/1757
f 2682/2065/1758 2667/333/1757 2668/335/1759
f 2683/2066/1760 2668/335/1759 2669/337/1761
f 2684/2067/1762 2669/337/1761 2670/339/1763
f 2685/2068/1764 2670/339/1763 2671/341/1765
f 2686/2069/1766 2671/341/1765 2672/343/1767
f 2674/2058/1745 2687/2070/1768 2673/2057/1742
f 2675/2059/1747 2688/2071/1769 2674/2058/1745
f 2676/2060/1749 2689/2072/1770 2675/2059/1747
f 2677/2061/1751 2690/2073/1771 2676/2060/1749
f 2678/2062/1753 2691/2074/1772 2677/2061/1751
f 2679/2075/1773 2692/2076/1774 2678/2062/1753
f 2694/2077/1775 2679/2075/1773 2680/2063/1754
f 2695/2078/1776 2680/2063/1754 2681/2064/1756
f 2696/2079/1777 2681/2064/1756 2682/2065/1758
f 2697/2080/1778 2682/2065/1758 2683/2066/1760
f 2698/2081/1779 2683/2066/1760 2684/2067/1762
f 2699/2082/1780 2684/2067/1762 2685/2068/1764
f 2700/2083/1781 2685/2068/1764 2686/2069/1766
f 2688/2071/1769 2701/2084/1782 2687/2070/1768
f 2689/2072/1770 2702/2085/1783 2688/2071/1769
f 2690/2073/1771 2703/2086/1784 2689/2072/1770
f 2691/2074/1772 2704/2087/1785 2690/2073/1771
f 2692/2076/1774 2705/2088/1786 2691/2074/1772
f 2693/2089/1787 2706/2090/1788 2692/2076/1774
f 2708/2091/1789 2693/2089/1787 2694/2077/1775
f 2709/2092/1790 2694/2077/1775 2695/2078/1776
f 2710/2093/1791 2695/2078/1776 2696/2079/1777
f 2711/2094/1792 2696/2079/1777 2697/2080/1778
f 2712/2095/1793 2697/2080/1778 2698/2081/1779
f 2713/2096/1794 2698/2081/1779 2699/2082/1780
f 2714/2097/1795 2699/2082/1780 2700/2083/1781
f 2702/2085/1783 2715/2011/1796 2701/2084/1782
f 2703/2086/1784 2716/2001/1797 2702/2085/1783
f 2704/2087/1785 2717/2002/1798 2703/2086/1784
f 2705/2088/1786 2718/2003/1799 2704/2087/1785
f 2706/2090/1788 2719/2012/1800 2705/2088/1786
f 2707/2098/1801 2720/2004/1802 2706/2090/1788
f 2722/2006/1803 2707/2098/1801 2708/2091/1789
f 2723/2007/1804 2708/2091/1789 2709/2092/1790
f 2724/2013/1805 2709/2092/1790 2710/2093/1791
f 2725/2008/1806 2710/2093/1791 2711/2094/1792
f 2726/2014/1807 2711/2094/1792 2712/2095/1793
f 2727/2009/1808 2712/2095/1793 2713/2096/1794
f 2728/2010/1809 2713/2096/1794 2714/2097/1795
f 2730/2099/1810 2715/2011/1796 2716/2001/1797
f 2731/2100/1811 2716/2001/1797 2717/2002/1798
f 2732/2101/1812 2717/2002/1798 2718/2003/1799
f 2733/2102/1813 2718/2003/1799 2719/2012/1800
f 2734/2103/1814 2719/2012/1800 2720/2004/1802
f 2735/2104/1815 2720/2004/1802 2721/2005/1816
f 2736/2105/1817 2721/2005/1816 2722/2006/1803
f 2723/2007/1804 2736/2105/1817 2722/2006/1803
f 2724/2013/1805 2737/2106/1818 2723/2007/1804
f 2725/2008/1806 2738/2107/1819 2724/2013/1805
f 2726/2014/1807 2739/2108/1820 2725/2008/1806
f 2727/2009/1808 2740/2109/1821 2726/2014/1807
f 2728/2010/1809 2741/2110/1822 2727/2009/1808
f 2744/1752/1823 2729/2111/1824 2730/2099/1810
f 2745/1753/1825 2730/2099/1810 2731/2100/1811
f 2746/1754/1826 2731/2100/1811 2732/2101/1812
f 2747/1755/1827 2732/2101/1812 2733/2102/1813
f 2748/1756/1828 2733/2102/1813 2734/2103/1814
f 2749/1757/1829 2734/2103/1814 2735/2104/1815
f 2750/1758/1830 2735/2104/1815 2736/2105/1817
f 2737/2106/1818 2750/1758/1830 2736/2105/1817
f 2738/2107/1819 2751/1759/1831 2737/2106/1818
f 2739/2108/1820 2752/1760/1832 2738/2107/1819
f 2740/2109/1821 2753/1761/1833 2739/2108/1820
f 2741/2110/1822 2754/1762/1834 2740/2109/1821
f 2742/2112/1835 2755/1763/1836 2741/2110/1822
f 2758/2113/1837 2743/1765/1838 2744/1752/1823
f 2759/2114/1839 2744/1752/1823 2745/1753/1825
f 2760/2115/1840 2745/1753/1825 2746/1754/1826
f 2761/2116/1841 2746/1754/1826 2747/1755/1827
f 2762/2117/1842 2747/1755/1827 2748/1756/1828
f 2763/2118/1843 2748/1756/1828 2749/1757/1829
f 2764/2119/1844 2749/1757/1829 2750/1758/1830
f 2751/1759/1831 2764/2119/1844 2750/1758/1830
f 2752/1760/1832 2765/2120/1845 2751/1759/1831
f 2753/1761/1833 2766/2121/1846 2752/1760/1832
f 2754/1762/1834 2767/2122/1847 2753/1761/1833
f 2755/1763/1836 2768/2123/1848 2754/1762/1834
f 2756/1776/1849 2769/2124/1850 2755/1763/1836
f 2772/554/1851 2757/2125/1852 2758/2113/1837
f 2773/555/1853 2758/2113/1837 2759/2114/1839
f 2774/556/1854 2759/2114/1839 2760/2115/1840
f 2775/557/1855 2760/2115/1840 2761/2116/1841
f 2776/559/1856 2761/2116/1841 2762/2117/1842
f 2777/572/1857 2762/2117/1842 2763/2118/1843
f 2778/560/1858 2763/2118/1843 2764/2119/1844
f 2765/2120/1845 2778/560/1858 2764/2119/1844
f 2766/2121/1846 2779/561/1859 2765/2120/1845
f 2767/2122/1847 2780/562/1860 2766/2121/1846
f 2768/2123/1848 2781/563/1861 2767/2122/1847
f 2769/2124/1850 2782/564/1862 2768/2123/1848
f 2770/2126/1863 2783/565/1864 2769/2124/1850
f 2786/2127/1865 2771/105/1866 2772/554/1851
f 2787/2128/1867 2772/554/1851 2773/555/1853
f 2788/2129/1868 2773/555/1853 2774/556/1854
f 2789/2130/1869 2774/556/1854 2775/557/1855
f 2790/2131/1870 2775/557/1855 2776/559/1856
f 2791/2132/1871 2776/559/1856 2777/572/1857
f 2792/2133/1872 2777/572/1857 2778/560/1858
f 2779/561/1859 2792/2133/1872 2778/560/1858
f 2780/562/1860 2793/2134/1873 2779/561/1859
f 2781/563/1861 2794/2135/1874 2780/562/1860
f 2782/564/1862 2795/2136/1875 2781/563/1861
f 2783/565/1864 2796/2137/1876 2782/564/1862
f 2784/566/1877 2797/2138/1878 2783/565/1864
f 2800/2139/1879 2785/2140/1880 2786/2127/1865
f 2801/2141/1881 2786/2127/1865 2787/2128/1867
f 2802/2142/1882 2787/2128/1867 2788/2129/1868
f 2803/2143/1883 2788/2129/1868 2789/2130/1869
f 2804/2144/1884 2789/2130/1869 2790/2131/1870
f 2805/2145/1885 2790/2131/1870 2791/2132/1871
f 2806/2146/1886 2791/2132/1871 2792/2133/1872
f 2793/2134/1873 2806/2146/1886 2792/2133/1872
f 2794/2135/1874 2807/2147/1887 2793/2134/1873
f 2795/2136/1875 2808/2148/1888 2794/2135/1874
f 2796/2137/1876 2809/2149/1889 2795/2136/1875
f 2797/2138/1878 2810/2150/1890 2796/2137/1876
f 2798/2151/1891 2811/2152/1892 2797/2138/1878
f 2814/2153/1893 2799/2154/1894 2800/2139/1879
f 2815/2155/1895 2800/2139/1879 2801/2141/1881
f 2816/2156/1896 2801/2141/1881 2802/2142/1882
f 2817/2157/1897 2802/2142/1882 2803/2143/1883
f 2818/2158/1898 2803/2143/1883 2804/2144/1884
f 2819/2159/1899 2804/2144/1884 2805/2145/1885
f 2820/2160/1900 2805/2145/1885 2806/2146/1886
f 2807/2147/1887 2820/2160/1900 2806/2146/1886
f 2808/2148/1888 2821/2161/1901 2807/2147/1887
f 2809/2149/1889 2822/2162/1902 2808/2148/1888
f 2810/2150/1890 2823/2163/1903 2809/2149/1889
f 2811/2152/1892 2824/2164/1904 2810/2150/1890
f 2812/2165/1905 2825/2166/1906 2811/2152/1892
f 2814/2153/1893 2827/1779/1907 2813/2167/1908
f 2815/2155/1895 2828/1764/1909 2814/2153/1893
f 2816/2156/1896 2829/1766/1910 2815/2155/1895
f 2817/2157/1897 2830/1767/1911 2816/2156/1896
f 2818/2158/1898 2831/1768/1912 2817/2157/1897
f 2819/2159/1899 2832/1769/1913 2818/2158/1898
f 2834/1771/1914 2819/2159/1899 2820/2160/1900
f 2835/1772/1915 2820/2160/1900 2821/2161/1901
f 2836/1773/1916 2821/2161/1901 2822/2162/1902
f 2837/1774/1917 2822/2162/1902 2823/2163/1903
f 2838/1775/1918 2823/2163/1903 2824/2164/1904
f 2839/1777/1919 2824/2164/1904 2825/2166/1906
f 2840/1792/1920 2825/2166/1906 2826/2168/1921
f 2828/1764/1909 2841/2169/1922 2827/1779/1907
f 2829/1766/1910 2842/2170/1923 2828/1764/1909
f 2830/1767/1911 2843/2171/1924 2829/1766/1910
f 2831/1768/1912 2844/2172/1925 2830/1767/1911
f 2832/1769/1913 2845/2173/1926 2831/1768/1912
f 2833/1770/1927 2846/2174/1928 2832/1769/1913
f 2848/2175/1929 2833/1770/1927 2834/1771/1914
f 2849/2176/1930 2834/1771/1914 2835/1772/1915
f 2850/2177/1931 2835/1772/1915 2836/1773/1916
f 2851/2178/1932 2836/1773/1916 2837/1774/1917
f 2852/2179/1933 2837/1774/1917 2838/1775/1918
f 2853/2180/1934 2838/1775/1918 2839/1777/1919
f 2854/2181/1935 2839/1777/1919 2840/1792/1920
f 2842/2170/1923 2855/2182/1936 2841/2169/1922
f 2843/2171/1924 2856/2183/1937 2842/2170/1923
f 2844/2172/1925 2857/2184/1938 2843/2171/1924
f 2845/2173/1926 2858/2185/1939 2844/2172/1925
f 2846/2174/1928 2859/2186/1940 2845/2173/1926
f 2847/2187/1941 2860/2188/1942 2846/2174/1928
f 2862/2189/1943 2847/2187/1941 2848/2175/1929
f 2863/2190/1944 2848/2175/1929 2849/2176/1930
f 2864/2191/1945 2849/2176/1930 2850/2177/1931
f 2865/2192/1946 2850/2177/1931 2851/2178/1932
f 2866/2193/1947 2851/2178/1932 2852/2179/1933
f 2867/2194/1948 2852/2179/1933 2853/2180/1934
f 2868/2195/1949 2853/2180/1934 2854/2181/1935
f 2856/2183/1937 2869/2196/1950 2855/2182/1936
f 2857/2184/1938 2870/2197/1951 2856/2183/1937
f 2858/2185/1939 2871/2198/1952 2857/2184/1938
f 2859/2186/1940 2872/2199/1953 2858/2185/1939
f 2860/2188/1942 2873/2200/1954 2859/2186/1940
f 2861/2201/1955 2874/2202/1956 2860/2188/1942
f 2876/2203/1957 2861/2201/1955 2862/2189/1943
f 2877/2204/1958 2862/2189/1943 2863/2190/1944
f 2878/2205/1959 2863/2190/1944 2864/2191/1945
f 2879/2206/1960 2864/2191/1945 2865/2192/1946
f 2880/2207/1961 2865/2192/1946 2866/2193/1947
f 2881/2208/1962 2866/2193/1947 2867/2194/1948
f 2882/2209/1963 2867/2194/1948 2868/2195/1949
f 2870/2197/1951 2883/74/1964 2869/2196/1950
f 2871/2198/1952 2884/790/1965 2870/2197/1951
f 2872/2199/1953 2885/792/1966 2871/2198/1952
f 2873/2200/1954 2886/793/1967 2872/2199/1953
f 2874/2202/1956 2887/794/1968 2873/2200/1954
f 2875/2210/1969 2888/795/1970 2874/2202/1956
f 2890/797/1971 2875/2210/1969 2876/2203/1957
f 2891/798/1972 2876/2203/1957 2877/2204/1958
f 2892/799/1973 2877/2204/1958 2878/2205/1959
f 2893/800/1974 2878/2205/1959 2879/2206/1960
f 2894/801/1975 2879/2206/1960 2880/2207/1961
f 2895/803/1976 2880/2207/1961 2881/2208/1962
f 2896/815/1977 2881/2208/1962 2882/2209/1963
f 2884/790/1965 2897/2211/1978 2883/74/1964
f 2885/792/1966 2898/2212/1979 2884/790/1965
f 2886/793/1967 2899/2213/1980 2885/792/1966
f 2887/794/1968 2900/2214/1981 2886/793/1967
f 2888/795/1970 2901/2215/1982 2887/794/1968
f 2889/796/1983 2902/2216/1984 2888/795/1970
f 2904/2217/1985 2889/796/1983 2890/797/1971
f 2905/2218/1986 2890/797/1971 2891/798/1972
f 2906/2219/1987 2891/798/1972 2892/799/1973
f 2907/2220/1988 2892/799/1973 2893/800/1974
f 2908/2221/1989 2893/800/1974 2894/801/1975
f 2909/2222/1990 2894/801/1975 2895/803/1976
f 2910/2223/1991 2895/803/1976 2896/815/1977
f 2898/2212/1979 2911/1778/1992 2897/2211/1978
f 2899/2213/1980 2912/1780/1993 2898/2212/1979
f 2900/2214/1981 2913/1781/1994 2899/2213/1980
f 2901/2215/1982 2914/1782/1995 2900/2214/1981
f 2902/2216/1984 2915/1783/1996 2901/2215/1982
f 2903/2224/1997 2916/1784/1998 2902/2216/1984
f 2918/1785/1999 2903/2224/1997 2904/2217/1985
f 2919/1786/2000 2904/2217/1985 2905/2218/1986
f 2920/1787/2001 2905/2218/1986 2906/2219/1987
f 2921/1788/2002 2906/2219/1987 2907/2220/1988
f 2922/1789/2003 2907/2220/1988 2908/2221/1989
f 2923/1790/2004 2908/2221/1989 2909/2222/1990
f 2924/1791/2005 2909/2222/1990 2910/2223/1991
f 2926/2225/2006 2911/1778/1992 2912/1780/1993
f 2927/2226/2007 2912/1780/1993 2913/1781/1994
f 2928/2227/2008 2913/1781/1994 2914/1782/1995
f 2929/2228/2009 2914/1782/1995 2915/1783/1996
f 2930/2229/2010 2915/1783/1996 2916/1784/1998
f 2931/2230/2011 2916/1784/1998 2917/1793/2012
f 2932/2231/2013 2917/1793/2012 2918/1785/1999
f 2919/1786/2000 2932/2231/2013 2918/1785/1999
f 2920/1787/2001 2933/2232/2014 2919/1786/2000
f 2921/1788/2002 2934/2233/2015 2920/1787/2001
f 2922/1789/2003 2935/2234/2016 2921/1788/2002
f 2923/1790/2004 2936/2235/2017 2922/1789/2003
f 2924/1791/2005 2937/2236/2018 2923/1790/2004
f 2940/2015/2019 2925/2237/2020 2926/2225/2006
f 2941/2016/2021 2926/2225/2006 2927/2226/2007
f 2942/2027/2022 2927/2226/2007 2928/2227/2008
f 2943/2017/2023 2928/2227/2008 2929/2228/2009
f 2944/2018/2024 2929/2228/2009 2930/2229/2010
f 2945/2019/2025 2930/2229/2010 2931/2230/2011
f 2946/2020/2026 2931/2230/2011 2932/2231/2013
f 2933/2232/2014 2946/2020/2026 2932/2231/2013
f 2934/2233/2015 2947/2021/2027 2933/2232/2014
f 2935/2234/2016 2948/2022/2028 2934/2233/2015
f 2936/2235/2017 2949/2023/2029 2935/2234/2016
f 2937/2236/2018 2950/2024/2030 2936/2235/2017
f 2938/2238/2031 2951/2028/2032 2937/2236/2018
f 2954/2239/2033 2939/2026/2034 2940/2015/2019
f 2955/2240/2035 2940/2015/2019 2941/2016/2021
f 2956/2241/2036 2941/2016/2021 2942/2027/2022
f 2957/2242/2037 2942/2027/2022 2943/2017/2023
f 2958/2243/2038 2943/2017/2023 2944/2018/2024
f 2959/2244/2039 2944/2018/2024 2945/2019/2025
f 2960/2245/2040 2945/2019/2025 2946/2020/2026
f 2947/2021/2027 2960/2245/2040 2946/2020/2026
f 2948/2022/2028 2961/2246/2041 2947/2021/2027
f 2949/2023/2029 2962/2247/2042 2948/2022/2028
f 2950/2024/2030 2963/2248/2043 2949/2023/2029
f 2951/2028/2032 2964/2249/2044 2950/2024/2030
f 2952/2025/2045 2965/2250/2046 2951/2028/2032
f 2968/2251/2047 2953/2252/2048 2954/2239/2033
f 2969/2253/2049 2954/2239/2033 2955/2240/2035
f 2970/2254/2050 2955/2240/2035 2956/2241/2036
f 2971/2255/2051 2956/2241/2036 2957/2242/2037
f 2972/2256/2052 2957/2242/2037 2958/2243/2038
f 2973/2257/2053 2958/2243/2038 2959/2244/2039
f 2974/2258/2054 2959/2244/2039 2960/2245/2040
f 2961/2246/2041 2974/2258/2054 2960/2245/2040
f 2962/2247/2042 2975/2259/2055 2961/2246/2041
f 2963/2248/2043 2976/2260/2056 2962/2247/2042
f 2964/2249/2044 2977/2261/2057 2963/2248/2043
f 2965/2250/2046 2978/2262/2058 2964/2249/2044
f 2966/2263/2059 2979/2264/2060 2965/2250/2046
f 2982/2265/2061 2967/2266/2062 2968/2251/2047
f 2983/2267/2063 2968/2251/2047 2969/2253/2049
f 2984/2268/2064 2969/2253/2049 2970/2254/2050
f 2985/2269/2065 2970/2254/2050 2971/2255/2051
f 2986/2270/2066 2971/2255/2051 2972/2256/2052
f 2987/2271/2067 2972/2256/2052 2973/2257/2053
f 2988/2272/2068 2973/2257/2053 2974/2258/2054
f 2975/2259/2055 2988/2272/2068 2974/2258/2054
f 2976/2260/2056 2989/2273/2069 2975/2259/2055
f 2977/2261/2057 2990/2274/2070 2976/2260/2056
f 2978/2262/2058 2991/2275/2071 2977/2261/2057
f 2979/2264/2060 2992/2276/2072 2978/2262/2058
f 2980/2277/2073 2993/2278/2074 2979/2264/2060
f 2982/2265/2061 2995/106/2075 2981/2279/2076
f 2983/2267/2063 2996/1027/2077 2982/2265/2061
f 2984/2268/2064 2997/1029/2078 2983/2267/2063
f 2985/2269/2065 2998/1030/2079 2984/2268/2064
f 2986/2270/2066 2999/1031/2080 2985/2269/2065
f 2987/2271/2067 3000/1032/2081 2986/2270/2066
f 3002/1034/2082 2987/2271/2067 2988/2272/2068
f 3003/1035/2083 2988/2272/2068 2989/2273/2069
f 3004/1036/2084 2989/2273/2069 2990/2274/2070
f 3005/1037/2085 2990/2274/2070 2991/2275/2071
f 3006/1038/2086 2991/2275/2071 2992/2276/2072
f 3007/1040/2087 2992/2276/2072 2993/2278/2074
f 3008/1052/2088 2993/2278/2074 2994/2280/2089
f 2996/1027/2077 3009/2281/2090 2995/106/2075
f 2997/1029/2078 3010/2282/2091 2996/1027/2077
f 2998/1030/2079 3011/2283/2092 2997/1029/2078
f 2999/1031/2080 3012/2284/2093 2998/1030/2079
f 3000/1032/2081 3013/2285/2094 2999/1031/2080
f 3001/1033/2095 3014/2286/2096 3000/1032/2081
f 3016/2287/2097 3001/1033/2095 3002/1034/2082
f 3017/2288/2098 3002/1034/2082 3003/1035/2083
f 3018/2289/2099 3003/1035/2083 3004/1036/2084
f 3019/2290/2100 3004/1036/2084 3005/1037/2085
f 3020/2291/2101 3005/1037/2085 3006/1038/2086
f 3021/2292/2102 3006/1038/2086 3007/1040/2087
f 3022/2293/2103 3007/1040/2087 3008/1052/2088
f 3010/2282/2091 3023/2294/2104 3009/2281/2090
f 3011/2283/2092 3024/2295/2105 3010/2282/2091
f 3012/2284/2093 3025/2296/2106 3011/2283/2092
f 3013/2285/2094 3026/2297/2107 3012/2284/2093
f 3014/2286/2096 3027/2298/2108 3013/2285/2094
f 3015/2299/2109 3028/2300/2110 3014/2286/2096
f 3030/2301/2111 3015/2299/2109 3016/2287/2097
f 3031/2302/2112 3016/2287/2097 3017/2288/2098
f 3032/2303/2113 3017/2288/2098 3018/2289/2099
f 3033/2304/2114 3018/2289/2099 3019/2290/2100
f 3034/2305/2115 3019/2290/2100 3020/2291/2101
f 3035/2306/2116 3020/2291/2101 3021/2292/2102
f 3036/2307/2117 3021/2292/2102 3022/2293/2103
f 3024/2295/2105 3037/2308/2118 3023/2294/2104
f 3025/2296/2106 3038/2309/2119 3024/2295/2105
f 3026/2297/2107 3039/2310/2120 3025/2296/2106
f 3027/2298/2108 3040/2311/2121 3026/2297/2107
f 3028/2300/2110 3041/2312/2122 3027/2298/2108
f 3029/2313/2123 3042/2314/2124 3028/2300/2110
f 3044/2315/2125 3029/2313/2123 3030/2301/2111
f 3045/2316/2126 3030/2301/2111 3031/2302/2112
f 3046/2317/2127 3031/2302/2112 3032/2303/2113
f 3047/2318/2128 3032/2303/2113 3033/2304/2114
f 3048/2319/2129 3033/2304/2114 3034/2305/2115
f 3049/2320/2130 3034/2305/2115 3035/2306/2116
f 3050/2321/2131 3035/2306/2116 3036/2307/2117
f 3052/2029/2132 3037/2308/2118 3038/2309/2119
f 3053/2030/2133 3038/2309/2119 3039/2310/2120
f 3054/2031/2134 3039/2310/2120 3040/2311/2121
f 3055/2032/2135 3040/2311/2121 3041/2312/2122
f 3056/2042/2136 3041/2312/2122 3042/2314/2124
f 3057/2033/2137 3042/2314/2124 3043/2322/2138
f 3058/2034/2139 3043/2322/2138 3044/2315/2125
f 3045/2316/2126 3058/2034/2139 3044/2315/2125
f 3046/2317/2127 3059/2035/2140 3045/2316/2126
f 3047/2318/2128 3060/2036/2141 3046/2317/2127
f 3048/2319/2129 3061/2037/2142 3047/2318/2128
f 3049/2320/2130 3062/2038/2143 3048/2319/2129
f 3050/2321/2131 3063/2039/2144 3049/2320/2130
f 3066/2323/2145 3051/2041/2146 3052/2029/2132
f 3067/2324/2147 3052/2029/2132 3053/2030/2133
f 3068/2325/2148 3053/2030/2133 3054/2031/2134
f 3069/2326/2149 3054/2031/2134 3055/2032/2135
f 3070/2327/2150 3055/2032/2135 3056/2042/2136
f 3071/2328/2151 3056/2042/2136 3057/2033/2137
f 3072/2329/2152 3057/2033/2137 3058/2034/2139
f 3059/2035/2140 3072/2329/2152 3058/2034/2139
f 3060/2036/2141 3073/2330/2153 3059/2035/2140
f 3061/2037/2142 3074/2331/2154 3060/2036/2141
f 3062/2038/2143 3075/2332/2155 3061/2037/2142
f 3063/2039/2144 3076/2333/2156 3062/2038/2143
f 3064/2040/2157 3077/2334/2158 3063/2039/2144
f 3080/1794/2159 3065/2335/2160 3066/2323/2145
f 3081/1795/2161 3066/2323/2145 3067/2324/2147
f 3082/1796/2162 3067/2324/2147 3068/2325/2148
f 3083/1797/2163 3068/2325/2148 3069/2326/2149
f 3084/1798/2164 3069/2326/2149 3070/2327/2150
f 3085/1799/2165 3070/2327/2150 3071/2328/2151
f 3086/1800/2166 3071/2328/2151 3072/2329/2152
f 3073/2330/2153 3086/1800/2166 3072/2329/2152
f 3074/2331/2154 3087/1801/2167 3073/2330/2153
f 3075/2332/2155 3088/1802/2168 3074/2331/2154
f 3076/2333/2156 3089/1803/2169 3075/2332/2155
f 3077/2334/2158 3090/1804/2170 3076/2333/2156
f 3078/2336/2171 3091/1805/2172 3077/2334/2158
f 3094/2337/2173 3079/1807/2174 3080/1794/2159
f 3095/2338/2175 3080/1794/2159 3081/1795/2161
f 3096/2339/2176 3081/1795/2161 3082/1796/2162
f 3097/2340/2177 3082/1796/2162 3083/1797/2163
f 3098/2341/2178 3083/1797/2163 3084/1798/2164
f 3099/2342/2179 3084/1798/2164 3085/1799/2165
f 3100/2343/2180 3085/1799/2165 3086/1800/2166
f 3087/1801/2167 3100/2343/2180 3086/1800/2166
f 3088/1802/2168 3101/2344/2181 3087/1801/2167
f 3089/1803/2169 3102/2345/2182 3088/1802/2168
f 3090/1804/2170 3103/2346/2183 3089/1803/2169
f 3091/1805/2172 3104/2347/2184 3090/1804/2170
f 3092/1818/2185 3105/2348/2186 3091/1805/2172
f 3108/1264/2187 3093/2349/2188 3094/2337/2173
f 3109/1266/2189 3094/2337/2173 3095/2338/2175
f 3110/1267/2190 3095/2338/2175 3096/2339/2176
f 3111/1268/2191 3096/2339/2176 3097/2340/2177
f 3112/1269/2192 3097/2340/2177 3098/2341/2178
f 3113/1270/2193 3098/2341/2178 3099/2342/2179
f 3114/1271/2194 3099/2342/2179 3100/2343/2180
f 3101/2344/2181 3114/1271/2194 3100/2343/2180
f 3102/2345/2182 3115/1272/2195 3101/2344/2181
f 3103/2346/2183 3116/1273/2196 3102/2345/2182
f 3104/2347/2184 3117/1274/2197 3103/2346/2183
f 3105/2348/2186 3118/1275/2198 3104/2347/2184
f 3106/2350/2199 3119/1277/2200 3105/2348/2186
f 3122/2351/2201 3107/50/2202 3108/1264/2187
f 3123/2352/2203 3108/1264/2187 3109/1266/2189
f 3124/2353/2204 3109/1266/2189 3110/1267/2190
f 3125/2354/2205 3110/1267/2190 3111/1268/2191
f 3126/2355/2206 3111/1268/2191 3112/1269/2192
f 3127/2356/2207 3112/1269/2192 3113/1270/2193
f 3128/2357/2208 3113/1270/2193 3114/1271/2194
f 3115/1272/2195 3128/2357/2208 3114/1271/2194
f 3116/1273/2196 3129/2358/2209 3115/1272/2195
f 3117/1274/2197 3130/2359/2210 3116/1273/2196
f 3118/1275/2198 3131/2360/2211 3117/1274/2197
f 3119/1277/2200 3132/2361/2212 3118/1275/2198
f 3120/1289/2213 3133/2362/2214 3119/1277/2200
f 3136/2363/2215 3121/2364/2216 3122/2351/2201
f 3137/2365/2217 3122/2351/2201 3123/2352/2203
f 3138/2366/2218 3123/2352/2203 3124/2353/2204
f 3139/2367/2219 3124/2353/2204 3125/2354/2205
f 3140/2368/2220 3125/2354/2205 3126/2355/2206
f 3141/2369/2221 3126/2355/2206 3127/2356/2207
f 3142/2370/2222 3127/2356/2207 3128/2357/2208
f 3129/2358/2209 3142/2370/2222 3128/2357/2208
f 3130/2359/2210 3143/2371/2223 3129/2358/2209
f 3131/2360/2211 3144/2372/2224 3130/2359/2210
f 3132/2361/2212 3145/2373/2225 3131/2360/2211
f 3133/2362/2214 3146/2374/2226 3132/2361/2212
f 3134/2375/2227 3147/2376/2228 3133/2362/2214
f 3150/2377/323 3135/2378/2229 3136/2363/2215
f 3151/2379/2230 3136/2363/2215 3137/2365/2217
f 3152/2380/2231 3137/2365/2217 3138/2366/2218
f 3153/2381/2232 3138/2366/2218 3139/2367/2219
f 3154/2382/2233 3139/2367/2219 3140/2368/2220
f 3155/2383/2234 3140/2368/2220 3141/2369/2221
f 3156/2384/2235 3141/2369/2221 3142/2370/2222
f 3143/2371/2223 3156/2384/2235 3142/2370/2222
f 3144/2372/2224 3157/2385/2236 3143/2371/2223
f 3145/2373/2225 3158/2386/2237 3144/2372/2224
f 3146/2374/2226 3159/2387/2238 3145/2373/2225
f 3147/2376/2228 3160/2388/2239 3146/2374/2226
f 3148/2389/2240 3161/2390/336 3147/2376/2228
f 3150/2377/323 3163/1821/2241 3149/2391/2242
f 3151/2379/2230 3164/1806/2243 3150/2377/323
f 3152/2380/2231 3165/1808/2244 3151/2379/2230
f 3153/2381/2232 3166/1809/2245 3152/2380/2231
f 3154/2382/2233 3167/1810/2246 3153/2381/2232
f 3155/2383/2234 3168/1811/2247 3154/2382/2233
f 3170/1813/2248 3155/2383/2234 3156/2384/2235
f 3171/1814/2249 3156/2384/2235 3157/2385/2236
f 3172/1815/2250 3157/2385/2236 3158/2386/2237
f 3173/1816/2251 3158/2386/2237 3159/2387/2238
f 3174/1817/2252 3159/2387/2238 3160/2388/2239
f 3175/1819/2253 3160/2388/2239 3161/2390/336
f 3176/1834/2254 3161/2390/336 3162/2392/2255
f 3164/1806/2243 3177/2393/2256 3163/1821/2241
f 3165/1808/2244 3178/2394/2257 3164/1806/2243
f 3166/1809/2245 3179/2395/2258 3165/1808/2244
f 3167/1810/2246 3180/2396/2259 3166/1809/2245
f 3168/1811/2247 3181/2397/2260 3167/1810/2246
f 3169/1812/2261 3182/2398/2262 3168/1811/2247
f 3184/2399/2263 3169/1812/2261 3170/1813/2248
f 3185/2400/2264 3170/1813/2248 3171/1814/2249
f 3186/2401/2265 3171/1814/2249 3172/1815/2250
f 3187/2402/2266 3172/1815/2250 3173/1816/2251
f 3188/2403/2267 3173/1816/2251 3174/1817/2252
f 3189/2404/2268 3174/1817/2252 3175/1819/2253
f 3190/2405/2269 3175/1819/2253 3176/1834/2254
f 3178/2394/2257 3191/2406/2270 3177/2393/2256
f 3179/2395/2258 3192/2407/2271 3178/2394/2257
f 3180/2396/2259 3193/2408/2272 3179/2395/2258
f 3181/2397/2260 3194/2409/2273 3180/2396/2259
f 3182/2398/2262 3195/2410/2274 3181/2397/2260
f 3183/2411/2275 3196/2412/2276 3182/2398/2262
f 3198/2413/2277 3183/2411/2275 3184/2399/2263
f 3199/2414/2278 3184/2399/2263 3185/2400/2264
f 3200/2415/2279 3185/2400/2264 3186/2401/2265
f 3201/2416/2280 3186/2401/2265 3187/2402/2266
f 3202/2417/2281 3187/2402/2266 3188/2403/2267
f 3203/2418/2282 3188/2403/2267 3189/2404/2268
f 3204/2419/2283 3189/2404/2268 3190/2405/2269
f 3192/2407/2271 3205/2420/2284 3191/2406/2270
f 3193/2408/2272 3206/2421/2285 3192/2407/2271
f 3194/2409/2273 3207/2422/2286 3193/2408/2272
f 3195/2410/2274 3208/2423/2287 3194/2409/2273
f 3196/2412/2276 3209/2424/2288 3195/2410/2274
f 3197/2425/2289 3210/2426/2290 3196/2412/2276
f 3212/2427/2291 3197/2425/2289 3198/2413/2277
f 3213/2428/2292 3198/2413/2277 3199/2414/2278
f 3214/2429/2293 3199/2414/2278 3200/2415/2279
f 3215/2430/2294 3200/2415/2279 3201/2416/2280
f 3216/2431/2295 3201/2416/2280 3202/2417/2281
f 3217/2432/2296 3202/2417/2281 3203/2418/2282
f 3218/2433/2297 3203/2418/2282 3204/2419/2283
f 3206/2421/2285 3219/107/2298 3205/2420/2284
f 3207/2422/2286 3220/1502/2299 3206/2421/2285
f 3208/2423/2287 3221/1503/2300 3207/2422/2286
f 3209/2424/2288 3222/1504/2301 3208/2423/2287
f 3210/2426/2290 3223/1505/2302 3209/2424/2288
f 3211/2434/2303 3224/1507/2304 3210/2426/2290
f 3226/1508/2305 3211/2434/2303 3212/2427/2291
f 3227/1509/2306 3212/2427/2291 3213/2428/2292
f 3228/1510/2307 3213/2428/2292 3214/2429/2293
f 3229/1511/2308 3214/2429/2293 3215/2430/2294
f 3230/1512/2309 3215/2430/2294 3216/2431/2295
f 3231/1513/2310 3216/2431/2295 3217/2432/2296
f 3232/1514/2311 3217/2432/2296 3218/2433/2297
f 3220/1502/2299 3233/2435/2312 3219/107/2298
f 3221/1503/2300 3234/2436/2313 3220/1502/2299
f 3222/1504/2301 3235/2437/2314 3221/1503/2300
f 3223/1505/2302 3236/2438/2315 3222/1504/2301
f 3224/1507/2304 3237/2439/2316 3223/1505/2302
f 3225/1520/2317 3238/2440/2318 3224/1507/2304
f 3240/2441/2319 3225/1520/2317 3226/1508/2305
f 3241/2442/2320 3226/1508/2305 3227/1509/2306
f 3242/2443/2321 3227/1509/2306 3228/1510/2307
f 3243/2444/2322 3228/1510/2307 3229/1511/2308
f 3244/2445/2323 3229/1511/2308 3230/1512/2309
f 3245/2446/2324 3230/1512/2309 3231/1513/2310
f 3246/2447/2325 3231/1513/2310 3232/1514/2311
f 3234/2436/2313 3247/1820/2326 3233/2435/2312
f 3235/2437/2314 3248/1822/2327 3234/2436/2313
f 3236/2438/2315 3249/1823/2328 3235/2437/2314
f 3237/2439/2316 3250/1824/2329 3236/2438/2315
f 3238/2440/2318 3251/1825/2330 3237/2439/2316
f 3239/2448/2331 3252/1826/2332 3238/2440/2318
f 3254/1827/2333 3239/2448/2331 3240/2441/2319
f 3255/1828/2334 3240/2441/2319 3241/2442/2320
f 3256/1829/2335 3241/2442/2320 3242/2443/2321
f 3257/1830/2336 3242/2443/2321 3243/2444/2322
f 3258/1831/2337 3243/2444/2322 3244/2445/2323
f 3259/1832/2338 3244/2445/2323 3245/2446/2324
f 3260/1833/2339 3245/2446/2324 3246/2447/2325
f 3262/2449/2340 3247/1820/2326 3248/1822/2327
f 3263/2450/2341 3248/1822/2327 3249/1823/2328
f 3264/2451/2342 3249/1823/2328 3250/1824/2329
f 3265/2452/2343 3250/1824/2329 3251/1825/2330
f 3266/2453/2344 3251/1825/2330 3252/1826/2332
f 3267/2454/2345 3252/1826/2332 3253/1835/2346
f 3268/2455/2347 3253/1835/2346 3254/1827/2333
f 3255/1828/2334 3268/2455/2347 3254/1827/2333
f 3256/1829/2335 3269/2456/2348 3255/1828/2334
f 3257/1830/2336 3270/2457/2349 3256/1829/2335
f 3258/1831/2337 3271/2458/2350 3257/1830/2336
f 3259/1832/2338 3272/2459/2351 3258/1831/2337
f 3260/1833/2339 3273/2460/2352 3259/1832/2338
f 3276/2043/2353 3261/2461/2354 3262/2449/2340
f 3277/2044/2355 3262/2449/2340 3263/2450/2341
f 3278/2045/2356 3263/2450/2341 3264/2451/2342
f 3279/2046/2357 3264/2451/2342 3265/2452/2343
f 3280/2047/2358 3265/2452/2343 3266/2453/2344
f 3281/2048/2359 3266/2453/2344 3267/2454/2345
f 3282/2049/2360 3267/2454/2345 3268/2455/2347
f 3269/2456/2348 3282/2049/2360 3268/2455/2347
f 3270/2457/2349 3283/2050/2361 3269/2456/2348
f 3271/2458/2350 3284/2051/2362 3270/2457/2349
f 3272/2459/2351 3285/2052/2363 3271/2458/2350
f 3273/2460/2352 3286/2053/2364 3272/2459/2351
f 3274/2462/2365 3287/2054/2366 3273/2460/2352
f 3290/2463/2367 3275/2056/2368 3276/2043/2353
f 3291/2464/2369 3276/2043/2353 3277/2044/2355
f 3292/2465/2370 3277/2044/2355 3278/2045/2356
f 3293/2466/2371 3278/2045/2356 3279/2046/2357
f 3294/2467/2372 3279/2046/2357 3280/2047/2358
f 3295/2468/2373 3280/2047/2358 3281/2048/2359
f 3296/2469/2374 3281/2048/2359 3282/2049/2360
f 3283/2050/2361 3296/2469/2374 3282/2049/2360
f 3284/2051/2362 3297/2470/2375 3283/2050/2361
f 3285/2052/2363 3298/2471/2376 3284/2051/2362
f 3286/2053/2364 3299/2472/2377 3285/2052/2363
f 3287/2054/2366 3300/2473/2378 3286/2053/2364
f 3288/2055/2379 3301/2474/2380 3287/2054/2366
f 3304/2475/2381 3289/2476/2382 3290/2463/2367
f 3305/2477/2383 3290/2463/2367 3291/2464/2369
f 3306/2478/2384 3291/2464/2369 3292/2465/2370
f 3307/2479/2385 3292/2465/2370 3293/2466/2371
f 3308/2480/2386 3293/2466/2371 3294/2467/2372
f 3309/2481/2387 3294/2467/2372 3295/2468/2373
f 3310/2482/2388 3295/2468/2373 3296/2469/2374
f 3297/2470/2375 3310/2482/2388 3296/2469/2374
f 3298/2471/2376 3311/2483/2389 3297/2470/2375
f 3299/2472/2377 3312/2484/2390 3298/2471/2376
f 3300/2473/2378 3313/2485/2391 3299/2472/2377
f 3301/2474/2380 3314/2486/2392 3300/2473/2378
f 3302/2487/2393 3315/2488/2394 3301/2474/2380
f 3318/2489/2395 3303/2490/492 3304/2475/2381
f 3319/2491/2396 3304/2475/2381 3305/2477/2383
f 3320/2492/2397 3305/2477/2383 3306/2478/2384
f 3321/2493/2398 3306/2478/2384 3307/2479/2385
f 3322/2494/2399 3307/2479/2385 3308/2480/2386
f 3323/2495/2400 3308/2480/2386 3309/2481/2387
f 3324/2496/2401 3309/2481/2387 3310/2482/2388
f 3311/2483/2389 3324/2496/2401 3310/2482/2388
f 3312/2484/2390 3325/2497/2402 3311/2483/2389
f 3313/2485/2391 3326/2498/2403 3312/2484/2390
f 3314/2486/2392 3327/2499/2404 3313/2485/2391
f 3315/2488/2394 3328/2500/2405 3314/2486/2392
f 3316/2501/503 3329/2502/2406 3315/2488/2394
f 3318/2489/2395 2659/14/1743 3317/2503/2407
f 3319/2491/2396 2660/1738/1741 3318/2489/2395
f 3320/2492/2397 2661/1740/1744 3319/2491/2396
f 3321/2493/2398 2662/1741/1746 3320/2492/2397
f 3322/2494/2399 2663/1742/1748 3321/2493/2398
f 3323/2495/2400 2664/1743/1750 3322/2494/2399
f 2666/1745/1755 3323/2495/2400 3324/2496/2401
f 2667/1746/1757 3324/2496/2401 3325/2497/2402
f 2668/1747/1759 3325/2497/2402 3326/2498/2403
f 2669/1748/1761 3326/2498/2403 3327/2499/2404
f 2670/1749/1763 3327/2499/2404 3328/2500/2405
f 2671/1751/1765 3328/2500/2405 3329/2502/2406
f 2672/2000/1767 3329/2502/2406 3330/2504/2408
f 3346/2058/2409 3331/5/2410 3332/318/2411
f 3347/2059/2412 3332/318/2411 3333/320/2413
f 3348/2060/2414 3333/320/2413 3334/322/2415
f 3349/2061/2416 3334/322/2415 3335/324/2417
f 3350/2062/2418 3335/324/2417 3336/326/2419
f 3351/2075/2420 3336/326/2419 3337/328/2421
f 3352/2063/2422 3337/328/2421 3338/331/2423
f 3339/333/2424 3352/2063/2422 3338/331/2423
f 3340/335/2425 3353/2064/2426 3339/333/2424
f 3341/337/2427 3354/2065/2428 3340/335/2425
f 3342/339/2429 3355/2066/2430 3341/337/2427
f 3343/341/2431 3356/2067/2432 3342/339/2429
f 3344/343/2433 3357/2068/2434 3343/341/2431
f 3360/2071/2435 3345/2057/2436 3346/2058/2409
f 3361/2072/2437 3346/2058/2409 3347/2059/2412
f 3362/2073/2438 3347/2059/2412 3348/2060/2414
f 3363/2074/2439 3348/2060/2414 3349/2061/2416
f 3364/2076/2440 3349/2061/2416 3350/2062/2418
f 3365/2089/2441 3350/2062/2418 3351/2075/2420
f 3366/2077/2442 3351/2075/2420 3352/2063/2422
f 3353/2064/2426 3366/2077/2442 3352/2063/2422
f 3354/2065/2428 3367/2078/2443 3353/2064/2426
f 3355/2066/2430 3368/2079/2444 3354/2065/2428
f 3356/2067/2432 3369/2080/2445 3355/2066/2430
f 3357/2068/2434 3370/2081/2446 3356/2067/2432
f 3358/2069/2447 3371/2082/2448 3357/2068/2434
f 3374/2085/2449 3359/2070/464 3360/2071/2435
f 3375/2086/2450 3360/2071/2435 3361/2072/2437
f 3376/2087/2451 3361/2072/2437 3362/2073/2438
f 3377/2088/2452 3362/2073/2438 3363/2074/2439
f 3378/2090/2453 3363/2074/2439 3364/2076/2440
f 3379/2098/2454 3364/2076/2440 3365/2089/2441
f 3380/2091/2455 3365/2089/2441 3366/2077/2442
f 3367/2078/2443 3380/2091/2455 3366/2077/2442
f 3368/2079/2444 3381/2092/2456 3367/2078/2443
f 3369/2080/2445 3382/2093/2457 3368/2079/2444
f 3370/2081/2446 3383/2094/2458 3369/2080/2445
f 3371/2082/2448 3384/2095/2459 3370/2081/2446
f 3372/2083/475 3385/2096/2460 3371/2082/2448
f 3388/2001/2461 3373/2084/2462 3374/2085/2449
f 3389/2002/2463 3374/2085/2449 3375/2086/2450
f 3390/2003/2464 3375/2086/2450 3376/2087/2451
f 3391/2012/2465 3376/2087/2451 3377/2088/2452
f 3392/2004/2466 3377/2088/2452 3378/2090/2453
f 3393/2005/2467 3378/2090/2453 3379/2098/2454
f 3394/2006/2468 3379/2098/2454 3380/2091/2455
f 3381/2092/2456 3394/2006/2468 3380/2091/2455
f 3382/2093/2457 3395/2007/2469 3381/2092/2456
f 3383/2094/2458 3396/2013/2470 3382/2093/2457
f 3384/2095/2459 3397/2008/2471 3383/2094/2458
f 3385/2096/2460 3398/2014/2472 3384/2095/2459
f 3386/2097/2473 3399/2009/2474 3385/2096/2460
f 3402/2099/2475 3387/2011/2476 3388/2001/2461
f 3403/2100/2477 3388/2001/2461 3389/2002/2463
f 3404/2101/2478 3389/2002/2463 3390/2003/2464
f 3405/2102/2479 3390/2003/2464 3391/2012/2465
f 3406/2103/2480 3391/2012/2465 3392/2004/2466
f 3407/2104/2481 3392/2004/2466 3393/2005/2467
f 3408/2105/2482 3393/2005/2467 3394/2006/2468
f 3395/2007/2469 3408/2105/2482 3394/2006/2468
f 3396/2013/2470 3409/2106/2483 3395/2007/2469
f 3397/2008/2471 3410/2107/2484 3396/2013/2470
f 3398/2014/2472 3411/2108/2485 3397/2008/2471
f 3399/2009/2474 3412/2109/2486 3398/2014/2472
f 3400/2010/2487 3413/2110/2488 3399/2009/2474
f 3416/1752/2489 3401/2111/2490 3402/2099/2475
f 3417/1753/2491 3402/2099/2475 3403/2100/2477
f 3418/1754/2492 3403/2100/2477 3404/2101/2478
f 3419/1755/2493 3404/2101/2478 3405/2102/2479
f 3420/1756/2494 3405/2102/2479 3406/2103/2480
f 3421/1757/2495 3406/2103/2480 3407/2104/2481
f 3422/1758/2496 3407/2104/2481 3408/2105/2482
f 3409/2106/2483 3422/1758/2496 3408/2105/2482
f 3410/2107/2484 3423/1759/2497 3409/2106/2483
f 3411/2108/2485 3424/1760/2498 3410/2107/2484
f 3412/2109/2486 3425/1761/2499 3411/2108/2485
f 3413/2110/2488 3426/1762/2500 3412/2109/2486
f 3414/2112/2501 3427/1763/2502 3413/2110/2488
f 3416/1752/2489 3429/2125/2503 3415/1765/2504
f 3417/1753/2491 3430/2113/2505 3416/1752/2489
f 3418/1754/2492 3431/2114/2506 3417/1753/2491
f 3419/1755/2493 3432/2115/2507 3418/1754/2492
f 3420/1756/2494 3433/2116/2508 3419/1755/2493
f 3421/1757/2495 3434/2117/2509 3420/1756/2494
f 3436/2119/2510 3421/1757/2495 3422/1758/2496
f 3437/2120/2511 3422/1758/2496 3423/1759/2497
f 3438/2121/2512 3423/1759/2497 3424/1760/2498
f 3439/2122/2513 3424/1760/2498 3425/1761/2499
f 3440/2123/2514 3425/1761/2499 3426/1762/2500
f 3441/2124/2515 3426/1762/2500 3427/1763/2502
f 3442/2126/2516 3427/1763/2502 3428/1776/2517
f 3430/2113/2505 3443/105/2518 3429/2125/2503
f 3431/2114/2506 3444/554/2519 3430/2113/2505
f 3432/2115/2507 3445/555/2520 3431/2114/2506
f 3433/2116/2508 3446/556/2521 3432/2115/2507
f 3434/2117/2509 3447/557/2522 3433/2116/2508
f 3435/2118/2523 3448/559/2524 3434/2117/2509
f 3450/560/2525 3435/2118/2523 3436/2119/2510
f 3451/561/2526 3436/2119/2510 3437/2120/2511
f 3452/562/2527 3437/2120/2511 3438/2121/2512
f 3453/563/2528 3438/2121/2512 3439/2122/2513
f 3454/564/2529 3439/2122/2513 3440/2123/2514
f 3455/565/2530 3440/2123/2514 3441/2124/2515
f 3456/566/2531 3441/2124/2515 3442/2126/2516
f 3444/554/2519 3457/2140/2532 3443/105/2518
f 3445/555/2520 3458/2127/2533 3444/554/2519
f 3446/556/2521 3459/2128/2534 3445/555/2520
f 3447/557/2522 3460/2129/2535 3446/556/2521
f 3448/559/2524 3461/2130/2536 3447/557/2522
f 3449/572/2537 3462/2131/2538 3448/559/2524
f 3464/2133/2539 3449/572/2537 3450/560/2525
f 3465/2134/2540 3450/560/2525 3451/561/2526
f 3466/2135/2541 3451/561/2526 3452/562/2527
f 3467/2136/2542 3452/562/2527 3453/563/2528
f 3468/2137/2543 3453/563/2528 3454/564/2529
f 3469/2138/2544 3454/564/2529 3455/565/2530
f 3470/2151/2545 3455/565/2530 3456/566/2531
f 3458/2127/2533 3471/2154/2241 3457/2140/2532
f 3459/2128/2534 3472/2139/2546 3458/2127/2533
f 3460/2129/2535 3473/2141/2547 3459/2128/2534
f 3461/2130/2536 3474/2142/2548 3460/2129/2535
f 3462/2131/2538 3475/2143/2549 3461/2130/2536
f 3463/2132/2550 3476/2144/2551 3462/2131/2538
f 3478/2146/2552 3463/2132/2550 3464/2133/2539
f 3479/2147/2553 3464/2133/2539 3465/2134/2540
f 3480/2148/2554 3465/2134/2540 3466/2135/2541
f 3481/2149/2555 3466/2135/2541 3467/2136/2542
f 3482/2150/2556 3467/2136/2542 3468/2137/2543
f 3483/2152/2557 3468/2137/2543 3469/2138/2544
f 3484/2165/2254 3469/2138/2544 3470/2151/2545
f 3472/2139/2546 3485/2167/2242 3471/2154/2241
f 3473/2141/2547 3486/2153/2558 3472/2139/2546
f 3474/2142/2548 3487/2155/2559 3473/2141/2547
f 3475/2143/2549 3488/2156/2560 3474/2142/2548
f 3476/2144/2551 3489/2157/2561 3475/2143/2549
f 3477/2145/2562 3490/2158/2563 3476/2144/2551
f 3492/2160/2564 3477/2145/2562 3478/2146/2552
f 3493/2161/2565 3478/2146/2552 3479/2147/2553
f 3494/2162/2566 3479/2147/2553 3480/2148/2554
f 3495/2163/2567 3480/2148/2554 3481/2149/2555
f 3496/2164/2568 3481/2149/2555 3482/2150/2556
f 3497/2166/2569 3482/2150/2556 3483/2152/2557
f 3498/2168/2255 3483/2152/2557 3484/2165/2254
f 3500/1764/2570 3485/2167/2242 3486/2153/2558
f 3501/1766/2571 3486/2153/2558 3487/2155/2559
f 3502/1767/2572 3487/2155/2559 3488/2156/2560
f 3503/1768/2573 3488/2156/2560 3489/2157/2561
f 3504/1769/2574 3489/2157/2561 3490/2158/2563
f 3505/1770/2575 3490/2158/2563 3491/2159/2576
f 3506/1771/2577 3491/2159/2576 3492/2160/2564
f 3493/2161/2565 3506/1771/2577 3492/2160/2564
f 3494/2162/2566 3507/1772/2578 3493/2161/2565
f 3495/2163/2567 3508/1773/2579 3494/2162/2566
f 3496/2164/2568 3509/1774/2580 3495/2163/2567
f 3497/2166/2569 3510/1775/2581 3496/2164/2568
f 3498/2168/2255 3511/1777/2582 3497/2166/2569
f 3514/2170/2583 3499/1779/2584 3500/1764/2570
f 3515/2171/2585 3500/1764/2570 3501/1766/2571
f 3516/2172/2586 3501/1766/2571 3502/1767/2572
f 3517/2173/2587 3502/1767/2572 3503/1768/2573
f 3518/2174/2588 3503/1768/2573 3504/1769/2574
f 3519/2187/2589 3504/1769/2574 3505/1770/2575
f 3520/2175/2590 3505/1770/2575 3506/1771/2577
f 3507/1772/2578 3520/2175/2590 3506/1771/2577
f 3508/1773/2579 3521/2176/2591 3507/1772/2578
f 3509/1774/2580 3522/2177/2592 3508/1773/2579
f 3510/1775/2581 3523/2178/2593 3509/1774/2580
f 3511/1777/2582 3524/2179/2594 3510/1775/2581
f 3512/1792/2595 3525/2180/2596 3511/1777/2582
f 3528/2183/2597 3513/2169/2598 3514/2170/2583
f 3529/2184/2599 3514/2170/2583 3515/2171/2585
f 3530/2185/2600 3515/2171/2585 3516/2172/2586
f 3531/2186/2601 3516/2172/2586 3517/2173/2587
f 3532/2188/2602 3517/2173/2587 3518/2174/2588
f 3533/2201/2603 3518/2174/2588 3519/2187/2589
f 3534/2189/2604 3519/2187/2589 3520/2175/2590
f 3521/2176/2591 3534/2189/2604 3520/2175/2590
f 3522/2177/2592 3535/2190/2605 3521/2176/2591
f 3523/2178/2593 3536/2191/2606 3522/2177/2592
f 3524/2179/2594 3537/2192/2607 3523/2178/2593
f 3525/2180/2596 3538/2193/2608 3524/2179/2594
f 3526/2181/2609 3539/2194/2610 3525/2180/2596
f 3542/2197/2611 3527/2182/2612 3528/2183/2597
f 3543/2198/2613 3528/2183/2597 3529/2184/2599
f 3544/2199/2614 3529/2184/2599 3530/2185/2600
f 3545/2200/2615 3530/2185/2600 3531/2186/2601
f 3546/2202/2616 3531/2186/2601 3532/2188/2602
f 3547/2210/2617 3532/2188/2602 3533/2201/2603
f 3548/2203/2618 3533/2201/2603 3534/2189/2604
f 3535/2190/2605 3548/2203/2618 3534/2189/2604
f 3536/2191/2606 3549/2204/2619 3535/2190/2605
f 3537/2192/2607 3550/2205/2620 3536/2191/2606
f 3538/2193/2608 3551/2206/2621 3537/2192/2607
f 3539/2194/2610 3552/2207/2622 3538/2193/2608
f 3540/2195/2623 3553/2208/2624 3539/2194/2610
f 3556/790/2625 3541/2196/2626 3542/2197/2611
f 3557/792/2627 3542/2197/2611 3543/2198/2613
f 3558/793/2628 3543/2198/2613 3544/2199/2614
f 3559/794/2629 3544/2199/2614 3545/2200/2615
f 3560/795/2630 3545/2200/2615 3546/2202/2616
f 3561/796/2631 3546/2202/2616 3547/2210/2617
f 3562/797/2632 3547/2210/2617 3548/2203/2618
f 3549/2204/2619 3562/797/2632 3548/2203/2618
f 3550/2205/2620 3563/798/2633 3549/2204/2619
f 3551/2206/2621 3564/799/2634 3550/2205/2620
f 3552/2207/2622 3565/800/2635 3551/2206/2621
f 3553/2208/2624 3566/801/2636 3552/2207/2622
f 3554/2209/2637 3567/803/2638 3553/2208/2624
f 3556/790/2625 3569/2211/2639 3555/74/2640
f 3557/792/2627 3570/2212/2641 3556/790/2625
f 3558/793/2628 3571/2213/2642 3557/792/2627
f 3559/794/2629 3572/2214/2643 3558/793/2628
f 3560/795/2630 3573/2215/2644 3559/794/2629
f 3561/796/2631 3574/2216/2645 3560/795/2630
f 3576/2217/2646 3561/796/2631 3562/797/2632
f 3577/2218/2647 3562/797/2632 3563/798/2633
f 3578/2219/2648 3563/798/2633 3564/799/2634
f 3579/2220/2649 3564/799/2634 3565/800/2635
f 3580/2221/2650 3565/800/2635 3566/801/2636
f 3581/2222/2651 3566/801/2636 3567/803/2638
f 3582/2223/2652 3567/803/2638 3568/815/2653
f 3570/2212/2641 3583/1778/2654 3569/2211/2639
f 3571/2213/2642 3584/1780/2655 3570/2212/2641
f 3572/2214/2643 3585/1781/2656 3571/2213/2642
f 3573/2215/2644 3586/1782/2657 3572/2214/2643
f 3574/2216/2645 3587/1783/2658 3573/2215/2644
f 3575/2224/2659 3588/1784/2660 3574/2216/2645
f 3590/1785/2661 3575/2224/2659 3576/2217/2646
f 3591/1786/2662 3576/2217/2646 3577/2218/2647
f 3592/1787/2663 3577/2218/2647 3578/2219/2648
f 3593/1788/2664 3578/2219/2648 3579/2220/2649
f 3594/1789/2665 3579/2220/2649 3580/2221/2650
f 3595/1790/2666 3580/2221/2650 3581/2222/2651
f 3596/1791/2667 3581/2222/2651 3582/2223/2652
f 3584/1780/2655 3597/2237/2668 3583/1778/2654
f 3585/1781/2656 3598/2225/2669 3584/1780/2655
f 3586/1782/2657 3599/2226/2670 3585/1781/2656
f 3587/1783/2658 3600/2227/2671 3586/1782/2657
f 3588/1784/2660 3601/2228/2672 3587/1783/2658
f 3589/1793/2673 3602/2229/2674 3588/1784/2660
f 3604/2231/2675 3589/1793/2673 3590/1785/2661
f 3605/2232/2676 3590/1785/2661 3591/1786/2662
f 3606/2233/2677 3591/1786/2662 3592/1787/2663
f 3607/2234/2678 3592/1787/2663 3593/1788/2664
f 3608/2235/2679 3593/1788/2664 3594/1789/2665
f 3609/2236/2680 3594/1789/2665 3595/1790/2666
f 3610/2238/2681 3595/1790/2666 3596/1791/2667
f 3598/2225/2669 3611/2026/2682 3597/2237/2668
f 3599/2226/2670 3612/2015/2683 3598/2225/2669
f 3600/2227/2671 3613/2016/2684 3599/2226/2670
f 3601/2228/2672 3614/2027/2685 3600/2227/2671
f 3602/2229/2674 3615/2017/2686 3601/2228/2672
f 3603/2230/2687 3616/2018/2688 3602/2229/2674
f 3618/2020/2689 3603/2230/2687 3604/2231/2675
f 3619/2021/2690 3604/2231/2675 3605/2232/2676
f 3620/2022/2691 3605/2232/2676 3606/2233/2677
f 3621/2023/2692 3606/2233/2677 3607/2234/2678
f 3622/2024/2693 3607/2234/2678 3608/2235/2679
f 3623/2028/2694 3608/2235/2679 3609/2236/2680
f 3624/2025/2695 3609/2236/2680 3610/2238/2681
f 3612/2015/2683 3625/2252/2696 3611/2026/2682
f 3613/2016/2684 3626/2239/2697 3612/2015/2683
f 3614/2027/2685 3627/2240/2698 3613/2016/2684
f 3615/2017/2686 3628/2241/2699 3614/2027/2685
f 3616/2018/2688 3629/2242/2700 3615/2017/2686
f 3617/2019/2701 3630/2243/2702 3616/2018/2688
f 3632/2245/2703 3617/2019/2701 3618/2020/2689
f 3633/2246/2704 3618/2020/2689 3619/2021/2690
f 3634/2247/2705 3619/2021/2690 3620/2022/2691
f 3635/2248/2706 3620/2022/2691 3621/2023/2692
f 3636/2249/2707 3621/2023/2692 3622/2024/2693
f 3637/2250/2708 3622/2024/2693 3623/2028/2694
f 3638/2263/2709 3623/2028/2694 3624/2025/2695
f 3626/2239/2697 3639/2266/2710 3625/2252/2696
f 3627/2240/2698 3640/2251/2711 3626/2239/2697
f 3628/2241/2699 3641/2253/2712 3627/2240/2698
f 3629/2242/2700 3642/2254/2713 3628/2241/2699
f 3630/2243/2702 3643/2255/2714 3629/2242/2700
f 3631/2244/2715 3644/2256/2716 3630/2243/2702
f 3646/2258/2717 3631/2244/2715 3632/2245/2703
f 3647/2259/2718 3632/2245/2703 3633/2246/2704
f 3648/2260/2719 3633/2246/2704 3634/2247/2705
f 3649/2261/2720 3634/2247/2705 3635/2248/2706
f 3650/2262/2721 3635/2248/2706 3636/2249/2707
f 3651/2264/2722 3636/2249/2707 3637/2250/2708
f 3652/2277/2723 3637/2250/2708 3638/2263/2709
f 3640/2251/2711 3653/2279/2724 3639/2266/2710
f 3641/2253/2712 3654/2265/2725 3640/2251/2711
f 3642/2254/2713 3655/2267/2726 3641/2253/2712
f 3643/2255/2714 3656/2268/2727 3642/2254/2713
f 3644/2256/2716 3657/2269/2728 3643/2255/2714
f 3645/2257/2729 3658/2270/2730 3644/2256/2716
f 3660/2272/2731 3645/2257/2729 3646/2258/2717
f 3661/2273/2732 3646/2258/2717 3647/2259/2718
f 3662/2274/2733 3647/2259/2718 3648/2260/2719
f 3663/2275/2734 3648/2260/2719 3649/2261/2720
f 3664/2276/2735 3649/2261/2720 3650/2262/2721
f 3665/2278/2736 3650/2262/2721 3651/2264/2722
f 3666/2280/2737 3651/2264/2722 3652/2277/2723
f 3668/1027/2738 3653/2279/2724 3654/2265/2725
f 3669/1029/2739 3654/2265/2725 3655/2267/2726
f 3670/1030/2740 3655/2267/2726 3656/2268/2727
f 3671/1031/2741 3656/2268/2727 3657/2269/2728
f 3672/1032/2742 3657/2269/2728 3658/2270/2730
f 3673/1033/2743 3658/2270/2730 3659/2271/2744
f 3674/1034/2745 3659/2271/2744 3660/2272/2731
f 3661/2273/2732 3674/1034/2745 3660/2272/2731
f 3662/2274/2733 3675/1035/2746 3661/2273/2732
f 3663/2275/2734 3676/1036/2747 3662/2274/2733
f 3664/2276/2735 3677/1037/2748 3663/2275/2734
f 3665/2278/2736 3678/1038/2749 3664/2276/2735
f 3666/2280/2737 3679/1040/2750 3665/2278/2736
f 3682/2282/2751 3667/106/2752 3668/1027/2738
f 3683/2283/2753 3668/1027/2738 3669/1029/2739
f 3684/2284/2754 3669/1029/2739 3670/1030/2740
f 3685/2285/2755 3670/1030/2740 3671/1031/2741
f 3686/2286/2756 3671/1031/2741 3672/1032/2742
f 3687/2299/2757 3672/1032/2742 3673/1033/2743
f 3688/2287/2758 3673/1033/2743 3674/1034/2745
f 3675/1035/2746 3688/2287/2758 3674/1034/2745
f 3676/1036/2747 3689/2288/2759 3675/1035/2746
f 3677/1037/2748 3690/2289/2760 3676/1036/2747
f 3678/1038/2749 3691/2290/2761 3677/1037/2748
f 3679/1040/2750 3692/2291/2762 3678/1038/2749
f 3680/1052/2763 3693/2292/2764 3679/1040/2750
f 3696/2295/2765 3681/2281/2766 3682/2282/2751
f 3697/2296/2767 3682/2282/2751 3683/2283/2753
f 3698/2297/2768 3683/2283/2753 3684/2284/2754
f 3699/2298/2769 3684/2284/2754 3685/2285/2755
f 3700/2300/2770 3685/2285/2755 3686/2286/2756
f 3701/2313/2771 3686/2286/2756 3687/2299/2757
f 3702/2301/2772 3687/2299/2757 3688/2287/2758
f 3689/2288/2759 3702/2301/2772 3688/2287/2758
f 3690/2289/2760 3703/2302/2773 3689/2288/2759
f 3691/2290/2761 3704/2303/2774 3690/2289/2760
f 3692/2291/2762 3705/2304/2775 3691/2290/2761
f 3693/2292/2764 3706/2305/2776 3692/2291/2762
f 3694/2293/2777 3707/2306/2778 3693/2292/2764
f 3710/2309/2779 3695/2294/2780 3696/2295/2765
f 3711/2310/2781 3696/2295/2765 3697/2296/2767
f 3712/2311/2782 3697/2296/2767 3698/2297/2768
f 3713/2312/2783 3698/2297/2768 3699/2298/2769
f 3714/2314/2784 3699/2298/2769 3700/2300/2770
f 3715/2322/2785 3700/2300/2770 3701/2313/2771
f 3716/2315/2786 3701/2313/2771 3702/2301/2772
f 3703/2302/2773 3716/2315/2786 3702/2301/2772
f 3704/2303/2774 3717/2316/2787 3703/2302/2773
f 3705/2304/2775 3718/2317/2788 3704/2303/2774
f 3706/2305/2776 3719/2318/2789 3705/2304/2775
f 3707/2306/2778 3720/2319/2790 3706/2305/2776
f 3708/2307/2791 3721/2320/2792 3707/2306/2778
f 3724/2029/2793 3709/2308/2794 3710/2309/2779
f 3725/2030/2795 3710/2309/2779 3711/2310/2781
f 3726/2031/2796 3711/2310/2781 3712/2311/2782
f 3727/2032/2797 3712/2311/2782 3713/2312/2783
f 3728/2042/2798 3713/2312/2783 3714/2314/2784
f 3729/2033/2799 3714/2314/2784 3715/2322/2785
f 3730/2034/2800 3715/2322/2785 3716/2315/2786
f 3717/2316/2787 3730/2034/2800 3716/2315/2786
f 3718/2317/2788 3731/2035/2801 3717/2316/2787
f 3719/2318/2789 3732/2036/2802 3718/2317/2788
f 3720/2319/2790 3733/2037/2803 3719/2318/2789
f 3721/2320/2792 3734/2038/2804 3720/2319/2790
f 3722/2321/2805 3735/2039/2806 3721/2320/2792
f 3738/2323/2807 3723/2041/2808 3724/2029/2793
f 3739/2324/2809 3724/2029/2793 3725/2030/2795
f 3740/2325/2810 3725/2030/2795 3726/2031/2796
f 3741/2326/2811 3726/2031/2796 3727/2032/2797
f 3742/2327/2812 3727/2032/2797 3728/2042/2798
f 3743/2328/2813 3728/2042/2798 3729/2033/2799
f 3744/2329/2814 3729/2033/2799 3730/2034/2800
f 3731/2035/2801 3744/2329/2814 3730/2034/2800
f 3732/2036/2802 3745/2330/2815 3731/2035/2801
f 3733/2037/2803 3746/2331/2816 3732/2036/2802
f 3734/2038/2804 3747/2332/2817 3733/2037/2803
f 3735/2039/2806 3748/2333/2818 3734/2038/2804
f 3736/2040/2819 3749/2334/2820 3735/2039/2806
f 3752/1794/2821 3737/2335/2822 3738/2323/2807
f 3753/1795/2823 3738/2323/2807 3739/2324/2809
f 3754/1796/2824 3739/2324/2809 3740/2325/2810
f 3755/1797/2825 3740/2325/2810 3741/2326/2811
f 3756/1798/2826 3741/2326/2811 3742/2327/2812
f 3757/1799/2827 3742/2327/2812 3743/2328/2813
f 3758/1800/2828 3743/2328/2813 3744/2329/2814
f 3745/2330/2815 3758/1800/2828 3744/2329/2814
f 3746/2331/2816 3759/1801/2829 3745/2330/2815
f 3747/2332/2817 3760/1802/2830 3746/2331/2816
f 3748/2333/2818 3761/1803/2831 3747/2332/2817
f 3749/2334/2820 3762/1804/2832 3748/2333/2818
f 3750/2336/2833 3763/1805/2834 3749/2334/2820
f 3752/1794/2821 3765/2349/2835 3751/1807/2836
f 3753/1795/2823 3766/2337/2837 3752/1794/2821
f 3754/1796/2824 3767/2338/2838 3753/1795/2823
f 3755/1797/2825 3768/2339/2839 3754/1796/2824
f 3756/1798/2826 3769/2340/2840 3755/1797/2825
f 3757/1799/2827 3770/2341/2841 3756/1798/2826
f 3772/2343/2842 3757/1799/2827 3758/1800/2828
f 3773/2344/2843 3758/1800/2828 3759/1801/2829
f 3774/2345/2844 3759/1801/2829 3760/1802/2830
f 3775/2346/2845 3760/1802/2830 3761/1803/2831
f 3776/2347/2846 3761/1803/2831 3762/1804/2832
f 3777/2348/2847 3762/1804/2832 3763/1805/2834
f 3778/2350/2848 3763/1805/2834 3764/1818/2849
f 3766/2337/2837 3779/50/2850 3765/2349/2835
f 3767/2338/2838 3780/1264/2851 3766/2337/2837
f 3768/2339/2839 3781/1266/2852 3767/2338/2838
f 3769/2340/2840 3782/1267/2853 3768/2339/2839
f 3770/2341/2841 3783/1268/2854 3769/2340/2840
f 3771/2342/2855 3784/1269/2856 3770/2341/2841
f 3786/1271/2857 3771/2342/2855 3772/2343/2842
f 3787/1272/2858 3772/2343/2842 3773/2344/2843
f 3788/1273/2859 3773/2344/2843 3774/2345/2844
f 3789/1274/2860 3774/2345/2844 3775/2346/2845
f 3790/1275/2861 3775/2346/2845 3776/2347/2846
f 3791/1277/2862 3776/2347/2846 3777/2348/2847
f 3792/1289/2863 3777/2348/2847 3778/2350/2848
f 3780/1264/2851 3793/2364/2864 3779/50/2850
f 3781/1266/2852 3794/2351/2865 3780/1264/2851
f 3782/1267/2853 3795/2352/2866 3781/1266/2852
f 3783/1268/2854 3796/2353/2867 3782/1267/2853
f 3784/1269/2856 3797/2354/2868 3783/1268/2854
f 3785/1270/2869 3798/2355/2870 3784/1269/2856
f 3800/2357/2871 3785/1270/2869 3786/1271/2857
f 3801/2358/2872 3786/1271/2857 3787/1272/2858
f 3802/2359/2873 3787/1272/2858 3788/1273/2859
f 3803/2360/2874 3788/1273/2859 3789/1274/2860
f 3804/2361/2875 3789/1274/2860 3790/1275/2861
f 3805/2362/2876 3790/1275/2861 3791/1277/2862
f 3806/2375/2877 3791/1277/2862 3792/1289/2863
f 3794/2351/2865 3807/2378/2878 3793/2364/2864
f 3795/2352/2866 3808/2363/2879 3794/2351/2865
f 3796/2353/2867 3809/2365/2880 3795/2352/2866
f 3797/2354/2868 3810/2366/2881 3796/2353/2867
f 3798/2355/2870 3811/2367/2882 3797/2354/2868
f 3799/2356/2883 3812/2368/2884 3798/2355/2870
f 3814/2370/2885 3799/2356/2883 3800/2357/2871
f 3815/2371/2886 3800/2357/2871 3801/2358/2872
f 3816/2372/2887 3801/2358/2872 3802/2359/2873
f 3817/2373/2888 3802/2359/2873 3803/2360/2874
f 3818/2374/2889 3803/2360/2874 3804/2361/2875
f 3819/2376/2890 3804/2361/2875 3805/2362/2876
f 3820/2389/2891 3805/2362/2876 3806/2375/2877
f 3808/2363/2879 3821/2391/1908 3807/2378/2878
f 3809/2365/2880 3822/2377/2892 3808/2363/2879
f 3810/2366/2881 3823/2379/2893 3809/2365/2880
f 3811/2367/2882 3824/2380/2894 3810/2366/2881
f 3812/2368/2884 3825/2381/2895 3811/2367/2882
f 3813/2369/2896 3826/2382/2897 3812/2368/2884
f 3828/2384/2898 3813/2369/2896 3814/2370/2885
f 3829/2385/2899 3814/2370/2885 3815/2371/2886
f 3830/2386/2900 3815/2371/2886 3816/2372/2887
f 3831/2387/2901 3816/2372/2887 3817/2373/2888
f 3832/2388/2902 3817/2373/2888 3818/2374/2889
f 3833/2390/2903 3818/2374/2889 3819/2376/2890
f 3834/2392/1921 3819/2376/2890 3820/2389/2891
f 3836/1806/1024 3821/2391/1908 3822/2377/2892
f 3837/1808/2904 3822/2377/2892 3823/2379/2893
f 3838/1809/2905 3823/2379/2893 3824/2380/2894
f 3839/1810/2906 3824/2380/2894 3825/2381/2895
f 3840/1811/2907 3825/2381/2895 3826/2382/2897
f 3841/1812/2908 3826/2382/2897 3827/2383/2909
f 3842/1813/2910 3827/2383/2909 3828/2384/2898
f 3829/2385/2899 3842/1813/2910 3828/2384/2898
f 3830/2386/2900 3843/1814/2911 3829/2385/2899
f 3831/2387/2901 3844/1815/2912 3830/2386/2900
f 3832/2388/2902 3845/1816/2913 3831/2387/2901
f 3833/2390/2903 3846/1817/2914 3832/2388/2902
f 3834/2392/1921 3847/1819/1036 3833/2390/2903
f 3850/2394/2915 3835/1821/1038 3836/1806/1024
f 3851/2395/2916 3836/1806/1024 3837/1808/2904
f 3852/2396/2917 3837/1808/2904 3838/1809/2905
f 3853/2397/2918 3838/1809/2905 3839/1810/2906
f 3854/2398/2919 3839/1810/2906 3840/1811/2907
f 3855/2411/2920 3840/1811/2907 3841/1812/2908
f 3856/2399/2921 3841/1812/2908 3842/1813/2910
f 3843/1814/2911 3856/2399/2921 3842/1813/2910
f 3844/1815/2912 3857/2400/2922 3843/1814/2911
f 3845/1816/2913 3858/2401/2923 3844/1815/2912
f 3846/1817/2914 3859/2402/2924 3845/1816/2913
f 3847/1819/1036 3860/2403/2925 3846/1817/2914
f 3848/1834/1049 3861/2404/2926 3847/1819/1036
f 3864/2407/2927 3849/2393/2928 3850/2394/2915
f 3865/2408/2929 3850/2394/2915 3851/2395/2916
f 3866/2409/2930 3851/2395/2916 3852/2396/2917
f 3867/2410/2931 3852/2396/2917 3853/2397/2918
f 3868/2412/2932 3853/2397/2918 3854/2398/2919
f 3869/2425/2933 3854/2398/2919 3855/2411/2920
f 3870/2413/2934 3855/2411/2920 3856/2399/2921
f 3857/2400/2922 3870/2413/2934 3856/2399/2921
f 3858/2401/2923 3871/2414/2935 3857/2400/2922
f 3859/2402/2924 3872/2415/2936 3858/2401/2923
f 3860/2403/2925 3873/2416/2937 3859/2402/2924
f 3861/2404/2926 3874/2417/2938 3860/2403/2925
f 3862/2405/2939 3875/2418/2940 3861/2404/2926
f 3878/2421/2941 3863/2406/2942 3864/2407/2927
f 3879/2422/2943 3864/2407/2927 3865/2408/2929
f 3880/2423/2944 3865/2408/2929 3866/2409/2930
f 3881/2424/2945 3866/2409/2930 3867/2410/2931
f 3882/2426/2946 3867/2410/2931 3868/2412/2932
f 3883/2434/2947 3868/2412/2932 3869/2425/2933
f 3884/2427/2948 3869/2425/2933 3870/2413/2934
f 3871/2414/2935 3884/2427/2948 3870/2413/2934
f 3872/2415/2936 3885/2428/2949 3871/2414/2935
f 3873/2416/2937 3886/2429/2950 3872/2415/2936
f 3874/2417/2938 3887/2430/2951 3873/2416/2937
f 3875/2418/2940 3888/2431/2952 3874/2417/2938
f 3876/2419/2953 3889/2432/2954 3875/2418/2940
f 3892/1502/2955 3877/2420/2956 3878/2421/2941
f 3893/1503/2957 3878/2421/2941 3879/2422/2943
f 3894/1504/2958 3879/2422/2943 3880/2423/2944
f 3895/1505/2959 3880/2423/2944 3881/2424/2945
f 3896/1507/2960 3881/2424/2945 3882/2426/2946
f 3897/1520/2961 3882/2426/2946 3883/2434/2947
f 3898/1508/2962 3883/2434/2947 3884/2427/2948
f 3885/2428/2949 3898/1508/2962 3884/2427/2948
f 3886/2429/2950 3899/1509/2963 3885/2428/2949
f 3887/2430/2951 3900/1510/2964 3886/2429/2950
f 3888/2431/2952 3901/1511/2965 3887/2430/2951
f 3889/2432/2954 3902/1512/2966 3888/2431/2952
f 3890/2433/2967 3903/1513/2968 3889/2432/2954
f 3892/1502/2955 3905/2435/2969 3891/107/2970
f 3893/1503/2957 3906/2436/2971 3892/1502/2955
f 3894/1504/2958 3907/2437/2972 3893/1503/2957
f 3895/1505/2959 3908/2438/2973 3894/1504/2958
f 3896/1507/2960 3909/2439/2974 3895/1505/2959
f 3897/1520/2961 3910/2440/2975 3896/1507/2960
f 3912/2441/2976 3897/1520/2961 3898/1508/2962
f 3913/2442/2977 3898/1508/2962 3899/1509/2963
f 3914/2443/2978 3899/1509/2963 3900/1510/2964
f 3915/2444/2979 3900/1510/2964 3901/1511/2965
f 3916/2445/2980 3901/1511/2965 3902/1512/2966
f 3917/2446/2981 3902/1512/2966 3903/1513/2968
f 3918/2447/2982 3903/1513/2968 3904/1514/2983
f 3906/2436/2971 3919/1820/2984 3905/2435/2969
f 3907/2437/2972 3920/1822/2985 3906/2436/2971
f 3908/2438/2973 3921/1823/2986 3907/2437/2972
f 3909/2439/2974 3922/1824/2987 3908/2438/2973
f 3910/2440/2975 3923/1825/2988 3909/2439/2974
f 3911/2448/2989 3924/1826/2990 3910/2440/2975
f 3926/1827/2991 3911/2448/2989 3912/2441/2976
f 3927/1828/2992 3912/2441/2976 3913/2442/2977
f 3928/1829/2993 3913/2442/2977 3914/2443/2978
f 3929/1830/2994 3914/2443/2978 3915/2444/2979
f 3930/1831/2995 3915/2444/2979 3916/2445/2980
f 3931/1832/2996 3916/2445/2980 3917/2446/2981
f 3932/1833/2997 3917/2446/2981 3918/2447/2982
f 3920/1822/2985 3933/2461/2998 3919/1820/2984
f 3921/1823/2986 3934/2449/2999 3920/1822/2985
f 3922/1824/2987 3935/2450/3000 3921/1823/2986
f 3923/1825/2988 3936/2451/3001 3922/1824/2987
f 3924/1826/2990 3937/2452/3002 3923/1825/2988
f 3925/1835/3003 3938/2453/3004 3924/1826/2990
f 3940/2455/3005 3925/1835/3003 3926/1827/2991
f 3941/2456/3006 3926/1827/2991 3927/1828/2992
f 3942/2457/3007 3927/1828/2992 3928/1829/2993
f 3943/2458/3008 3928/1829/2993 3929/1830/2994
f 3944/2459/3009 3929/1830/2994 3930/1831/2995
f 3945/2460/3010 3930/1831/2995 3931/1832/2996
f 3946/2462/3011 3931/1832/2996 3932/1833/2997
f 3934/2449/2999 3947/2056/3012 3933/2461/2998
f 3935/2450/3000 3948/2043/3013 3934/2449/2999
f 3936/2451/3001 3949/2044/3014 3935/2450/3000
f 3937/2452/3002 3950/2045/3015 3936/2451/3001
f 3938/2453/3004 3951/2046/3016 3937/2452/3002
f 3939/2454/3017 3952/2047/3018 3938/2453/3004
f 3954/2049/3019 3939/2454/3017 3940/2455/3005
f 3955/2050/3020 3940/2455/3005 3941/2456/3006
f 3956/2051/3021 3941/2456/3006 3942/2457/3007
f 3957/2052/3022 3942/2457/3007 3943/2458/3008
f 3958/2053/3023 3943/2458/3008 3944/2459/3009
f 3959/2054/3024 3944/2459/3009 3945/2460/3010
f 3960/2055/3025 3945/2460/3010 3946/2462/3011
f 3948/2043/3013 3961/2476/3026 3947/2056/3012
f 3949/2044/3014 3962/2463/3027 3948/2043/3013
f 3950/2045/3015 3963/2464/3028 3949/2044/3014
f 3951/2046/3016 3964/2465/3029 3950/2045/3015
f 3952/2047/3018 3965/2466/3030 3951/2046/3016
f 3953/2048/3031 3966/2467/3032 3952/2047/3018
f 3968/2469/3033 3953/2048/3031 3954/2049/3019
f 3969/2470/3034 3954/2049/3019 3955/2050/3020
f 3970/2471/3035 3955/2050/3020 3956/2051/3021
f 3971/2472/3036 3956/2051/3021 3957/2052/3022
f 3972/2473/3037 3957/2052/3022 3958/2053/3023
f 3973/2474/3038 3958/2053/3023 3959/2054/3024
f 3974/2487/3039 3959/2054/3024 3960/2055/3025
f 3962/2463/3027 3975/2490/3040 3961/2476/3026
f 3963/2464/3028 3976/2475/3041 3962/2463/3027
f 3964/2465/3029 3977/2477/3042 3963/2464/3028
f 3965/2466/3030 3978/2478/3043 3964/2465/3029
f 3966/2467/3032 3979/2479/3044 3965/2466/3030
f 3967/2468/3045 3980/2480/3046 3966/2467/3032
f 3982/2482/3047 3967/2468/3045 3968/2469/3033
f 3983/2483/3048 3968/2469/3033 3969/2470/3034
f 3984/2484/3049 3969/2470/3034 3970/2471/3035
f 3985/2485/3050 3970/2471/3035 3971/2472/3036
f 3986/2486/3051 3971/2472/3036 3972/2473/3037
f 3987/2488/3052 3972/2473/3037 3973/2474/3038
f 3988/2501/3053 3973/2474/3038 3974/2487/3039
f 3976/2475/3041 3989/2503/3054 3975/2490/3040
f 3977/2477/3042 3990/2489/3055 3976/2475/3041
f 3978/2478/3043 3991/2491/3056 3977/2477/3042
f 3979/2479/3044 3992/2492/3057 3978/2478/3043
f 3980/2480/3046 3993/2493/3058 3979/2479/3044
f 3981/2481/3059 3994/2494/3060 3980/2480/3046
f 3996/2496/3061 3981/2481/3059 3982/2482/3047
f 3997/2497/3062 3982/2482/3047 3983/2483/3048
f 3998/2498/3063 3983/2483/3048 3984/2484/3049
f 3999/2499/3064 3984/2484/3049 3985/2485/3050
f 4000/2500/3065 3985/2485/3050 3986/2486/3051
f 4001/2502/3066 3986/2486/3051 3987/2488/3052
f 4002/2504/3067 3987/2488/3052 3988/2501/3053
f 3332/1738/2411 3989/2503/3054 3990/2489/3055
f 3333/1740/2413 3990/2489/3055 3991/2491/3056
f 3334/1741/2415 3991/2491/3056 3992/2492/3057
f 3335/1742/2417 3992/2492/3057 3993/2493/3058
f 3336/1743/2419 3993/2493/3058 3994/2494/3060
f 3337/1744/2421 3994/2494/3060 3995/2495/3068
f 3338/1745/2423 3995/2495/3068 3996/2496/3061
f 3997/2497/3062 3338/1745/2423 3996/2496/3061
f 3998/2498/3063 3339/1746/2424 3997/2497/3062
f 3999/2499/3064 3340/1747/2425 3998/2498/3063
f 4000/2500/3065 3341/1748/2427 3999/2499/3064
f 4001/2502/3066 3342/1749/2429 4000/2500/3065
f 4002/2504/3067 3343/1751/2431 4001/2502/3066
f 4004/318/3069 4017/210/3070 4003/5/3071
f 4005/320/3072 4018/2505/3073 4004/318/3069
f 4006/322/3074 4019/2506/3075 4005/320/3072
f 4007/324/3076 4020/2507/3077 4006/322/3074
f 4008/326/3078 4021/2508/3079 4007/324/3076
f 4009/328/3080 4022/2509/3081 4008/326/3078
f 4024/2510/3082 4009/328/3080 4010/331/3083
f 4025/2511/3084 4010/331/3083 4011/333/3085
f 4026/2512/3086 4011/333/3085 4012/335/3087
f 4027/2513/3088 4012/335/3087 4013/337/3089
f 4028/2514/3090 4013/337/3089 4014/339/3091
f 4029/2515/3092 4014/339/3091 4015/341/3093
f 4030/2516/3094 4015/341/3093 4016/343/3095
f 4032/2517/3096 4017/210/3070 4018/2505/3073
f 4033/2518/3097 4018/2505/3073 4019/2506/3075
f 4034/2519/3098 4019/2506/3075 4020/2507/3077
f 4035/2520/3099 4020/2507/3077 4021/2508/3079
f 4036/2521/3100 4021/2508/3079 4022/2509/3081
f 4037/2522/3101 4022/2509/3081 4023/2523/3102
f 4038/2524/3103 4023/2523/3102 4024/2510/3082
f 4025/2511/3084 4038/2524/3103 4024/2510/3082
f 4026/2512/3086 4039/2525/3104 4025/2511/3084
f 4027/2513/3088 4040/2526/3105 4026/2512/3086
f 4028/2514/3090 4041/2527/3106 4027/2513/3088
f 4029/2515/3092 4042/2528/3107 4028/2514/3090
f 4030/2516/3094 4043/2529/3108 4029/2515/3092
f 4046/2530/3109 4031/212/3110 4032/2517/3096
f 4047/2531/3111 4032/2517/3096 4033/2518/3097
f 4048/2532/3112 4033/2518/3097 4034/2519/3098
f 4049/2533/3113 4034/2519/3098 4035/2520/3099
f 4050/2534/3114 4035/2520/3099 4036/2521/3100
f 4051/2535/3115 4036/2521/3100 4037/2522/3101
f 4052/2536/3116 4037/2522/3101 4038/2524/3103
f 4039/2525/3104 4052/2536/3116 4038/2524/3103
f 4040/2526/3105 4053/2537/3117 4039/2525/3104
f 4041/2527/3106 4054/2538/3118 4040/2526/3105
f 4042/2528/3107 4055/2539/3119 4041/2527/3106
f 4043/2529/3108 4056/2540/3120 4042/2528/3107
f 4044/2541/3121 4057/2542/3122 4043/2529/3108
f 4046/2530/3109 4059/202/1508 4045/205/3123
f 4047/2531/3111 4060/2543/3124 4046/2530/3109
f 4048/2532/3112 4061/2544/3125 4047/2531/3111
f 4049/2533/3113 4062/2545/3126 4048/2532/3112
f 4050/2534/3114 4063/2546/3127 4049/2533/3113
f 4051/2535/3115 4064/2547/3128 4050/2534/3114
f 4066/2548/3129 4051/2535/3115 4052/2536/3116
f 4067/2549/3130 4052/2536/3116 4053/2537/3117
f 4068/2550/3131 4053/2537/3117 4054/2538/3118
f 4069/2551/3132 4054/2538/3118 4055/2539/3119
f 4070/2552/3133 4055/2539/3119 4056/2540/3120
f 4071/2553/3134 4056/2540/3120 4057/2542/3122
f 4072/2554/1519 4057/2542/3122 4058/2555/3135
f 4060/2543/3124 4073/203/3136 4059/202/1508
f 4061/2544/3125 4074/2556/3137 4060/2543/3124
f 4062/2545/3126 4075/2557/3138 4061/2544/3125
f 4063/2546/3127 4076/2558/3139 4062/2545/3126
f 4064/2547/3128 4077/2559/3140 4063/2546/3127
f 4065/2560/3141 4078/2561/3142 4064/2547/3128
f 4080/2562/3143 4065/2560/3141 4066/2548/3129
f 4081/2563/3144 4066/2548/3129 4067/2549/3130
f 4082/2564/3145 4067/2549/3130 4068/2550/3131
f 4083/2565/3146 4068/2550/3131 4069/2551/3132
f 4084/2566/3147 4069/2551/3132 4070/2552/3133
f 4085/2567/3148 4070/2552/3133 4071/2553/3134
f 4086/2568/3149 4071/2553/3134 4072/2554/1519
f 4088/2569/3150 4073/203/3136 4074/2556/3137
f 4089/2570/3151 4074/2556/3137 4075/2557/3138
f 4090/2571/3152 4075/2557/3138 4076/2558/3139
f 4091/2572/3153 4076/2558/3139 4077/2559/3140
f 4092/2573/3154 4077/2559/3140 4078/2561/3142
f 4093/2574/3155 4078/2561/3142 4079/2575/3156
f 4094/2576/3157 4079/2575/3156 4080/2562/3143
f 4081/2563/3144 4094/2576/3157 4080/2562/3143
f 4082/2564/3145 4095/2577/3158 4081/2563/3144
f 4083/2565/3146 4096/2578/3159 4082/2564/3145
f 4084/2566/3147 4097/2579/3160 4083/2565/3146
f 4085/2567/3148 4098/2580/3161 4084/2566/3147
f 4086/2568/3149 4099/2581/3162 4085/2567/3148
f 4004/1738/3069 4087/209/3163 4088/2569/3150
f 4005/1740/3072 4088/2569/3150 4089/2570/3151
f 4006/1741/3074 4089/2570/3151 4090/2571/3152
f 4007/1742/3076 4090/2571/3152 4091/2572/3153
f 4008/1743/3078 4091/2572/3153 4092/2573/3154
f 4009/1744/3080 4092/2573/3154 4093/2574/3155
f 4010/1745/3083 4093/2574/3155 4094/2576/3157
f 4095/2577/3158 4010/1745/3083 4094/2576/3157
f 4096/2578/3159 4011/1746/3085 4095/2577/3158
f 4097/2579/3160 4012/1747/3087 4096/2578/3159
f 4098/2580/3161 4013/1748/3089 4097/2579/3160
f 4099/2581/3162 4014/1749/3091 4098/2580/3161
f 4100/2582/3164 4015/1751/3093 4099/2581/3162
f 4116/2001/1714 4101/5/1644 4102/318/1715
f 4117/2002/1716 4102/318/1715 4103/320/1717
f 4118/2003/1718 4103/320/1717 4104/322/1719
f 4105/324/1720 4118/2003/1718 4104/322/1719
f 4120/2004/1738 4105/324/1720 4106/326/1722
f 4121/2005/1723 4106/326/1722 4107/328/1724
f 4122/2006/1725 4107/328/1724 4108/331/1726
f 4123/2007/1727 4108/331/1726 4109/333/1728
f 4110/335/1729 4123/2007/1727 4109/333/1728
f 4125/2008/1730 4110/335/1729 4111/337/1731
f 4112/339/1732 4125/2008/1730 4111/337/1731
f 4127/2009/1733 4112/339/1732 4113/341/1734
f 4128/2010/1413 4113/341/1734 4114/343/1656
f 4116/2001/1714 4129/105/1415 4115/2011/1415
f 4117/2002/1716 4130/554/1397 4116/2001/1714
f 4118/2003/1718 4131/555/1399 4117/2002/1716
f 4119/2012/1735 4132/556/1400 4118/2003/1718
f 4120/2004/1738 4133/557/1401 4119/2012/1735
f 4121/2005/1723 4134/559/1403 4120/2004/1738
f 4136/560/1712 4121/2005/1723 4122/2006/1725
f 4137/561/1406 4122/2006/1725 4123/2007/1727
f 4138/562/1408 4123/2007/1727 4124/2013/1736
f 4139/563/1409 4124/2013/1736 4125/2008/1730
f 4140/564/1410 4125/2008/1730 4126/2014/1737
f 4141/565/1411 4126/2014/1737 4127/2009/1733
f 4142/566/1413 4127/2009/1733 4128/2010/1413
f 4144/1764/1657 4129/105/1415 4130/554/1397
f 4145/1766/1658 4130/554/1397 4131/555/1399
f 4146/1767/1659 4131/555/1399 4132/556/1400
f 4147/1768/1660 4132/556/1400 4133/557/1401
f 4148/1769/1662 4133/557/1401 4134/559/1403
f 4149/1770/1669 4134/559/1403 4135/572/1713
f 4150/1771/1663 4135/572/1713 4136/560/1712
f 4151/1772/1664 4136/560/1712 4137/561/1406
f 4152/1773/1665 4137/561/1406 4138/562/1408
f 4153/1774/1666 4138/562/1408 4139/563/1409
f 4154/1775/3165 4139/563/1409 4140/564/1410
f 4155/1777/1668 4140/564/1410 4141/565/1411
f 4156/1792/1656 4141/565/1411 4142/566/1413
f 4158/790/1715 4143/1779/1644 4144/1764/1657
f 4159/792/1717 4144/1764/1657 4145/1766/1658
f 4160/793/1719 4145/1766/1658 4146/1767/1659
f 4161/794/1720 4146/1767/1659 4147/1768/1660
f 4162/795/3166 4147/1768/1660 4148/1769/1662
f 4163/796/1724 4148/1769/1662 4149/1770/1669
f 4164/797/1726 4149/1770/1669 4150/1771/1663
f 4151/1772/1664 4164/797/1726 4150/1771/1663
f 4152/1773/1665 4165/798/3167 4151/1772/1664
f 4153/1774/1666 4166/799/1729 4152/1773/1665
f 4154/1775/3165 4167/800/1731 4153/1774/1666
f 4155/1777/1668 4168/801/1732 4154/1775/3165
f 4156/1792/1656 4169/803/1734 4155/1777/1668
f 4172/2015/1714 4157/74/1644 4158/790/1715
f 4173/2016/1716 4158/790/1715 4159/792/1717
f 4160/793/1719 4173/2016/1716 4159/792/1717
f 4175/2017/1735 4160/793/1719 4161/794/1720
f 4176/2018/1738 4161/794/1720 4162/795/3166
f 4177/2019/1723 4162/795/3166 4163/796/1724
f 4178/2020/1725 4163/796/1724 4164/797/1726
f 4179/2021/1727 4164/797/1726 4165/798/3167
f 4180/2022/1736 4165/798/3167 4166/799/1729
f 4181/2023/1730 4166/799/1729 4167/800/1731
f 4182/2024/1737 4167/800/1731 4168/801/1732
f 4169/803/1734 4182/2024/1737 4168/801/1732
f 4184/2025/1413 4169/803/1734 4170/815/1656
f 4172/2015/1714 4185/106/1415 4171/2026/1415
f 4173/2016/1716 4186/1027/1397 4172/2015/1714
f 4174/2027/1718 4187/1029/1399 4173/2016/1716
f 4175/2017/1735 4188/1030/1400 4174/2027/1718
f 4176/2018/1738 4189/1031/1401 4175/2017/1735
f 4177/2019/1723 4190/1032/1403 4176/2018/1738
f 4192/1034/1712 4177/2019/1723 4178/2020/1725
f 4193/1035/1406 4178/2020/1725 4179/2021/1727
f 4194/1036/1408 4179/2021/1727 4180/2022/1736
f 4195/1037/1409 4180/2022/1736 4181/2023/1730
f 4196/1038/1410 4181/2023/1730 4182/2024/1737
f 4197/1040/1411 4182/2024/1737 4183/2028/1733
f 4198/1052/1413 4183/2028/1733 4184/2025/1413
f 4200/2029/1657 4185/106/1415 4186/1027/1397
f 4201/2030/1658 4186/1027/1397 4187/1029/1399
f 4202/2031/1659 4187/1029/1399 4188/1030/1400
f 4203/2032/1660 4188/1030/1400 4189/1031/1401
f 4190/1032/1403 4203/2032/1660 4189/1031/1401
f 4205/2033/1669 4190/1032/1403 4191/1033/1713
f 4206/2034/1663 4191/1033/1713 4192/1034/1712
f 4207/2035/1664 4192/1034/1712 4193/1035/1406
f 4208/2036/1665 4193/1035/1406 4194/1036/1408
f 4209/2037/1666 4194/1036/1408 4195/1037/1409
f 4210/2038/1667 4195/1037/1409 4196/1038/1410
f 4211/2039/1668 4196/1038/1410 4197/1040/1411
f 4212/2040/1656 4197/1040/1411 4198/1052/1413
f 4214/1264/1374 4199/2041/1644 4200/2029/1657
f 4215/1266/1375 4200/2029/1657 4201/2030/1658
f 4216/1267/1376 4201/2030/1658 4202/2031/1659
f 4203/2032/1660 4216/1267/1376 4202/2031/1659
f 4218/1269/1378 4203/2032/1660 4204/2042/1662
f 4205/2033/1669 4218/1269/1378 4204/2042/1662
f 4220/1271/1586 4205/2033/1669 4206/2034/1663
f 4221/1272/1380 4206/2034/1663 4207/2035/1664
f 4208/2036/1665 4221/1272/1380 4207/2035/1664
f 4223/1274/1382 4208/2036/1665 4209/2037/1666
f 4224/1275/1383 4209/2037/1666 4210/2038/1667
f 4211/2039/1668 4224/1275/1383 4210/2038/1667
f 4226/1289/1385 4211/2039/1668 4212/2040/1656
f 4228/1806/1386 4213/50/1373 4214/1264/1374
f 4229/1808/1387 4214/1264/1374 4215/1266/1375
f 4230/1809/1388 4215/1266/1375 4216/1267/1376
f 4231/1810/1402 4216/1267/1376 4217/1268/1377
f 4232/1811/1389 4217/1268/1377 4218/1269/1378
f 4233/1812/1390 4218/1269/1378 4219/1270/1391
f 4234/1813/1392 4219/1270/1391 4220/1271/1586
f 4235/1814/1407 4220/1271/1586 4221/1272/1380
f 4236/1815/1393 4221/1272/1380 4222/1273/1381
f 4237/1816/1394 4222/1273/1381 4223/1274/1382
f 4238/1817/1395 4223/1274/1382 4224/1275/1383
f 4239/1819/1412 4224/1275/1383 4225/1277/1384
f 4240/1834/1396 4225/1277/1384 4226/1289/1385
f 4242/1502/1397 4227/1821/1398 4228/1806/1386
f 4229/1808/1387 4242/1502/1397 4228/1806/1386
f 4244/1504/1400 4229/1808/1387 4230/1809/1388
f 4245/1505/1401 4230/1809/1388 4231/1810/1402
f 4232/1811/1389 4245/1505/1401 4231/1810/1402
f 4247/1520/1713 4232/1811/1389 4233/1812/1390
f 4248/1508/1712 4233/1812/1390 4234/1813/1392
f 4235/1814/1407 4248/1508/1712 4234/1813/1392
f 4250/1510/1408 4235/1814/1407 4236/1815/1393
f 4237/1816/1394 4250/1510/1408 4236/1815/1393
f 4252/1512/1410 4237/1816/1394 4238/1817/1395
f 4253/1513/1411 4238/1817/1395 4239/1819/1412
f 4254/1514/1413 4239/1819/1412 4240/1834/1396
f 4256/2043/1657 4241/107/1415 4242/1502/1397
f 4257/2044/1658 4242/1502/1397 4243/1503/1399
f 4258/2045/1659 4243/1503/1399 4244/1504/1400
f 4259/2046/3168 4244/1504/1400 4245/1505/1401
f 4260/2047/1662 4245/1505/1401 4246/1507/1403
f 4261/2048/1669 4246/1507/1403 4247/1520/1713
f 4262/2049/1663 4247/1520/1713 4248/1508/1712
f 4263/2050/1664 4248/1508/1712 4249/1509/1406
f 4264/2051/3169 4249/1509/1406 4250/1510/1408
f 4265/2052/1666 4250/1510/1408 4251/1511/1409
f 4266/2053/1667 4251/1511/1409 4252/1512/1410
f 4267/2054/1668 4252/1512/1410 4253/1513/1411
f 4268/2055/1656 4253/1513/1411 4254/1514/1413
f 4102/1738/1715 4255/2056/1644 4256/2043/1657
f 4103/1740/1717 4256/2043/1657 4257/2044/1658
f 4104/1741/1719 4257/2044/1658 4258/2045/1659
f 4105/1742/1720 4258/2045/1659 4259/2046/3168
f 4106/1743/1722 4259/2046/3168 4260/2047/1662
f 4107/1744/1724 4260/2047/1662 4261/2048/1669
f 4108/1745/1726 4261/2048/1669 4262/2049/1663
f 4263/2050/1664 4108/1745/1726 4262/2049/1663
f 4264/2051/3169 4109/1746/1728 4263/2050/1664
f 4265/2052/1666 4110/1747/1729 4264/2051/3169
f 4266/2053/1667 4111/1748/1731 4265/2052/1666
f 4267/2054/1668 4112/1749/1732 4266/2053/1667
f 4268/2055/1656 4113/1751/1734 4267/2054/1668
f 4270/318/3170 4283/2583/3171 4269/5/3172
f 4271/320/3173 4284/2584/3174 4270/318/3170
f 4272/322/3175 4285/2585/3176 4271/320/3173
f 4273/324/3177 4286/2586/3178 4272/322/3175
f 4274/326/3179 4287/2587/3180 4273/324/3177
f 4275/328/3181 4288/2588/3182 4274/326/3179
f 4290/2589/3183 4275/328/3181 4276/331/3184
f 4291/2590/3185 4276/331/3184 4277/333/3186
f 4292/2591/3187 4277/333/3186 4278/335/3188
f 4293/2592/3189 4278/335/3188 4279/337/3190
f 4294/2593/3191 4279/337/3190 4280/339/3192
f 4295/2594/3193 4280/339/3192 4281/341/3194
f 4296/2595/3195 4281/341/3194 4282/343/3196
f 4284/2584/3174 4297/2596/3197 4283/2583/3171
f 4285/2585/3176 4298/2597/3198 4284/2584/3174
f 4286/2586/3178 4299/2598/3199 4285/2585/3176
f 4287/2587/3180 4300/2599/3200 4286/2586/3178
f 4288/2588/3182 4301/2600/3201 4287/2587/3180
f 4289/2601/3202 4302/2602/3203 4288/2588/3182
f 4304/2603/3204 4289/2601/3202 4290/2589/3183
f 4305/2604/3205 4290/2589/3183 4291/2590/3185
f 4306/2605/3206 4291/2590/3185 4292/2591/3187
f 4307/2606/3207 4292/2591/3187 4293/2592/3189
f 4308/2607/3208 4293/2592/3189 4294/2593/3191
f 4309/2608/3209 4294/2593/3191 4295/2594/3193
f 4310/2609/3210 4295/2594/3193 4296/2595/3195
f 4298/2597/3198 4311/2610/3211 4297/2596/3197
f 4299/2598/3199 4312/2611/3212 4298/2597/3198
f 4300/2599/3200 4313/2612/3213 4299/2598/3199
f 4301/2600/3201 4314/2613/3214 4300/2599/3200
f 4302/2602/3203 4315/2614/3215 4301/2600/3201
f 4303/2615/3216 4316/2616/3217 4302/2602/3203
f 4318/2617/3218 4303/2615/3216 4304/2603/3204
f 4319/2618/3219 4304/2603/3204 4305/2604/3205
f 4320/2619/3220 4305/2604/3205 4306/2605/3206
f 4321/2620/3221 4306/2605/3206 4307/2606/3207
f 4322/2621/3222 4307/2606/3207 4308/2607/3208
f 4323/2622/3223 4308/2607/3208 4309/2608/3209
f 4324/2623/3224 4309/2608/3209 4310/2609/3210
f 4312/2611/3212 4325/2624/3225 4311/2610/3211
f 4313/2612/3213 4326/2625/3226 4312/2611/3212
f 4314/2613/3214 4327/2626/3227 4313/2612/3213
f 4315/2614/3215 4328/2627/3228 4314/2613/3214
f 4316/2616/3217 4329/2628/3229 4315/2614/3215
f 4317/2629/3230 4330/2630/3231 4316/2616/3217
f 4332/2631/3232 4317/2629/3230 4318/2617/3218
f 4333/2632/3233 4318/2617/3218 4319/2618/3219
f 4334/2633/3234 4319/2618/3219 4320/2619/3220
f 4335/2634/3235 4320/2619/3220 4321/2620/3221
f 4336/2635/3236 4321/2620/3221 4322/2621/3222
f 4337/2636/3237 4322/2621/3222 4323/2622/3223
f 4338/2637/3238 4323/2622/3223 4324/2623/3224
f 4326/2625/3226 4339/2638/3239 4325/2624/3225
f 4327/2626/3227 4340/2639/3240 4326/2625/3226
f 4328/2627/3228 4341/2640/3241 4327/2626/3227
f 4329/2628/3229 4342/2641/3242 4328/2627/3228
f 4330/2630/3231 4343/2642/3243 4329/2628/3229
f 4331/2643/3244 4344/2644/3245 4330/2630/3231
f 4346/2645/3246 4331/2643/3244 4332/2631/3232
f 4347/2646/3247 4332/2631/3232 4333/2632/3233
f 4348/2647/3248 4333/2632/3233 4334/2633/3234
f 4349/2648/3249 4334/2633/3234 4335/2634/3235
f 4350/2649/3250 4335/2634/3235 4336/2635/3236
f 4351/2650/3251 4336/2635/3236 4337/2636/3237
f 4352/2651/3252 4337/2636/3237 4338/2637/3238
f 4340/2639/3240 4353/2652/3253 4339/2638/3239
f 4341/2640/3241 4354/2653/3254 4340/2639/3240
f 4342/2641/3242 4355/2654/3255 4341/2640/3241
f 4343/2642/3243 4356/2655/3256 4342/2641/3242
f 4344/2644/3245 4357/2656/3257 4343/2642/3243
f 4345/2657/3258 4358/2658/3259 4344/2644/3245
f 4360/2659/3260 4345/2657/3258 4346/2645/3246
f 4361/2660/3261 4346/2645/3246 4347/2646/3247
f 4362/2661/3262 4347/2646/3247 4348/2647/3248
f 4363/2662/3263 4348/2647/3248 4349/2648/3249
f 4364/2663/3264 4349/2648/3249 4350/2649/3250
f 4365/2664/3265 4350/2649/3250 4351/2650/3251
f 4366/2665/3266 4351/2650/3251 4352/2651/3252
f 4354/2653/3254 4367/2666/3267 4353/2652/3253
f 4355/2654/3255 4368/2667/3268 4354/2653/3254
f 4356/2655/3256 4369/2668/3269 4355/2654/3255
f 4357/2656/3257 4370/2669/3270 4356/2655/3256
f 4358/2658/3259 4371/2670/3271 4357/2656/3257
f 4359/2671/3272 4372/2672/3273 4358/2658/3259
f 4374/2673/3274 4359/2671/3272 4360/2659/3260
f 4375/2674/3275 4360/2659/3260 4361/2660/3261
f 4376/2675/3276 4361/2660/3261 4362/2661/3262
f 4377/2676/3277 4362/2661/3262 4363/2662/3263
f 4378/2677/3278 4363/2662/3263 4364/2663/3264
f 4379/2678/3279 4364/2663/3264 4365/2664/3265
f 4380/2679/3280 4365/2664/3265 4366/2665/3266
f 4382/2680/3281 4367/2666/3267 4368/2667/3268
f 4383/2681/3282 4368/2667/3268 4369/2668/3269
f 4384/2682/3283 4369/2668/3269 4370/2669/3270
f 4385/2683/3284 4370/2669/3270 4371/2670/3271
f 4386/2684/3285 4371/2670/3271 4372/2672/3273
f 4387/2685/3286 4372/2672/3273 4373/2686/3287
f 4388/2687/3288 4373/2686/3287 4374/2673/3274
f 4375/2674/3275 4388/2687/3288 4374/2673/3274
f 4376/2675/3276 4389/2688/3289 4375/2674/3275
f 4377/2676/3277 4390/2689/3290 4376/2675/3276
f 4378/2677/3278 4391/2690/3291 4377/2676/3277
f 4379/2678/3279 4392/2691/3292 4378/2677/3278
f 4380/2679/3280 4393/2692/3293 4379/2678/3279
f 4396/2693/3294 4381/2694/3295 4382/2680/3281
f 4397/2695/3296 4382/2680/3281 4383/2681/3282
f 4398/2696/3297 4383/2681/3282 4384/2682/3283
f 4399/2697/3298 4384/2682/3283 4385/2683/3284
f 4400/2698/3299 4385/2683/3284 4386/2684/3285
f 4401/2699/3300 4386/2684/3285 4387/2685/3286
f 4402/2700/3301 4387/2685/3286 4388/2687/3288
f 4389/2688/3289 4402/2700/3301 4388/2687/3288
f 4390/2689/3290 4403/2701/3302 4389/2688/3289
f 4391/2690/3291 4404/2702/3303 4390/2689/3290
f 4392/2691/3292 4405/2703/3304 4391/2690/3291
f 4393/2692/3293 4406/2704/3305 4392/2691/3292
f 4394/2705/3306 4407/2706/3307 4393/2692/3293
f 4410/2707/3308 4395/2708/3309 4396/2693/3294
f 4411/2709/3310 4396/2693/3294 4397/2695/3296
f 4412/2710/3311 4397/2695/3296 4398/2696/3297
f 4413/2711/3312 4398/2696/3297 4399/2697/3298
f 4414/2712/3313 4399/2697/3298 4400/2698/3299
f 4415/2713/3314 4400/2698/3299 4401/2699/3300
f 4416/2714/3315 4401/2699/3300 4402/2700/3301
f 4403/2701/3302 4416/2714/3315 4402/2700/3301
f 4404/2702/3303 4417/2715/3316 4403/2701/3302
f 4405/2703/3304 4418/2716/3317 4404/2702/3303
f 4406/2704/3305 4419/2717/3318 4405/2703/3304
f 4407/2706/3307 4420/2718/3319 4406/2704/3305
f 4408/2719/3320 4421/2720/3321 4407/2706/3307
f 4424/2721/3322 4409/2722/1038 4410/2707/3308
f 4425/2723/3323 4410/2707/3308 4411/2709/3310
f 4426/2724/3324 4411/2709/3310 4412/2710/3311
f 4427/2725/3325 4412/2710/3311 4413/2711/3312
f 4428/2726/3326 4413/2711/3312 4414/2712/3313
f 4429/2727/3327 4414/2712/3313 4415/2713/3314
f 4430/2728/3328 4415/2713/3314 4416/2714/3315
f 4417/2715/3316 4430/2728/3328 4416/2714/3315
f 4418/2716/3317 4431/2729/3329 4417/2715/3316
f 4419/2717/3318 4432/2730/3330 4418/2716/3317
f 4420/2718/3319 4433/2731/3331 4419/2717/3318
f 4421/2720/3321 4434/2732/3332 4420/2718/3319
f 4422/2733/1049 4435/2734/3333 4421/2720/3321
f 4438/2735/3334 4423/2736/3335 4424/2721/3322
f 4439/2737/3336 4424/2721/3322 4425/2723/3323
f 4440/2738/3337 4425/2723/3323 4426/2724/3324
f 4441/2739/3338 4426/2724/3324 4427/2725/3325
f 4442/2740/3339 4427/2725/3325 4428/2726/3326
f 4443/2741/3340 4428/2726/3326 4429/2727/3327
f 4444/2742/3341 4429/2727/3327 4430/2728/3328
f 4431/2729/3329 4444/2742/3341 4430/2728/3328
f 4432/2730/3330 4445/2743/3342 4431/2729/3329
f 4433/2731/3331 4446/2744/3343 4432/2730/3330
f 4434/2732/3332 4447/2745/3344 4433/2731/3331
f 4435/2734/3333 4448/2746/3345 4434/2732/3332
f 4436/2747/3346 4449/2748/3347 4435/2734/3333
f 4438/2735/3334 4451/2749/3348 4437/2750/3349
f 4439/2737/3336 4452/2751/3350 4438/2735/3334
f 4440/2738/3337 4453/2752/3351 4439/2737/3336
f 4441/2739/3338 4454/2753/3352 4440/2738/3337
f 4442/2740/3339 4455/2754/3353 4441/2739/3338
f 4443/2741/3340 4456/2755/3354 4442/2740/3339
f 4458/2756/3355 4443/2741/3340 4444/2742/3341
f 4459/2757/3356 4444/2742/3341 4445/2743/3342
f 4460/2758/3357 4445/2743/3342 4446/2744/3343
f 4461/2759/3358 4446/2744/3343 4447/2745/3344
f 4462/2760/3359 4447/2745/3344 4448/2746/3345
f 4463/2761/3360 4448/2746/3345 4449/2748/3347
f 4464/2762/3361 4449/2748/3347 4450/2763/3362
f 4452/2751/3350 4465/2764/3363 4451/2749/3348
f 4453/2752/3351 4466/2765/3364 4452/2751/3350
f 4454/2753/3352 4467/2766/3365 4453/2752/3351
f 4455/2754/3353 4468/2767/3366 4454/2753/3352
f 4456/2755/3354 4469/2768/3367 4455/2754/3353
f 4457/2769/3368 4470/2770/3369 4456/2755/3354
f 4472/2771/3370 4457/2769/3368 4458/2756/3355
f 4473/2772/3371 4458/2756/3355 4459/2757/3356
f 4474/2773/3372 4459/2757/3356 4460/2758/3357
f 4475/2774/3373 4460/2758/3357 4461/2759/3358
f 4476/2775/3374 4461/2759/3358 4462/2760/3359
f 4477/2776/3375 4462/2760/3359 4463/2761/3360
f 4478/2777/3376 4463/2761/3360 4464/2762/3361
f 4466/2765/3364 4479/2778/3377 4465/2764/3363
f 4467/2766/3365 4480/2779/3378 4466/2765/3364
f 4468/2767/3366 4481/2780/3379 4467/2766/3365
f 4469/2768/3367 4482/2781/3380 4468/2767/3366
f 4470/2770/3369 4483/2782/3381 4469/2768/3367
f 4471/2783/3382 4484/2784/3383 4470/2770/3369
f 4486/2785/3384 4471/2783/3382 4472/2771/3370
f 4487/2786/3385 4472/2771/3370 4473/2772/3371
f 4488/2787/3386 4473/2772/3371 4474/2773/3372
f 4489/2788/3387 4474/2773/3372 4475/2774/3373
f 4490/2789/3388 4475/2774/3373 4476/2775/3374
f 4491/2790/3389 4476/2775/3374 4477/2776/3375
f 4492/2791/3390 4477/2776/3375 4478/2777/3376
f 4480/2779/3378 4493/2792/3391 4479/2778/3377
f 4481/2780/3379 4494/2793/3392 4480/2779/3378
f 4482/2781/3380 4495/2794/3393 4481/2780/3379
f 4483/2782/3381 4496/2795/3394 4482/2781/3380
f 4484/2784/3383 4497/2796/3395 4483/2782/3381
f 4485/2797/3396 4498/2798/3397 4484/2784/3383
f 4500/2799/3398 4485/2797/3396 4486/2785/3384
f 4501/2800/3399 4486/2785/3384 4487/2786/3385
f 4502/2801/3400 4487/2786/3385 4488/2787/3386
f 4503/2802/3401 4488/2787/3386 4489/2788/3387
f 4504/2803/3402 4489/2788/3387 4490/2789/3388
f 4505/2804/3403 4490/2789/3388 4491/2790/3389
f 4506/2805/3404 4491/2790/3389 4492/2791/3390
f 4494/2793/3392 4507/2806/3405 4493/2792/3391
f 4495/2794/3393 4508/2807/3406 4494/2793/3392
f 4496/2795/3394 4509/2808/3407 4495/2794/3393
f 4497/2796/3395 4510/2809/3408 4496/2795/3394
f 4498/2798/3397 4511/2810/3409 4497/2796/3395
f 4499/2811/3410 4512/2812/3411 4498/2798/3397
f 4514/2813/3412 4499/2811/3410 4500/2799/3398
f 4515/2814/3413 4500/2799/3398 4501/2800/3399
f 4516/2815/3414 4501/2800/3399 4502/2801/3400
f 4517/2816/3415 4502/2801/3400 4503/2802/3401
f 4518/2817/3416 4503/2802/3401 4504/2803/3402
f 4519/2818/3417 4504/2803/3402 4505/2804/3403
f 4520/2819/3418 4505/2804/3403 4506/2805/3404
f 4522/2820/3419 4507/2806/3405 4508/2807/3406
f 4523/2821/3420 4508/2807/3406 4509/2808/3407
f 4524/2822/3421 4509/2808/3407 4510/2809/3408
f 4525/2823/3422 4510/2809/3408 4511/2810/3409
f 4526/2824/3423 4511/2810/3409 4512/2812/3411
f 4527/2825/3424 4512/2812/3411 4513/2826/3425
f 4528/2827/3426 4513/2826/3425 4514/2813/3412
f 4515/2814/3413 4528/2827/3426 4514/2813/3412
f 4516/2815/3414 4529/2828/3427 4515/2814/3413
f 4517/2816/3415 4530/2829/3428 4516/2815/3414
f 4518/2817/3416 4531/2830/3429 4517/2816/3415
f 4519/2818/3417 4532/2831/3430 4518/2817/3416
f 4520/2819/3418 4533/2832/3431 4519/2818/3417
f 4536/2833/3432 4521/2834/3433 4522/2820/3419
f 4537/2835/3434 4522/2820/3419 4523/2821/3420
f 4538/2836/3435 4523/2821/3420 4524/2822/3421
f 4539/2837/3436 4524/2822/3421 4525/2823/3422
f 4540/2838/3437 4525/2823/3422 4526/2824/3423
f 4541/2839/3438 4526/2824/3423 4527/2825/3424
f 4542/2840/3439 4527/2825/3424 4528/2827/3426
f 4529/2828/3427 4542/2840/3439 4528/2827/3426
f 4530/2829/3428 4543/2841/3440 4529/2828/3427
f 4531/2830/3429 4544/2842/3441 4530/2829/3428
f 4532/2831/3430 4545/2843/3442 4531/2830/3429
f 4533/2832/3431 4546/2844/3443 4532/2831/3430
f 4534/2845/3444 4547/2846/3445 4533/2832/3431
f 4550/2847/3446 4535/2848/3447 4536/2833/3432
f 4551/2849/3448 4536/2833/3432 4537/2835/3434
f 4552/2850/3449 4537/2835/3434 4538/2836/3435
f 4553/2851/3450 4538/2836/3435 4539/2837/3436
f 4554/2852/3451 4539/2837/3436 4540/2838/3437
f 4555/2853/3452 4540/2838/3437 4541/2839/3438
f 4556/2854/3453 4541/2839/3438 4542/2840/3439
f 4543/2841/3440 4556/2854/3453 4542/2840/3439
f 4544/2842/3441 4557/2855/3454 4543/2841/3440
f 4545/2843/3442 4558/2856/3455 4544/2842/3441
f 4546/2844/3443 4559/2857/3456 4545/2843/3442
f 4547/2846/3445 4560/2858/3457 4546/2844/3443
f 4548/2859/3458 4561/2860/3459 4547/2846/3445
f 4564/2861/3460 4549/2862/3461 4550/2847/3446
f 4565/2863/3462 4550/2847/3446 4551/2849/3448
f 4566/2864/3463 4551/2849/3448 4552/2850/3449
f 4567/2865/3464 4552/2850/3449 4553/2851/3450
f 4568/2866/3465 4553/2851/3450 4554/2852/3451
f 4569/2867/3466 4554/2852/3451 4555/2853/3452
f 4570/2868/3467 4555/2853/3452 4556/2854/3453
f 4557/2855/3454 4570/2868/3467 4556/2854/3453
f 4558/2856/3455 4571/2869/3468 4557/2855/3454
f 4559/2857/3456 4572/2870/3469 4558/2856/3455
f 4560/2858/3457 4573/2871/3470 4559/2857/3456
f 4561/2860/3459 4574/2872/3471 4560/2858/3457
f 4562/2873/3472 4575/2874/3473 4561/2860/3459
f 4578/2875/3474 4563/2876/3475 4564/2861/3460
f 4579/2877/3476 4564/2861/3460 4565/2863/3462
f 4580/2878/3477 4565/2863/3462 4566/2864/3463
f 4581/2879/3478 4566/2864/3463 4567/2865/3464
f 4582/2880/3479 4567/2865/3464 4568/2866/3465
f 4583/2881/3480 4568/2866/3465 4569/2867/3466
f 4584/2882/3481 4569/2867/3466 4570/2868/3467
f 4571/2869/3468 4584/2882/3481 4570/2868/3467
f 4572/2870/3469 4585/2883/3482 4571/2869/3468
f 4573/2871/3470 4586/2884/3483 4572/2870/3469
f 4574/2872/3471 4587/2885/3484 4573/2871/3470
f 4575/2874/3473 4588/2886/3485 4574/2872/3471
f 4576/2887/3486 4589/2888/3487 4575/2874/3473
f 4592/2889/3488 4577/2890/3489 4578/2875/3474
f 4579/2877/3476 4592/2889/3488 4578/2875/3474
f 4580/2878/3477 4593/2891/3490 4579/2877/3476
f 4581/2879/3478 4594/2892/3491 4580/2878/3477
f 4582/2880/3479 4595/2893/3492 4581/2879/3478
f 4583/2881/3480 4596/2894/3493 4582/2880/3479
f 4598/2895/3494 4583/2881/3480 4584/2882/3481
f 4599/2896/3495 4584/2882/3481 4585/2883/3482
f 4600/2897/3496 4585/2883/3482 4586/2884/3483
f 4601/2898/3497 4586/2884/3483 4587/2885/3484
f 4602/2899/3498 4587/2885/3484 4588/2886/3485
f 4603/2900/3499 4588/2886/3485 4589/2888/3487
f 4590/2901/3500 4603/2900/3499 4589/2888/3487
f 4592/2889/3488 4605/2902/3501 4591/2903/3502
f 4607/2904/3503 4592/2889/3488 4593/2891/3490
f 4608/2905/3504 4593/2891/3490 4594/2892/3491
f 4609/2906/3505 4594/2892/3491 4595/2893/3492
f 4610/2907/3506 4595/2893/3492 4596/2894/3493
f 4611/2908/3507 4596/2894/3493 4597/2909/3508
f 4612/2910/3509 4597/2909/3508 4598/2895/3494
f 4599/2896/3495 4612/2910/3509 4598/2895/3494
f 4600/2897/3496 4613/2911/3510 4599/2896/3495
f 4601/2898/3497 4614/2912/3511 4600/2897/3496
f 4602/2899/3498 4615/2913/3512 4601/2898/3497
f 4603/2900/3499 4616/2914/3513 4602/2899/3498
f 4618/2915/3514 4603/2900/3499 4604/2916/3515
f 4620/2917/3516 4605/2902/3501 4606/2918/3517
f 4621/2919/3518 4606/2918/3517 4607/2904/3503
f 4622/2920/3519 4607/2904/3503 4608/2905/3504
f 4623/2921/3520 4608/2905/3504 4609/2906/3505
f 4624/2922/3521 4609/2906/3505 4610/2907/3506
f 4625/2923/3522 4610/2907/3506 4611/2908/3507
f 4626/2924/3523 4611/2908/3507 4612/2910/3509
f 4613/2911/3510 4626/2924/3523 4612/2910/3509
f 4614/2912/3511 4627/2925/3524 4613/2911/3510
f 4615/2913/3512 4628/2926/3525 4614/2912/3511
f 4616/2914/3513 4629/2927/3526 4615/2913/3512
f 4617/2928/3527 4630/2929/3528 4616/2914/3513
f 4618/2915/3514 4631/2930/3529 4617/2928/3527
f 4634/2931/3530 4619/2932/3531 4620/2917/3516
f 4635/2933/3532 4620/2917/3516 4621/2919/3518
f 4636/2934/3533 4621/2919/3518 4622/2920/3519
f 4637/2935/3534 4622/2920/3519 4623/2921/3520
f 4638/2936/3535 4623/2921/3520 4624/2922/3521
f 4639/2937/3536 4624/2922/3521 4625/2923/3522
f 4640/2938/3537 4625/2923/3522 4626/2924/3523
f 4627/2925/3524 4640/2938/3537 4626/2924/3523
f 4628/2926/3525 4641/2939/3538 4627/2925/3524
f 4629/2927/3526 4642/2940/3539 4628/2926/3525
f 4630/2929/3528 4643/2941/3540 4629/2927/3526
f 4631/2930/3529 4644/2942/3541 4630/2929/3528
f 4632/2943/3542 4645/2944/3543 4631/2930/3529
f 4648/2945/3544 4633/2946/3545 4634/2931/3530
f 4649/2947/3546 4634/2931/3530 4635/2933/3532
f 4650/2948/3547 4635/2933/3532 4636/2934/3533
f 4651/2949/3548 4636/2934/3533 4637/2935/3534
f 4652/2950/3549 4637/2935/3534 4638/2936/3535
f 4653/2951/3550 4638/2936/3535 4639/2937/3536
f 4654/2952/3551 4639/2937/3536 4640/2938/3537
f 4641/2939/3538 4654/2952/3551 4640/2938/3537
f 4642/2940/3539 4655/2953/3552 4641/2939/3538
f 4643/2941/3540 4656/2954/3553 4642/2940/3539
f 4644/2942/3541 4657/2955/3554 4643/2941/3540
f 4645/2944/3543 4658/2956/3555 4644/2942/3541
f 4646/2957/3556 4659/2958/3557 4645/2944/3543
f 4662/2959/3558 4647/2960/3559 4648/2945/3544
f 4663/2961/3560 4648/2945/3544 4649/2947/3546
f 4664/2962/3561 4649/2947/3546 4650/2948/3547
f 4665/2963/3562 4650/2948/3547 4651/2949/3548
f 4666/2964/3563 4651/2949/3548 4652/2950/3549
f 4667/2965/3564 4652/2950/3549 4653/2951/3550
f 4668/2966/3565 4653/2951/3550 4654/2952/3551
f 4655/2953/3552 4668/2966/3565 4654/2952/3551
f 4656/2954/3553 4669/2967/3566 4655/2953/3552
f 4657/2955/3554 4670/2968/3567 4656/2954/3553
f 4658/2956/3555 4671/2969/3568 4657/2955/3554
f 4659/2958/3557 4672/2970/3569 4658/2956/3555
f 4660/2971/3570 4673/2972/3571 4659/2958/3557
f 4676/2973/3572 4661/2974/3573 4662/2959/3558
f 4677/2975/3574 4662/2959/3558 4663/2961/3560
f 4678/2976/3575 4663/2961/3560 4664/2962/3561
f 4679/2977/3576 4664/2962/3561 4665/2963/3562
f 4680/2978/3577 4665/2963/3562 4666/2964/3563
f 4681/2979/3578 4666/2964/3563 4667/2965/3564
f 4682/2980/3579 4667/2965/3564 4668/2966/3565
f 4669/2967/3566 4682/2980/3579 4668/2966/3565
f 4670/2968/3567 4683/2981/3580 4669/2967/3566
f 4671/2969/3568 4684/2982/3581 4670/2968/3567
f 4672/2970/3569 4685/2983/3582 4671/2969/3568
f 4673/2972/3571 4686/2984/3583 4672/2970/3569
f 4674/2985/3584 4687/2986/3585 4673/2972/3571
f 4690/2987/3586 4675/2988/3587 4676/2973/3572
f 4691/2989/3588 4676/2973/3572 4677/2975/3574
f 4692/2990/3589 4677/2975/3574 4678/2976/3575
f 4693/2991/3590 4678/2976/3575 4679/2977/3576
f 4694/2992/3591 4679/2977/3576 4680/2978/3577
f 4695/2993/3592 4680/2978/3577 4681/2979/3578
f 4696/2994/3593 4681/2979/3578 4682/2980/3579
f 4683/2981/3580 4696/2994/3593 4682/2980/3579
f 4684/2982/3581 4697/2995/3594 4683/2981/3580
f 4685/2983/3582 4698/2996/3595 4684/2982/3581
f 4686/2984/3583 4699/2997/3596 4685/2983/3582
f 4687/2986/3585 4700/2998/3597 4686/2984/3583
f 4688/2999/3598 4701/3000/3599 4687/2986/3585
f 4704/3001/3600 4689/3002/3601 4690/2987/3586
f 4705/3003/3602 4690/2987/3586 4691/2989/3588
f 4706/3004/3603 4691/2989/3588 4692/2990/3589
f 4707/3005/3604 4692/2990/3589 4693/2991/3590
f 4708/3006/3605 4693/2991/3590 4694/2992/3591
f 4709/3007/3606 4694/2992/3591 4695/2993/3592
f 4710/3008/3607 4695/2993/3592 4696/2994/3593
f 4697/2995/3594 4710/3008/3607 4696/2994/3593
f 4698/2996/3595 4711/3009/3608 4697/2995/3594
f 4699/2997/3596 4712/3010/3609 4698/2996/3595
f 4700/2998/3597 4713/3011/3610 4699/2997/3596
f 4701/3000/3599 4714/3012/3611 4700/2998/3597
f 4702/3013/3612 4715/3014/3613 4701/3000/3599
f 4718/3015/3614 4703/3016/3615 4704/3001/3600
f 4719/3017/3616 4704/3001/3600 4705/3003/3602
f 4720/3018/3617 4705/3003/3602 4706/3004/3603
f 4721/3019/3618 4706/3004/3603 4707/3005/3604
f 4722/3020/3619 4707/3005/3604 4708/3006/3605
f 4723/3021/3620 4708/3006/3605 4709/3007/3606
f 4724/3022/3621 4709/3007/3606 4710/3008/3607
f 4711/3009/3608 4724/3022/3621 4710/3008/3607
f 4712/3010/3609 4725/3023/3622 4711/3009/3608
f 4713/3011/3610 4726/3024/3623 4712/3010/3609
f 4714/3012/3611 4727/3025/3624 4713/3011/3610
f 4715/3014/3613 4728/3026/3625 4714/3012/3611
f 4716/3027/3626 4729/3028/3627 4715/3014/3613
f 4732/3029/3628 4717/3030/3629 4718/3015/3614
f 4733/3031/3630 4718/3015/3614 4719/3017/3616
f 4734/3032/3631 4719/3017/3616 4720/3018/3617
f 4735/3033/3632 4720/3018/3617 4721/3019/3618
f 4736/3034/3633 4721/3019/3618 4722/3020/3619
f 4737/3035/3634 4722/3020/3619 4723/3021/3620
f 4738/3036/3635 4723/3021/3620 4724/3022/3621
f 4725/3023/3622 4738/3036/3635 4724/3022/3621
f 4726/3024/3623 4739/3037/3636 4725/3023/3622
f 4727/3025/3624 4740/3038/3637 4726/3024/3623
f 4728/3026/3625 4741/3039/3638 4727/3025/3624
f 4729/3028/3627 4742/3040/3639 4728/3026/3625
f 4730/3041/3640 4743/3042/3641 4729/3028/3627
f 4746/3043/3642 4731/3044/3643 4732/3029/3628
f 4747/3045/3644 4732/3029/3628 4733/3031/3630
f 4748/3046/3645 4733/3031/3630 4734/3032/3631
f 4749/3047/3646 4734/3032/3631 4735/3033/3632
f 4750/3048/3647 4735/3033/3632 4736/3034/3633
f 4751/3049/3648 4736/3034/3633 4737/3035/3634
f 4752/3050/3649 4737/3035/3634 4738/3036/3635
f 4739/3037/3636 4752/3050/3649 4738/3036/3635
f 4740/3038/3637 4753/3051/3650 4739/3037/3636
f 4741/3039/3638 4754/3052/3651 4740/3038/3637
f 4742/3040/3639 4755/3053/3652 4741/3039/3638
f 4743/3042/3641 4756/3054/3653 4742/3040/3639
f 4744/3055/3654 4757/3056/3655 4743/3042/3641
f 4760/3057/3656 4745/3058/3657 4746/3043/3642
f 4761/3059/3658 4746/3043/3642 4747/3045/3644
f 4762/3060/3659 4747/3045/3644 4748/3046/3645
f 4763/3061/3660 4748/3046/3645 4749/3047/3646
f 4764/3062/3661 4749/3047/3646 4750/3048/3647
f 4765/3063/3662 4750/3048/3647 4751/3049/3648
f 4766/3064/3663 4751/3049/3648 4752/3050/3649
f 4753/3051/3650 4766/3064/3663 4752/3050/3649
f 4754/3052/3651 4767/3065/3664 4753/3051/3650
f 4755/3053/3652 4768/3066/3665 4754/3052/3651
f 4756/3054/3653 4769/3067/3666 4755/3053/3652
f 4757/3056/3655 4770/3068/3667 4756/3054/3653
f 4758/3069/3668 4771/3070/3669 4757/3056/3655
f 4774/3071/3670 4759/3072/3671 4760/3057/3656
f 4775/3073/3672 4760/3057/3656 4761/3059/3658
f 4776/3074/3673 4761/3059/3658 4762/3060/3659
f 4777/3075/3674 4762/3060/3659 4763/3061/3660
f 4778/3076/3675 4763/3061/3660 4764/3062/3661
f 4779/3077/3676 4764/3062/3661 4765/3063/3662
f 4780/3078/3677 4765/3063/3662 4766/3064/3663
f 4767/3065/3664 4780/3078/3677 4766/3064/3663
f 4768/3066/3665 4781/3079/3678 4767/3065/3664
f 4769/3067/3666 4782/3080/3679 4768/3066/3665
f 4770/3068/3667 4783/3081/3680 4769/3067/3666
f 4771/3070/3669 4784/3082/3681 4770/3068/3667
f 4772/3083/3682 4785/3084/3683 4771/3070/3669
f 4788/3085/3684 4773/3086/3685 4774/3071/3670
f 4789/3087/3686 4774/3071/3670 4775/3073/3672
f 4790/3088/3687 4775/3073/3672 4776/3074/3673
f 4791/3089/3688 4776/3074/3673 4777/3075/3674
f 4792/3090/3689 4777/3075/3674 4778/3076/3675
f 4793/3091/3690 4778/3076/3675 4779/3077/3676
f 4794/3092/3691 4779/3077/3676 4780/3078/3677
f 4781/3079/3678 4794/3092/3691 4780/3078/3677
f 4782/3080/3679 4795/3093/3692 4781/3079/3678
f 4783/3081/3680 4796/3094/3693 4782/3080/3679
f 4784/3082/3681 4797/3095/3694 4783/3081/3680
f 4785/3084/3683 4798/3096/3695 4784/3082/3681
f 4786/3097/3696 4799/3098/3697 4785/3084/3683
f 4802/3099/3698 4787/3100/3699 4788/3085/3684
f 4803/3101/3700 4788/3085/3684 4789/3087/3686
f 4804/3102/3701 4789/3087/3686 4790/3088/3687
f 4805/3103/3702 4790/3088/3687 4791/3089/3688
f 4806/3104/3703 4791/3089/3688 4792/3090/3689
f 4807/3105/3704 4792/3090/3689 4793/3091/3690
f 4808/3106/3705 4793/3091/3690 4794/3092/3691
f 4795/3093/3692 4808/3106/3705 4794/3092/3691
f 4796/3094/3693 4809/3107/3706 4795/3093/3692
f 4797/3095/3694 4810/3108/3707 4796/3094/3693
f 4798/3096/3695 4811/3109/3708 4797/3095/3694
f 4799/3098/3697 4812/3110/3709 4798/3096/3695
f 4800/3111/3710 4813/3112/3711 4799/3098/3697
f 4802/3099/3698 4815/3113/3712 4801/3114/3713
f 4803/3101/3700 4816/3115/3714 4802/3099/3698
f 4804/3102/3701 4817/3116/3715 4803/3101/3700
f 4805/3103/3702 4818/3117/3716 4804/3102/3701
f 4806/3104/3703 4819/3118/3717 4805/3103/3702
f 4807/3105/3704 4820/3119/3718 4806/3104/3703
f 4822/3120/3719 4807/3105/3704 4808/3106/3705
f 4823/3121/3720 4808/3106/3705 4809/3107/3706
f 4824/3122/3721 4809/3107/3706 4810/3108/3707
f 4825/3123/3722 4810/3108/3707 4811/3109/3708
f 4826/3124/3723 4811/3109/3708 4812/3110/3709
f 4827/3125/3724 4812/3110/3709 4813/3112/3711
f 4828/3126/3725 4813/3112/3711 4814/3127/3726
f 4816/3115/3714 4829/3128/3727 4815/3113/3712
f 4817/3116/3715 4830/3129/3728 4816/3115/3714
f 4818/3117/3716 4831/3130/3729 4817/3116/3715
f 4819/3118/3717 4832/3131/3730 4818/3117/3716
f 4820/3119/3718 4833/3132/3731 4819/3118/3717
f 4821/3133/3732 4834/3134/3733 4820/3119/3718
f 4836/3135/3734 4821/3133/3732 4822/3120/3719
f 4837/3136/3735 4822/3120/3719 4823/3121/3720
f 4838/3137/3736 4823/3121/3720 4824/3122/3721
f 4839/3138/3737 4824/3122/3721 4825/3123/3722
f 4840/3139/3738 4825/3123/3722 4826/3124/3723
f 4841/3140/3739 4826/3124/3723 4827/3125/3724
f 4842/3141/3740 4827/3125/3724 4828/3126/3725
f 4830/3129/3728 4843/3142/3741 4829/3128/3727
f 4831/3130/3729 4844/3143/3742 4830/3129/3728
f 4832/3131/3730 4845/3144/3743 4831/3130/3729
f 4833/3132/3731 4846/3145/3744 4832/3131/3730
f 4834/3134/3733 4847/3146/3745 4833/3132/3731
f 4835/3147/3746 4848/3148/3747 4834/3134/3733
f 4850/3149/3748 4835/3147/3746 4836/3135/3734
f 4851/3150/3749 4836/3135/3734 4837/3136/3735
f 4852/3151/3750 4837/3136/3735 4838/3137/3736
f 4853/3152/3751 4838/3137/3736 4839/3138/3737
f 4854/3153/3752 4839/3138/3737 4840/3139/3738
f 4855/3154/3753 4840/3139/3738 4841/3140/3739
f 4856/3155/3754 4841/3140/3739 4842/3141/3740
f 4844/3143/3742 4857/3156/3755 4843/3142/3741
f 4845/3144/3743 4858/3157/3756 4844/3143/3742
f 4846/3145/3744 4859/3158/3757 4845/3144/3743
f 4847/3146/3745 4860/3159/3758 4846/3145/3744
f 4848/3148/3747 4861/3160/3759 4847/3146/3745
f 4849/3161/3760 4862/3162/3761 4848/3148/3747
f 4864/3163/3762 4849/3161/3760 4850/3149/3748
f 4865/3164/3763 4850/3149/3748 4851/3150/3749
f 4866/3165/3764 4851/3150/3749 4852/3151/3750
f 4867/3166/3765 4852/3151/3750 4853/3152/3751
f 4868/3167/3766 4853/3152/3751 4854/3153/3752
f 4869/3168/3767 4854/3153/3752 4855/3154/3753
f 4870/3169/3768 4855/3154/3753 4856/3155/3754
f 4858/3157/3756 4871/3170/3769 4857/3156/3755
f 4859/3158/3757 4872/3171/3770 4858/3157/3756
f 4860/3159/3758 4873/3172/3771 4859/3158/3757
f 4861/3160/3759 4874/3173/3772 4860/3159/3758
f 4862/3162/3761 4875/3174/3773 4861/3160/3759
f 4863/3175/3774 4876/3176/3775 4862/3162/3761
f 4878/3177/3776 4863/3175/3774 4864/3163/3762
f 4879/3178/3777 4864/3163/3762 4865/3164/3763
f 4880/3179/3778 4865/3164/3763 4866/3165/3764
f 4881/3180/3779 4866/3165/3764 4867/3166/3765
f 4882/3181/3780 4867/3166/3765 4868/3167/3766
f 4883/3182/3781 4868/3167/3766 4869/3168/3767
f 4884/3183/3782 4869/3168/3767 4870/3169/3768
f 4872/3171/3770 4885/3184/3783 4871/3170/3769
f 4873/3172/3771 4886/3185/3784 4872/3171/3770
f 4874/3173/3772 4887/3186/3785 4873/3172/3771
f 4875/3174/3773 4888/3187/3786 4874/3173/3772
f 4876/3176/3775 4889/3188/3787 4875/3174/3773
f 4877/3189/3788 4890/3190/3789 4876/3176/3775
f 4892/3191/3790 4877/3189/3788 4878/3177/3776
f 4893/3192/3791 4878/3177/3776 4879/3178/3777
f 4894/3193/3792 4879/3178/3777 4880/3179/3778
f 4895/3194/3793 4880/3179/3778 4881/3180/3779
f 4896/3195/3794 4881/3180/3779 4882/3181/3780
f 4897/3196/3795 4882/3181/3780 4883/3182/3781
f 4898/3197/3796 4883/3182/3781 4884/3183/3782
f 4886/3185/3784 4899/3198/3797 4885/3184/3783
f 4887/3186/3785 4900/3199/3798 4886/3185/3784
f 4888/3187/3786 4901/3200/3799 4887/3186/3785
f 4889/3188/3787 4902/3201/3800 4888/3187/3786
f 4890/3190/3789 4903/3202/3801 4889/3188/3787
f 4891/3203/3802 4904/3204/3803 4890/3190/3789
f 4906/3205/3804 4891/3203/3802 4892/3191/3790
f 4907/3206/3805 4892/3191/3790 4893/3192/3791
f 4908/3207/3806 4893/3192/3791 4894/3193/3792
f 4909/3208/3807 4894/3193/3792 4895/3194/3793
f 4910/3209/3808 4895/3194/3793 4896/3195/3794
f 4911/3210/3809 4896/3195/3794 4897/3196/3795
f 4912/3211/3810 4897/3196/3795 4898/3197/3796
f 4900/3199/3798 4913/3212/3811 4899/3198/3797
f 4901/3200/3799 4914/3213/3812 4900/3199/3798
f 4902/3201/3800 4915/3214/3813 4901/3200/3799
f 4903/3202/3801 4916/3215/3814 4902/3201/3800
f 4904/3204/3803 4917/3216/3815 4903/3202/3801
f 4905/3217/3816 4918/3218/3817 4904/3204/3803
f 4920/3219/3818 4905/3217/3816 4906/3205/3804
f 4921/3220/3819 4906/3205/3804 4907/3206/3805
f 4922/3221/3820 4907/3206/3805 4908/3207/3806
f 4923/3222/3821 4908/3207/3806 4909/3208/3807
f 4924/3223/3822 4909/3208/3807 4910/3209/3808
f 4925/3224/3823 4910/3209/3808 4911/3210/3809
f 4926/3225/3824 4911/3210/3809 4912/3211/3810
f 4914/3213/3812 4927/3226/3825 4913/3212/3811
f 4915/3214/3813 4928/3227/3826 4914/3213/3812
f 4916/3215/3814 4929/3228/3827 4915/3214/3813
f 4917/3216/3815 4930/3229/3828 4916/3215/3814
f 4918/3218/3817 4931/3230/3829 4917/3216/3815
f 4919/3231/3830 4932/3232/3831 4918/3218/3817
f 4934/3233/3832 4919/3231/3830 4920/3219/3818
f 4935/3234/3833 4920/3219/3818 4921/3220/3819
f 4936/3235/3834 4921/3220/3819 4922/3221/3820
f 4937/3236/3835 4922/3221/3820 4923/3222/3821
f 4938/3237/3836 4923/3222/3821 4924/3223/3822
f 4939/3238/3837 4924/3223/3822 4925/3224/3823
f 4940/3239/3838 4925/3224/3823 4926/3225/3824
f 4942/3240/3839 4927/3226/3825 4928/3227/3826
f 4943/3241/3840 4928/3227/3826 4929/3228/3827
f 4944/3242/3841 4929/3228/3827 4930/3229/3828
f 4945/3243/3842 4930/3229/3828 4931/3230/3829
f 4946/3244/3843 4931/3230/3829 4932/3232/3831
f 4947/3245/3844 4932/3232/3831 4933/3246/3845
f 4948/3247/3846 4933/3246/3845 4934/3233/3832
f 4935/3234/3833 4948/3247/3846 4934/3233/3832
f 4936/3235/3834 4949/3248/3847 4935/3234/3833
f 4937/3236/3835 4950/3249/3848 4936/3235/3834
f 4938/3237/3836 4951/3250/3849 4937/3236/3835
f 4939/3238/3837 4952/3251/3850 4938/3237/3836
f 4940/3239/3838 4953/3252/3851 4939/3238/3837
f 4956/3253/3852 4941/3254/3853 4942/3240/3839
f 4957/3255/3854 4942/3240/3839 4943/3241/3840
f 4958/3256/3855 4943/3241/3840 4944/3242/3841
f 4959/3257/3856 4944/3242/3841 4945/3243/3842
f 4960/3258/3857 4945/3243/3842 4946/3244/3843
f 4961/3259/3858 4946/3244/3843 4947/3245/3844
f 4962/3260/3859 4947/3245/3844 4948/3247/3846
f 4949/3248/3847 4962/3260/3859 4948/3247/3846
f 4950/3249/3848 4963/3261/3860 4949/3248/3847
f 4951/3250/3849 4964/3262/3861 4950/3249/3848
f 4952/3251/3850 4965/3263/3862 4951/3250/3849
f 4953/3252/3851 4966/3264/3863 4952/3251/3850
f 4954/3265/3864 4967/3266/3865 4953/3252/3851
f 4970/3267/3866 4955/3268/3867 4956/3253/3852
f 4971/3269/3868 4956/3253/3852 4957/3255/3854
f 4972/3270/3869 4957/3255/3854 4958/3256/3855
f 4973/3271/3870 4958/3256/3855 4959/3257/3856
f 4974/3272/3871 4959/3257/3856 4960/3258/3857
f 4975/3273/3872 4960/3258/3857 4961/3259/3858
f 4976/3274/3873 4961/3259/3858 4962/3260/3859
f 4963/3261/3860 4976/3274/3873 4962/3260/3859
f 4964/3262/3861 4977/3275/3874 4963/3261/3860
f 4965/3263/3862 4978/3276/3875 4964/3262/3861
f 4966/3264/3863 4979/3277/3876 4965/3263/3862
f 4967/3266/3865 4980/3278/3877 4966/3264/3863
f 4968/3279/3878 4981/3280/3879 4967/3266/3865
f 4984/3281/3880 4969/3282/3881 4970/3267/3866
f 4985/3283/3882 4970/3267/3866 4971/3269/3868
f 4986/3284/3883 4971/3269/3868 4972/3270/3869
f 4987/3285/3884 4972/3270/3869 4973/3271/3870
f 4988/3286/3885 4973/3271/3870 4974/3272/3871
f 4989/3287/3886 4974/3272/3871 4975/3273/3872
f 4990/3288/3887 4975/3273/3872 4976/3274/3873
f 4977/3275/3874 4990/3288/3887 4976/3274/3873
f 4978/3276/3875 4991/3289/3888 4977/3275/3874
f 4979/3277/3876 4992/3290/3889 4978/3276/3875
f 4980/3278/3877 4993/3291/3890 4979/3277/3876
f 4981/3280/3879 4994/3292/3891 4980/3278/3877
f 4982/3293/3892 4995/3294/3893 4981/3280/3879
f 4998/3295/3894 4983/3296/3895 4984/3281/3880
f 4999/3297/3896 4984/3281/3880 4985/3283/3882
f 5000/3298/3897 4985/3283/3882 4986/3284/3883
f 5001/3299/3898 4986/3284/3883 4987/3285/3884
f 5002/3300/3899 4987/3285/3884 4988/3286/3885
f 5003/3301/3900 4988/3286/3885 4989/3287/3886
f 5004/3302/3901 4989/3287/3886 4990/3288/3887
f 4991/3289/3888 5004/3302/3901 4990/3288/3887
f 4992/3290/3889 5005/3303/3902 4991/3289/3888
f 4993/3291/3890 5006/3304/3903 4992/3290/3889
f 4994/3292/3891 5007/3305/3904 4993/3291/3890
f 4995/3294/3893 5008/3306/3905 4994/3292/3891
f 4996/3307/3906 5009/3308/3907 4995/3294/3893
f 5012/3309/3908 4997/3310/3909 4998/3295/3894
f 5013/3311/3910 4998/3295/3894 4999/3297/3896
f 5014/3312/3911 4999/3297/3896 5000/3298/3897
f 5015/3313/3912 5000/3298/3897 5001/3299/3898
f 5016/3314/3913 5001/3299/3898 5002/3300/3899
f 5017/3315/3914 5002/3300/3899 5003/3301/3900
f 5018/3316/3915 5003/3301/3900 5004/3302/3901
f 5005/3303/3902 5018/3316/3915 5004/3302/3901
f 5006/3304/3903 5019/3317/3916 5005/3303/3902
f 5007/3305/3904 5020/3318/3917 5006/3304/3903
f 5008/3306/3905 5021/3319/3918 5007/3305/3904
f 5009/3308/3907 5022/3320/3919 5008/3306/3905
f 5010/3321/3920 5023/3322/3921 5009/3308/3907
f 5026/3323/3922 5011/3324/3923 5012/3309/3908
f 5027/3325/3924 5012/3309/3908 5013/3311/3910
f 5028/3326/3925 5013/3311/3910 5014/3312/3911
f 5029/3327/3926 5014/3312/3911 5015/3313/3912
f 5030/3328/3927 5015/3313/3912 5016/3314/3913
f 5031/3329/3928 5016/3314/3913 5017/3315/3914
f 5032/3330/3929 5017/3315/3914 5018/3316/3915
f 5019/3317/3916 5032/3330/3929 5018/3316/3915
f 5020/3318/3917 5033/3331/3930 5019/3317/3916
f 5021/3319/3918 5034/3332/3931 5020/3318/3917
f 5022/3320/3919 5035/3333/3932 5021/3319/3918
f 5023/3322/3921 5036/3334/3933 5022/3320/3919
f 5024/3335/3934 5037/3336/3935 5023/3322/3921
f 5040/3337/3936 5025/3338/3937 5026/3323/3922
f 5041/3339/3938 5026/3323/3922 5027/3325/3924
f 5042/3340/3939 5027/3325/3924 5028/3326/3925
f 5043/3341/3940 5028/3326/3925 5029/3327/3926
f 5044/3342/3941 5029/3327/3926 5030/3328/3927
f 5045/3343/3942 5030/3328/3927 5031/3329/3928
f 5046/3344/3943 5031/3329/3928 5032/3330/3929
f 5033/3331/3930 5046/3344/3943 5032/3330/3929
f 5034/3332/3931 5047/3345/3944 5033/3331/3930
f 5035/3333/3932 5048/3346/3945 5034/3332/3931
f 5036/3334/3933 5049/3347/3946 5035/3333/3932
f 5037/3336/3935 5050/3348/3947 5036/3334/3933
f 5038/3349/3948 5051/3350/3949 5037/3336/3935
f 5054/3351/3950 5039/3352/3951 5040/3337/3936
f 5055/3353/3952 5040/3337/3936 5041/3339/3938
f 5056/3354/3953 5041/3339/3938 5042/3340/3939
f 5057/3355/3954 5042/3340/3939 5043/3341/3940
f 5058/3356/3955 5043/3341/3940 5044/3342/3941
f 5059/3357/3956 5044/3342/3941 5045/3343/3942
f 5060/3358/3957 5045/3343/3942 5046/3344/3943
f 5047/3345/3944 5060/3358/3957 5046/3344/3943
f 5048/3346/3945 5061/3359/3958 5047/3345/3944
f 5049/3347/3946 5062/3360/3959 5048/3346/3945
f 5050/3348/3947 5063/3361/3960 5049/3347/3946
f 5051/3350/3949 5064/3362/3961 5050/3348/3947
f 5052/3363/3962 5065/3364/3963 5051/3350/3949
f 5068/3365/3964 5053/3366/3965 5054/3351/3950
f 5069/3367/3966 5054/3351/3950 5055/3353/3952
f 5070/3368/3967 5055/3353/3952 5056/3354/3953
f 5071/3369/3968 5056/3354/3953 5057/3355/3954
f 5072/3370/3969 5057/3355/3954 5058/3356/3955
f 5073/3371/3970 5058/3356/3955 5059/3357/3956
f 5074/3372/3971 5059/3357/3956 5060/3358/3957
f 5061/3359/3958 5074/3372/3971 5060/3358/3957
f 5062/3360/3959 5075/3373/3972 5061/3359/3958
f 5063/3361/3960 5076/3374/3973 5062/3360/3959
f 5064/3362/3961 5077/3375/3974 5063/3361/3960
f 5065/3364/3963 5078/3376/3975 5064/3362/3961
f 5066/3377/3976 5079/3378/3977 5065/3364/3963
f 5068/3365/3964 5081/3379/3978 5067/3380/3979
f 5069/3367/3966 5082/3381/3980 5068/3365/3964
f 5070/3368/3967 5083/3382/3981 5069/3367/3966
f 5071/3369/3968 5084/3383/3982 5070/3368/3967
f 5072/3370/3969 5085/3384/3983 5071/3369/3968
f 5073/3371/3970 5086/3385/3984 5072/3370/3969
f 5088/3386/3985 5073/3371/3970 5074/3372/3971
f 5089/3387/3986 5074/3372/3971 5075/3373/3972
f 5090/3388/3987 5075/3373/3972 5076/3374/3973
f 5091/3389/3988 5076/3374/3973 5077/3375/3974
f 5092/3390/3989 5077/3375/3974 5078/3376/3975
f 5093/3391/3990 5078/3376/3975 5079/3378/3977
f 5094/3392/3991 5079/3378/3977 5080/3393/3992
f 5082/3381/3980 5095/3394/3993 5081/3379/3978
f 5083/3382/3981 5096/3395/3994 5082/3381/3980
f 5084/3383/3982 5097/3396/3995 5083/3382/3981
f 5085/3384/3983 5098/3397/3996 5084/3383/3982
f 5086/3385/3984 5099/3398/3997 5085/3384/3983
f 5087/3399/3998 5100/3400/3999 5086/3385/3984
f 5102/3401/4000 5087/3399/3998 5088/3386/3985
f 5103/3402/4001 5088/3386/3985 5089/3387/3986
f 5104/3403/4002 5089/3387/3986 5090/3388/3987
f 5105/3404/4003 5090/3388/3987 5091/3389/3988
f 5106/3405/4004 5091/3389/3988 5092/3390/3989
f 5107/3406/4005 5092/3390/3989 5093/3391/3990
f 5108/3407/4006 5093/3391/3990 5094/3392/3991
f 5096/3395/3994 5109/3408/4007 5095/3394/3993
f 5097/3396/3995 5110/3409/4008 5096/3395/3994
f 5098/3397/3996 5111/3410/4009 5097/3396/3995
f 5099/3398/3997 5112/3411/4010 5098/3397/3996
f 5100/3400/3999 5113/3412/4011 5099/3398/3997
f 5101/3413/4012 5114/3414/4013 5100/3400/3999
f 5116/3415/4014 5101/3413/4012 5102/3401/4000
f 5117/3416/4015 5102/3401/4000 5103/3402/4001
f 5118/3417/4016 5103/3402/4001 5104/3403/4002
f 5119/3418/4017 5104/3403/4002 5105/3404/4003
f 5120/3419/4018 5105/3404/4003 5106/3405/4004
f 5121/3420/4019 5106/3405/4004 5107/3406/4005
f 5122/3421/4020 5107/3406/4005 5108/3407/4006
f 5110/3409/4008 5123/3422/4021 5109/3408/4007
f 5111/3410/4009 5124/3423/4022 5110/3409/4008
f 5112/3411/4010 5125/3424/4023 5111/3410/4009
f 5113/3412/4011 5126/3425/4024 5112/3411/4010
f 5114/3414/4013 5127/3426/4025 5113/3412/4011
f 5115/3427/4026 5128/3428/4027 5114/3414/4013
f 5130/3429/4028 5115/3427/4026 5116/3415/4014
f 5131/3430/4029 5116/3415/4014 5117/3416/4015
f 5132/3431/4030 5117/3416/4015 5118/3417/4016
f 5133/3432/4031 5118/3417/4016 5119/3418/4017
f 5134/3433/4032 5119/3418/4017 5120/3419/4018
f 5135/3434/4033 5120/3419/4018 5121/3420/4019
f 5136/3435/4034 5121/3420/4019 5122/3421/4020
f 5138/3436/1715 5123/3422/4021 5124/3423/4022
f 5139/3437/1717 5124/3423/4022 5125/3424/4023
f 5140/3438/1719 5125/3424/4023 5126/3425/4024
f 5141/3439/1720 5126/3425/4024 5127/3426/4025
f 5142/3440/1722 5127/3426/4025 5128/3428/4027
f 5143/3441/4035 5128/3428/4027 5129/3442/4036
f 5144/3443/4037 5129/3442/4036 5130/3429/4028
f 5131/3430/4029 5144/3443/4037 5130/3429/4028
f 5132/3431/4030 5145/3444/1728 5131/3430/4029
f 5133/3432/4031 5146/3445/1729 5132/3431/4030
f 5134/3433/4032 5147/3446/1731 5133/3432/4031
f 5135/3434/4033 5148/3447/1732 5134/3433/4032
f 5136/3435/4034 5149/3448/1734 5135/3434/4033
f 5138/3436/1715 5151/3449/1644 5137/3450/1644
f 5139/3437/1717 5152/3451/1657 5138/3436/1715
f 5140/3438/1719 5153/3452/1658 5139/3437/1717
f 5141/3439/1720 5154/3453/1659 5140/3438/1719
f 5142/3440/1722 5155/3454/1660 5141/3439/1720
f 5143/3441/4035 5156/3455/1662 5142/3440/1722
f 5158/3456/1663 5143/3441/4035 5144/3443/4037
f 5159/3457/1664 5144/3443/4037 5145/3444/1728
f 5160/3458/1665 5145/3444/1728 5146/3445/1729
f 5161/3459/1666 5146/3445/1729 5147/3446/1731
f 5162/3460/1667 5147/3446/1731 5148/3447/1732
f 5163/3461/1668 5148/3447/1732 5149/3448/1734
f 5164/3462/1656 5149/3448/1734 5150/3463/1656
f 5166/3464/1374 5151/3449/1644 5152/3451/1657
f 5167/3465/1375 5152/3451/1657 5153/3452/1658
f 5168/3466/1376 5153/3452/1658 5154/3453/1659
f 5169/3467/1377 5154/3453/1659 5155/3454/1660
f 5170/3468/1378 5155/3454/1660 5156/3455/1662
f 5171/3469/1391 5156/3455/1662 5157/3470/1669
f 5172/3471/1586 5157/3470/1669 5158/3456/1663
f 5173/3472/1380 5158/3456/1663 5159/3457/1664
f 5174/3473/1381 5159/3457/1664 5160/3458/1665
f 5175/3474/1382 5160/3458/1665 5161/3459/1666
f 5176/3475/1383 5161/3459/1666 5162/3460/1667
f 5177/3476/1384 5162/3460/1667 5163/3461/1668
f 5178/3477/1385 5163/3461/1668 5164/3462/1656
f 5180/3478/1386 5165/3479/1373 5166/3464/1374
f 5181/3480/1387 5166/3464/1374 5167/3465/1375
f 5182/3481/1388 5167/3465/1375 5168/3466/1376
f 5183/3482/1402 5168/3466/1376 5169/3467/1377
f 5184/3483/1389 5169/3467/1377 5170/3468/1378
f 5185/3484/1390 5170/3468/1378 5171/3469/1391
f 5186/3485/1392 5171/3469/1391 5172/3471/1586
f 5187/3486/1407 5172/3471/1586 5173/3472/1380
f 5188/3487/1393 5173/3472/1380 5174/3473/1381
f 5189/3488/1394 5174/3473/1381 5175/3474/1382
f 5190/3489/1395 5175/3474/1382 5176/3475/1383
f 5191/3490/1412 5176/3475/1383 5177/3476/1384
f 5192/3491/1396 5177/3476/1384 5178/3477/1385
f 5194/3492/4038 5179/3493/1398 5180/3478/1386
f 5195/3494/4039 5180/3478/1386 5181/3480/1387
f 5196/3495/4040 5181/3480/1387 5182/3481/1388
f 5197/3496/4041 5182/3481/1388 5183/3482/1402
f 5198/3497/4042 5183/3482/1402 5184/3483/1389
f 5199/3498/4043 5184/3483/1389 5185/3484/1390
f 5200/3499/4044 5185/3484/1390 5186/3485/1392
f 5187/3486/1407 5200/3499/4044 5186/3485/1392
f 5188/3487/1393 5201/3500/4045 5187/3486/1407
f 5189/3488/1394 5202/3501/4046 5188/3487/1393
f 5190/3489/1395 5203/3502/4047 5189/3488/1394
f 5191/3490/1412 5204/3503/4048 5190/3489/1395
f 5192/3491/1396 5205/3504/4049 5191/3490/1412
f 5194/3492/4038 4269/14/3172 5193/3505/4050
f 5195/3494/4039 4270/1738/3170 5194/3492/4038
f 5196/3495/4040 4271/1740/3173 5195/3494/4039
f 5197/3496/4041 4272/1741/3175 5196/3495/4040
f 5198/3497/4042 4273/1742/3177 5197/3496/4041
f 5199/3498/4043 4274/1743/3179 5198/3497/4042
f 4276/1745/3184 5199/3498/4043 5200/3499/4044
f 4277/1746/3186 5200/3499/4044 5201/3500/4045
f 4278/1747/3188 5201/3500/4045 5202/3501/4046
f 4279/1748/3190 5202/3501/4046 5203/3502/4047
f 4280/1749/3192 5203/3502/4047 5204/3503/4048
f 4281/1751/3194 5204/3503/4048 5205/3504/4049
f 4282/2000/3196 5205/3504/4049 5206/3506/4051
f 5222/3507/4052 5207/5/4053 5208/318/4054
f 5223/3508/4055 5208/318/4054 5209/320/4056
f 5224/3509/4057 5209/320/4056 5210/322/4058
f 5225/3510/4059 5210/322/4058 5211/324/4060
f 5226/3511/4061 5211/324/4060 5212/326/4062
f 5227/3512/4063 5212/326/4062 5213/328/4064
f 5228/3513/4065 5213/328/4064 5214/331/4066
f 5215/333/4067 5228/3513/4065 5214/331/4066
f 5216/335/4068 5229/3514/4069 5215/333/4067
f 5217/337/4070 5230/3515/4071 5216/335/4068
f 5218/339/4072 5231/3516/4073 5217/337/4070
f 5219/341/4074 5232/3517/4075 5218/339/4072
f 5220/343/4076 5233/3518/4077 5219/341/4074
f 5236/3519/4078 5221/3520/4079 5222/3507/4052
f 5237/3521/4080 5222/3507/4052 5223/3508/4055
f 5238/3522/4081 5223/3508/4055 5224/3509/4057
f 5239/3523/4082 5224/3509/4057 5225/3510/4059
f 5240/3524/4083 5225/3510/4059 5226/3511/4061
f 5241/3525/4084 5226/3511/4061 5227/3512/4063
f 5242/3526/4085 5227/3512/4063 5228/3513/4065
f 5229/3514/4069 5242/3526/4085 5228/3513/4065
f 5230/3515/4071 5243/3527/4086 5229/3514/4069
f 5231/3516/4073 5244/3528/4087 5230/3515/4071
f 5232/3517/4075 5245/3529/4088 5231/3516/4073
f 5233/3518/4077 5246/3530/4089 5232/3517/4075
f 5234/3531/4090 5247/3532/4091 5233/3518/4077
f 5250/3533/4092 5235/3534/4093 5236/3519/4078
f 5251/3535/4094 5236/3519/4078 5237/3521/4080
f 5252/3536/4095 5237/3521/4080 5238/3522/4081
f 5253/3537/4096 5238/3522/4081 5239/3523/4082
f 5254/3538/4097 5239/3523/4082 5240/3524/4083
f 5255/3539/4098 5240/3524/4083 5241/3525/4084
f 5256/3540/4099 5241/3525/4084 5242/3526/4085
f 5243/3527/4086 5256/3540/4099 5242/3526/4085
f 5244/3528/4087 5257/3541/4100 5243/3527/4086
f 5245/3529/4088 5258/3542/4101 5244/3528/4087
f 5246/3530/4089 5259/3543/4102 5245/3529/4088
f 5247/3532/4091 5260/3544/4103 5246/3530/4089
f 5248/3545/4104 5261/3546/4105 5247/3532/4091
f 5264/3547/4106 5249/3548/4107 5250/3533/4092
f 5265/3549/4108 5250/3533/4092 5251/3535/4094
f 5266/3550/4109 5251/3535/4094 5252/3536/4095
f 5267/3551/4110 5252/3536/4095 5253/3537/4096
f 5268/3552/4111 5253/3537/4096 5254/3538/4097
f 5269/3553/4112 5254/3538/4097 5255/3539/4098
f 5270/3554/4113 5255/3539/4098 5256/3540/4099
f 5257/3541/4100 5270/3554/4113 5256/3540/4099
f 5258/3542/4101 5271/3555/4114 5257/3541/4100
f 5259/3543/4102 5272/3556/4115 5258/3542/4101
f 5260/3544/4103 5273/3557/4116 5259/3543/4102
f 5261/3546/4105 5274/3558/4117 5260/3544/4103
f 5262/3559/4118 5275/3560/4119 5261/3546/4105
f 5278/3561/4120 5263/3562/4121 5264/3547/4106
f 5279/3563/4122 5264/3547/4106 5265/3549/4108
f 5280/3564/4123 5265/3549/4108 5266/3550/4109
f 5281/3565/4124 5266/3550/4109 5267/3551/4110
f 5282/3566/4125 5267/3551/4110 5268/3552/4111
f 5283/3567/4126 5268/3552/4111 5269/3553/4112
f 5284/3568/4127 5269/3553/4112 5270/3554/4113
f 5271/3555/4114 5284/3568/4127 5270/3554/4113
f 5272/3556/4115 5285/3569/4128 5271/3555/4114
f 5273/3557/4116 5286/3570/4129 5272/3556/4115
f 5274/3558/4117 5287/3571/4130 5273/3557/4116
f 5275/3560/4119 5288/3572/4131 5274/3558/4117
f 5276/3573/4132 5289/3574/4133 5275/3560/4119
f 5292/3575/4134 5277/3576/4135 5278/3561/4120
f 5293/3577/4136 5278/3561/4120 5279/3563/4122
f 5294/3578/4137 5279/3563/4122 5280/3564/4123
f 5295/3579/4138 5280/3564/4123 5281/3565/4124
f 5296/3580/4139 5281/3565/4124 5282/3566/4125
f 5297/3581/4140 5282/3566/4125 5283/3567/4126
f 5298/3582/4141 5283/3567/4126 5284/3568/4127
f 5285/3569/4128 5298/3582/4141 5284/3568/4127
f 5286/3570/4129 5299/3583/4142 5285/3569/4128
f 5287/3571/4130 5300/3584/4143 5286/3570/4129
f 5288/3572/4131 5301/3585/4144 5287/3571/4130
f 5289/3574/4133 5302/3586/4145 5288/3572/4131
f 5290/3587/4146 5303/3588/4147 5289/3574/4133
f 5292/3575/4134 5305/3589/4148 5291/3590/4149
f 5293/3577/4136 5306/3591/4150 5292/3575/4134
f 5294/3578/4137 5307/3592/4151 5293/3577/4136
f 5295/3579/4138 5308/3593/4152 5294/3578/4137
f 5296/3580/4139 5309/3594/4153 5295/3579/4138
f 5297/3581/4140 5310/3595/4154 5296/3580/4139
f 5312/3596/4155 5297/3581/4140 5298/3582/4141
f 5313/3597/4156 5298/3582/4141 5299/3583/4142
f 5314/3598/4157 5299/3583/4142 5300/3584/4143
f 5315/3599/4158 5300/3584/4143 5301/3585/4144
f 5316/3600/4159 5301/3585/4144 5302/3586/4145
f 5317/3601/4160 5302/3586/4145 5303/3588/4147
f 5318/3602/4161 5303/3588/4147 5304/3603/4162
f 5306/3591/4150 5319/3604/4163 5305/3589/4148
f 5307/3592/4151 5320/3605/4164 5306/3591/4150
f 5308/3593/4152 5321/3606/4165 5307/3592/4151
f 5309/3594/4153 5322/3607/4166 5308/3593/4152
f 5310/3595/4154 5323/3608/4167 5309/3594/4153
f 5311/3609/4168 5324/3610/4169 5310/3595/4154
f 5326/3611/4170 5311/3609/4168 5312/3596/4155
f 5327/3612/4171 5312/3596/4155 5313/3597/4156
f 5328/3613/4172 5313/3597/4156 5314/3598/4157
f 5329/3614/4173 5314/3598/4157 5315/3599/4158
f 5330/3615/4174 5315/3599/4158 5316/3600/4159
f 5331/3616/4175 5316/3600/4159 5317/3601/4160
f 5332/3617/4176 5317/3601/4160 5318/3602/4161
f 5320/3605/4164 5333/74/4177 5319/3604/4163
f 5321/3606/4165 5334/790/4178 5320/3605/4164
f 5322/3607/4166 5335/792/4179 5321/3606/4165
f 5323/3608/4167 5336/793/4180 5322/3607/4166
f 5324/3610/4169 5337/794/4181 5323/3608/4167
f 5325/3618/4182 5338/795/4183 5324/3610/4169
f 5340/797/4184 5325/3618/4182 5326/3611/4170
f 5341/798/4185 5326/3611/4170 5327/3612/4171
f 5342/799/4186 5327/3612/4171 5328/3613/4172
f 5343/800/4187 5328/3613/4172 5329/3614/4173
f 5344/801/4188 5329/3614/4173 5330/3615/4174
f 5345/803/4189 5330/3615/4174 5331/3616/4175
f 5346/815/4190 5331/3616/4175 5332/3617/4176
f 5334/790/4178 5347/3619/4191 5333/74/4177
f 5335/792/4179 5348/3620/4192 5334/790/4178
f 5336/793/4180 5349/3621/4193 5335/792/4179
f 5337/794/4181 5350/3622/4194 5336/793/4180
f 5338/795/4183 5351/3623/4195 5337/794/4181
f 5339/796/4196 5352/3624/4197 5338/795/4183
f 5354/3625/4198 5339/796/4196 5340/797/4184
f 5355/3626/4199 5340/797/4184 5341/798/4185
f 5356/3627/4200 5341/798/4185 5342/799/4186
f 5357/3628/4201 5342/799/4186 5343/800/4187
f 5358/3629/4202 5343/800/4187 5344/801/4188
f 5359/3630/4203 5344/801/4188 5345/803/4189
f 5360/3631/4204 5345/803/4189 5346/815/4190
f 5348/3620/4192 5361/3632/4205 5347/3619/4191
f 5349/3621/4193 5362/3633/4206 5348/3620/4192
f 5350/3622/4194 5363/3634/4207 5349/3621/4193
f 5351/3623/4195 5364/3635/4208 5350/3622/4194
f 5352/3624/4197 5365/3636/4209 5351/3623/4195
f 5353/3637/4210 5366/3638/4211 5352/3624/4197
f 5368/3639/4212 5353/3637/4210 5354/3625/4198
f 5369/3640/4213 5354/3625/4198 5355/3626/4199
f 5370/3641/4214 5355/3626/4199 5356/3627/4200
f 5371/3642/4215 5356/3627/4200 5357/3628/4201
f 5372/3643/4216 5357/3628/4201 5358/3629/4202
f 5373/3644/4217 5358/3629/4202 5359/3630/4203
f 5374/3645/4218 5359/3630/4203 5360/3631/4204
f 5362/3633/4206 5375/3646/4219 5361/3632/4205
f 5363/3634/4207 5376/3647/4220 5362/3633/4206
f 5364/3635/4208 5377/3648/4221 5363/3634/4207
f 5365/3636/4209 5378/3649/4222 5364/3635/4208
f 5366/3638/4211 5379/3650/4223 5365/3636/4209
f 5367/3651/4224 5380/3652/4225 5366/3638/4211
f 5382/3653/4226 5367/3651/4224 5368/3639/4212
f 5383/3654/4227 5368/3639/4212 5369/3640/4213
f 5384/3655/4228 5369/3640/4213 5370/3641/4214
f 5385/3656/4229 5370/3641/4214 5371/3642/4215
f 5386/3657/4230 5371/3642/4215 5372/3643/4216
f 5387/3658/4231 5372/3643/4216 5373/3644/4217
f 5388/3659/4232 5373/3644/4217 5374/3645/4218
f 5390/3660/4233 5375/3646/4219 5376/3647/4220
f 5391/3661/4234 5376/3647/4220 5377/3648/4221
f 5392/3662/4235 5377/3648/4221 5378/3649/4222
f 5393/3663/4236 5378/3649/4222 5379/3650/4223
f 5394/3664/4237 5379/3650/4223 5380/3652/4225
f 5395/3665/4238 5380/3652/4225 5381/3666/4239
f 5396/3667/4240 5381/3666/4239 5382/3653/4226
f 5383/3654/4227 5396/3667/4240 5382/3653/4226
f 5384/3655/4228 5397/3668/4241 5383/3654/4227
f 5385/3656/4229 5398/3669/4242 5384/3655/4228
f 5386/3657/4230 5399/3670/4243 5385/3656/4229
f 5387/3658/4231 5400/3671/4244 5386/3657/4230
f 5388/3659/4232 5401/3672/4245 5387/3658/4231
f 5404/3673/4246 5389/3674/4247 5390/3660/4233
f 5405/3675/4248 5390/3660/4233 5391/3661/4234
f 5406/3676/4249 5391/3661/4234 5392/3662/4235
f 5407/3677/4250 5392/3662/4235 5393/3663/4236
f 5408/3678/4251 5393/3663/4236 5394/3664/4237
f 5409/3679/4252 5394/3664/4237 5395/3665/4238
f 5410/3680/4253 5395/3665/4238 5396/3667/4240
f 5397/3668/4241 5410/3680/4253 5396/3667/4240
f 5398/3669/4242 5411/3681/4254 5397/3668/4241
f 5399/3670/4243 5412/3682/4255 5398/3669/4242
f 5400/3671/4244 5413/3683/4256 5399/3670/4243
f 5401/3672/4245 5414/3684/4257 5400/3671/4244
f 5402/3685/4258 5415/3686/4259 5401/3672/4245
f 5418/3687/4260 5403/3688/4261 5404/3673/4246
f 5419/3689/4262 5404/3673/4246 5405/3675/4248
f 5420/3690/4263 5405/3675/4248 5406/3676/4249
f 5421/3691/4264 5406/3676/4249 5407/3677/4250
f 5422/3692/4265 5407/3677/4250 5408/3678/4251
f 5423/3693/4266 5408/3678/4251 5409/3679/4252
f 5424/3694/4267 5409/3679/4252 5410/3680/4253
f 5411/3681/4254 5424/3694/4267 5410/3680/4253
f 5412/3682/4255 5425/3695/4268 5411/3681/4254
f 5413/3683/4256 5426/3696/4269 5412/3682/4255
f 5414/3684/4257 5427/3697/4270 5413/3683/4256
f 5415/3686/4259 5428/3698/4271 5414/3684/4257
f 5416/3699/4272 5429/3700/4273 5415/3686/4259
f 5432/3701/4274 5417/3702/4275 5418/3687/4260
f 5433/3703/4276 5418/3687/4260 5419/3689/4262
f 5434/3704/4277 5419/3689/4262 5420/3690/4263
f 5435/3705/4278 5420/3690/4263 5421/3691/4264
f 5436/3706/4279 5421/3691/4264 5422/3692/4265
f 5437/3707/4280 5422/3692/4265 5423/3693/4266
f 5438/3708/4281 5423/3693/4266 5424/3694/4267
f 5425/3695/4268 5438/3708/4281 5424/3694/4267
f 5426/3696/4269 5439/3709/4282 5425/3695/4268
f 5427/3697/4270 5440/3710/4283 5426/3696/4269
f 5428/3698/4271 5441/3711/4284 5427/3697/4270
f 5429/3700/4273 5442/3712/4285 5428/3698/4271
f 5430/3713/4286 5443/3714/4287 5429/3700/4273
f 5446/3715/4288 5431/3716/4289 5432/3701/4274
f 5447/3717/4290 5432/3701/4274 5433/3703/4276
f 5448/3718/4291 5433/3703/4276 5434/3704/4277
f 5449/3719/4292 5434/3704/4277 5435/3705/4278
f 5450/3720/4293 5435/3705/4278 5436/3706/4279
f 5451/3721/4294 5436/3706/4279 5437/3707/4280
f 5452/3722/4295 5437/3707/4280 5438/3708/4281
f 5439/3709/4282 5452/3722/4295 5438/3708/4281
f 5440/3710/4283 5453/3723/4296 5439/3709/4282
f 5441/3711/4284 5454/3724/4297 5440/3710/4283
f 5442/3712/4285 5455/3725/4298 5441/3711/4284
f 5443/3714/4287 5456/3726/4299 5442/3712/4285
f 5444/3727/4300 5457/3728/4301 5443/3714/4287
f 5446/3715/4288 5459/50/4302 5445/3729/4303
f 5447/3717/4290 5460/1264/4304 5446/3715/4288
f 5448/3718/4291 5461/1266/4305 5447/3717/4290
f 5449/3719/4292 5462/1267/4306 5448/3718/4291
f 5450/3720/4293 5463/1268/4307 5449/3719/4292
f 5451/3721/4294 5464/1269/4308 5450/3720/4293
f 5466/1271/4309 5451/3721/4294 5452/3722/4295
f 5467/1272/4310 5452/3722/4295 5453/3723/4296
f 5468/1273/4311 5453/3723/4296 5454/3724/4297
f 5469/1274/4312 5454/3724/4297 5455/3725/4298
f 5470/1275/4313 5455/3725/4298 5456/3726/4299
f 5471/1277/4314 5456/3726/4299 5457/3728/4301
f 5472/1289/4315 5457/3728/4301 5458/3730/4316
f 5460/1264/4304 5473/3731/4317 5459/50/4302
f 5461/1266/4305 5474/3732/4318 5460/1264/4304
f 5462/1267/4306 5475/3733/4319 5461/1266/4305
f 5463/1268/4307 5476/3734/4320 5462/1267/4306
f 5464/1269/4308 5477/3735/4321 5463/1268/4307
f 5465/1270/4322 5478/3736/4323 5464/1269/4308
f 5480/3737/4324 5465/1270/4322 5466/1271/4309
f 5481/3738/4325 5466/1271/4309 5467/1272/4310
f 5482/3739/4326 5467/1272/4310 5468/1273/4311
f 5483/3740/4327 5468/1273/4311 5469/1274/4312
f 5484/3741/4328 5469/1274/4312 5470/1275/4313
f 5485/3742/4329 5470/1275/4313 5471/1277/4314
f 5486/3743/4330 5471/1277/4314 5472/1289/4315
f 5474/3732/4318 5487/3744/4331 5473/3731/4317
f 5475/3733/4319 5488/3745/4332 5474/3732/4318
f 5476/3734/4320 5489/3746/4333 5475/3733/4319
f 5477/3735/4321 5490/3747/4334 5476/3734/4320
f 5478/3736/4323 5491/3748/4335 5477/3735/4321
f 5479/3749/4336 5492/3750/4337 5478/3736/4323
f 5494/3751/4338 5479/3749/4336 5480/3737/4324
f 5495/3752/4339 5480/3737/4324 5481/3738/4325
f 5496/3753/4340 5481/3738/4325 5482/3739/4326
f 5497/3754/4341 5482/3739/4326 5483/3740/4327
f 5498/3755/4342 5483/3740/4327 5484/3741/4328
f 5499/3756/4343 5484/3741/4328 5485/3742/4329
f 5500/3757/4344 5485/3742/4329 5486/3743/4330
f 5488/3745/4332 5501/3758/4345 5487/3744/4331
f 5489/3746/4333 5502/3759/4346 5488/3745/4332
f 5490/3747/4334 5503/3760/4347 5489/3746/4333
f 5491/3748/4335 5504/3761/4348 5490/3747/4334
f 5492/3750/4337 5505/3762/4349 5491/3748/4335
f 5493/3763/4350 5506/3764/4351 5492/3750/4337
f 5508/3765/4352 5493/3763/4350 5494/3751/4338
f 5509/3766/4353 5494/3751/4338 5495/3752/4339
f 5510/3767/4354 5495/3752/4339 5496/3753/4340
f 5511/3768/4355 5496/3753/4340 5497/3754/4341
f 5512/3769/4356 5497/3754/4341 5498/3755/4342
f 5513/3770/4357 5498/3755/4342 5499/3756/4343
f 5514/3771/4358 5499/3756/4343 5500/3757/4344
f 5502/3759/4346 5515/3772/4359 5501/3758/4345
f 5503/3760/4347 5516/3773/4360 5502/3759/4346
f 5504/3761/4348 5517/3774/4361 5503/3760/4347
f 5505/3762/4349 5518/3775/4362 5504/3761/4348
f 5506/3764/4351 5519/3776/4363 5505/3762/4349
f 5507/3777/4364 5520/3778/4365 5506/3764/4351
f 5522/3779/4366 5507/3777/4364 5508/3765/4352
f 5523/3780/4367 5508/3765/4352 5509/3766/4353
f 5524/3781/4368 5509/3766/4353 5510/3767/4354
f 5525/3782/4369 5510/3767/4354 5511/3768/4355
f 5526/3783/4370 5511/3768/4355 5512/3769/4356
f 5527/3784/4371 5512/3769/4356 5513/3770/4357
f 5528/3785/4372 5513/3770/4357 5514/3771/4358
f 5516/3773/4360 5529/3786/4373 5515/3772/4359
f 5517/3774/4361 5530/3787/4374 5516/3773/4360
f 5518/3775/4362 5531/3788/4375 5517/3774/4361
f 5519/3776/4363 5532/3789/4376 5518/3775/4362
f 5520/3778/4365 5533/3790/4377 5519/3776/4363
f 5521/3791/4378 5534/3792/4379 5520/3778/4365
f 5536/3793/4380 5521/3791/4378 5522/3779/4366
f 5537/3794/4381 5522/3779/4366 5523/3780/4367
f 5538/3795/4382 5523/3780/4367 5524/3781/4368
f 5539/3796/4383 5524/3781/4368 5525/3782/4369
f 5540/3797/4384 5525/3782/4369 5526/3783/4370
f 5541/3798/4385 5526/3783/4370 5527/3784/4371
f 5542/3799/4386 5527/3784/4371 5528/3785/4372
f 5530/3787/4374 5543/3800/4387 5529/3786/4373
f 5531/3788/4375 5544/3801/4388 5530/3787/4374
f 5532/3789/4376 5545/3802/4389 5531/3788/4375
f 5533/3790/4377 5546/3803/4390 5532/3789/4376
f 5534/3792/4379 5547/3804/4391 5533/3790/4377
f 5535/3805/4392 5548/3806/4393 5534/3792/4379
f 5550/3807/4394 5535/3805/4392 5536/3793/4380
f 5551/3808/4395 5536/3793/4380 5537/3794/4381
f 5552/3809/4396 5537/3794/4381 5538/3795/4382
f 5553/3810/4397 5538/3795/4382 5539/3796/4383
f 5554/3811/4398 5539/3796/4383 5540/3797/4384
f 5555/3812/4399 5540/3797/4384 5541/3798/4385
f 5556/3813/4400 5541/3798/4385 5542/3799/4386
f 5558/3814/1715 5543/3800/4387 5544/3801/4388
f 5559/3815/1717 5544/3801/4388 5545/3802/4389
f 5560/3816/1719 5545/3802/4389 5546/3803/4390
f 5561/3817/1720 5546/3803/4390 5547/3804/4391
f 5562/3818/1722 5547/3804/4391 5548/3806/4393
f 5563/3819/1724 5548/3806/4393 5549/3820/4401
f 5564/3821/1726 5549/3820/4401 5550/3807/4394
f 5551/3808/4395 5564/3821/1726 5550/3807/4394
f 5552/3809/4396 5565/3822/1728 5551/3808/4395
f 5553/3810/4397 5566/3823/1729 5552/3809/4396
f 5554/3811/4398 5567/3824/1731 5553/3810/4397
f 5555/3812/4399 5568/3825/1732 5554/3811/4398
f 5556/3813/4400 5569/3826/1734 5555/3812/4399
f 5572/3827/1714 5557/3828/1644 5558/3814/1715
f 5573/3829/1716 5558/3814/1715 5559/3815/1717
f 5574/3830/1718 5559/3815/1717 5560/3816/1719
f 5561/3817/1720 5574/3830/1718 5560/3816/1719
f 5576/3831/1738 5561/3817/1720 5562/3818/1722
f 5577/3832/1723 5562/3818/1722 5563/3819/1724
f 5578/3833/1725 5563/3819/1724 5564/3821/1726
f 5579/3834/1739 5564/3821/1726 5565/3822/1728
f 5566/3823/1729 5579/3834/1739 5565/3822/1728
f 5581/3835/1730 5566/3823/1729 5567/3824/1731
f 5568/3825/1732 5581/3835/1730 5567/3824/1731
f 5583/3836/1733 5568/3825/1732 5569/3826/1734
f 5584/3837/1413 5569/3826/1734 5570/3838/1656
f 5572/3827/1714 5207/14/4053 5571/3839/1415
f 5573/3829/1716 5208/1738/4054 5572/3827/1714
f 5574/3830/1718 5209/1740/4056 5573/3829/1716
f 5575/3840/1735 5210/1741/4058 5574/3830/1718
f 5576/3831/1738 5211/1742/4060 5575/3840/1735
f 5577/3832/1723 5212/1743/4062 5576/3831/1738
f 5214/1745/4066 5577/3832/1723 5578/3833/1725
f 5215/1746/4067 5578/3833/1725 5579/3834/1739
f 5216/1747/4068 5579/3834/1739 5580/3841/1736
f 5217/1748/4070 5580/3841/1736 5581/3835/1730
f 5218/1749/4072 5581/3835/1730 5582/3842/1737
f 5219/1751/4074 5582/3842/1737 5583/3836/1733
f 5220/2000/4076 5583/3836/1733 5584/3837/1413
f 700/318/3 714/321/7 713/319/4
f 701/320/6 715/323/9 714/321/7
f 702/322/8 716/325/11 715/323/9
f 703/324/10 717/327/13 716/325/11
f 704/326/12 718/329/15 717/327/13
f 705/328/14 719/349/35 718/329/15
f 720/330/16 719/349/35 705/328/14
f 721/332/18 720/330/16 706/331/17
f 722/334/20 721/332/18 707/333/19
f 723/336/22 722/334/20 708/335/21
f 724/338/24 723/336/22 709/337/23
f 725/340/26 724/338/24 710/339/25
f 726/342/28 725/340/26 711/341/27
f 714/321/7 728/345/31 727/344/30
f 715/323/9 729/346/32 728/345/31
f 716/325/11 730/347/33 729/346/32
f 717/327/13 731/348/34 730/347/33
f 718/329/15 732/350/36 731/348/34
f 719/349/35 733/363/49 732/350/36
f 734/351/37 733/363/49 719/349/35
f 735/352/38 734/351/37 720/330/16
f 736/353/39 735/352/38 721/332/18
f 737/354/40 736/353/39 722/334/20
f 738/355/41 737/354/40 723/336/22
f 739/356/42 738/355/41 724/338/24
f 740/357/43 739/356/42 725/340/26
f 728/345/31 742/359/45 741/358/44
f 729/346/32 743/360/46 742/359/45
f 730/347/33 744/361/47 743/360/46
f 731/348/34 745/362/48 744/361/47
f 732/350/36 746/364/50 745/362/48
f 733/363/49 747/377/63 746/364/50
f 748/365/51 747/377/63 733/363/49
f 749/366/52 748/365/51 734/351/37
f 750/367/53 749/366/52 735/352/38
f 751/368/54 750/367/53 736/353/39
f 752/369/55 751/368/54 737/354/40
f 753/370/56 752/369/55 738/355/41
f 754/371/57 753/370/56 739/356/42
f 742/359/45 756/373/59 755/372/58
f 743/360/46 757/374/60 756/373/59
f 744/361/47 758/375/61 757/374/60
f 745/362/48 759/376/62 758/375/61
f 746/364/50 760/378/64 759/376/62
f 747/377/63 761/391/77 760/378/64
f 762/379/65 761/391/77 747/377/63
f 763/380/66 762/379/65 748/365/51
f 764/381/67 763/380/66 749/366/52
f 765/382/68 764/381/67 750/367/53
f 766/383/69 765/382/68 751/368/54
f 767/384/70 766/383/69 752/369/55
f 768/385/71 767/384/70 753/370/56
f 756/373/59 770/387/73 769/386/72
f 757/374/60 771/388/74 770/387/73
f 758/375/61 772/389/75 771/388/74
f 759/376/62 773/390/76 772/389/75
f 760/378/64 774/392/78 773/390/76
f 761/391/77 775/404/90 774/392/78
f 776/393/79 775/404/90 761/391/77
f 777/394/80 776/393/79 762/379/65
f 778/395/81 777/394/80 763/380/66
f 779/396/82 778/395/81 764/381/67
f 780/397/83 779/396/82 765/382/68
f 781/398/84 780/397/83 766/383/69
f 782/399/85 781/398/84 767/384/70
f 784/400/86 783/410/96 769/386/72
f 771/388/74 785/412/98 784/400/86
f 786/401/87 785/412/98 771/388/74
f 787/402/88 786/401/87 772/389/75
f 774/392/78 788/416/102 787/402/88
f 789/403/89 788/416/102 774/392/78
f 790/405/91 789/403/89 775/404/90
f 777/394/80 791/419/105 790/405/91
f 792/406/92 791/419/105 777/394/80
f 779/396/82 793/407/93 792/406/92
f 780/397/83 794/422/108 793/407/93
f 795/408/94 794/422/108 780/397/83
f 782/399/85 796/425/111 795/408/94
f 798/409/95 797/428/114 783/410/96
f 799/411/97 798/409/95 784/400/86
f 800/413/99 799/411/97 785/412/98
f 801/414/100 800/413/99 786/401/87
f 802/415/101 801/414/100 787/402/88
f 803/417/103 802/415/101 788/416/102
f 804/418/104 803/417/103 789/403/89
f 791/419/105 805/420/106 804/418/104
f 792/406/92 806/421/107 805/420/106
f 793/407/93 807/423/109 806/421/107
f 794/422/108 808/424/110 807/423/109
f 795/408/94 809/426/112 808/424/110
f 796/425/111 810/439/125 809/426/112
f 812/427/113 811/442/128 797/428/114
f 813/429/115 812/427/113 798/409/95
f 814/430/116 813/429/115 799/411/97
f 815/431/117 814/430/116 800/413/99
f 816/432/118 815/431/117 801/414/100
f 817/433/119 816/432/118 802/415/101
f 818/434/120 817/433/119 803/417/103
f 805/420/106 819/435/121 818/434/120
f 806/421/107 820/436/122 819/435/121
f 807/423/109 821/437/123 820/436/122
f 808/424/110 822/438/124 821/437/123
f 809/426/112 823/440/126 822/438/124
f 810/439/125 824/453/139 823/440/126
f 826/441/127 825/456/142 811/442/128
f 827/443/129 826/441/127 812/427/113
f 828/444/130 827/443/129 813/429/115
f 829/445/131 828/444/130 814/430/116
f 830/446/132 829/445/131 815/431/117
f 831/447/133 830/446/132 816/432/118
f 832/448/134 831/447/133 817/433/119
f 819/435/121 833/449/135 832/448/134
f 820/436/122 834/450/136 833/449/135
f 821/437/123 835/451/137 834/450/136
f 822/438/124 836/452/138 835/451/137
f 823/440/126 837/454/140 836/452/138
f 824/453/139 838/467/153 837/454/140
f 840/455/141 839/470/156 825/456/142
f 841/457/143 840/455/141 826/441/127
f 842/458/144 841/457/143 827/443/129
f 843/459/145 842/458/144 828/444/130
f 844/460/146 843/459/145 829/445/131
f 845/461/147 844/460/146 830/446/132
f 846/462/148 845/461/147 831/447/133
f 833/449/135 847/463/149 846/462/148
f 834/450/136 848/464/150 847/463/149
f 835/451/137 849/465/151 848/464/150
f 836/452/138 850/466/152 849/465/151
f 837/454/140 851/468/154 850/466/152
f 838/467/153 852/483/169 851/468/154
f 840/455/141 854/471/157 853/469/155
f 841/457/143 855/472/158 854/471/157
f 842/458/144 856/473/159 855/472/158
f 843/459/145 857/474/160 856/473/159
f 844/460/146 858/475/161 857/474/160
f 845/461/147 859/489/175 858/475/161
f 860/476/162 859/489/175 845/461/147
f 861/477/163 860/476/162 846/462/148
f 862/478/164 861/477/163 847/463/149
f 863/479/165 862/478/164 848/464/150
f 864/480/166 863/479/165 849/465/151
f 865/481/167 864/480/166 850/466/152
f 866/482/168 865/481/167 851/468/154
f 854/471/157 868/485/171 867/484/170
f 855/472/158 869/486/172 868/485/171
f 856/473/159 870/487/173 869/486/172
f 857/474/160 871/488/174 870/487/173
f 858/475/161 872/490/176 871/488/174
f 859/489/175 873/503/189 872/490/176
f 874/491/177 873/503/189 859/489/175
f 875/492/178 874/491/177 860/476/162
f 876/493/179 875/492/178 861/477/163
f 877/494/180 876/493/179 862/478/164
f 878/495/181 877/494/180 863/479/165
f 879/496/182 878/495/181 864/480/166
f 880/497/183 879/496/182 865/481/167
f 868/485/171 882/499/185 881/498/184
f 869/486/172 883/500/186 882/499/185
f 870/487/173 884/501/187 883/500/186
f 871/488/174 885/502/188 884/501/187
f 872/490/176 886/504/190 885/502/188
f 873/503/189 887/517/203 886/504/190
f 888/505/191 887/517/203 873/503/189
f 889/506/192 888/505/191 874/491/177
f 890/507/193 889/506/192 875/492/178
f 891/508/194 890/507/193 876/493/179
f 892/509/195 891/508/194 877/494/180
f 893/510/196 892/509/195 878/495/181
f 894/511/197 893/510/196 879/496/182
f 882/499/185 896/513/199 895/512/198
f 883/500/186 897/514/200 896/513/199
f 884/501/187 898/515/201 897/514/200
f 885/502/188 899/516/202 898/515/201
f 886/504/190 900/518/204 899/516/202
f 887/517/203 901/531/217 900/518/204
f 902/519/205 901/531/217 887/517/203
f 903/520/206 902/519/205 888/505/191
f 904/521/207 903/520/206 889/506/192
f 905/522/208 904/521/207 890/507/193
f 906/523/209 905/522/208 891/508/194
f 907/524/210 906/523/209 892/509/195
f 908/525/211 907/524/210 893/510/196
f 896/513/199 910/527/213 909/526/212
f 897/514/200 911/528/214 910/527/213
f 898/515/201 912/529/215 911/528/214
f 899/516/202 913/530/216 912/529/215
f 900/518/204 914/532/218 913/530/216
f 901/531/217 915/545/231 914/532/218
f 916/533/219 915/545/231 901/531/217
f 917/534/220 916/533/219 902/519/205
f 918/535/221 917/534/220 903/520/206
f 919/536/222 918/535/221 904/521/207
f 920/537/223 919/536/222 905/522/208
f 921/538/224 920/537/223 906/523/209
f 922/539/225 921/538/224 907/524/210
f 910/527/213 924/541/227 923/540/226
f 911/528/214 925/542/228 924/541/227
f 912/529/215 926/543/229 925/542/228
f 913/530/216 927/544/230 926/543/229
f 914/532/218 928/546/232 927/544/230
f 915/545/231 929/558/245 928/546/232
f 930/547/233 929/558/245 915/545/231
f 931/548/234 930/547/233 916/533/219
f 932/549/235 931/548/234 917/534/220
f 933/550/236 932/549/235 918/535/221
f 934/551/237 933/550/236 919/536/222
f 935/552/238 934/551/237 920/537/223
f 936/553/239 935/552/238 921/538/224
f 924/541/227 938/554/241 937/105/240
f 925/542/228 939/555/242 938/554/241
f 926/543/229 940/556/243 939/555/242
f 927/544/230 941/557/244 940/556/243
f 928/546/232 942/559/246 941/557/244
f 929/558/245 943/572/259 942/559/246
f 944/560/247 943/572/259 929/558/245
f 945/561/248 944/560/247 930/547/233
f 946/562/249 945/561/248 931/548/234
f 947/563/250 946/562/249 932/549/235
f 948/564/251 947/563/250 933/550/236
f 949/565/252 948/564/251 934/551/237
f 950/566/253 949/565/252 935/552/238
f 938/554/241 952/568/255 951/567/254
f 939/555/242 953/569/256 952/568/255
f 940/556/243 954/570/257 953/569/256
f 941/557/244 955/571/258 954/570/257
f 942/559/246 956/573/260 955/571/258
f 943/572/259 957/586/273 956/573/260
f 958/574/261 957/586/273 943/572/259
f 959/575/262 958/574/261 944/560/247
f 960/576/263 959/575/262 945/561/248
f 961/577/264 960/576/263 946/562/249
f 962/578/265 961/577/264 947/563/250
f 963/579/266 962/578/265 948/564/251
f 964/580/267 963/579/266 949/565/252
f 952/568/255 966/582/269 965/581/268
f 953/569/256 967/583/270 966/582/269
f 954/570/257 968/584/271 967/583/270
f 955/571/258 969/585/272 968/584/271
f 956/573/260 970/587/274 969/585/272
f 957/586/273 971/601/288 970/587/274
f 972/588/275 971/601/288 957/586/273
f 973/589/276 972/588/275 958/574/261
f 974/590/277 973/589/276 959/575/262
f 975/591/278 974/590/277 960/576/263
f 976/592/279 975/591/278 961/577/264
f 977/593/280 976/592/279 962/578/265
f 978/594/281 977/593/280 963/579/266
f 980/595/282 979/609/296 965/581/268
f 981/596/283 980/595/282 966/582/269
f 982/597/284 981/596/283 967/583/270
f 983/598/285 982/597/284 968/584/271
f 984/599/286 983/598/285 969/585/272
f 985/600/287 984/599/286 970/587/274
f 986/602/289 985/600/287 971/601/288
f 973/589/276 987/603/290 986/602/289
f 974/590/277 988/604/291 987/603/290
f 975/591/278 989/605/292 988/604/291
f 976/592/279 990/606/293 989/605/292
f 977/593/280 991/607/294 990/606/293
f 978/594/281 992/620/307 991/607/294
f 994/608/295 993/623/310 979/609/296
f 995/610/297 994/608/295 980/595/282
f 996/611/298 995/610/297 981/596/283
f 997/612/299 996/611/298 982/597/284
f 998/613/300 997/612/299 983/598/285
f 999/614/301 998/613/300 984/599/286
f 1000/615/302 999/614/301 985/600/287
f 987/603/290 1001/616/303 1000/615/302
f 988/604/291 1002/617/304 1001/616/303
f 989/605/292 1003/618/305 1002/617/304
f 990/606/293 1004/619/306 1003/618/305
f 991/607/294 1005/621/308 1004/619/306
f 992/620/307 1006/634/321 1005/621/308
f 1008/622/309 1007/637/324 993/623/310
f 1009/624/311 1008/622/309 994/608/295
f 1010/625/312 1009/624/311 995/610/297
f 1011/626/313 1010/625/312 996/611/298
f 1012/627/314 1011/626/313 997/612/299
f 1013/628/315 1012/627/314 998/613/300
f 1014/629/316 1013/628/315 999/614/301
f 1001/616/303 1015/630/317 1014/629/316
f 1002/617/304 1016/631/318 1015/630/317
f 1003/618/305 1017/632/319 1016/631/318
f 1004/619/306 1018/633/320 1017/632/319
f 1005/621/308 1019/635/322 1018/633/320
f 1006/634/321 1020/648/335 1019/635/322
f 1022/636/323 1021/651/338 1007/637/324
f 1023/638/325 1022/636/323 1008/622/309
f 1024/639/326 1023/638/325 1009/624/311
f 1025/640/327 1024/639/326 1010/625/312
f 1026/641/328 1025/640/327 1011/626/313
f 1027/642/329 1026/641/328 1012/627/314
f 1028/643/330 1027/642/329 1013/628/315
f 1015/630/317 1029/644/331 1028/643/330
f 1016/631/318 1030/645/332 1029/644/331
f 1017/632/319 1031/646/333 1030/645/332
f 1018/633/320 1032/647/334 1031/646/333
f 1019/635/322 1033/649/336 1032/647/334
f 1020/648/335 1034/664/351 1033/649/336
f 1022/636/323 1036/652/339 1035/650/337
f 1023/638/325 1037/653/340 1036/652/339
f 1024/639/326 1038/654/341 1037/653/340
f 1025/640/327 1039/655/342 1038/654/341
f 1026/641/328 1040/656/343 1039/655/342
f 1027/642/329 1041/670/357 1040/656/343
f 1042/657/344 1041/670/357 1027/642/329
f 1043/658/345 1042/657/344 1028/643/330
f 1044/659/346 1043/658/345 1029/644/331
f 1045/660/347 1044/659/346 1030/645/332
f 1046/661/348 1045/660/347 1031/646/333
f 1047/662/349 1046/661/348 1032/647/334
f 1048/663/350 1047/662/349 1033/649/336
f 1036/652/339 1050/666/353 1049/665/352
f 1037/653/340 1051/667/354 1050/666/353
f 1038/654/341 1052/668/355 1051/667/354
f 1039/655/342 1053/669/356 1052/668/355
f 1040/656/343 1054/671/358 1053/669/356
f 1041/670/357 1055/684/371 1054/671/358
f 1056/672/359 1055/684/371 1041/670/357
f 1057/673/360 1056/672/359 1042/657/344
f 1058/674/361 1057/673/360 1043/658/345
f 1059/675/362 1058/674/361 1044/659/346
f 1060/676/363 1059/675/362 1045/660/347
f 1061/677/364 1060/676/363 1046/661/348
f 1062/678/365 1061/677/364 1047/662/349
f 1050/666/353 1064/680/367 1063/679/366
f 1051/667/354 1065/681/368 1064/680/367
f 1052/668/355 1066/682/369 1065/681/368
f 1053/669/356 1067/683/370 1066/682/369
f 1054/671/358 1068/685/372 1067/683/370
f 1055/684/371 1069/699/386 1068/685/372
f 1070/686/373 1069/699/386 1055/684/371
f 1071/687/374 1070/686/373 1056/672/359
f 1072/688/375 1071/687/374 1057/673/360
f 1073/689/376 1072/688/375 1058/674/361
f 1074/690/377 1073/689/376 1059/675/362
f 1075/691/378 1074/690/377 1060/676/363
f 1076/692/379 1075/691/378 1061/677/364
f 1078/693/380 1077/707/394 1063/679/366
f 1079/694/381 1078/693/380 1064/680/367
f 1080/695/382 1079/694/381 1065/681/368
f 1081/696/383 1080/695/382 1066/682/369
f 1082/697/384 1081/696/383 1067/683/370
f 1083/698/385 1082/697/384 1068/685/372
f 1084/700/387 1083/698/385 1069/699/386
f 1071/687/374 1085/701/388 1084/700/387
f 1072/688/375 1086/702/389 1085/701/388
f 1073/689/376 1087/703/390 1086/702/389
f 1074/690/377 1088/704/391 1087/703/390
f 1075/691/378 1089/705/392 1088/704/391
f 1076/692/379 1090/718/405 1089/705/392
f 1092/706/393 1091/721/408 1077/707/394
f 1093/708/395 1092/706/393 1078/693/380
f 1094/709/396 1093/708/395 1079/694/381
f 1095/710/397 1094/709/396 1080/695/382
f 1096/711/398 1095/710/397 1081/696/383
f 1097/712/399 1096/711/398 1082/697/384
f 1098/713/400 1097/712/399 1083/698/385
f 1085/701/388 1099/714/401 1098/713/400
f 1086/702/389 1100/715/402 1099/714/401
f 1087/703/390 1101/716/403 1100/715/402
f 1088/704/391 1102/717/404 1101/716/403
f 1089/705/392 1103/719/406 1102/717/404
f 1090/718/405 1104/732/419 1103/719/406
f 1106/720/407 1105/735/422 1091/721/408
f 1107/722/409 1106/720/407 1092/706/393
f 1108/723/410 1107/722/409 1093/708/395
f 1109/724/411 1108/723/410 1094/709/396
f 1110/725/412 1109/724/411 1095/710/397
f 1111/726/413 1110/725/412 1096/711/398
f 1112/727/414 1111/726/413 1097/712/399
f 1099/714/401 1113/728/415 1112/727/414
f 1100/715/402 1114/729/416 1113/728/415
f 1101/716/403 1115/730/417 1114/729/416
f 1102/717/404 1116/731/418 1115/730/417
f 1103/719/406 1117/733/420 1116/731/418
f 1104/732/419 1118/746/433 1117/733/420
f 1120/734/421 1119/749/436 1105/735/422
f 1121/736/423 1120/734/421 1106/720/407
f 1122/737/424 1121/736/423 1107/722/409
f 1123/738/425 1122/737/424 1108/723/410
f 1124/739/426 1123/738/425 1109/724/411
f 1125/740/427 1124/739/426 1110/725/412
f 1126/741/428 1125/740/427 1111/726/413
f 1113/728/415 1127/742/429 1126/741/428
f 1114/729/416 1128/743/430 1127/742/429
f 1115/730/417 1129/744/431 1128/743/430
f 1116/731/418 1130/745/432 1129/744/431
f 1117/733/420 1131/747/434 1130/745/432
f 1118/746/433 1132/760/447 1131/747/434
f 1134/748/435 1133/763/450 1119/749/436
f 1135/750/437 1134/748/435 1120/734/421
f 1136/751/438 1135/750/437 1121/736/423
f 1137/752/439 1136/751/438 1122/737/424
f 1138/753/440 1137/752/439 1123/738/425
f 1139/754/441 1138/753/440 1124/739/426
f 1140/755/442 1139/754/441 1125/740/427
f 1127/742/429 1141/756/443 1140/755/442
f 1128/743/430 1142/757/444 1141/756/443
f 1129/744/431 1143/758/445 1142/757/444
f 1130/745/432 1144/759/446 1143/758/445
f 1131/747/434 1145/761/448 1144/759/446
f 1132/760/447 1146/774/461 1145/761/448
f 1148/762/449 1147/777/464 1133/763/450
f 1149/764/451 1148/762/449 1134/748/435
f 1150/765/452 1149/764/451 1135/750/437
f 1151/766/453 1150/765/452 1136/751/438
f 1152/767/454 1151/766/453 1137/752/439
f 1153/768/455 1152/767/454 1138/753/440
f 1154/769/456 1153/768/455 1139/754/441
f 1141/756/443 1155/770/457 1154/769/456
f 1142/757/444 1156/771/458 1155/770/457
f 1143/758/445 1157/772/459 1156/771/458
f 1144/759/446 1158/773/460 1157/772/459
f 1145/761/448 1159/775/462 1158/773/460
f 1146/774/461 1160/788/475 1159/775/462
f 1162/776/463 1161/791/478 1147/777/464
f 1163/778/465 1162/776/463 1148/762/449
f 1164/779/466 1163/778/465 1149/764/451
f 1165/780/467 1164/779/466 1150/765/452
f 1166/781/468 1165/780/467 1151/766/453
f 1167/782/469 1166/781/468 1152/767/454
f 1168/783/470 1167/782/469 1153/768/455
f 1155/770/457 1169/784/471 1168/783/470
f 1156/771/458 1170/785/472 1169/784/471
f 1157/772/459 1171/786/473 1170/785/472
f 1158/773/460 1172/787/474 1171/786/473
f 1159/775/462 1173/789/476 1172/787/474
f 1160/788/475 1174/802/489 1173/789/476
f 1176/790/477 1175/74/492 1161/791/478
f 1177/792/479 1176/790/477 1162/776/463
f 1178/793/480 1177/792/479 1163/778/465
f 1179/794/481 1178/793/480 1164/779/466
f 1180/795/482 1179/794/481 1165/780/467
f 1181/796/483 1180/795/482 1166/781/468
f 1182/797/484 1181/796/483 1167/782/469
f 1169/784/471 1183/798/485 1182/797/484
f 1170/785/472 1184/799/486 1183/798/485
f 1171/786/473 1185/800/487 1184/799/486
f 1172/787/474 1186/801/488 1185/800/487
f 1173/789/476 1187/803/490 1186/801/488
f 1174/802/489 1188/815/503 1187/803/490
f 1190/804/491 1189/818/506 1175/74/492
f 1191/805/493 1190/804/491 1176/790/477
f 1192/806/494 1191/805/493 1177/792/479
f 1193/807/495 1192/806/494 1178/793/480
f 1194/808/496 1193/807/495 1179/794/481
f 1195/809/497 1194/808/496 1180/795/482
f 1196/810/498 1195/809/497 1181/796/483
f 1183/798/485 1197/811/499 1196/810/498
f 1184/799/486 1198/812/500 1197/811/499
f 1185/800/487 1199/813/501 1198/812/500
f 1186/801/488 1200/814/502 1199/813/501
f 1187/803/490 1201/816/504 1200/814/502
f 1188/815/503 1202/829/517 1201/816/504
f 1204/817/505 1203/832/520 1189/818/506
f 1205/819/507 1204/817/505 1190/804/491
f 1206/820/508 1205/819/507 1191/805/493
f 1207/821/509 1206/820/508 1192/806/494
f 1208/822/510 1207/821/509 1193/807/495
f 1209/823/511 1208/822/510 1194/808/496
f 1210/824/512 1209/823/511 1195/809/497
f 1197/811/499 1211/825/513 1210/824/512
f 1198/812/500 1212/826/514 1211/825/513
f 1199/813/501 1213/827/515 1212/826/514
f 1200/814/502 1214/828/516 1213/827/515
f 1201/816/504 1215/830/518 1214/828/516
f 1202/829/517 1216/845/533 1215/830/518
f 1204/817/505 1218/833/521 1217/831/519
f 1205/819/507 1219/834/522 1218/833/521
f 1206/820/508 1220/835/523 1219/834/522
f 1207/821/509 1221/836/524 1220/835/523
f 1208/822/510 1222/837/525 1221/836/524
f 1209/823/511 1223/851/539 1222/837/525
f 1224/838/526 1223/851/539 1209/823/511
f 1225/839/527 1224/838/526 1210/824/512
f 1226/840/528 1225/839/527 1211/825/513
f 1227/841/529 1226/840/528 1212/826/514
f 1228/842/530 1227/841/529 1213/827/515
f 1229/843/531 1228/842/530 1214/828/516
f 1230/844/532 1229/843/531 1215/830/518
f 1218/833/521 1232/847/535 1231/846/534
f 1219/834/522 1233/848/536 1232/847/535
f 1220/835/523 1234/849/537 1233/848/536
f 1221/836/524 1235/850/538 1234/849/537
f 1222/837/525 1236/852/540 1235/850/538
f 1223/851/539 1237/865/553 1236/852/540
f 1238/853/541 1237/865/553 1223/851/539
f 1239/854/542 1238/853/541 1224/838/526
f 1240/855/543 1239/854/542 1225/839/527
f 1241/856/544 1240/855/543 1226/840/528
f 1242/857/545 1241/856/544 1227/841/529
f 1243/858/546 1242/857/545 1228/842/530
f 1244/859/547 1243/858/546 1229/843/531
f 1232/847/535 1246/861/549 1245/860/548
f 1233/848/536 1247/862/550 1246/861/549
f 1234/849/537 1248/863/551 1247/862/550
f 1235/850/538 1249/864/552 1248/863/551
f 1236/852/540 1250/866/554 1249/864/552
f 1237/865/553 1251/880/568 1250/866/554
f 1252/867/555 1251/880/568 1237/865/553
f 1253/868/556 1252/867/555 1238/853/541
f 1254/869/557 1253/868/556 1239/854/542
f 1255/870/558 1254/869/557 1240/855/543
f 1256/871/559 1255/870/558 1241/856/544
f 1257/872/560 1256/871/559 1242/857/545
f 1258/873/561 1257/872/560 1243/858/546
f 1260/874/562 1259/888/576 1245/860/548
f 1261/875/563 1260/874/562 1246/861/549
f 1262/876/564 1261/875/563 1247/862/550
f 1263/877/565 1262/876/564 1248/863/551
f 1264/878/566 1263/877/565 1249/864/552
f 1265/879/567 1264/878/566 1250/866/554
f 1266/881/569 1265/879/567 1251/880/568
f 1253/868/556 1267/882/570 1266/881/569
f 1254/869/557 1268/883/571 1267/882/570
f 1255/870/558 1269/884/572 1268/883/571
f 1256/871/559 1270/885/573 1269/884/572
f 1257/872/560 1271/886/574 1270/885/573
f 1258/873/561 1272/899/587 1271/886/574
f 1274/887/575 1273/902/590 1259/888/576
f 1275/889/577 1274/887/575 1260/874/562
f 1276/890/578 1275/889/577 1261/875/563
f 1277/891/579 1276/890/578 1262/876/564
f 1278/892/580 1277/891/579 1263/877/565
f 1279/893/581 1278/892/580 1264/878/566
f 1280/894/582 1279/893/581 1265/879/567
f 1267/882/570 1281/895/583 1280/894/582
f 1268/883/571 1282/896/584 1281/895/583
f 1269/884/572 1283/897/585 1282/896/584
f 1270/885/573 1284/898/586 1283/897/585
f 1271/886/574 1285/900/588 1284/898/586
f 1272/899/587 1286/913/601 1285/900/588
f 1288/901/589 1287/916/604 1273/902/590
f 1289/903/591 1288/901/589 1274/887/575
f 1290/904/592 1289/903/591 1275/889/577
f 1291/905/593 1290/904/592 1276/890/578
f 1292/906/594 1291/905/593 1277/891/579
f 1293/907/595 1292/906/594 1278/892/580
f 1294/908/596 1293/907/595 1279/893/581
f 1281/895/583 1295/909/597 1294/908/596
f 1282/896/584 1296/910/598 1295/909/597
f 1283/897/585 1297/911/599 1296/910/598
f 1284/898/586 1298/912/600 1297/911/599
f 1285/900/588 1299/914/602 1298/912/600
f 1286/913/601 1300/927/615 1299/914/602
f 1302/915/603 1301/930/618 1287/916/604
f 1303/917/605 1302/915/603 1288/901/589
f 1304/918/606 1303/917/605 1289/903/591
f 1305/919/607 1304/918/606 1290/904/592
f 1306/920/608 1305/919/607 1291/905/593
f 1307/921/609 1306/920/608 1292/906/594
f 1308/922/610 1307/921/609 1293/907/595
f 1295/909/597 1309/923/611 1308/922/610
f 1296/910/598 1310/924/612 1309/923/611
f 1297/911/599 1311/925/613 1310/924/612
f 1298/912/600 1312/926/614 1311/925/613
f 1299/914/602 1313/928/616 1312/926/614
f 1300/927/615 1314/941/629 1313/928/616
f 1316/929/617 1315/944/632 1301/930/618
f 1317/931/619 1316/929/617 1302/915/603
f 1318/932/620 1317/931/619 1303/917/605
f 1319/933/621 1318/932/620 1304/918/606
f 1320/934/622 1319/933/621 1305/919/607
f 1321/935/623 1320/934/622 1306/920/608
f 1322/936/624 1321/935/623 1307/921/609
f 1309/923/611 1323/937/625 1322/936/624
f 1310/924/612 1324/938/626 1323/937/625
f 1311/925/613 1325/939/627 1324/938/626
f 1312/926/614 1326/940/628 1325/939/627
f 1313/928/616 1327/942/630 1326/940/628
f 1314/941/629 1328/955/643 1327/942/630
f 1330/943/631 1329/958/646 1315/944/632
f 1331/945/633 1330/943/631 1316/929/617
f 1332/946/634 1331/945/633 1317/931/619
f 1333/947/635 1332/946/634 1318/932/620
f 1334/948/636 1333/947/635 1319/933/621
f 1335/949/637 1334/948/636 1320/934/622
f 1336/950/638 1335/949/637 1321/935/623
f 1323/937/625 1337/951/639 1336/950/638
f 1324/938/626 1338/952/640 1337/951/639
f 1325/939/627 1339/953/641 1338/952/640
f 1326/940/628 1340/954/642 1339/953/641
f 1327/942/630 1341/956/644 1340/954/642
f 1328/955/643 1342/969/657 1341/956/644
f 1344/957/645 1343/972/660 1329/958/646
f 1345/959/647 1344/957/645 1330/943/631
f 1346/960/648 1345/959/647 1331/945/633
f 1347/961/649 1346/960/648 1332/946/634
f 1348/962/650 1347/961/649 1333/947/635
f 1349/963/651 1348/962/650 1334/948/636
f 1350/964/652 1349/963/651 1335/949/637
f 1337/951/639 1351/965/653 1350/964/652
f 1338/952/640 1352/966/654 1351/965/653
f 1339/953/641 1353/967/655 1352/966/654
f 1340/954/642 1354/968/656 1353/967/655
f 1341/956/644 1355/970/658 1354/968/656
f 1342/969/657 1356/985/673 1355/970/658
f 1344/957/645 1358/973/661 1357/971/659
f 1345/959/647 1359/974/662 1358/973/661
f 1346/960/648 1360/975/663 1359/974/662
f 1347/961/649 1361/976/664 1360/975/663
f 1348/962/650 1362/977/665 1361/976/664
f 1349/963/651 1363/991/679 1362/977/665
f 1364/978/666 1363/991/679 1349/963/651
f 1365/979/667 1364/978/666 1350/964/652
f 1366/980/668 1365/979/667 1351/965/653
f 1367/981/669 1366/980/668 1352/966/654
f 1368/982/670 1367/981/669 1353/967/655
f 1369/983/671 1368/982/670 1354/968/656
f 1370/984/672 1369/983/671 1355/970/658
f 1358/973/661 1372/987/675 1371/986/674
f 1359/974/662 1373/988/676 1372/987/675
f 1360/975/663 1374/989/677 1373/988/676
f 1361/976/664 1375/990/678 1374/989/677
f 1362/977/665 1376/992/680 1375/990/678
f 1363/991/679 1377/1006/694 1376/992/680
f 1378/993/681 1377/1006/694 1363/991/679
f 1379/994/682 1378/993/681 1364/978/666
f 1380/995/683 1379/994/682 1365/979/667
f 1381/996/684 1380/995/683 1366/980/668
f 1382/997/685 1381/996/684 1367/981/669
f 1383/998/686 1382/997/685 1368/982/670
f 1384/999/687 1383/998/686 1369/983/671
f 1386/1000/688 1385/1014/702 1371/986/674
f 1387/1001/689 1386/1000/688 1372/987/675
f 1388/1002/690 1387/1001/689 1373/988/676
f 1389/1003/691 1388/1002/690 1374/989/677
f 1390/1004/692 1389/1003/691 1375/990/678
f 1391/1005/693 1390/1004/692 1376/992/680
f 1392/1007/695 1391/1005/693 1377/1006/694
f 1379/994/682 1393/1008/696 1392/1007/695
f 1380/995/683 1394/1009/697 1393/1008/696
f 1381/996/684 1395/1010/698 1394/1009/697
f 1382/997/685 1396/1011/699 1395/1010/698
f 1383/998/686 1397/1012/700 1396/1011/699
f 1384/999/687 1398/1025/713 1397/1012/700
f 1400/1013/701 1399/1028/716 1385/1014/702
f 1401/1015/703 1400/1013/701 1386/1000/688
f 1402/1016/704 1401/1015/703 1387/1001/689
f 1403/1017/705 1402/1016/704 1388/1002/690
f 1404/1018/706 1403/1017/705 1389/1003/691
f 1405/1019/707 1404/1018/706 1390/1004/692
f 1406/1020/708 1405/1019/707 1391/1005/693
f 1393/1008/696 1407/1021/709 1406/1020/708
f 1394/1009/697 1408/1022/710 1407/1021/709
f 1395/1010/698 1409/1023/711 1408/1022/710
f 1396/1011/699 1410/1024/712 1409/1023/711
f 1397/1012/700 1411/1026/714 1410/1024/712
f 1398/1025/713 1412/1039/727 1411/1026/714
f 1414/1027/715 1413/106/730 1399/1028/716
f 1415/1029/717 1414/1027/715 1400/1013/701
f 1416/1030/718 1415/1029/717 1401/1015/703
f 1417/1031/719 1416/1030/718 1402/1016/704
f 1418/1032/720 1417/1031/719 1403/1017/705
f 1419/1033/721 1418/1032/720 1404/1018/706
f 1420/1034/722 1419/1033/721 1405/1019/707
f 1407/1021/709 1421/1035/723 1420/1034/722
f 1408/1022/710 1422/1036/724 1421/1035/723
f 1409/1023/711 1423/1037/725 1422/1036/724
f 1410/1024/712 1424/1038/726 1423/1037/725
f 1411/1026/714 1425/1040/728 1424/1038/726
f 1412/1039/727 1426/1052/741 1425/1040/728
f 1428/1041/729 1427/1055/744 1413/106/730
f 1429/1042/731 1428/1041/729 1414/1027/715
f 1430/1043/732 1429/1042/731 1415/1029/717
f 1431/1044/733 1430/1043/732 1416/1030/718
f 1432/1045/734 1431/1044/733 1417/1031/719
f 1433/1046/735 1432/1045/734 1418/1032/720
f 1434/1047/736 1433/1046/735 1419/1033/721
f 1421/1035/723 1435/1048/737 1434/1047/736
f 1422/1036/724 1436/1049/738 1435/1048/737
f 1423/1037/725 1437/1050/739 1436/1049/738
f 1424/1038/726 1438/1051/740 1437/1050/739
f 1425/1040/728 1439/1053/742 1438/1051/740
f 1426/1052/741 1440/1066/755 1439/1053/742
f 1442/1054/743 1441/1069/758 1427/1055/744
f 1443/1056/745 1442/1054/743 1428/1041/729
f 1444/1057/746 1443/1056/745 1429/1042/731
f 1445/1058/747 1444/1057/746 1430/1043/732
f 1446/1059/748 1445/1058/747 1431/1044/733
f 1447/1060/749 1446/1059/748 1432/1045/734
f 1448/1061/750 1447/1060/749 1433/1046/735
f 1435/1048/737 1449/1062/751 1448/1061/750
f 1436/1049/738 1450/1063/752 1449/1062/751
f 1437/1050/739 1451/1064/753 1450/1063/752
f 1438/1051/740 1452/1065/754 1451/1064/753
f 1439/1053/742 1453/1067/756 1452/1065/754
f 1440/1066/755 1454/1080/769 1453/1067/756
f 1456/1068/757 1455/1083/772 1441/1069/758
f 1457/1070/759 1456/1068/757 1442/1054/743
f 1458/1071/760 1457/1070/759 1443/1056/745
f 1459/1072/761 1458/1071/760 1444/1057/746
f 1460/1073/762 1459/1072/761 1445/1058/747
f 1461/1074/763 1460/1073/762 1446/1059/748
f 1462/1075/764 1461/1074/763 1447/1060/749
f 1449/1062/751 1463/1076/765 1462/1075/764
f 1450/1063/752 1464/1077/766 1463/1076/765
f 1451/1064/753 1465/1078/767 1464/1077/766
f 1452/1065/754 1466/1079/768 1465/1078/767
f 1453/1067/756 1467/1081/770 1466/1079/768
f 1454/1080/769 1468/1094/783 1467/1081/770
f 1470/1082/771 1469/1097/786 1455/1083/772
f 1471/1084/773 1470/1082/771 1456/1068/757
f 1472/1085/774 1471/1084/773 1457/1070/759
f 1473/1086/775 1472/1085/774 1458/1071/760
f 1474/1087/776 1473/1086/775 1459/1072/761
f 1475/1088/777 1474/1087/776 1460/1073/762
f 1476/1089/778 1475/1088/777 1461/1074/763
f 1463/1076/765 1477/1090/779 1476/1089/778
f 1464/1077/766 1478/1091/780 1477/1090/779
f 1465/1078/767 1479/1092/781 1478/1091/780
f 1466/1079/768 1480/1093/782 1479/1092/781
f 1467/1081/770 1481/1095/784 1480/1093/782
f 1468/1094/783 1482/1108/797 1481/1095/784
f 1484/1096/785 1483/1111/800 1469/1097/786
f 1485/1098/787 1484/1096/785 1470/1082/771
f 1486/1099/788 1485/1098/787 1471/1084/773
f 1487/1100/789 1486/1099/788 1472/1085/774
f 1488/1101/790 1487/1100/789 1473/1086/775
f 1489/1102/791 1488/1101/790 1474/1087/776
f 1490/1103/792 1489/1102/791 1475/1088/777
f 1477/1090/779 1491/1104/793 1490/1103/792
f 1478/1091/780 1492/1105/794 1491/1104/793
f 1479/1092/781 1493/1106/795 1492/1105/794
f 1480/1093/782 1494/1107/796 1493/1106/795
f 1481/1095/784 1495/1109/798 1494/1107/796
f 1482/1108/797 1496/1122/811 1495/1109/798
f 1498/1110/799 1497/1125/814 1483/1111/800
f 1499/1112/801 1498/1110/799 1484/1096/785
f 1500/1113/802 1499/1112/801 1485/1098/787
f 1501/1114/803 1500/1113/802 1486/1099/788
f 1502/1115/804 1501/1114/803 1487/1100/789
f 1503/1116/805 1502/1115/804 1488/1101/790
f 1504/1117/806 1503/1116/805 1489/1102/791
f 1491/1104/793 1505/1118/807 1504/1117/806
f 1492/1105/794 1506/1119/808 1505/1118/807
f 1493/1106/795 1507/1120/809 1506/1119/808
f 1494/1107/796 1508/1121/810 1507/1120/809
f 1495/1109/798 1509/1123/812 1508/1121/810
f 1496/1122/811 1510/1136/825 1509/1123/812
f 1512/1124/813 1511/1139/828 1497/1125/814
f 1513/1126/815 1512/1124/813 1498/1110/799
f 1514/1127/816 1513/1126/815 1499/1112/801
f 1515/1128/817 1514/1127/816 1500/1113/802
f 1516/1129/818 1515/1128/817 1501/1114/803
f 1517/1130/819 1516/1129/818 1502/1115/804
f 1518/1131/820 1517/1130/819 1503/1116/805
f 1505/1118/807 1519/1132/821 1518/1131/820
f 1506/1119/808 1520/1133/822 1519/1132/821
f 1507/1120/809 1521/1134/823 1520/1133/822
f 1508/1121/810 1522/1135/824 1521/1134/823
f 1509/1123/812 1523/1137/826 1522/1135/824
f 1510/1136/825 1524/1150/839 1523/1137/826
f 1526/1138/827 1525/1153/842 1511/1139/828
f 1527/1140/829 1526/1138/827 1512/1124/813
f 1528/1141/830 1527/1140/829 1513/1126/815
f 1529/1142/831 1528/1141/830 1514/1127/816
f 1530/1143/832 1529/1142/831 1515/1128/817
f 1531/1144/833 1530/1143/832 1516/1129/818
f 1532/1145/834 1531/1144/833 1517/1130/819
f 1519/1132/821 1533/1146/835 1532/1145/834
f 1520/1133/822 1534/1147/836 1533/1146/835
f 1521/1134/823 1535/1148/837 1534/1147/836
f 1522/1135/824 1536/1149/838 1535/1148/837
f 1523/1137/826 1537/1151/840 1536/1149/838
f 1524/1150/839 1538/1164/853 1537/1151/840
f 1540/1152/841 1539/1167/856 1525/1153/842
f 1541/1154/843 1540/1152/841 1526/1138/827
f 1542/1155/844 1541/1154/843 1527/1140/829
f 1543/1156/845 1542/1155/844 1528/1141/830
f 1544/1157/846 1543/1156/845 1529/1142/831
f 1545/1158/847 1544/1157/846 1530/1143/832
f 1546/1159/848 1545/1158/847 1531/1144/833
f 1533/1146/835 1547/1160/849 1546/1159/848
f 1534/1147/836 1548/1161/850 1547/1160/849
f 1535/1148/837 1549/1162/851 1548/1161/850
f 1536/1149/838 1550/1163/852 1549/1162/851
f 1537/1151/840 1551/1165/854 1550/1163/852
f 1538/1164/853 1552/1178/867 1551/1165/854
f 1554/1166/855 1553/1181/870 1539/1167/856
f 1555/1168/857 1554/1166/855 1540/1152/841
f 1556/1169/858 1555/1168/857 1541/1154/843
f 1557/1170/859 1556/1169/858 1542/1155/844
f 1558/1171/860 1557/1170/859 1543/1156/845
f 1559/1172/861 1558/1171/860 1544/1157/846
f 1560/1173/862 1559/1172/861 1545/1158/847
f 1547/1160/849 1561/1174/863 1560/1173/862
f 1548/1161/850 1562/1175/864 1561/1174/863
f 1549/1162/851 1563/1176/865 1562/1175/864
f 1550/1163/852 1564/1177/866 1563/1176/865
f 1551/1165/854 1565/1179/868 1564/1177/866
f 1552/1178/867 1566/1192/881 1565/1179/868
f 1568/1180/869 1567/1195/884 1553/1181/870
f 1569/1182/871 1568/1180/869 1554/1166/855
f 1570/1183/872 1569/1182/871 1555/1168/857
f 1571/1184/873 1570/1183/872 1556/1169/858
f 1572/1185/874 1571/1184/873 1557/1170/859
f 1573/1186/875 1572/1185/874 1558/1171/860
f 1574/1187/876 1573/1186/875 1559/1172/861
f 1561/1174/863 1575/1188/877 1574/1187/876
f 1562/1175/864 1576/1189/878 1575/1188/877
f 1563/1176/865 1577/1190/879 1576/1189/878
f 1564/1177/866 1578/1191/880 1577/1190/879
f 1565/1179/868 1579/1193/882 1578/1191/880
f 1566/1192/881 1580/1206/895 1579/1193/882
f 1582/1194/883 1581/1209/898 1567/1195/884
f 1583/1196/885 1582/1194/883 1568/1180/869
f 1584/1197/886 1583/1196/885 1569/1182/871
f 1585/1198/887 1584/1197/886 1570/1183/872
f 1586/1199/888 1585/1198/887 1571/1184/873
f 1587/1200/889 1586/1199/888 1572/1185/874
f 1588/1201/890 1587/1200/889 1573/1186/875
f 1575/1188/877 1589/1202/891 1588/1201/890
f 1576/1189/878 1590/1203/892 1589/1202/891
f 1577/1190/879 1591/1204/893 1590/1203/892
f 1578/1191/880 1592/1205/894 1591/1204/893
f 1579/1193/882 1593/1207/896 1592/1205/894
f 1580/1206/895 1594/1220/909 1593/1207/896
f 1596/1208/897 1595/1223/912 1581/1209/898
f 1597/1210/899 1596/1208/897 1582/1194/883
f 1598/1211/900 1597/1210/899 1583/1196/885
f 1599/1212/901 1598/1211/900 1584/1197/886
f 1600/1213/902 1599/1212/901 1585/1198/887
f 1601/1214/903 1600/1213/902 1586/1199/888
f 1602/1215/904 1601/1214/903 1587/1200/889
f 1589/1202/891 1603/1216/905 1602/1215/904
f 1590/1203/892 1604/1217/906 1603/1216/905
f 1591/1204/893 1605/1218/907 1604/1217/906
f 1592/1205/894 1606/1219/908 1605/1218/907
f 1593/1207/896 1607/1221/910 1606/1219/908
f 1594/1220/909 1608/1234/923 1607/1221/910
f 1610/1222/911 1609/1237/926 1595/1223/912
f 1611/1224/913 1610/1222/911 1596/1208/897
f 1612/1225/914 1611/1224/913 1597/1210/899
f 1613/1226/915 1612/1225/914 1598/1211/900
f 1614/1227/916 1613/1226/915 1599/1212/901
f 1615/1228/917 1614/1227/916 1600/1213/902
f 1616/1229/918 1615/1228/917 1601/1214/903
f 1603/1216/905 1617/1230/919 1616/1229/918
f 1604/1217/906 1618/1231/920 1617/1230/919
f 1605/1218/907 1619/1232/921 1618/1231/920
f 1606/1219/908 1620/1233/922 1619/1232/921
f 1607/1221/910 1621/1235/924 1620/1233/922
f 1608/1234/923 1622/1248/937 1621/1235/924
f 1624/1236/925 1623/1251/940 1609/1237/926
f 1625/1238/927 1624/1236/925 1610/1222/911
f 1626/1239/928 1625/1238/927 1611/1224/913
f 1627/1240/929 1626/1239/928 1612/1225/914
f 1628/1241/930 1627/1240/929 1613/1226/915
f 1629/1242/931 1628/1241/930 1614/1227/916
f 1630/1243/932 1629/1242/931 1615/1228/917
f 1617/1230/919 1631/1244/933 1630/1243/932
f 1618/1231/920 1632/1245/934 1631/1244/933
f 1619/1232/921 1633/1246/935 1632/1245/934
f 1620/1233/922 1634/1247/936 1633/1246/935
f 1621/1235/924 1635/1249/938 1634/1247/936
f 1622/1248/937 1636/1262/951 1635/1249/938
f 1638/1250/939 1637/1265/954 1623/1251/940
f 1639/1252/941 1638/1250/939 1624/1236/925
f 1640/1253/942 1639/1252/941 1625/1238/927
f 1641/1254/943 1640/1253/942 1626/1239/928
f 1642/1255/944 1641/1254/943 1627/1240/929
f 1643/1256/945 1642/1255/944 1628/1241/930
f 1644/1257/946 1643/1256/945 1629/1242/931
f 1631/1244/933 1645/1258/947 1644/1257/946
f 1632/1245/934 1646/1259/948 1645/1258/947
f 1633/1246/935 1647/1260/949 1646/1259/948
f 1634/1247/936 1648/1261/950 1647/1260/949
f 1635/1249/938 1649/1263/952 1648/1261/950
f 1636/1262/951 1650/1276/965 1649/1263/952
f 1652/1264/953 1651/50/968 1637/1265/954
f 1653/1266/955 1652/1264/953 1638/1250/939
f 1654/1267/956 1653/1266/955 1639/1252/941
f 1655/1268/957 1654/1267/956 1640/1253/942
f 1656/1269/958 1655/1268/957 1641/1254/943
f 1657/1270/959 1656/1269/958 1642/1255/944
f 1658/1271/960 1657/1270/959 1643/1256/945
f 1645/1258/947 1659/1272/961 1658/1271/960
f 1646/1259/948 1660/1273/962 1659/1272/961
f 1647/1260/949 1661/1274/963 1660/1273/962
f 1648/1261/950 1662/1275/964 1661/1274/963
f 1649/1263/952 1663/1277/966 1662/1275/964
f 1650/1276/965 1664/1289/979 1663/1277/966
f 1666/1278/967 1665/1292/982 1651/50/968
f 1667/1279/969 1666/1278/967 1652/1264/953
f 1668/1280/970 1667/1279/969 1653/1266/955
f 1669/1281/971 1668/1280/970 1654/1267/956
f 1670/1282/972 1669/1281/971 1655/1268/957
f 1671/1283/973 1670/1282/972 1656/1269/958
f 1672/1284/974 1671/1283/973 1657/1270/959
f 1659/1272/961 1673/1285/975 1672/1284/974
f 1660/1273/962 1674/1286/976 1673/1285/975
f 1661/1274/963 1675/1287/977 1674/1286/976
f 1662/1275/964 1676/1288/978 1675/1287/977
f 1663/1277/966 1677/1290/980 1676/1288/978
f 1664/1289/979 1678/1305/995 1677/1290/980
f 1666/1278/967 1680/1293/983 1679/1291/981
f 1667/1279/969 1681/1294/984 1680/1293/983
f 1668/1280/970 1682/1295/985 1681/1294/984
f 1669/1281/971 1683/1296/986 1682/1295/985
f 1670/1282/972 1684/1297/987 1683/1296/986
f 1671/1283/973 1685/1311/1001 1684/1297/987
f 1686/1298/988 1685/1311/1001 1671/1283/973
f 1687/1299/989 1686/1298/988 1672/1284/974
f 1688/1300/990 1687/1299/989 1673/1285/975
f 1689/1301/991 1688/1300/990 1674/1286/976
f 1690/1302/992 1689/1301/991 1675/1287/977
f 1691/1303/993 1690/1302/992 1676/1288/978
f 1692/1304/994 1691/1303/993 1677/1290/980
f 1680/1293/983 1694/1307/997 1693/1306/996
f 1681/1294/984 1695/1308/998 1694/1307/997
f 1682/1295/985 1696/1309/999 1695/1308/998
f 1683/1296/986 1697/1310/1000 1696/1309/999
f 1684/1297/987 1698/1312/1002 1697/1310/1000
f 1685/1311/1001 1699/1325/1015 1698/1312/1002
f 1700/1313/1003 1699/1325/1015 1685/1311/1001
f 1701/1314/1004 1700/1313/1003 1686/1298/988
f 1702/1315/1005 1701/1314/1004 1687/1299/989
f 1703/1316/1006 1702/1315/1005 1688/1300/990
f 1704/1317/1007 1703/1316/1006 1689/1301/991
f 1705/1318/1008 1704/1317/1007 1690/1302/992
f 1706/1319/1009 1705/1318/1008 1691/1303/993
f 1694/1307/997 1708/1321/1011 1707/1320/1010
f 1695/1308/998 1709/1322/1012 1708/1321/1011
f 1696/1309/999 1710/1323/1013 1709/1322/1012
f 1697/1310/1000 1711/1324/1014 1710/1323/1013
f 1698/1312/1002 1712/1326/1016 1711/1324/1014
f 1699/1325/1015 1713/1340/1030 1712/1326/1016
f 1714/1327/1017 1713/1340/1030 1699/1325/1015
f 1715/1328/1018 1714/1327/1017 1700/1313/1003
f 1716/1329/1019 1715/1328/1018 1701/1314/1004
f 1717/1330/1020 1716/1329/1019 1702/1315/1005
f 1718/1331/1021 1717/1330/1020 1703/1316/1006
f 1719/1332/1022 1718/1331/1021 1704/1317/1007
f 1720/1333/1023 1719/1332/1022 1705/1318/1008
f 1722/1334/1024 1721/1348/1038 1707/1320/1010
f 1723/1335/1025 1722/1334/1024 1708/1321/1011
f 1724/1336/1026 1723/1335/1025 1709/1322/1012
f 1725/1337/1027 1724/1336/1026 1710/1323/1013
f 1726/1338/1028 1725/1337/1027 1711/1324/1014
f 1727/1339/1029 1726/1338/1028 1712/1326/1016
f 1728/1341/1031 1727/1339/1029 1713/1340/1030
f 1715/1328/1018 1729/1342/1032 1728/1341/1031
f 1716/1329/1019 1730/1343/1033 1729/1342/1032
f 1717/1330/1020 1731/1344/1034 1730/1343/1033
f 1718/1331/1021 1732/1345/1035 1731/1344/1034
f 1719/1332/1022 1733/1346/1036 1732/1345/1035
f 1720/1333/1023 1734/1359/1049 1733/1346/1036
f 1736/1347/1037 1735/1362/1052 1721/1348/1038
f 1737/1349/1039 1736/1347/1037 1722/1334/1024
f 1738/1350/1040 1737/1349/1039 1723/1335/1025
f 1739/1351/1041 1738/1350/1040 1724/1336/1026
f 1740/1352/1042 1739/1351/1041 1725/1337/1027
f 1741/1353/1043 1740/1352/1042 1726/1338/1028
f 1742/1354/1044 1741/1353/1043 1727/1339/1029
f 1729/1342/1032 1743/1355/1045 1742/1354/1044
f 1730/1343/1033 1744/1356/1046 1743/1355/1045
f 1731/1344/1034 1745/1357/1047 1744/1356/1046
f 1732/1345/1035 1746/1358/1048 1745/1357/1047
f 1733/1346/1036 1747/1360/1050 1746/1358/1048
f 1734/1359/1049 1748/1373/1063 1747/1360/1050
f 1750/1361/1051 1749/1376/1066 1735/1362/1052
f 1751/1363/1053 1750/1361/1051 1736/1347/1037
f 1752/1364/1054 1751/1363/1053 1737/1349/1039
f 1753/1365/1055 1752/1364/1054 1738/1350/1040
f 1754/1366/1056 1753/1365/1055 1739/1351/1041
f 1755/1367/1057 1754/1366/1056 1740/1352/1042
f 1756/1368/1058 1755/1367/1057 1741/1353/1043
f 1743/1355/1045 1757/1369/1059 1756/1368/1058
f 1744/1356/1046 1758/1370/1060 1757/1369/1059
f 1745/1357/1047 1759/1371/1061 1758/1370/1060
f 1746/1358/1048 1760/1372/1062 1759/1371/1061
f 1747/1360/1050 1761/1374/1064 1760/1372/1062
f 1748/1373/1063 1762/1387/1077 1761/1374/1064
f 1764/1375/1065 1763/1390/1080 1749/1376/1066
f 1765/1377/1067 1764/1375/1065 1750/1361/1051
f 1766/1378/1068 1765/1377/1067 1751/1363/1053
f 1767/1379/1069 1766/1378/1068 1752/1364/1054
f 1768/1380/1070 1767/1379/1069 1753/1365/1055
f 1769/1381/1071 1768/1380/1070 1754/1366/1056
f 1770/1382/1072 1769/1381/1071 1755/1367/1057
f 1757/1369/1059 1771/1383/1073 1770/1382/1072
f 1758/1370/1060 1772/1384/1074 1771/1383/1073
f 1759/1371/1061 1773/1385/1075 1772/1384/1074
f 1760/1372/1062 1774/1386/1076 1773/1385/1075
f 1761/1374/1064 1775/1388/1078 1774/1386/1076
f 1762/1387/1077 1776/1403/1093 1775/1388/1078
f 1764/1375/1065 1778/1391/1081 1777/1389/1079
f 1765/1377/1067 1779/1392/1082 1778/1391/1081
f 1766/1378/1068 1780/1393/1083 1779/1392/1082
f 1767/1379/1069 1781/1394/1084 1780/1393/1083
f 1768/1380/1070 1782/1395/1085 1781/1394/1084
f 1769/1381/1071 1783/1409/1099 1782/1395/1085
f 1784/1396/1086 1783/1409/1099 1769/1381/1071
f 1785/1397/1087 1784/1396/1086 1770/1382/1072
f 1786/1398/1088 1785/1397/1087 1771/1383/1073
f 1787/1399/1089 1786/1398/1088 1772/1384/1074
f 1788/1400/1090 1787/1399/1089 1773/1385/1075
f 1789/1401/1091 1788/1400/1090 1774/1386/1076
f 1790/1402/1092 1789/1401/1091 1775/1388/1078
f 1778/1391/1081 1792/1405/1095 1791/1404/1094
f 1779/1392/1082 1793/1406/1096 1792/1405/1095
f 1780/1393/1083 1794/1407/1097 1793/1406/1096
f 1781/1394/1084 1795/1408/1098 1794/1407/1097
f 1782/1395/1085 1796/1410/1100 1795/1408/1098
f 1783/1409/1099 1797/1423/1113 1796/1410/1100
f 1798/1411/1101 1797/1423/1113 1783/1409/1099
f 1799/1412/1102 1798/1411/1101 1784/1396/1086
f 1800/1413/1103 1799/1412/1102 1785/1397/1087
f 1801/1414/1104 1800/1413/1103 1786/1398/1088
f 1802/1415/1105 1801/1414/1104 1787/1399/1089
f 1803/1416/1106 1802/1415/1105 1788/1400/1090
f 1804/1417/1107 1803/1416/1106 1789/1401/1091
f 1792/1405/1095 1806/1419/1109 1805/1418/1108
f 1793/1406/1096 1807/1420/1110 1806/1419/1109
f 1794/1407/1097 1808/1421/1111 1807/1420/1110
f 1795/1408/1098 1809/1422/1112 1808/1421/1111
f 1796/1410/1100 1810/1424/1114 1809/1422/1112
f 1797/1423/1113 1811/1437/1127 1810/1424/1114
f 1812/1425/1115 1811/1437/1127 1797/1423/1113
f 1813/1426/1116 1812/1425/1115 1798/1411/1101
f 1814/1427/1117 1813/1426/1116 1799/1412/1102
f 1815/1428/1118 1814/1427/1117 1800/1413/1103
f 1816/1429/1119 1815/1428/1118 1801/1414/1104
f 1817/1430/1120 1816/1429/1119 1802/1415/1105
f 1818/1431/1121 1817/1430/1120 1803/1416/1106
f 1806/1419/1109 1820/1433/1123 1819/1432/1122
f 1807/1420/1110 1821/1434/1124 1820/1433/1123
f 1808/1421/1111 1822/1435/1125 1821/1434/1124
f 1809/1422/1112 1823/1436/1126 1822/1435/1125
f 1810/1424/1114 1824/1438/1128 1823/1436/1126
f 1811/1437/1127 1825/1451/1141 1824/1438/1128
f 1826/1439/1129 1825/1451/1141 1811/1437/1127
f 1827/1440/1130 1826/1439/1129 1812/1425/1115
f 1828/1441/1131 1827/1440/1130 1813/1426/1116
f 1829/1442/1132 1828/1441/1131 1814/1427/1117
f 1830/1443/1133 1829/1442/1132 1815/1428/1118
f 1831/1444/1134 1830/1443/1133 1816/1429/1119
f 1832/1445/1135 1831/1444/1134 1817/1430/1120
f 1820/1433/1123 1834/1447/1137 1833/1446/1136
f 1821/1434/1124 1835/1448/1138 1834/1447/1137
f 1822/1435/1125 1836/1449/1139 1835/1448/1138
f 1823/1436/1126 1837/1450/1140 1836/1449/1139
f 1824/1438/1128 1838/1452/1142 1837/1450/1140
f 1825/1451/1141 1839/1465/1155 1838/1452/1142
f 1840/1453/1143 1839/1465/1155 1825/1451/1141
f 1841/1454/1144 1840/1453/1143 1826/1439/1129
f 1842/1455/1145 1841/1454/1144 1827/1440/1130
f 1843/1456/1146 1842/1455/1145 1828/1441/1131
f 1844/1457/1147 1843/1456/1146 1829/1442/1132
f 1845/1458/1148 1844/1457/1147 1830/1443/1133
f 1846/1459/1149 1845/1458/1148 1831/1444/1134
f 1834/1447/1137 1848/1461/1151 1847/1460/1150
f 1835/1448/1138 1849/1462/1152 1848/1461/1151
f 1836/1449/1139 1850/1463/1153 1849/1462/1152
f 1837/1450/1140 1851/1464/1154 1850/1463/1153
f 1838/1452/1142 1852/1466/1156 1851/1464/1154
f 1839/1465/1155 1853/1479/1169 1852/1466/1156
f 1854/1467/1157 1853/1479/1169 1839/1465/1155
f 1855/1468/1158 1854/1467/1157 1840/1453/1143
f 1856/1469/1159 1855/1468/1158 1841/1454/1144
f 1857/1470/1160 1856/1469/1159 1842/1455/1145
f 1858/1471/1161 1857/1470/1160 1843/1456/1146
f 1859/1472/1162 1858/1471/1161 1844/1457/1147
f 1860/1473/1163 1859/1472/1162 1845/1458/1148
f 1848/1461/1151 1862/1475/1165 1861/1474/1164
f 1849/1462/1152 1863/1476/1166 1862/1475/1165
f 1850/1463/1153 1864/1477/1167 1863/1476/1166
f 1851/1464/1154 1865/1478/1168 1864/1477/1167
f 1852/1466/1156 1866/1480/1170 1865/1478/1168
f 1853/1479/1169 1867/1493/1183 1866/1480/1170
f 1868/1481/1171 1867/1493/1183 1853/1479/1169
f 1869/1482/1172 1868/1481/1171 1854/1467/1157
f 1870/1483/1173 1869/1482/1172 1855/1468/1158
f 1871/1484/1174 1870/1483/1173 1856/1469/1159
f 1872/1485/1175 1871/1484/1174 1857/1470/1160
f 1873/1486/1176 1872/1485/1175 1858/1471/1161
f 1874/1487/1177 1873/1486/1176 1859/1472/1162
f 1862/1475/1165 1876/1489/1179 1875/1488/1178
f 1863/1476/1166 1877/1490/1180 1876/1489/1179
f 1864/1477/1167 1878/1491/1181 1877/1490/1180
f 1865/1478/1168 1879/1492/1182 1878/1491/1181
f 1866/1480/1170 1880/1494/1184 1879/1492/1182
f 1867/1493/1183 1881/1506/1197 1880/1494/1184
f 1882/1495/1185 1881/1506/1197 1867/1493/1183
f 1883/1496/1186 1882/1495/1185 1868/1481/1171
f 1884/1497/1187 1883/1496/1186 1869/1482/1172
f 1885/1498/1188 1884/1497/1187 1870/1483/1173
f 1886/1499/1189 1885/1498/1188 1871/1484/1174
f 1887/1500/1190 1886/1499/1189 1872/1485/1175
f 1888/1501/1191 1887/1500/1190 1873/1486/1176
f 1876/1489/1179 1890/1502/1193 1889/107/1192
f 1877/1490/1180 1891/1503/1194 1890/1502/1193
f 1878/1491/1181 1892/1504/1195 1891/1503/1194
f 1879/1492/1182 1893/1505/1196 1892/1504/1195
f 1880/1494/1184 1894/1507/1198 1893/1505/1196
f 1881/1506/1197 1895/1520/1211 1894/1507/1198
f 1896/1508/1199 1895/1520/1211 1881/1506/1197
f 1897/1509/1200 1896/1508/1199 1882/1495/1185
f 1898/1510/1201 1897/1509/1200 1883/1496/1186
f 1899/1511/1202 1898/1510/1201 1884/1497/1187
f 1900/1512/1203 1899/1511/1202 1885/1498/1188
f 1901/1513/1204 1900/1512/1203 1886/1499/1189
f 1902/1514/1205 1901/1513/1204 1887/1500/1190
f 1890/1502/1193 1904/1516/1207 1903/1515/1206
f 1891/1503/1194 1905/1517/1208 1904/1516/1207
f 1892/1504/1195 1906/1518/1209 1905/1517/1208
f 1893/1505/1196 1907/1519/1210 1906/1518/1209
f 1894/1507/1198 1908/1521/1212 1907/1519/1210
f 1895/1520/1211 1909/1534/1225 1908/1521/1212
f 1910/1522/1213 1909/1534/1225 1895/1520/1211
f 1911/1523/1214 1910/1522/1213 1896/1508/1199
f 1912/1524/1215 1911/1523/1214 1897/1509/1200
f 1913/1525/1216 1912/1524/1215 1898/1510/1201
f 1914/1526/1217 1913/1525/1216 1899/1511/1202
f 1915/1527/1218 1914/1526/1217 1900/1512/1203
f 1916/1528/1219 1915/1527/1218 1901/1513/1204
f 1904/1516/1207 1918/1530/1221 1917/1529/1220
f 1905/1517/1208 1919/1531/1222 1918/1530/1221
f 1906/1518/1209 1920/1532/1223 1919/1531/1222
f 1907/1519/1210 1921/1533/1224 1920/1532/1223
f 1908/1521/1212 1922/1535/1226 1921/1533/1224
f 1909/1534/1225 1923/1548/1239 1922/1535/1226
f 1924/1536/1227 1923/1548/1239 1909/1534/1225
f 1925/1537/1228 1924/1536/1227 1910/1522/1213
f 1926/1538/1229 1925/1537/1228 1911/1523/1214
f 1927/1539/1230 1926/1538/1229 1912/1524/1215
f 1928/1540/1231 1927/1539/1230 1913/1525/1216
f 1929/1541/1232 1928/1540/1231 1914/1526/1217
f 1930/1542/1233 1929/1541/1232 1915/1527/1218
f 1918/1530/1221 1932/1544/1235 1931/1543/1234
f 1919/1531/1222 1933/1545/1236 1932/1544/1235
f 1920/1532/1223 1934/1546/1237 1933/1545/1236
f 1921/1533/1224 1935/1547/1238 1934/1546/1237
f 1922/1535/1226 1936/1549/1240 1935/1547/1238
f 1923/1548/1239 1937/1562/1253 1936/1549/1240
f 1938/1550/1241 1937/1562/1253 1923/1548/1239
f 1939/1551/1242 1938/1550/1241 1924/1536/1227
f 1940/1552/1243 1939/1551/1242 1925/1537/1228
f 1941/1553/1244 1940/1552/1243 1926/1538/1229
f 1942/1554/1245 1941/1553/1244 1927/1539/1230
f 1943/1555/1246 1942/1554/1245 1928/1540/1231
f 1944/1556/1247 1943/1555/1246 1929/1541/1232
f 1932/1544/1235 1946/1558/1249 1945/1557/1248
f 1933/1545/1236 1947/1559/1250 1946/1558/1249
f 1934/1546/1237 1948/1560/1251 1947/1559/1250
f 1935/1547/1238 1949/1561/1252 1948/1560/1251
f 1936/1549/1240 1950/1563/1254 1949/1561/1252
f 1937/1562/1253 1951/1576/1267 1950/1563/1254
f 1952/1564/1255 1951/1576/1267 1937/1562/1253
f 1953/1565/1256 1952/1564/1255 1938/1550/1241
f 1954/1566/1257 1953/1565/1256 1939/1551/1242
f 1955/1567/1258 1954/1566/1257 1940/1552/1243
f 1956/1568/1259 1955/1567/1258 1941/1553/1244
f 1957/1569/1260 1956/1568/1259 1942/1554/1245
f 1958/1570/1261 1957/1569/1260 1943/1555/1246
f 1946/1558/1249 1960/1572/1263 1959/1571/1262
f 1947/1559/1250 1961/1573/1264 1960/1572/1263
f 1948/1560/1251 1962/1574/1265 1961/1573/1264
f 1949/1561/1252 1963/1575/1266 1962/1574/1265
f 1950/1563/1254 1964/1577/1268 1963/1575/1266
f 1951/1576/1267 1965/1590/1281 1964/1577/1268
f 1966/1578/1269 1965/1590/1281 1951/1576/1267
f 1967/1579/1270 1966/1578/1269 1952/1564/1255
f 1968/1580/1271 1967/1579/1270 1953/1565/1256
f 1969/1581/1272 1968/1580/1271 1954/1566/1257
f 1970/1582/1273 1969/1581/1272 1955/1567/1258
f 1971/1583/1274 1970/1582/1273 1956/1568/1259
f 1972/1584/1275 1971/1583/1274 1957/1569/1260
f 1960/1572/1263 1974/1586/1277 1973/1585/1276
f 1961/1573/1264 1975/1587/1278 1974/1586/1277
f 1962/1574/1265 1976/1588/1279 1975/1587/1278
f 1963/1575/1266 1977/1589/1280 1976/1588/1279
f 1964/1577/1268 1978/1591/1282 1977/1589/1280
f 1965/1590/1281 1979/1604/1295 1978/1591/1282
f 1980/1592/1283 1979/1604/1295 1965/1590/1281
f 1981/1593/1284 1980/1592/1283 1966/1578/1269
f 1982/1594/1285 1981/1593/1284 1967/1579/1270
f 1983/1595/1286 1982/1594/1285 1968/1580/1271
f 1984/1596/1287 1983/1595/1286 1969/1581/1272
f 1985/1597/1288 1984/1596/1287 1970/1582/1273
f 1986/1598/1289 1985/1597/1288 1971/1583/1274
f 1974/1586/1277 1988/1600/1291 1987/1599/1290
f 1975/1587/1278 1989/1601/1292 1988/1600/1291
f 1976/1588/1279 1990/1602/1293 1989/1601/1292
f 1977/1589/1280 1991/1603/1294 1990/1602/1293
f 1978/1591/1282 1992/1605/1296 1991/1603/1294
f 1979/1604/1295 1993/1618/1309 1992/1605/1296
f 1994/1606/1297 1993/1618/1309 1979/1604/1295
f 1995/1607/1298 1994/1606/1297 1980/1592/1283
f 1996/1608/1299 1995/1607/1298 1981/1593/1284
f 1997/1609/1300 1996/1608/1299 1982/1594/1285
f 1998/1610/1301 1997/1609/1300 1983/1595/1286
f 1999/1611/1302 1998/1610/1301 1984/1596/1287
f 2000/1612/1303 1999/1611/1302 1985/1597/1288
f 1988/1600/1291 2002/1614/1305 2001/1613/1304
f 1989/1601/1292 2003/1615/1306 2002/1614/1305
f 1990/1602/1293 2004/1616/1307 2003/1615/1306
f 1991/1603/1294 2005/1617/1308 2004/1616/1307
f 1992/1605/1296 2006/1619/1310 2005/1617/1308
f 1993/1618/1309 2007/1632/1323 2006/1619/1310
f 2008/1620/1311 2007/1632/1323 1993/1618/1309
f 2009/1621/1312 2008/1620/1311 1994/1606/1297
f 2010/1622/1313 2009/1621/1312 1995/1607/1298
f 2011/1623/1314 2010/1622/1313 1996/1608/1299
f 2012/1624/1315 2011/1623/1314 1997/1609/1300
f 2013/1625/1316 2012/1624/1315 1998/1610/1301
f 2014/1626/1317 2013/1625/1316 1999/1611/1302
f 2002/1614/1305 2016/1628/1319 2015/1627/1318
f 2003/1615/1306 2017/1629/1320 2016/1628/1319
f 2004/1616/1307 2018/1630/1321 2017/1629/1320
f 2005/1617/1308 2019/1631/1322 2018/1630/1321
f 2006/1619/1310 2020/1633/1324 2019/1631/1322
f 2007/1632/1323 2021/1646/1337 2020/1633/1324
f 2022/1634/1325 2021/1646/1337 2007/1632/1323
f 2023/1635/1326 2022/1634/1325 2008/1620/1311
f 2024/1636/1327 2023/1635/1326 2009/1621/1312
f 2025/1637/1328 2024/1636/1327 2010/1622/1313
f 2026/1638/1329 2025/1637/1328 2011/1623/1314
f 2027/1639/1330 2026/1638/1329 2012/1624/1315
f 2028/1640/1331 2027/1639/1330 2013/1625/1316
f 2016/1628/1319 2030/1642/1333 2029/1641/1332
f 2017/1629/1320 2031/1643/1334 2030/1642/1333
f 2018/1630/1321 2032/1644/1335 2031/1643/1334
f 2019/1631/1322 2033/1645/1336 2032/1644/1335
f 2020/1633/1324 2034/1647/1338 2033/1645/1336
f 2021/1646/1337 2035/1659/1350 2034/1647/1338
f 2036/1648/1339 2035/1659/1350 2021/1646/1337
f 2037/1649/1340 2036/1648/1339 2022/1634/1325
f 2038/1650/1341 2037/1649/1340 2023/1635/1326
f 2039/1651/1342 2038/1650/1341 2024/1636/1327
f 2040/1652/1343 2039/1651/1342 2025/1637/1328
f 2041/1653/1344 2040/1652/1343 2026/1638/1329
f 2042/1654/1345 2041/1653/1344 2027/1639/1330
f 2044/1655/1346 2043/1668/1359 2029/1641/1332
f 2045/1656/1347 2044/1655/1346 2030/1642/1333
f 2032/1644/1335 2046/1657/1348 2045/1656/1347
f 2033/1645/1336 2047/1658/1349 2046/1657/1348
f 2034/1647/1338 2048/1660/1351 2047/1658/1349
f 2035/1659/1350 2049/1674/1365 2048/1660/1351
f 2050/1661/1352 2049/1674/1365 2035/1659/1350
f 2051/1662/1353 2050/1661/1352 2036/1648/1339
f 2052/1663/1354 2051/1662/1353 2037/1649/1340
f 2053/1664/1355 2052/1663/1354 2038/1650/1341
f 2054/1665/1356 2053/1664/1355 2039/1651/1342
f 2041/1653/1344 2055/1666/1357 2054/1665/1356
f 2042/1654/1345 2056/1680/1371 2055/1666/1357
f 2058/1667/1358 2057/1683/1373 2043/1668/1359
f 2059/1669/1360 2058/1667/1358 2044/1655/1346
f 2060/1670/1361 2059/1669/1360 2045/1656/1347
f 2061/1671/1362 2060/1670/1361 2046/1657/1348
f 2062/1672/1363 2061/1671/1362 2047/1658/1349
f 2063/1673/1364 2062/1672/1363 2048/1660/1351
f 2064/1675/1366 2063/1673/1364 2049/1674/1365
f 2051/1662/1353 2065/1676/1367 2064/1675/1366
f 2052/1663/1354 2066/1677/1368 2065/1676/1367
f 2053/1664/1355 2067/1678/1369 2066/1677/1368
f 2054/1665/1356 2068/1679/1370 2067/1678/1369
f 2055/1666/1357 2069/1681/1372 2068/1679/1370
f 2056/1680/1371 2070/1696/1385 2069/1681/1372
f 2058/1667/1358 2072/1684/1374 2071/1682/1373
f 2059/1669/1360 2073/1685/1375 2072/1684/1374
f 2060/1670/1361 2074/1686/1376 2073/1685/1375
f 2061/1671/1362 2075/1687/1377 2074/1686/1376
f 2062/1672/1363 2076/1688/1378 2075/1687/1377
f 2063/1673/1364 2077/1702/1391 2076/1688/1378
f 2078/1689/1379 2077/1702/1391 2063/1673/1364
f 2079/1690/1380 2078/1689/1379 2064/1675/1366
f 2080/1691/1381 2079/1690/1380 2065/1676/1367
f 2081/1692/1382 2080/1691/1381 2066/1677/1368
f 2082/1693/1383 2081/1692/1382 2067/1678/1369
f 2083/1694/1384 2082/1693/1383 2068/1679/1370
f 2084/1695/1385 2083/1694/1384 2069/1681/1372
f 2086/1697/1386 2085/1709/1398 2071/1682/1373
f 2087/1698/1387 2086/1697/1386 2072/1684/1374
f 2074/1686/1376 2088/1699/1388 2087/1698/1387
f 2075/1687/1377 2089/1713/1402 2088/1699/1388
f 2090/1700/1389 2089/1713/1402 2075/1687/1377
f 2091/1701/1390 2090/1700/1389 2076/1688/1378
f 2092/1703/1392 2091/1701/1390 2077/1702/1391
f 2079/1690/1380 2093/1718/1407 2092/1703/1392
f 2094/1704/1393 2093/1718/1407 2079/1690/1380
f 2095/1705/1394 2094/1704/1393 2080/1691/1381
f 2096/1706/1395 2095/1705/1394 2081/1692/1382
f 2083/1694/1384 2097/1723/1412 2096/1706/1395
f 2098/1707/1396 2097/1723/1412 2083/1694/1384
f 2100/1708/1397 2099/1726/1415 2085/1709/1398
f 2101/1710/1399 2100/1708/1397 2086/1697/1386
f 2102/1711/1400 2101/1710/1399 2087/1698/1387
f 2103/1712/1401 2102/1711/1400 2088/1699/1388
f 2104/1714/1403 2103/1712/1401 2089/1713/1402
f 2105/1715/1404 2104/1714/1403 2090/1700/1389
f 2106/1716/1405 2105/1715/1404 2091/1701/1390
f 2107/1717/1406 2106/1716/1405 2092/1703/1392
f 2108/1719/1408 2107/1717/1406 2093/1718/1407
f 2109/1720/1409 2108/1719/1408 2094/1704/1393
f 2110/1721/1410 2109/1720/1409 2095/1705/1394
f 2111/1722/1411 2110/1721/1410 2096/1706/1395
f 2112/1724/1413 2111/1722/1411 2097/1723/1412
f 2114/1725/1414 2113/1739/1427 2099/1726/1415
f 2115/1727/1416 2114/1725/1414 2100/1708/1397
f 2116/1728/1417 2115/1727/1416 2101/1710/1399
f 2117/1729/1418 2116/1728/1417 2102/1711/1400
f 2118/1730/1419 2117/1729/1418 2103/1712/1401
f 2119/1731/1420 2118/1730/1419 2104/1714/1403
f 2120/1732/1421 2119/1731/1420 2105/1715/1404
f 2107/1717/1406 2121/1733/1422 2120/1732/1421
f 2108/1719/1408 2122/1734/1423 2121/1733/1422
f 2109/1720/1409 2123/1735/1424 2122/1734/1423
f 2110/1721/1410 2124/1736/1425 2123/1735/1424
f 2111/1722/1411 2125/1737/1426 2124/1736/1425
f 2112/1724/1413 2126/1750/1428 2125/1737/1426
f 700/1738/3 699/14/5 2113/1739/1427
f 701/1740/6 700/1738/3 2114/1725/1414
f 702/1741/8 701/1740/6 2115/1727/1416
f 703/1742/10 702/1741/8 2116/1728/1417
f 704/1743/12 703/1742/10 2117/1729/1418
f 705/1744/14 704/1743/12 2118/1730/1419
f 706/1745/17 705/1744/14 2119/1731/1420
f 2121/1733/1422 707/1746/19 706/1745/17
f 2122/1734/1423 708/1747/21 707/1746/19
f 2123/1735/1424 709/1748/23 708/1747/21
f 2124/1736/1425 710/1749/25 709/1748/23
f 2125/1737/1426 711/1751/27 710/1749/25
f 2126/1750/1428 712/2000/29 711/1751/27
f 2142/1752/1429 2141/1765/1430 2127/5/1430
f 2143/1753/1432 2142/1752/1429 2128/318/1431
f 2144/1754/1434 2143/1753/1432 2129/320/1433
f 2145/1755/1436 2144/1754/1434 2130/322/1435
f 2146/1756/1438 2145/1755/1436 2131/324/1437
f 2147/1757/1440 2146/1756/1438 2132/326/1439
f 2148/1758/1442 2147/1757/1440 2133/328/1441
f 2135/333/1444 2149/1759/1446 2148/1758/1442
f 2136/335/1445 2150/1760/1448 2149/1759/1446
f 2137/337/1447 2151/1761/1450 2150/1760/1448
f 2138/339/1449 2152/1762/1452 2151/1761/1450
f 2139/341/1451 2153/1763/1454 2152/1762/1452
f 2140/343/1453 2154/1776/1453 2153/1763/1454
f 2156/1764/1455 2155/1779/1467 2141/1765/1430
f 2157/1766/1456 2156/1764/1455 2142/1752/1429
f 2158/1767/1457 2157/1766/1456 2143/1753/1432
f 2159/1768/1458 2158/1767/1457 2144/1754/1434
f 2160/1769/1459 2159/1768/1458 2145/1755/1436
f 2161/1770/1460 2160/1769/1459 2146/1756/1438
f 2162/1771/1461 2161/1770/1460 2147/1757/1440
f 2149/1759/1446 2163/1772/1462 2162/1771/1461
f 2150/1760/1448 2164/1773/1463 2163/1772/1462
f 2151/1761/1450 2165/1774/1464 2164/1773/1463
f 2152/1762/1452 2166/1775/1465 2165/1774/1464
f 2153/1763/1454 2167/1777/1466 2166/1775/1465
f 2154/1776/1453 2168/1792/1479 2167/1777/1466
f 2156/1764/1455 2170/1780/1468 2169/1778/1467
f 2157/1766/1456 2171/1781/1469 2170/1780/1468
f 2158/1767/1457 2172/1782/1470 2171/1781/1469
f 2159/1768/1458 2173/1783/1471 2172/1782/1470
f 2160/1769/1459 2174/1784/1472 2173/1783/1471
f 2161/1770/1460 2175/1793/1485 2174/1784/1472
f 2176/1785/1473 2175/1793/1485 2161/1770/1460
f 2177/1786/1474 2176/1785/1473 2162/1771/1461
f 2178/1787/1475 2177/1786/1474 2163/1772/1462
f 2179/1788/1476 2178/1787/1475 2164/1773/1463
f 2180/1789/1477 2179/1788/1476 2165/1774/1464
f 2181/1790/1478 2180/1789/1477 2166/1775/1465
f 2182/1791/1479 2181/1790/1478 2167/1777/1466
f 2170/1780/1468 2184/1027/1481 2183/106/1480
f 2171/1781/1469 2185/1029/1482 2184/1027/1481
f 2172/1782/1470 2186/1030/1483 2185/1029/1482
f 2173/1783/1471 2187/1031/1484 2186/1030/1483
f 2174/1784/1472 2188/1032/1486 2187/1031/1484
f 2175/1793/1485 2189/1033/1500 2188/1032/1486
f 2190/1034/1487 2189/1033/1500 2175/1793/1485
f 2191/1035/1488 2190/1034/1487 2176/1785/1473
f 2192/1036/1489 2191/1035/1488 2177/1786/1474
f 2193/1037/1490 2192/1036/1489 2178/1787/1475
f 2194/1038/1491 2193/1037/1490 2179/1788/1476
f 2195/1040/1492 2194/1038/1491 2180/1789/1477
f 2196/1052/1493 2195/1040/1492 2181/1790/1478
f 2198/1794/1494 2197/1807/1508 2183/106/1480
f 2199/1795/1495 2198/1794/1494 2184/1027/1481
f 2200/1796/1496 2199/1795/1495 2185/1029/1482
f 2201/1797/1497 2200/1796/1496 2186/1030/1483
f 2202/1798/1498 2201/1797/1497 2187/1031/1484
f 2203/1799/1499 2202/1798/1498 2188/1032/1486
f 2204/1800/1501 2203/1799/1499 2189/1033/1500
f 2191/1035/1488 2205/1801/1502 2204/1800/1501
f 2192/1036/1489 2206/1802/1503 2205/1801/1502
f 2193/1037/1490 2207/1803/1504 2206/1802/1503
f 2194/1038/1491 2208/1804/1505 2207/1803/1504
f 2195/1040/1492 2209/1805/1506 2208/1804/1505
f 2196/1052/1493 2210/1818/1519 2209/1805/1506
f 2212/1806/1507 2211/1821/1522 2197/1807/1508
f 2213/1808/1509 2212/1806/1507 2198/1794/1494
f 2214/1809/1510 2213/1808/1509 2199/1795/1495
f 2215/1810/1511 2214/1809/1510 2200/1796/1496
f 2216/1811/1512 2215/1810/1511 2201/1797/1497
f 2217/1812/1513 2216/1811/1512 2202/1798/1498
f 2218/1813/1514 2217/1812/1513 2203/1799/1499
f 2205/1801/1502 2219/1814/1515 2218/1813/1514
f 2206/1802/1503 2220/1815/1516 2219/1814/1515
f 2207/1803/1504 2221/1816/1517 2220/1815/1516
f 2208/1804/1505 2222/1817/1518 2221/1816/1517
f 2209/1805/1506 2223/1819/1520 2222/1817/1518
f 2210/1818/1519 2224/1834/1535 2223/1819/1520
f 2212/1806/1507 2226/1822/1523 2225/1820/1521
f 2213/1808/1509 2227/1823/1524 2226/1822/1523
f 2214/1809/1510 2228/1824/1525 2227/1823/1524
f 2215/1810/1511 2229/1825/1526 2228/1824/1525
f 2216/1811/1512 2230/1826/1527 2229/1825/1526
f 2217/1812/1513 2231/1835/1536 2230/1826/1527
f 2232/1827/1528 2231/1835/1536 2217/1812/1513
f 2233/1828/1529 2232/1827/1528 2218/1813/1514
f 2234/1829/1530 2233/1828/1529 2219/1814/1515
f 2235/1830/1531 2234/1829/1530 2220/1815/1516
f 2236/1831/1532 2235/1830/1531 2221/1816/1517
f 2237/1832/1533 2236/1831/1532 2222/1817/1518
f 2238/1833/1534 2237/1832/1533 2223/1819/1520
f 2128/1738/1431 2127/14/1430 2225/1820/1521
f 2129/1740/1433 2128/1738/1431 2226/1822/1523
f 2130/1741/1435 2129/1740/1433 2227/1823/1524
f 2131/1742/1437 2130/1741/1435 2228/1824/1525
f 2132/1743/1439 2131/1742/1437 2229/1825/1526
f 2133/1744/1441 2132/1743/1439 2230/1826/1527
f 2134/1745/1443 2133/1744/1441 2231/1835/1536
f 2233/1828/1529 2135/1746/1444 2134/1745/1443
f 2234/1829/1530 2136/1747/1445 2135/1746/1444
f 2235/1830/1531 2137/1748/1447 2136/1747/1445
f 2236/1831/1532 2138/1749/1449 2137/1748/1447
f 2237/1832/1533 2139/1751/1451 2138/1749/1449
f 2238/1833/1534 2140/2000/1453 2139/1751/1451
f 2254/790/1537 2253/74/1564 2239/5/1538
f 2255/792/1540 2254/790/1537 2240/318/1539
f 2256/793/1542 2255/792/1540 2241/320/1541
f 2257/794/1544 2256/793/1542 2242/322/1543
f 2258/795/1546 2257/794/1544 2243/324/1545
f 2259/796/1548 2258/795/1546 2244/326/1547
f 2260/797/1550 2259/796/1548 2245/328/1549
f 2247/333/1552 2261/798/1554 2260/797/1550
f 2248/335/1553 2262/799/1556 2261/798/1554
f 2249/337/1555 2263/800/1558 2262/799/1556
f 2250/339/1557 2264/801/1560 2263/800/1558
f 2251/341/1559 2265/803/1562 2264/801/1560
f 2252/343/1561 2266/815/1577 2265/803/1562
f 2254/790/1537 2268/1264/1565 2267/50/1563
f 2255/792/1540 2269/1266/1566 2268/1264/1565
f 2256/793/1542 2270/1267/1567 2269/1266/1566
f 2257/794/1544 2271/1268/1568 2270/1267/1567
f 2258/795/1546 2272/1269/1569 2271/1268/1568
f 2259/796/1548 2273/1270/1578 2272/1269/1569
f 2274/1271/1570 2273/1270/1578 2259/796/1548
f 2275/1272/1571 2274/1271/1570 2260/797/1550
f 2276/1273/1572 2275/1272/1571 2261/798/1554
f 2277/1274/1573 2276/1273/1572 2262/799/1556
f 2278/1275/1574 2277/1274/1573 2263/800/1558
f 2279/1277/1575 2278/1275/1574 2264/801/1560
f 2280/1289/1576 2279/1277/1575 2265/803/1562
f 2240/1738/1539 2239/14/1538 2267/50/1563
f 2241/1740/1541 2240/1738/1539 2268/1264/1565
f 2242/1741/1543 2241/1740/1541 2269/1266/1566
f 2243/1742/1545 2242/1741/1543 2270/1267/1567
f 2244/1743/1547 2243/1742/1545 2271/1268/1568
f 2245/1744/1549 2244/1743/1547 2272/1269/1569
f 2246/1745/1551 2245/1744/1549 2273/1270/1578
f 2275/1272/1571 2247/1746/1552 2246/1745/1551
f 2276/1273/1572 2248/1747/1553 2247/1746/1552
f 2277/1274/1573 2249/1748/1555 2248/1747/1553
f 2278/1275/1574 2250/1749/1557 2249/1748/1555
f 2279/1277/1575 2251/1751/1559 2250/1749/1557
f 2280/1289/1576 2252/2000/1561 2251/1751/1559
f 2296/1836/1579 2295/1849/1373 2281/5/1373
f 2297/1837/1580 2296/1836/1579 2282/318/1374
f 2298/1838/1581 2297/1837/1580 2283/320/1375
f 2299/1839/1582 2298/1838/1581 2284/322/1376
f 2300/1840/1583 2299/1839/1582 2285/324/1377
f 2301/1841/1584 2300/1840/1583 2286/326/1378
f 2302/1842/1585 2301/1841/1584 2287/328/1391
f 2289/333/1380 2303/1843/1587 2302/1842/1585
f 2290/335/1381 2304/1844/1588 2303/1843/1587
f 2291/337/1382 2305/1845/1589 2304/1844/1588
f 2292/339/1383 2306/1846/1590 2305/1845/1589
f 2293/341/1384 2307/1847/1591 2306/1846/1590
f 2294/343/1385 2308/1860/1385 2307/1847/1591
f 2310/1848/1592 2309/1862/1604 2295/1849/1373
f 2311/1850/1593 2310/1848/1592 2296/1836/1579
f 2312/1851/1594 2311/1850/1593 2297/1837/1580
f 2313/1852/1595 2312/1851/1594 2298/1838/1581
f 2314/1853/1596 2313/1852/1595 2299/1839/1582
f 2315/1854/1597 2314/1853/1596 2300/1840/1583
f 2316/1855/1598 2315/1854/1597 2301/1841/1584
f 2303/1843/1587 2317/1856/1599 2316/1855/1598
f 2304/1844/1588 2318/1857/1600 2317/1856/1599
f 2305/1845/1589 2319/1858/1601 2318/1857/1600
f 2306/1846/1590 2320/1859/1602 2319/1858/1601
f 2307/1847/1591 2321/1861/1603 2320/1859/1602
f 2308/1860/1385 2322/1875/1616 2321/1861/1603
f 2310/1848/1592 2324/1863/1605 2323/193/1604
f 2311/1850/1593 2325/1864/1606 2324/1863/1605
f 2312/1851/1594 2326/1865/1607 2325/1864/1606
f 2313/1852/1595 2327/1866/1608 2326/1865/1607
f 2314/1853/1596 2328/1867/1609 2327/1866/1608
f 2315/1854/1597 2329/1882/1623 2328/1867/1609
f 2330/1868/1610 2329/1882/1623 2315/1854/1597
f 2331/1869/1611 2330/1868/1610 2316/1855/1598
f 2332/1870/1612 2331/1869/1611 2317/1856/1599
f 2333/1871/1613 2332/1870/1612 2318/1857/1600
f 2334/1872/1614 2333/1871/1613 2319/1858/1601
f 2335/1873/1615 2334/1872/1614 2320/1859/1602
f 2336/1874/1616 2335/1873/1615 2321/1861/1603
f 2338/1876/1617 2337/1890/1632 2323/193/1604
f 2339/1877/1618 2338/1876/1617 2324/1863/1605
f 2340/1878/1619 2339/1877/1618 2325/1864/1606
f 2341/1879/1620 2340/1878/1619 2326/1865/1607
f 2342/1880/1621 2341/1879/1620 2327/1866/1608
f 2343/1881/1622 2342/1880/1621 2328/1867/1609
f 2344/1883/1624 2343/1881/1622 2329/1882/1623
f 2345/1884/1625 2344/1883/1624 2330/1868/1610
f 2346/1885/1626 2345/1884/1625 2331/1869/1611
f 2347/1886/1627 2346/1885/1626 2332/1870/1612
f 2348/1887/1628 2347/1886/1627 2333/1871/1613
f 2349/1888/1629 2348/1887/1628 2334/1872/1614
f 2350/1889/1630 2349/1888/1629 2335/1873/1615
f 2352/790/1631 2351/74/1632 2337/1890/1632
f 2353/792/1633 2352/790/1631 2338/1876/1617
f 2354/793/1634 2353/792/1633 2339/1877/1618
f 2355/794/1635 2354/793/1634 2340/1878/1619
f 2356/795/1636 2355/794/1635 2341/1879/1620
f 2357/796/1637 2356/795/1636 2342/1880/1621
f 2358/797/1638 2357/796/1637 2343/1881/1622
f 2345/1884/1625 2359/798/1639 2358/797/1638
f 2346/1885/1626 2360/799/1640 2359/798/1639
f 2347/1886/1627 2361/800/1641 2360/799/1640
f 2348/1887/1628 2362/801/1642 2361/800/1641
f 2349/1888/1629 2363/803/1643 2362/801/1642
f 2350/1889/1630 2364/815/1630 2363/803/1643
f 2352/790/1631 2366/1891/1645 2365/140/1644
f 2353/792/1633 2367/1892/1646 2366/1891/1645
f 2354/793/1634 2368/1893/1647 2367/1892/1646
f 2355/794/1635 2369/1894/1648 2368/1893/1647
f 2356/795/1636 2370/1895/1649 2369/1894/1648
f 2357/796/1637 2371/1908/1661 2370/1895/1649
f 2372/1896/1650 2371/1908/1661 2357/796/1637
f 2373/1897/1651 2372/1896/1650 2358/797/1638
f 2374/1898/1652 2373/1897/1651 2359/798/1639
f 2375/1899/1653 2374/1898/1652 2360/799/1640
f 2376/1900/1654 2375/1899/1653 2361/800/1641
f 2377/1901/1655 2376/1900/1654 2362/801/1642
f 2378/1902/1656 2377/1901/1655 2363/803/1643
f 2366/1891/1645 2380/1904/1657 2379/1903/1644
f 2367/1892/1646 2381/1905/1658 2380/1904/1657
f 2368/1893/1647 2382/1906/1659 2381/1905/1658
f 2369/1894/1648 2383/1907/1660 2382/1906/1659
f 2370/1895/1649 2384/1909/1662 2383/1907/1660
f 2371/1908/1661 2385/1923/1669 2384/1909/1662
f 2386/1910/1663 2385/1923/1669 2371/1908/1661
f 2387/1911/1664 2386/1910/1663 2372/1896/1650
f 2388/1912/1665 2387/1911/1664 2373/1897/1651
f 2389/1913/1666 2388/1912/1665 2374/1898/1652
f 2390/1914/1667 2389/1913/1666 2375/1899/1653
f 2391/1915/1668 2390/1914/1667 2376/1900/1654
f 2392/1916/1656 2391/1915/1668 2377/1901/1655
f 2394/1917/1374 2393/1932/1373 2379/1903/1644
f 2395/1918/1375 2394/1917/1374 2380/1904/1657
f 2396/1919/1376 2395/1918/1375 2381/1905/1658
f 2397/1920/1377 2396/1919/1376 2382/1906/1659
f 2398/1921/1378 2397/1920/1377 2383/1907/1660
f 2399/1922/1391 2398/1921/1378 2384/1909/1662
f 2400/1924/1586 2399/1922/1391 2385/1923/1669
f 2401/1925/1380 2400/1924/1586 2386/1910/1663
f 2402/1926/1381 2401/1925/1380 2387/1911/1664
f 2403/1927/1382 2402/1926/1381 2388/1912/1665
f 2404/1928/1383 2403/1927/1382 2389/1913/1666
f 2405/1929/1384 2404/1928/1383 2390/1914/1667
f 2406/1930/1385 2405/1929/1384 2391/1915/1668
f 2408/1931/1386 2407/162/1398 2393/1932/1373
f 2409/1933/1387 2408/1931/1386 2394/1917/1374
f 2410/1934/1388 2409/1933/1387 2395/1918/1375
f 2411/1935/1402 2410/1934/1388 2396/1919/1376
f 2412/1936/1389 2411/1935/1402 2397/1920/1377
f 2413/1937/1390 2412/1936/1389 2398/1921/1378
f 2414/1938/1392 2413/1937/1390 2399/1922/1391
f 2415/1939/1407 2414/1938/1392 2400/1924/1586
f 2416/1940/1393 2415/1939/1407 2401/1925/1380
f 2417/1941/1394 2416/1940/1393 2402/1926/1381
f 2418/1942/1395 2417/1941/1394 2403/1927/1382
f 2419/1943/1412 2418/1942/1395 2404/1928/1383
f 2420/1944/1396 2419/1943/1412 2405/1929/1384
f 2422/1264/1670 2421/50/1683 2407/162/1398
f 2423/1266/1671 2422/1264/1670 2408/1931/1386
f 2424/1267/1672 2423/1266/1671 2409/1933/1387
f 2425/1268/1673 2424/1267/1672 2410/1934/1388
f 2426/1269/1674 2425/1268/1673 2411/1935/1402
f 2427/1270/1675 2426/1269/1674 2412/1936/1389
f 2428/1271/1676 2427/1270/1675 2413/1937/1390
f 2415/1939/1407 2429/1272/1677 2428/1271/1676
f 2416/1940/1393 2430/1273/1678 2429/1272/1677
f 2417/1941/1394 2431/1274/1679 2430/1273/1678
f 2418/1942/1395 2432/1275/1680 2431/1274/1679
f 2419/1943/1412 2433/1277/1681 2432/1275/1680
f 2420/1944/1396 2434/1289/1694 2433/1277/1681
f 2436/1945/1682 2435/1957/1697 2421/50/1683
f 2437/1946/1684 2436/1945/1682 2422/1264/1670
f 2438/1947/1685 2437/1946/1684 2423/1266/1671
f 2439/1948/1686 2438/1947/1685 2424/1267/1672
f 2440/1949/1687 2439/1948/1686 2425/1268/1673
f 2441/1950/1688 2440/1949/1687 2426/1269/1674
f 2442/1951/1689 2441/1950/1688 2427/1270/1675
f 2429/1272/1677 2443/1952/1690 2442/1951/1689
f 2430/1273/1678 2444/1953/1691 2443/1952/1690
f 2431/1274/1679 2445/1954/1692 2444/1953/1691
f 2432/1275/1680 2446/1955/1693 2445/1954/1692
f 2433/1277/1681 2447/1956/1695 2446/1955/1693
f 2434/1289/1694 2448/1970/1710 2447/1956/1695
f 2436/1945/1682 2450/1958/1698 2449/132/1696
f 2437/1946/1684 2451/1959/1699 2450/1958/1698
f 2438/1947/1685 2452/1960/1700 2451/1959/1699
f 2439/1948/1686 2453/1961/1701 2452/1960/1700
f 2440/1949/1687 2454/1962/1702 2453/1961/1701
f 2441/1950/1688 2455/1976/1711 2454/1962/1702
f 2456/1963/1703 2455/1976/1711 2441/1950/1688
f 2457/1964/1704 2456/1963/1703 2442/1951/1689
f 2458/1965/1705 2457/1964/1704 2443/1952/1690
f 2459/1966/1706 2458/1965/1705 2444/1953/1691
f 2460/1967/1707 2459/1966/1706 2445/1954/1692
f 2461/1968/1708 2460/1967/1707 2446/1955/1693
f 2462/1969/1709 2461/1968/1708 2447/1956/1695
f 2450/1958/1698 2464/1972/1397 2463/1971/1415
f 2451/1959/1699 2465/1973/1399 2464/1972/1397
f 2452/1960/1700 2466/1974/1400 2465/1973/1399
f 2453/1961/1701 2467/1975/1401 2466/1974/1400
f 2454/1962/1702 2468/1977/1403 2467/1975/1401
f 2455/1976/1711 2469/1991/1713 2468/1977/1403
f 2470/1978/1712 2469/1991/1713 2455/1976/1711
f 2471/1979/1406 2470/1978/1712 2456/1963/1703
f 2472/1980/1408 2471/1979/1406 2457/1964/1704
f 2473/1981/1409 2472/1980/1408 2458/1965/1705
f 2474/1982/1410 2473/1981/1409 2459/1966/1706
f 2475/1983/1411 2474/1982/1410 2460/1967/1707
f 2476/1984/1413 2475/1983/1411 2461/1968/1708
f 2478/1985/1657 2477/1999/1644 2463/1971/1415
f 2479/1986/1658 2478/1985/1657 2464/1972/1397
f 2480/1987/1659 2479/1986/1658 2465/1973/1399
f 2481/1988/1660 2480/1987/1659 2466/1974/1400
f 2482/1989/1662 2481/1988/1660 2467/1975/1401
f 2483/1990/1669 2482/1989/1662 2468/1977/1403
f 2484/1992/1663 2483/1990/1669 2469/1991/1713
f 2485/1993/1664 2484/1992/1663 2470/1978/1712
f 2486/1994/1665 2485/1993/1664 2471/1979/1406
f 2487/1995/1666 2486/1994/1665 2472/1980/1408
f 2488/1996/1667 2487/1995/1666 2473/1981/1409
f 2489/1997/1668 2488/1996/1667 2474/1982/1410
f 2490/1998/1656 2489/1997/1668 2475/1983/1411
f 2282/1738/1374 2281/14/1373 2477/1999/1644
f 2283/1740/1375 2282/1738/1374 2478/1985/1657
f 2284/1741/1376 2283/1740/1375 2479/1986/1658
f 2285/1742/1377 2284/1741/1376 2480/1987/1659
f 2286/1743/1378 2285/1742/1377 2481/1988/1660
f 2287/1744/1391 2286/1743/1378 2482/1989/1662
f 2288/1745/1586 2287/1744/1391 2483/1990/1669
f 2289/1746/1380 2288/1745/1586 2484/1992/1663
f 2290/1747/1381 2289/1746/1380 2485/1993/1664
f 2291/1748/1382 2290/1747/1381 2486/1994/1665
f 2292/1749/1383 2291/1748/1382 2487/1995/1666
f 2293/1751/1384 2292/1749/1383 2488/1996/1667
f 2294/2000/1385 2293/1751/1384 2489/1997/1668
f 2506/2001/1714 2505/2011/1415 2491/5/1644
f 2507/2002/1716 2506/2001/1714 2492/318/1715
f 2508/2003/1718 2507/2002/1716 2493/320/1717
f 2495/324/1720 2509/2012/1735 2508/2003/1718
f 2510/2004/1721 2509/2012/1735 2495/324/1720
f 2511/2005/1723 2510/2004/1721 2496/326/1722
f 2512/2006/1725 2511/2005/1723 2497/328/1724
f 2513/2007/1727 2512/2006/1725 2498/331/1726
f 2500/335/1729 2514/2013/1736 2513/2007/1727
f 2515/2008/1730 2514/2013/1736 2500/335/1729
f 2502/339/1732 2516/2014/1737 2515/2008/1730
f 2517/2009/1733 2516/2014/1737 2502/339/1732
f 2518/2010/1413 2517/2009/1733 2503/341/1734
f 2506/2001/1714 2520/554/1397 2519/105/1415
f 2507/2002/1716 2521/555/1399 2520/554/1397
f 2508/2003/1718 2522/556/1400 2521/555/1399
f 2509/2012/1735 2523/557/1401 2522/556/1400
f 2510/2004/1721 2524/559/1403 2523/557/1401
f 2511/2005/1723 2525/572/1713 2524/559/1403
f 2526/560/1712 2525/572/1713 2511/2005/1723
f 2527/561/1406 2526/560/1712 2512/2006/1725
f 2528/562/1408 2527/561/1406 2513/2007/1727
f 2529/563/1409 2528/562/1408 2514/2013/1736
f 2530/564/1410 2529/563/1409 2515/2008/1730
f 2531/565/1411 2530/564/1410 2516/2014/1737
f 2532/566/1413 2531/565/1411 2517/2009/1733
f 2534/1764/1657 2533/1779/1644 2519/105/1415
f 2535/1766/1658 2534/1764/1657 2520/554/1397
f 2536/1767/1659 2535/1766/1658 2521/555/1399
f 2537/1768/1660 2536/1767/1659 2522/556/1400
f 2538/1769/1662 2537/1768/1660 2523/557/1401
f 2539/1770/1669 2538/1769/1662 2524/559/1403
f 2540/1771/1663 2539/1770/1669 2525/572/1713
f 2541/1772/1664 2540/1771/1663 2526/560/1712
f 2542/1773/1665 2541/1772/1664 2527/561/1406
f 2543/1774/1666 2542/1773/1665 2528/562/1408
f 2544/1775/1667 2543/1774/1666 2529/563/1409
f 2545/1777/1668 2544/1775/1667 2530/564/1410
f 2546/1792/1656 2545/1777/1668 2531/565/1411
f 2548/790/1715 2547/74/1644 2533/1779/1644
f 2549/792/1717 2548/790/1715 2534/1764/1657
f 2550/793/1719 2549/792/1717 2535/1766/1658
f 2551/794/1720 2550/793/1719 2536/1767/1659
f 2552/795/1722 2551/794/1720 2537/1768/1660
f 2553/796/1724 2552/795/1722 2538/1769/1662
f 2554/797/1726 2553/796/1724 2539/1770/1669
f 2541/1772/1664 2555/798/1728 2554/797/1726
f 2542/1773/1665 2556/799/1729 2555/798/1728
f 2543/1774/1666 2557/800/1731 2556/799/1729
f 2544/1775/1667 2558/801/1732 2557/800/1731
f 2545/1777/1668 2559/803/1734 2558/801/1732
f 2546/1792/1656 2560/815/1656 2559/803/1734
f 2562/2015/1714 2561/2026/1415 2547/74/1644
f 2563/2016/1716 2562/2015/1714 2548/790/1715
f 2550/793/1719 2564/2027/1718 2563/2016/1716
f 2565/2017/1735 2564/2027/1718 2550/793/1719
f 2566/2018/1738 2565/2017/1735 2551/794/1720
f 2567/2019/1723 2566/2018/1738 2552/795/1722
f 2568/2020/1725 2567/2019/1723 2553/796/1724
f 2569/2021/1739 2568/2020/1725 2554/797/1726
f 2570/2022/1736 2569/2021/1739 2555/798/1728
f 2571/2023/1730 2570/2022/1736 2556/799/1729
f 2572/2024/1737 2571/2023/1730 2557/800/1731
f 2559/803/1734 2573/2028/1733 2572/2024/1737
f 2574/2025/1413 2573/2028/1733 2559/803/1734
f 2562/2015/1714 2576/1027/1397 2575/106/1415
f 2563/2016/1716 2577/1029/1399 2576/1027/1397
f 2564/2027/1718 2578/1030/1400 2577/1029/1399
f 2565/2017/1735 2579/1031/1401 2578/1030/1400
f 2566/2018/1738 2580/1032/1403 2579/1031/1401
f 2567/2019/1723 2581/1033/1713 2580/1032/1403
f 2582/1034/1712 2581/1033/1713 2567/2019/1723
f 2583/1035/1406 2582/1034/1712 2568/2020/1725
f 2584/1036/1408 2583/1035/1406 2569/2021/1739
f 2585/1037/1409 2584/1036/1408 2570/2022/1736
f 2586/1038/1410 2585/1037/1409 2571/2023/1730
f 2587/1040/1411 2586/1038/1410 2572/2024/1737
f 2588/1052/1413 2587/1040/1411 2573/2028/1733
f 2590/2029/1657 2589/2041/1644 2575/106/1415
f 2591/2030/1658 2590/2029/1657 2576/1027/1397
f 2592/2031/1659 2591/2030/1658 2577/1029/1399
f 2593/2032/1660 2592/2031/1659 2578/1030/1400
f 2580/1032/1403 2594/2042/1662 2593/2032/1660
f 2595/2033/1669 2594/2042/1662 2580/1032/1403
f 2596/2034/1663 2595/2033/1669 2581/1033/1713
f 2597/2035/1664 2596/2034/1663 2582/1034/1712
f 2598/2036/1665 2597/2035/1664 2583/1035/1406
f 2599/2037/1666 2598/2036/1665 2584/1036/1408
f 2600/2038/1667 2599/2037/1666 2585/1037/1409
f 2601/2039/1668 2600/2038/1667 2586/1038/1410
f 2602/2040/1656 2601/2039/1668 2587/1040/1411
f 2604/1264/1374 2603/50/1373 2589/2041/1644
f 2605/1266/1375 2604/1264/1374 2590/2029/1657
f 2606/1267/1376 2605/1266/1375 2591/2030/1658
f 2593/2032/1660 2607/1268/1377 2606/1267/1376
f 2608/1269/1378 2607/1268/1377 2593/2032/1660
f 2609/1270/1391 2608/1269/1378 2594/2042/1662
f 2610/1271/1586 2609/1270/1391 2595/2033/1669
f 2611/1272/1380 2610/1271/1586 2596/2034/1663
f 2598/2036/1665 2612/1273/1381 2611/1272/1380
f 2613/1274/1382 2612/1273/1381 2598/2036/1665
f 2600/2038/1667 2614/1275/1383 2613/1274/1382
f 2615/1277/1384 2614/1275/1383 2600/2038/1667
f 2616/1289/1385 2615/1277/1384 2601/2039/1668
f 2618/1806/1386 2617/1821/1398 2603/50/1373
f 2619/1808/1740 2618/1806/1386 2604/1264/1374
f 2620/1809/1388 2619/1808/1740 2605/1266/1375
f 2621/1810/1402 2620/1809/1388 2606/1267/1376
f 2622/1811/1389 2621/1810/1402 2607/1268/1377
f 2623/1812/1390 2622/1811/1389 2608/1269/1378
f 2624/1813/1392 2623/1812/1390 2609/1270/1391
f 2625/1814/1407 2624/1813/1392 2610/1271/1586
f 2626/1815/1393 2625/1814/1407 2611/1272/1380
f 2627/1816/1394 2626/1815/1393 2612/1273/1381
f 2628/1817/1395 2627/1816/1394 2613/1274/1382
f 2629/1819/1412 2628/1817/1395 2614/1275/1383
f 2630/1834/1396 2629/1819/1412 2615/1277/1384
f 2632/1502/1397 2631/107/1415 2617/1821/1398
f 2633/1503/1399 2632/1502/1397 2618/1806/1386
f 2620/1809/1388 2634/1504/1400 2633/1503/1399
f 2635/1505/1401 2634/1504/1400 2620/1809/1388
f 2622/1811/1389 2636/1507/1403 2635/1505/1401
f 2637/1520/1713 2636/1507/1403 2622/1811/1389
f 2638/1508/1712 2637/1520/1713 2623/1812/1390
f 2639/1509/1406 2638/1508/1712 2624/1813/1392
f 2640/1510/1408 2639/1509/1406 2625/1814/1407
f 2627/1816/1394 2641/1511/1409 2640/1510/1408
f 2642/1512/1410 2641/1511/1409 2627/1816/1394
f 2643/1513/1411 2642/1512/1410 2628/1817/1395
f 2644/1514/1413 2643/1513/1411 2629/1819/1412
f 2646/2043/1657 2645/2056/1644 2631/107/1415
f 2647/2044/1658 2646/2043/1657 2632/1502/1397
f 2648/2045/1659 2647/2044/1658 2633/1503/1399
f 2649/2046/1660 2648/2045/1659 2634/1504/1400
f 2650/2047/1662 2649/2046/1660 2635/1505/1401
f 2651/2048/1669 2650/2047/1662 2636/1507/1403
f 2652/2049/1663 2651/2048/1669 2637/1520/1713
f 2653/2050/1664 2652/2049/1663 2638/1508/1712
f 2654/2051/1665 2653/2050/1664 2639/1509/1406
f 2655/2052/1666 2654/2051/1665 2640/1510/1408
f 2656/2053/1667 2655/2052/1666 2641/1511/1409
f 2657/2054/1668 2656/2053/1667 2642/1512/1410
f 2658/2055/1656 2657/2054/1668 2643/1513/1411
f 2492/1738/1715 2491/14/1644 2645/2056/1644
f 2493/1740/1717 2492/1738/1715 2646/2043/1657
f 2494/1741/1719 2493/1740/1717 2647/2044/1658
f 2495/1742/1720 2494/1741/1719 2648/2045/1659
f 2496/1743/1722 2495/1742/1720 2649/2046/1660
f 2497/1744/1724 2496/1743/1722 2650/2047/1662
f 2498/1745/1726 2497/1744/1724 2651/2048/1669
f 2653/2050/1664 2499/1746/1728 2498/1745/1726
f 2654/2051/1665 2500/1747/1729 2499/1746/1728
f 2655/2052/1666 2501/1748/1731 2500/1747/1729
f 2656/2053/1667 2502/1749/1732 2501/1748/1731
f 2657/2054/1668 2503/1751/1734 2502/1749/1732
f 2658/2055/1656 2504/2000/1656 2503/1751/1734
f 2660/318/1741 2674/2058/1745 2673/2057/1742
f 2661/320/1744 2675/2059/1747 2674/2058/1745
f 2662/322/1746 2676/2060/1749 2675/2059/1747
f 2663/324/1748 2677/2061/1751 2676/2060/1749
f 2664/326/1750 2678/2062/1753 2677/2061/1751
f 2665/328/1752 2679/2075/1773 2678/2062/1753
f 2680/2063/1754 2679/2075/1773 2665/328/1752
f 2681/2064/1756 2680/2063/1754 2666/331/1755
f 2682/2065/1758 2681/2064/1756 2667/333/1757
f 2683/2066/1760 2682/2065/1758 2668/335/1759
f 2684/2067/1762 2683/2066/1760 2669/337/1761
f 2685/2068/1764 2684/2067/1762 2670/339/1763
f 2686/2069/1766 2685/2068/1764 2671/341/1765
f 2674/2058/1745 2688/2071/1769 2687/2070/1768
f 2675/2059/1747 2689/2072/1770 2688/2071/1769
f 2676/2060/1749 2690/2073/1771 2689/2072/1770
f 2677/2061/1751 2691/2074/1772 2690/2073/1771
f 2678/2062/1753 2692/2076/1774 2691/2074/1772
f 2679/2075/1773 2693/2089/1787 2692/2076/1774
f 2694/2077/1775 2693/2089/1787 2679/2075/1773
f 2695/2078/1776 2694/2077/1775 2680/2063/1754
f 2696/2079/1777 2695/2078/1776 2681/2064/1756
f 2697/2080/1778 2696/2079/1777 2682/2065/1758
f 2698/2081/1779 2697/2080/1778 2683/2066/1760
f 2699/2082/1780 2698/2081/1779 2684/2067/1762
f 2700/2083/1781 2699/2082/1780 2685/2068/1764
f 2688/2071/1769 2702/2085/1783 2701/2084/1782
f 2689/2072/1770 2703/2086/1784 2702/2085/1783
f 2690/2073/1771 2704/2087/1785 2703/2086/1784
f 2691/2074/1772 2705/2088/1786 2704/2087/1785
f 2692/2076/1774 2706/2090/1788 2705/2088/1786
f 2693/2089/1787 2707/2098/1801 2706/2090/1788
f 2708/2091/1789 2707/2098/1801 2693/2089/1787
f 2709/2092/1790 2708/2091/1789 2694/2077/1775
f 2710/2093/1791 2709/2092/1790 2695/2078/1776
f 2711/2094/1792 2710/2093/1791 2696/2079/1777
f 2712/2095/1793 2711/2094/1792 2697/2080/1778
f 2713/2096/1794 2712/2095/1793 2698/2081/1779
f 2714/2097/1795 2713/2096/1794 2699/2082/1780
f 2702/2085/1783 2716/2001/1797 2715/2011/1796
f 2703/2086/1784 2717/2002/1798 2716/2001/1797
f 2704/2087/1785 2718/2003/1799 2717/2002/1798
f 2705/2088/1786 2719/2012/1800 2718/2003/1799
f 2706/2090/1788 2720/2004/1802 2719/2012/1800
f 2707/2098/1801 2721/2005/1816 2720/2004/1802
f 2722/2006/1803 2721/2005/1816 2707/2098/1801
f 2723/2007/1804 2722/2006/1803 2708/2091/1789
f 2724/2013/1805 2723/2007/1804 2709/2092/1790
f 2725/2008/1806 2724/2013/1805 2710/2093/1791
f 2726/2014/1807 2725/2008/1806 2711/2094/1792
f 2727/2009/1808 2726/2014/1807 2712/2095/1793
f 2728/2010/1809 2727/2009/1808 2713/2096/1794
f 2730/2099/1810 2729/2111/1824 2715/2011/1796
f 2731/2100/1811 2730/2099/1810 2716/2001/1797
f 2732/2101/1812 2731/2100/1811 2717/2002/1798
f 2733/2102/1813 2732/2101/1812 2718/2003/1799
f 2734/2103/1814 2733/2102/1813 2719/2012/1800
f 2735/2104/1815 2734/2103/1814 2720/2004/1802
f 2736/2105/1817 2735/2104/1815 2721/2005/1816
f 2723/2007/1804 2737/2106/1818 2736/2105/1817
f 2724/2013/1805 2738/2107/1819 2737/2106/1818
f 2725/2008/1806 2739/2108/1820 2738/2107/1819
f 2726/2014/1807 2740/2109/1821 2739/2108/1820
f 2727/2009/1808 2741/2110/1822 2740/2109/1821
f 2728/2010/1809 2742/2112/1835 2741/2110/1822
f 2744/1752/1823 2743/1765/1838 2729/2111/1824
f 2745/1753/1825 2744/1752/1823 2730/2099/1810
f 2746/1754/1826 2745/1753/1825 2731/2100/1811
f 2747/1755/1827 2746/1754/1826 2732/2101/1812
f 2748/1756/1828 2747/1755/1827 2733/2102/1813
f 2749/1757/1829 2748/1756/1828 2734/2103/1814
f 2750/1758/1830 2749/1757/1829 2735/2104/1815
f 2737/2106/1818 2751/1759/1831 2750/1758/1830
f 2738/2107/1819 2752/1760/1832 2751/1759/1831
f 2739/2108/1820 2753/1761/1833 2752/1760/1832
f 2740/2109/1821 2754/1762/1834 2753/1761/1833
f 2741/2110/1822 2755/1763/1836 2754/1762/1834
f 2742/2112/1835 2756/1776/1849 2755/1763/1836
f 2758/2113/1837 2757/2125/1852 2743/1765/1838
f 2759/2114/1839 2758/2113/1837 2744/1752/1823
f 2760/2115/1840 2759/2114/1839 2745/1753/1825
f 2761/2116/1841 2760/2115/1840 2746/1754/1826
f 2762/2117/1842 2761/2116/1841 2747/1755/1827
f 2763/2118/1843 2762/2117/1842 2748/1756/1828
f 2764/2119/1844 2763/2118/1843 2749/1757/1829
f 2751/1759/1831 2765/2120/1845 2764/2119/1844
f 2752/1760/1832 2766/2121/1846 2765/2120/1845
f 2753/1761/1833 2767/2122/1847 2766/2121/1846
f 2754/1762/1834 2768/2123/1848 2767/2122/1847
f 2755/1763/1836 2769/2124/1850 2768/2123/1848
f 2756/1776/1849 2770/2126/1863 2769/2124/1850
f 2772/554/1851 2771/105/1866 2757/2125/1852
f 2773/555/1853 2772/554/1851 2758/2113/1837
f 2774/556/1854 2773/555/1853 2759/2114/1839
f 2775/557/1855 2774/556/1854 2760/2115/1840
f 2776/559/1856 2775/557/1855 2761/2116/1841
f 2777/572/1857 2776/559/1856 2762/2117/1842
f 2778/560/1858 2777/572/1857 2763/2118/1843
f 2765/2120/1845 2779/561/1859 2778/560/1858
f 2766/2121/1846 2780/562/1860 2779/561/1859
f 2767/2122/1847 2781/563/1861 2780/562/1860
f 2768/2123/1848 2782/564/1862 2781/563/1861
f 2769/2124/1850 2783/565/1864 2782/564/1862
f 2770/2126/1863 2784/566/1877 2783/565/1864
f 2786/2127/1865 2785/2140/1880 2771/105/1866
f 2787/2128/1867 2786/2127/1865 2772/554/1851
f 2788/2129/1868 2787/2128/1867 2773/555/1853
f 2789/2130/1869 2788/2129/1868 2774/556/1854
f 2790/2131/1870 2789/2130/1869 2775/557/1855
f 2791/2132/1871 2790/2131/1870 2776/559/1856
f 2792/2133/1872 2791/2132/1871 2777/572/1857
f 2779/561/1859 2793/2134/1873 2792/2133/1872
f 2780/562/1860 2794/2135/1874 2793/2134/1873
f 2781/563/1861 2795/2136/1875 2794/2135/1874
f 2782/564/1862 2796/2137/1876 2795/2136/1875
f 2783/565/1864 2797/2138/1878 2796/2137/1876
f 2784/566/1877 2798/2151/1891 2797/2138/1878
f 2800/2139/1879 2799/2154/1894 2785/2140/1880
f 2801/2141/1881 2800/2139/1879 2786/2127/1865
f 2802/2142/1882 2801/2141/1881 2787/2128/1867
f 2803/2143/1883 2802/2142/1882 2788/2129/1868
f 2804/2144/1884 2803/2143/1883 2789/2130/1869
f 2805/2145/1885 2804/2144/1884 2790/2131/1870
f 2806/2146/1886 2805/2145/1885 2791/2132/1871
f 2793/2134/1873 2807/2147/1887 2806/2146/1886
f 2794/2135/1874 2808/2148/1888 2807/2147/1887
f 2795/2136/1875 2809/2149/1889 2808/2148/1888
f 2796/2137/1876 2810/2150/1890 2809/2149/1889
f 2797/2138/1878 2811/2152/1892 2810/2150/1890
f 2798/2151/1891 2812/2165/1905 2811/2152/1892
f 2814/2153/1893 2813/2167/1908 2799/2154/1894
f 2815/2155/1895 2814/2153/1893 2800/2139/1879
f 2816/2156/1896 2815/2155/1895 2801/2141/1881
f 2817/2157/1897 2816/2156/1896 2802/2142/1882
f 2818/2158/1898 2817/2157/1897 2803/2143/1883
f 2819/2159/1899 2818/2158/1898 2804/2144/1884
f 2820/2160/1900 2819/2159/1899 2805/2145/1885
f 2807/2147/1887 2821/2161/1901 2820/2160/1900
f 2808/2148/1888 2822/2162/1902 2821/2161/1901
f 2809/2149/1889 2823/2163/1903 2822/2162/1902
f 2810/2150/1890 2824/2164/1904 2823/2163/1903
f 2811/2152/1892 2825/2166/1906 2824/2164/1904
f 2812/2165/1905 2826/2168/1921 2825/2166/1906
f 2814/2153/1893 2828/1764/1909 2827/1779/1907
f 2815/2155/1895 2829/1766/1910 2828/1764/1909
f 2816/2156/1896 2830/1767/1911 2829/1766/1910
f 2817/2157/1897 2831/1768/1912 2830/1767/1911
f 2818/2158/1898 2832/1769/1913 2831/1768/1912
f 2819/2159/1899 2833/1770/1927 2832/1769/1913
f 2834/1771/1914 2833/1770/1927 2819/2159/1899
f 2835/1772/1915 2834/1771/1914 2820/2160/1900
f 2836/1773/1916 2835/1772/1915 2821/2161/1901
f 2837/1774/1917 2836/1773/1916 2822/2162/1902
f 2838/1775/1918 2837/1774/1917 2823/2163/1903
f 2839/1777/1919 2838/1775/1918 2824/2164/1904
f 2840/1792/1920 2839/1777/1919 2825/2166/1906
f 2828/1764/1909 2842/2170/1923 2841/2169/1922
f 2829/1766/1910 2843/2171/1924 2842/2170/1923
f 2830/1767/1911 2844/2172/1925 2843/2171/1924
f 2831/1768/1912 2845/2173/1926 2844/2172/1925
f 2832/1769/1913 2846/2174/1928 2845/2173/1926
f 2833/1770/1927 2847/2187/1941 2846/2174/1928
f 2848/2175/1929 2847/2187/1941 2833/1770/1927
f 2849/2176/1930 2848/2175/1929 2834/1771/1914
f 2850/2177/1931 2849/2176/1930 2835/1772/1915
f 2851/2178/1932 2850/2177/1931 2836/1773/1916
f 2852/2179/1933 2851/2178/1932 2837/1774/1917
f 2853/2180/1934 2852/2179/1933 2838/1775/1918
f 2854/2181/1935 2853/2180/1934 2839/1777/1919
f 2842/2170/1923 2856/2183/1937 2855/2182/1936
f 2843/2171/1924 2857/2184/1938 2856/2183/1937
f 2844/2172/1925 2858/2185/1939 2857/2184/1938
f 2845/2173/1926 2859/2186/1940 2858/2185/1939
f 2846/2174/1928 2860/2188/1942 2859/2186/1940
f 2847/2187/1941 2861/2201/1955 2860/2188/1942
f 2862/2189/1943 2861/2201/1955 2847/2187/1941
f 2863/2190/1944 2862/2189/1943 2848/2175/1929
f 2864/2191/1945 2863/2190/1944 2849/2176/1930
f 2865/2192/1946 2864/2191/1945 2850/2177/1931
f 2866/2193/1947 2865/2192/1946 2851/2178/1932
f 2867/2194/1948 2866/2193/1947 2852/2179/1933
f 2868/2195/1949 2867/2194/1948 2853/2180/1934
f 2856/2183/1937 2870/2197/1951 2869/2196/1950
f 2857/2184/1938 2871/2198/1952 2870/2197/1951
f 2858/2185/1939 2872/2199/1953 2871/2198/1952
f 2859/2186/1940 2873/2200/1954 2872/2199/1953
f 2860/2188/1942 2874/2202/1956 2873/2200/1954
f 2861/2201/1955 2875/2210/1969 2874/2202/1956
f 2876/2203/1957 2875/2210/1969 2861/2201/1955
f 2877/2204/1958 2876/2203/1957 2862/2189/1943
f 2878/2205/1959 2877/2204/1958 2863/2190/1944
f 2879/2206/1960 2878/2205/1959 2864/2191/1945
f 2880/2207/1961 2879/2206/1960 2865/2192/1946
f 2881/2208/1962 2880/2207/1961 2866/2193/1947
f 2882/2209/1963 2881/2208/1962 2867/2194/1948
f 2870/2197/1951 2884/790/1965 2883/74/1964
f 2871/2198/1952 2885/792/1966 2884/790/1965
f 2872/2199/1953 2886/793/1967 2885/792/1966
f 2873/2200/1954 2887/794/1968 2886/793/1967
f 2874/2202/1956 2888/795/1970 2887/794/1968
f 2875/2210/1969 2889/796/1983 2888/795/1970
f 2890/797/1971 2889/796/1983 2875/2210/1969
f 2891/798/1972 2890/797/1971 2876/2203/1957
f 2892/799/1973 2891/798/1972 2877/2204/1958
f 2893/800/1974 2892/799/1973 2878/2205/1959
f 2894/801/1975 2893/800/1974 2879/2206/1960
f 2895/803/1976 2894/801/1975 2880/2207/1961
f 2896/815/1977 2895/803/1976 2881/2208/1962
f 2884/790/1965 2898/2212/1979 2897/2211/1978
f 2885/792/1966 2899/2213/1980 2898/2212/1979
f 2886/793/1967 2900/2214/1981 2899/2213/1980
f 2887/794/1968 2901/2215/1982 2900/2214/1981
f 2888/795/1970 2902/2216/1984 2901/2215/1982
f 2889/796/1983 2903/2224/1997 2902/2216/1984
f 2904/2217/1985 2903/2224/1997 2889/796/1983
f 2905/2218/1986 2904/2217/1985 2890/797/1971
f 2906/2219/1987 2905/2218/1986 2891/798/1972
f 2907/2220/1988 2906/2219/1987 2892/799/1973
f 2908/2221/1989 2907/2220/1988 2893/800/1974
f 2909/2222/1990 2908/2221/1989 2894/801/1975
f 2910/2223/1991 2909/2222/1990 2895/803/1976
f 2898/2212/1979 2912/1780/1993 2911/1778/1992
f 2899/2213/1980 2913/1781/1994 2912/1780/1993
f 2900/2214/1981 2914/1782/1995 2913/1781/1994
f 2901/2215/1982 2915/1783/1996 2914/1782/1995
f 2902/2216/1984 2916/1784/1998 2915/1783/1996
f 2903/2224/1997 2917/1793/2012 2916/1784/1998
f 2918/1785/1999 2917/1793/2012 2903/2224/1997
f 2919/1786/2000 2918/1785/1999 2904/2217/1985
f 2920/1787/2001 2919/1786/2000 2905/2218/1986
f 2921/1788/2002 2920/1787/2001 2906/2219/1987
f 2922/1789/2003 2921/1788/2002 2907/2220/1988
f 2923/1790/2004 2922/1789/2003 2908/2221/1989
f 2924/1791/2005 2923/1790/2004 2909/2222/1990
f 2926/2225/2006 2925/2237/2020 2911/1778/1992
f 2927/2226/2007 2926/2225/2006 2912/1780/1993
f 2928/2227/2008 2927/2226/2007 2913/1781/1994
f 2929/2228/2009 2928/2227/2008 2914/1782/1995
f 2930/2229/2010 2929/2228/2009 2915/1783/1996
f 2931/2230/2011 2930/2229/2010 2916/1784/1998
f 2932/2231/2013 2931/2230/2011 2917/1793/2012
f 2919/1786/2000 2933/2232/2014 2932/2231/2013
f 2920/1787/2001 2934/2233/2015 2933/2232/2014
f 2921/1788/2002 2935/2234/2016 2934/2233/2015
f 2922/1789/2003 2936/2235/2017 2935/2234/2016
f 2923/1790/2004 2937/2236/2018 2936/2235/2017
f 2924/1791/2005 2938/2238/2031 2937/2236/2018
f 2940/2015/2019 2939/2026/2034 2925/2237/2020
f 2941/2016/2021 2940/2015/2019 2926/2225/2006
f 2942/2027/2022 2941/2016/2021 2927/2226/2007
f 2943/2017/2023 2942/2027/2022 2928/2227/2008
f 2944/2018/2024 2943/2017/2023 2929/2228/2009
f 2945/2019/2025 2944/2018/2024 2930/2229/2010
f 2946/2020/2026 2945/2019/2025 2931/2230/2011
f 2933/2232/2014 2947/2021/2027 2946/2020/2026
f 2934/2233/2015 2948/2022/2028 2947/2021/2027
f 2935/2234/2016 2949/2023/2029 2948/2022/2028
f 2936/2235/2017 2950/2024/2030 2949/2023/2029
f 2937/2236/2018 2951/2028/2032 2950/2024/2030
f 2938/2238/2031 2952/2025/2045 2951/2028/2032
f 2954/2239/2033 2953/2252/2048 2939/2026/2034
f 2955/2240/2035 2954/2239/2033 2940/2015/2019
f 2956/2241/2036 2955/2240/2035 2941/2016/2021
f 2957/2242/2037 2956/2241/2036 2942/2027/2022
f 2958/2243/2038 2957/2242/2037 2943/2017/2023
f 2959/2244/2039 2958/2243/2038 2944/2018/2024
f 2960/2245/2040 2959/2244/2039 2945/2019/2025
f 2947/2021/2027 2961/2246/2041 2960/2245/2040
f 2948/2022/2028 2962/2247/2042 2961/2246/2041
f 2949/2023/2029 2963/2248/2043 2962/2247/2042
f 2950/2024/2030 2964/2249/2044 2963/2248/2043
f 2951/2028/2032 2965/2250/2046 2964/2249/2044
f 2952/2025/2045 2966/2263/2059 2965/2250/2046
f 2968/2251/2047 2967/2266/2062 2953/2252/2048
f 2969/2253/2049 2968/2251/2047 2954/2239/2033
f 2970/2254/2050 2969/2253/2049 2955/2240/2035
f 2971/2255/2051 2970/2254/2050 2956/2241/2036
f 2972/2256/2052 2971/2255/2051 2957/2242/2037
f 2973/2257/2053 2972/2256/2052 2958/2243/2038
f 2974/2258/2054 2973/2257/2053 2959/2244/2039
f 2961/2246/2041 2975/2259/2055 2974/2258/2054
f 2962/2247/2042 2976/2260/2056 2975/2259/2055
f 2963/2248/2043 2977/2261/2057 2976/2260/2056
f 2964/2249/2044 2978/2262/2058 2977/2261/2057
f 2965/2250/2046 2979/2264/2060 2978/2262/2058
f 2966/2263/2059 2980/2277/2073 2979/2264/2060
f 2982/2265/2061 2981/2279/2076 2967/2266/2062
f 2983/2267/2063 2982/2265/2061 2968/2251/2047
f 2984/2268/2064 2983/2267/2063 2969/2253/2049
f 2985/2269/2065 2984/2268/2064 2970/2254/2050
f 2986/2270/2066 2985/2269/2065 2971/2255/2051
f 2987/2271/2067 2986/2270/2066 2972/2256/2052
f 2988/2272/2068 2987/2271/2067 2973/2257/2053
f 2975/2259/2055 2989/2273/2069 2988/2272/2068
f 2976/2260/2056 2990/2274/2070 2989/2273/2069
f 2977/2261/2057 2991/2275/2071 2990/2274/2070
f 2978/2262/2058 2992/2276/2072 2991/2275/2071
f 2979/2264/2060 2993/2278/2074 2992/2276/2072
f 2980/2277/2073 2994/2280/2089 2993/2278/2074
f 2982/2265/2061 2996/1027/2077 2995/106/2075
f 2983/2267/2063 2997/1029/2078 2996/1027/2077
f 2984/2268/2064 2998/1030/2079 2997/1029/2078
f 2985/2269/2065 2999/1031/2080 2998/1030/2079
f 2986/2270/2066 3000/1032/2081 2999/1031/2080
f 2987/2271/2067 3001/1033/2095 3000/1032/2081
f 3002/1034/2082 3001/1033/2095 2987/2271/2067
f 3003/1035/2083 3002/1034/2082 2988/2272/2068
f 3004/1036/2084 3003/1035/2083 2989/2273/2069
f 3005/1037/2085 3004/1036/2084 2990/2274/2070
f 3006/1038/2086 3005/1037/2085 2991/2275/2071
f 3007/1040/2087 3006/1038/2086 2992/2276/2072
f 3008/1052/2088 3007/1040/2087 2993/2278/2074
f 2996/1027/2077 3010/2282/2091 3009/2281/2090
f 2997/1029/2078 3011/2283/2092 3010/2282/2091
f 2998/1030/2079 3012/2284/2093 3011/2283/2092
f 2999/1031/2080 3013/2285/2094 3012/2284/2093
f 3000/1032/2081 3014/2286/2096 3013/2285/2094
f 3001/1033/2095 3015/2299/2109 3014/2286/2096
f 3016/2287/2097 3015/2299/2109 3001/1033/2095
f 3017/2288/2098 3016/2287/2097 3002/1034/2082
f 3018/2289/2099 3017/2288/2098 3003/1035/2083
f 3019/2290/2100 3018/2289/2099 3004/1036/2084
f 3020/2291/2101 3019/2290/2100 3005/1037/2085
f 3021/2292/2102 3020/2291/2101 3006/1038/2086
f 3022/2293/2103 3021/2292/2102 3007/1040/2087
f 3010/2282/2091 3024/2295/2105 3023/2294/2104
f 3011/2283/2092 3025/2296/2106 3024/2295/2105
f 3012/2284/2093 3026/2297/2107 3025/2296/2106
f 3013/2285/2094 3027/2298/2108 3026/2297/2107
f 3014/2286/2096 3028/2300/2110 3027/2298/2108
f 3015/2299/2109 3029/2313/2123 3028/2300/2110
f 3030/2301/2111 3029/2313/2123 3015/2299/2109
f 3031/2302/2112 3030/2301/2111 3016/2287/2097
f 3032/2303/2113 3031/2302/2112 3017/2288/2098
f 3033/2304/2114 3032/2303/2113 3018/2289/2099
f 3034/2305/2115 3033/2304/2114 3019/2290/2100
f 3035/2306/2116 3034/2305/2115 3020/2291/2101
f 3036/2307/2117 3035/2306/2116 3021/2292/2102
f 3024/2295/2105 3038/2309/2119 3037/2308/2118
f 3025/2296/2106 3039/2310/2120 3038/2309/2119
f 3026/2297/2107 3040/2311/2121 3039/2310/2120
f 3027/2298/2108 3041/2312/2122 3040/2311/2121
f 3028/2300/2110 3042/2314/2124 3041/2312/2122
f 3029/2313/2123 3043/2322/2138 3042/2314/2124
f 3044/2315/2125 3043/2322/2138 3029/2313/2123
f 3045/2316/2126 3044/2315/2125 3030/2301/2111
f 3046/2317/2127 3045/2316/2126 3031/2302/2112
f 3047/2318/2128 3046/2317/2127 3032/2303/2113
f 3048/2319/2129 3047/2318/2128 3033/2304/2114
f 3049/2320/2130 3048/2319/2129 3034/2305/2115
f 3050/2321/2131 3049/2320/2130 3035/2306/2116
f 3052/2029/2132 3051/2041/2146 3037/2308/2118
f 3053/2030/2133 3052/2029/2132 3038/2309/2119
f 3054/2031/2134 3053/2030/2133 3039/2310/2120
f 3055/2032/2135 3054/2031/2134 3040/2311/2121
f 3056/2042/2136 3055/2032/2135 3041/2312/2122
f 3057/2033/2137 3056/2042/2136 3042/2314/2124
f 3058/2034/2139 3057/2033/2137 3043/2322/2138
f 3045/2316/2126 3059/2035/2140 3058/2034/2139
f 3046/2317/2127 3060/2036/2141 3059/2035/2140
f 3047/2318/2128 3061/2037/2142 3060/2036/2141
f 3048/2319/2129 3062/2038/2143 3061/2037/2142
f 3049/2320/2130 3063/2039/2144 3062/2038/2143
f 3050/2321/2131 3064/2040/2157 3063/2039/2144
f 3066/2323/2145 3065/2335/2160 3051/2041/2146
f 3067/2324/2147 3066/2323/2145 3052/2029/2132
f 3068/2325/2148 3067/2324/2147 3053/2030/2133
f 3069/2326/2149 3068/2325/2148 3054/2031/2134
f 3070/2327/2150 3069/2326/2149 3055/2032/2135
f 3071/2328/2151 3070/2327/2150 3056/2042/2136
f 3072/2329/2152 3071/2328/2151 3057/2033/2137
f 3059/2035/2140 3073/2330/2153 3072/2329/2152
f 3060/2036/2141 3074/2331/2154 3073/2330/2153
f 3061/2037/2142 3075/2332/2155 3074/2331/2154
f 3062/2038/2143 3076/2333/2156 3075/2332/2155
f 3063/2039/2144 3077/2334/2158 3076/2333/2156
f 3064/2040/2157 3078/2336/2171 3077/2334/2158
f 3080/1794/2159 3079/1807/2174 3065/2335/2160
f 3081/1795/2161 3080/1794/2159 3066/2323/2145
f 3082/1796/2162 3081/1795/2161 3067/2324/2147
f 3083/1797/2163 3082/1796/2162 3068/2325/2148
f 3084/1798/2164 3083/1797/2163 3069/2326/2149
f 3085/1799/2165 3084/1798/2164 3070/2327/2150
f 3086/1800/2166 3085/1799/2165 3071/2328/2151
f 3073/2330/2153 3087/1801/2167 3086/1800/2166
f 3074/2331/2154 3088/1802/2168 3087/1801/2167
f 3075/2332/2155 3089/1803/2169 3088/1802/2168
f 3076/2333/2156 3090/1804/2170 3089/1803/2169
f 3077/2334/2158 3091/1805/2172 3090/1804/2170
f 3078/2336/2171 3092/1818/2185 3091/1805/2172
f 3094/2337/2173 3093/2349/2188 3079/1807/2174
f 3095/2338/2175 3094/2337/2173 3080/1794/2159
f 3096/2339/2176 3095/2338/2175 3081/1795/2161
f 3097/2340/2177 3096/2339/2176 3082/1796/2162
f 3098/2341/2178 3097/2340/2177 3083/1797/2163
f 3099/2342/2179 3098/2341/2178 3084/1798/2164
f 3100/2343/2180 3099/2342/2179 3085/1799/2165
f 3087/1801/2167 3101/2344/2181 3100/2343/2180
f 3088/1802/2168 3102/2345/2182 3101/2344/2181
f 3089/1803/2169 3103/2346/2183 3102/2345/2182
f 3090/1804/2170 3104/2347/2184 3103/2346/2183
f 3091/1805/2172 3105/2348/2186 3104/2347/2184
f 3092/1818/2185 3106/2350/2199 3105/2348/2186
f 3108/1264/2187 3107/50/2202 3093/2349/2188
f 3109/1266/2189 3108/1264/2187 3094/2337/2173
f 3110/1267/2190 3109/1266/2189 3095/2338/2175
f 3111/1268/2191 3110/1267/2190 3096/2339/2176
f 3112/1269/2192 3111/1268/2191 3097/2340/2177
f 3113/1270/2193 3112/1269/2192 3098/2341/2178
f 3114/1271/2194 3113/1270/2193 3099/2342/2179
f 3101/2344/2181 3115/1272/2195 3114/1271/2194
f 3102/2345/2182 3116/1273/2196 3115/1272/2195
f 3103/2346/2183 3117/1274/2197 3116/1273/2196
f 3104/2347/2184 3118/1275/2198 3117/1274/2197
f 3105/2348/2186 3119/1277/2200 3118/1275/2198
f 3106/2350/2199 3120/1289/2213 3119/1277/2200
f 3122/2351/2201 3121/2364/2216 3107/50/2202
f 3123/2352/2203 3122/2351/2201 3108/1264/2187
f 3124/2353/2204 3123/2352/2203 3109/1266/2189
f 3125/2354/2205 3124/2353/2204 3110/1267/2190
f 3126/2355/2206 3125/2354/2205 3111/1268/2191
f 3127/2356/2207 3126/2355/2206 3112/1269/2192
f 3128/2357/2208 3127/2356/2207 3113/1270/2193
f 3115/1272/2195 3129/2358/2209 3128/2357/2208
f 3116/1273/2196 3130/2359/2210 3129/2358/2209
f 3117/1274/2197 3131/2360/2211 3130/2359/2210
f 3118/1275/2198 3132/2361/2212 3131/2360/2211
f 3119/1277/2200 3133/2362/2214 3132/2361/2212
f 3120/1289/2213 3134/2375/2227 3133/2362/2214
f 3136/2363/2215 3135/2378/2229 3121/2364/2216
f 3137/2365/2217 3136/2363/2215 3122/2351/2201
f 3138/2366/2218 3137/2365/2217 3123/2352/2203
f 3139/2367/2219 3138/2366/2218 3124/2353/2204
f 3140/2368/2220 3139/2367/2219 3125/2354/2205
f 3141/2369/2221 3140/2368/2220 3126/2355/2206
f 3142/2370/2222 3141/2369/2221 3127/2356/2207
f 3129/2358/2209 3143/2371/2223 3142/2370/2222
f 3130/2359/2210 3144/2372/2224 3143/2371/2223
f 3131/2360/2211 3145/2373/2225 3144/2372/2224
f 3132/2361/2212 3146/2374/2226 3145/2373/2225
f 3133/2362/2214 3147/2376/2228 3146/2374/2226
f 3134/2375/2227 3148/2389/2240 3147/2376/2228
f 3150/2377/323 3149/2391/2242 3135/2378/2229
f 3151/2379/2230 3150/2377/323 3136/2363/2215
f 3152/2380/2231 3151/2379/2230 3137/2365/2217
f 3153/2381/2232 3152/2380/2231 3138/2366/2218
f 3154/2382/2233 3153/2381/2232 3139/2367/2219
f 3155/2383/2234 3154/2382/2233 3140/2368/2220
f 3156/2384/2235 3155/2383/2234 3141/2369/2221
f 3143/2371/2223 3157/2385/2236 3156/2384/2235
f 3144/2372/2224 3158/2386/2237 3157/2385/2236
f 3145/2373/2225 3159/2387/2238 3158/2386/2237
f 3146/2374/2226 3160/2388/2239 3159/2387/2238
f 3147/2376/2228 3161/2390/336 3160/2388/2239
f 3148/2389/2240 3162/2392/2255 3161/2390/336
f 3150/2377/323 3164/1806/2243 3163/1821/2241
f 3151/2379/2230 3165/1808/2244 3164/1806/2243
f 3152/2380/2231 3166/1809/2245 3165/1808/2244
f 3153/2381/2232 3167/1810/2246 3166/1809/2245
f 3154/2382/2233 3168/1811/2247 3167/1810/2246
f 3155/2383/2234 3169/1812/2261 3168/1811/2247
f 3170/1813/2248 3169/1812/2261 3155/2383/2234
f 3171/1814/2249 3170/1813/2248 3156/2384/2235
f 3172/1815/2250 3171/1814/2249 3157/2385/2236
f 3173/1816/2251 3172/1815/2250 3158/2386/2237
f 3174/1817/2252 3173/1816/2251 3159/2387/2238
f 3175/1819/2253 3174/1817/2252 3160/2388/2239
f 3176/1834/2254 3175/1819/2253 3161/2390/336
f 3164/1806/2243 3178/2394/2257 3177/2393/2256
f 3165/1808/2244 3179/2395/2258 3178/2394/2257
f 3166/1809/2245 3180/2396/2259 3179/2395/2258
f 3167/1810/2246 3181/2397/2260 3180/2396/2259
f 3168/1811/2247 3182/2398/2262 3181/2397/2260
f 3169/1812/2261 3183/2411/2275 3182/2398/2262
f 3184/2399/2263 3183/2411/2275 3169/1812/2261
f 3185/2400/2264 3184/2399/2263 3170/1813/2248
f 3186/2401/2265 3185/2400/2264 3171/1814/2249
f 3187/2402/2266 3186/2401/2265 3172/1815/2250
f 3188/2403/2267 3187/2402/2266 3173/1816/2251
f 3189/2404/2268 3188/2403/2267 3174/1817/2252
f 3190/2405/2269 3189/2404/2268 3175/1819/2253
f 3178/2394/2257 3192/2407/2271 3191/2406/2270
f 3179/2395/2258 3193/2408/2272 3192/2407/2271
f 3180/2396/2259 3194/2409/2273 3193/2408/2272
f 3181/2397/2260 3195/2410/2274 3194/2409/2273
f 3182/2398/2262 3196/2412/2276 3195/2410/2274
f 3183/2411/2275 3197/2425/2289 3196/2412/2276
f 3198/2413/2277 3197/2425/2289 3183/2411/2275
f 3199/2414/2278 3198/2413/2277 3184/2399/2263
f 3200/2415/2279 3199/2414/2278 3185/2400/2264
f 3201/2416/2280 3200/2415/2279 3186/2401/2265
f 3202/2417/2281 3201/2416/2280 3187/2402/2266
f 3203/2418/2282 3202/2417/2281 3188/2403/2267
f 3204/2419/2283 3203/2418/2282 3189/2404/2268
f 3192/2407/2271 3206/2421/2285 3205/2420/2284
f 3193/2408/2272 3207/2422/2286 3206/2421/2285
f 3194/2409/2273 3208/2423/2287 3207/2422/2286
f 3195/2410/2274 3209/2424/2288 3208/2423/2287
f 3196/2412/2276 3210/2426/2290 3209/2424/2288
f 3197/2425/2289 3211/2434/2303 3210/2426/2290
f 3212/2427/2291 3211/2434/2303 3197/2425/2289
f 3213/2428/2292 3212/2427/2291 3198/2413/2277
f 3214/2429/2293 3213/2428/2292 3199/2414/2278
f 3215/2430/2294 3214/2429/2293 3200/2415/2279
f 3216/2431/2295 3215/2430/2294 3201/2416/2280
f 3217/2432/2296 3216/2431/2295 3202/2417/2281
f 3218/2433/2297 3217/2432/2296 3203/2418/2282
f 3206/2421/2285 3220/1502/2299 3219/107/2298
f 3207/2422/2286 3221/1503/2300 3220/1502/2299
f 3208/2423/2287 3222/1504/2301 3221/1503/2300
f 3209/2424/2288 3223/1505/2302 3222/1504/2301
f 3210/2426/2290 3224/1507/2304 3223/1505/2302
f 3211/2434/2303 3225/1520/2317 3224/1507/2304
f 3226/1508/2305 3225/1520/2317 3211/2434/2303
f 3227/1509/2306 3226/1508/2305 3212/2427/2291
f 3228/1510/2307 3227/1509/2306 3213/2428/2292
f 3229/1511/2308 3228/1510/2307 3214/2429/2293
f 3230/1512/2309 3229/1511/2308 3215/2430/2294
f 3231/1513/2310 3230/1512/2309 3216/2431/2295
f 3232/1514/2311 3231/1513/2310 3217/2432/2296
f 3220/1502/2299 3234/2436/2313 3233/2435/2312
f 3221/1503/2300 3235/2437/2314 3234/2436/2313
f 3222/1504/2301 3236/2438/2315 3235/2437/2314
f 3223/1505/2302 3237/2439/2316 3236/2438/2315
f 3224/1507/2304 3238/2440/2318 3237/2439/2316
f 3225/1520/2317 3239/2448/2331 3238/2440/2318
f 3240/2441/2319 3239/2448/2331 3225/1520/2317
f 3241/2442/2320 3240/2441/2319 3226/1508/2305
f 3242/2443/2321 3241/2442/2320 3227/1509/2306
f 3243/2444/2322 3242/2443/2321 3228/1510/2307
f 3244/2445/2323 3243/2444/2322 3229/1511/2308
f 3245/2446/2324 3244/2445/2323 3230/1512/2309
f 3246/2447/2325 3245/2446/2324 3231/1513/2310
f 3234/2436/2313 3248/1822/2327 3247/1820/2326
f 3235/2437/2314 3249/1823/2328 3248/1822/2327
f 3236/2438/2315 3250/1824/2329 3249/1823/2328
f 3237/2439/2316 3251/1825/2330 3250/1824/2329
f 3238/2440/2318 3252/1826/2332 3251/1825/2330
f 3239/2448/2331 3253/1835/2346 3252/1826/2332
f 3254/1827/2333 3253/1835/2346 3239/2448/2331
f 3255/1828/2334 3254/1827/2333 3240/2441/2319
f 3256/1829/2335 3255/1828/2334 3241/2442/2320
f 3257/1830/2336 3256/1829/2335 3242/2443/2321
f 3258/1831/2337 3257/1830/2336 3243/2444/2322
f 3259/1832/2338 3258/1831/2337 3244/2445/2323
f 3260/1833/2339 3259/1832/2338 3245/2446/2324
f 3262/2449/2340 3261/2461/2354 3247/1820/2326
f 3263/2450/2341 3262/2449/2340 3248/1822/2327
f 3264/2451/2342 3263/2450/2341 3249/1823/2328
f 3265/2452/2343 3264/2451/2342 3250/1824/2329
f 3266/2453/2344 3265/2452/2343 3251/1825/2330
f 3267/2454/2345 3266/2453/2344 3252/1826/2332
f 3268/2455/2347 3267/2454/2345 3253/1835/2346
f 3255/1828/2334 3269/2456/2348 3268/2455/2347
f 3256/1829/2335 3270/2457/2349 3269/2456/2348
f 3257/1830/2336 3271/2458/2350 3270/2457/2349
f 3258/1831/2337 3272/2459/2351 3271/2458/2350
f 3259/1832/2338 3273/2460/2352 3272/2459/2351
f 3260/1833/2339 3274/2462/2365 3273/2460/2352
f 3276/2043/2353 3275/2056/2368 3261/2461/2354
f 3277/2044/2355 3276/2043/2353 3262/2449/2340
f 3278/2045/2356 3277/2044/2355 3263/2450/2341
f 3279/2046/2357 3278/2045/2356 3264/2451/2342
f 3280/2047/2358 3279/2046/2357 3265/2452/2343
f 3281/2048/2359 3280/2047/2358 3266/2453/2344
f 3282/2049/2360 3281/2048/2359 3267/2454/2345
f 3269/2456/2348 3283/2050/2361 3282/2049/2360
f 3270/2457/2349 3284/2051/2362 3283/2050/2361
f 3271/2458/2350 3285/2052/2363 3284/2051/2362
f 3272/2459/2351 3286/2053/2364 3285/2052/2363
f 3273/2460/2352 3287/2054/2366 3286/2053/2364
f 3274/2462/2365 3288/2055/2379 3287/2054/2366
f 3290/2463/2367 3289/2476/2382 3275/2056/2368
f 3291/2464/2369 3290/2463/2367 3276/2043/2353
f 3292/2465/2370 3291/2464/2369 3277/2044/2355
f 3293/2466/2371 3292/2465/2370 3278/2045/2356
f 3294/2467/2372 3293/2466/2371 3279/2046/2357
f 3295/2468/2373 3294/2467/2372 3280/2047/2358
f 3296/2469/2374 3295/2468/2373 3281/2048/2359
f 3283/2050/2361 3297/2470/2375 3296/2469/2374
f 3284/2051/2362 3298/2471/2376 3297/2470/2375
f 3285/2052/2363 3299/2472/2377 3298/2471/2376
f 3286/2053/2364 3300/2473/2378 3299/2472/2377
f 3287/2054/2366 3301/2474/2380 3300/2473/2378
f 3288/2055/2379 3302/2487/2393 3301/2474/2380
f 3304/2475/2381 3303/2490/492 3289/2476/2382
f 3305/2477/2383 3304/2475/2381 3290/2463/2367
f 3306/2478/2384 3305/2477/2383 3291/2464/2369
f 3307/2479/2385 3306/2478/2384 3292/2465/2370
f 3308/2480/2386 3307/2479/2385 3293/2466/2371
f 3309/2481/2387 3308/2480/2386 3294/2467/2372
f 3310/2482/2388 3309/2481/2387 3295/2468/2373
f 3297/2470/2375 3311/2483/2389 3310/2482/2388
f 3298/2471/2376 3312/2484/2390 3311/2483/2389
f 3299/2472/2377 3313/2485/2391 3312/2484/2390
f 3300/2473/2378 3314/2486/2392 3313/2485/2391
f 3301/2474/2380 3315/2488/2394 3314/2486/2392
f 3302/2487/2393 3316/2501/503 3315/2488/2394
f 3318/2489/2395 3317/2503/2407 3303/2490/492
f 3319/2491/2396 3318/2489/2395 3304/2475/2381
f 3320/2492/2397 3319/2491/2396 3305/2477/2383
f 3321/2493/2398 3320/2492/2397 3306/2478/2384
f 3322/2494/2399 3321/2493/2398 3307/2479/2385
f 3323/2495/2400 3322/2494/2399 3308/2480/2386
f 3324/2496/2401 3323/2495/2400 3309/2481/2387
f 3311/2483/2389 3325/2497/2402 3324/2496/2401
f 3312/2484/2390 3326/2498/2403 3325/2497/2402
f 3313/2485/2391 3327/2499/2404 3326/2498/2403
f 3314/2486/2392 3328/2500/2405 3327/2499/2404
f 3315/2488/2394 3329/2502/2406 3328/2500/2405
f 3316/2501/503 3330/2504/2408 3329/2502/2406
f 3318/2489/2395 2660/1738/1741 2659/14/1743
f 3319/2491/2396 2661/1740/1744 2660/1738/1741
f 3320/2492/2397 2662/1741/1746 2661/1740/1744
f 3321/2493/2398 2663/1742/1748 2662/1741/1746
f 3322/2494/2399 2664/1743/1750 2663/1742/1748
f 3323/2495/2400 2665/1744/1752 2664/1743/1750
f 2666/1745/1755 2665/1744/1752 3323/2495/2400
f 2667/1746/1757 2666/1745/1755 3324/2496/2401
f 2668/1747/1759 2667/1746/1757 3325/2497/2402
f 2669/1748/1761 2668/1747/1759 3326/2498/2403
f 2670/1749/1763 2669/1748/1761 3327/2499/2404
f 2671/1751/1765 2670/1749/1763 3328/2500/2405
f 2672/2000/1767 2671/1751/1765 3329/2502/2406
f 3346/2058/2409 3345/2057/2436 3331/5/2410
f 3347/2059/2412 3346/2058/2409 3332/318/2411
f 3348/2060/2414 3347/2059/2412 3333/320/2413
f 3349/2061/2416 3348/2060/2414 3334/322/2415
f 3350/2062/2418 3349/2061/2416 3335/324/2417
f 3351/2075/2420 3350/2062/2418 3336/326/2419
f 3352/2063/2422 3351/2075/2420 3337/328/2421
f 3339/333/2424 3353/2064/2426 3352/2063/2422
f 3340/335/2425 3354/2065/2428 3353/2064/2426
f 3341/337/2427 3355/2066/2430 3354/2065/2428
f 3342/339/2429 3356/2067/2432 3355/2066/2430
f 3343/341/2431 3357/2068/2434 3356/2067/2432
f 3344/343/2433 3358/2069/2447 3357/2068/2434
f 3360/2071/2435 3359/2070/464 3345/2057/2436
f 3361/2072/2437 3360/2071/2435 3346/2058/2409
f 3362/2073/2438 3361/2072/2437 3347/2059/2412
f 3363/2074/2439 3362/2073/2438 3348/2060/2414
f 3364/2076/2440 3363/2074/2439 3349/2061/2416
f 3365/2089/2441 3364/2076/2440 3350/2062/2418
f 3366/2077/2442 3365/2089/2441 3351/2075/2420
f 3353/2064/2426 3367/2078/2443 3366/2077/2442
f 3354/2065/2428 3368/2079/2444 3367/2078/2443
f 3355/2066/2430 3369/2080/2445 3368/2079/2444
f 3356/2067/2432 3370/2081/2446 3369/2080/2445
f 3357/2068/2434 3371/2082/2448 3370/2081/2446
f 3358/2069/2447 3372/2083/475 3371/2082/2448
f 3374/2085/2449 3373/2084/2462 3359/2070/464
f 3375/2086/2450 3374/2085/2449 3360/2071/2435
f 3376/2087/2451 3375/2086/2450 3361/2072/2437
f 3377/2088/2452 3376/2087/2451 3362/2073/2438
f 3378/2090/2453 3377/2088/2452 3363/2074/2439
f 3379/2098/2454 3378/2090/2453 3364/2076/2440
f 3380/2091/2455 3379/2098/2454 3365/2089/2441
f 3367/2078/2443 3381/2092/2456 3380/2091/2455
f 3368/2079/2444 3382/2093/2457 3381/2092/2456
f 3369/2080/2445 3383/2094/2458 3382/2093/2457
f 3370/2081/2446 3384/2095/2459 3383/2094/2458
f 3371/2082/2448 3385/2096/2460 3384/2095/2459
f 3372/2083/475 3386/2097/2473 3385/2096/2460
f 3388/2001/2461 3387/2011/2476 3373/2084/2462
f 3389/2002/2463 3388/2001/2461 3374/2085/2449
f 3390/2003/2464 3389/2002/2463 3375/2086/2450
f 3391/2012/2465 3390/2003/2464 3376/2087/2451
f 3392/2004/2466 3391/2012/2465 3377/2088/2452
f 3393/2005/2467 3392/2004/2466 3378/2090/2453
f 3394/2006/2468 3393/2005/2467 3379/2098/2454
f 3381/2092/2456 3395/2007/2469 3394/2006/2468
f 3382/2093/2457 3396/2013/2470 3395/2007/2469
f 3383/2094/2458 3397/2008/2471 3396/2013/2470
f 3384/2095/2459 3398/2014/2472 3397/2008/2471
f 3385/2096/2460 3399/2009/2474 3398/2014/2472
f 3386/2097/2473 3400/2010/2487 3399/2009/2474
f 3402/2099/2475 3401/2111/2490 3387/2011/2476
f 3403/2100/2477 3402/2099/2475 3388/2001/2461
f 3404/2101/2478 3403/2100/2477 3389/2002/2463
f 3405/2102/2479 3404/2101/2478 3390/2003/2464
f 3406/2103/2480 3405/2102/2479 3391/2012/2465
f 3407/2104/2481 3406/2103/2480 3392/2004/2466
f 3408/2105/2482 3407/2104/2481 3393/2005/2467
f 3395/2007/2469 3409/2106/2483 3408/2105/2482
f 3396/2013/2470 3410/2107/2484 3409/2106/2483
f 3397/2008/2471 3411/2108/2485 3410/2107/2484
f 3398/2014/2472 3412/2109/2486 3411/2108/2485
f 3399/2009/2474 3413/2110/2488 3412/2109/2486
f 3400/2010/2487 3414/2112/2501 3413/2110/2488
f 3416/1752/2489 3415/1765/2504 3401/2111/2490
f 3417/1753/2491 3416/1752/2489 3402/2099/2475
f 3418/1754/2492 3417/1753/2491 3403/2100/2477
f 3419/1755/2493 3418/1754/2492 3404/2101/2478
f 3420/1756/2494 3419/1755/2493 3405/2102/2479
f 3421/1757/2495 3420/1756/2494 3406/2103/2480
f 3422/1758/2496 3421/1757/2495 3407/2104/2481
f 3409/2106/2483 3423/1759/2497 3422/1758/2496
f 3410/2107/2484 3424/1760/2498 3423/1759/2497
f 3411/2108/2485 3425/1761/2499 3424/1760/2498
f 3412/2109/2486 3426/1762/2500 3425/1761/2499
f 3413/2110/2488 3427/1763/2502 3426/1762/2500
f 3414/2112/2501 3428/1776/2517 3427/1763/2502
f 3416/1752/2489 3430/2113/2505 3429/2125/2503
f 3417/1753/2491 3431/2114/2506 3430/2113/2505
f 3418/1754/2492 3432/2115/2507 3431/2114/2506
f 3419/1755/2493 3433/2116/2508 3432/2115/2507
f 3420/1756/2494 3434/2117/2509 3433/2116/2508
f 3421/1757/2495 3435/2118/2523 3434/2117/2509
f 3436/2119/2510 3435/2118/2523 3421/1757/2495
f 3437/2120/2511 3436/2119/2510 3422/1758/2496
f 3438/2121/2512 3437/2120/2511 3423/1759/2497
f 3439/2122/2513 3438/2121/2512 3424/1760/2498
f 3440/2123/2514 3439/2122/2513 3425/1761/2499
f 3441/2124/2515 3440/2123/2514 3426/1762/2500
f 3442/2126/2516 3441/2124/2515 3427/1763/2502
f 3430/2113/2505 3444/554/2519 3443/105/2518
f 3431/2114/2506 3445/555/2520 3444/554/2519
f 3432/2115/2507 3446/556/2521 3445/555/2520
f 3433/2116/2508 3447/557/2522 3446/556/2521
f 3434/2117/2509 3448/559/2524 3447/557/2522
f 3435/2118/2523 3449/572/2537 3448/559/2524
f 3450/560/2525 3449/572/2537 3435/2118/2523
f 3451/561/2526 3450/560/2525 3436/2119/2510
f 3452/562/2527 3451/561/2526 3437/2120/2511
f 3453/563/2528 3452/562/2527 3438/2121/2512
f 3454/564/2529 3453/563/2528 3439/2122/2513
f 3455/565/2530 3454/564/2529 3440/2123/2514
f 3456/566/2531 3455/565/2530 3441/2124/2515
f 3444/554/2519 3458/2127/2533 3457/2140/2532
f 3445/555/2520 3459/2128/2534 3458/2127/2533
f 3446/556/2521 3460/2129/2535 3459/2128/2534
f 3447/557/2522 3461/2130/2536 3460/2129/2535
f 3448/559/2524 3462/2131/2538 3461/2130/2536
f 3449/572/2537 3463/2132/2550 3462/2131/2538
f 3464/2133/2539 3463/2132/2550 3449/572/2537
f 3465/2134/2540 3464/2133/2539 3450/560/2525
f 3466/2135/2541 3465/2134/2540 3451/561/2526
f 3467/2136/2542 3466/2135/2541 3452/562/2527
f 3468/2137/2543 3467/2136/2542 3453/563/2528
f 3469/2138/2544 3468/2137/2543 3454/564/2529
f 3470/2151/2545 3469/2138/2544 3455/565/2530
f 3458/2127/2533 3472/2139/2546 3471/2154/2241
f 3459/2128/2534 3473/2141/2547 3472/2139/2546
f 3460/2129/2535 3474/2142/2548 3473/2141/2547
f 3461/2130/2536 3475/2143/2549 3474/2142/2548
f 3462/2131/2538 3476/2144/2551 3475/2143/2549
f 3463/2132/2550 3477/2145/2562 3476/2144/2551
f 3478/2146/2552 3477/2145/2562 3463/2132/2550
f 3479/2147/2553 3478/2146/2552 3464/2133/2539
f 3480/2148/2554 3479/2147/2553 3465/2134/2540
f 3481/2149/2555 3480/2148/2554 3466/2135/2541
f 3482/2150/2556 3481/2149/2555 3467/2136/2542
f 3483/2152/2557 3482/2150/2556 3468/2137/2543
f 3484/2165/2254 3483/2152/2557 3469/2138/2544
f 3472/2139/2546 3486/2153/2558 3485/2167/2242
f 3473/2141/2547 3487/2155/2559 3486/2153/2558
f 3474/2142/2548 3488/2156/2560 3487/2155/2559
f 3475/2143/2549 3489/2157/2561 3488/2156/2560
f 3476/2144/2551 3490/2158/2563 3489/2157/2561
f 3477/2145/2562 3491/2159/2576 3490/2158/2563
f 3492/2160/2564 3491/2159/2576 3477/2145/2562
f 3493/2161/2565 3492/2160/2564 3478/2146/2552
f 3494/2162/2566 3493/2161/2565 3479/2147/2553
f 3495/2163/2567 3494/2162/2566 3480/2148/2554
f 3496/2164/2568 3495/2163/2567 3481/2149/2555
f 3497/2166/2569 3496/2164/2568 3482/2150/2556
f 3498/2168/2255 3497/2166/2569 3483/2152/2557
f 3500/1764/2570 3499/1779/2584 3485/2167/2242
f 3501/1766/2571 3500/1764/2570 3486/2153/2558
f 3502/1767/2572 3501/1766/2571 3487/2155/2559
f 3503/1768/2573 3502/1767/2572 3488/2156/2560
f 3504/1769/2574 3503/1768/2573 3489/2157/2561
f 3505/1770/2575 3504/1769/2574 3490/2158/2563
f 3506/1771/2577 3505/1770/2575 3491/2159/2576
f 3493/2161/2565 3507/1772/2578 3506/1771/2577
f 3494/2162/2566 3508/1773/2579 3507/1772/2578
f 3495/2163/2567 3509/1774/2580 3508/1773/2579
f 3496/2164/2568 3510/1775/2581 3509/1774/2580
f 3497/2166/2569 3511/1777/2582 3510/1775/2581
f 3498/2168/2255 3512/1792/2595 3511/1777/2582
f 3514/2170/2583 3513/2169/2598 3499/1779/2584
f 3515/2171/2585 3514/2170/2583 3500/1764/2570
f 3516/2172/2586 3515/2171/2585 3501/1766/2571
f 3517/2173/2587 3516/2172/2586 3502/1767/2572
f 3518/2174/2588 3517/2173/2587 3503/1768/2573
f 3519/2187/2589 3518/2174/2588 3504/1769/2574
f 3520/2175/2590 3519/2187/2589 3505/1770/2575
f 3507/1772/2578 3521/2176/2591 3520/2175/2590
f 3508/1773/2579 3522/2177/2592 3521/2176/2591
f 3509/1774/2580 3523/2178/2593 3522/2177/2592
f 3510/1775/2581 3524/2179/2594 3523/2178/2593
f 3511/1777/2582 3525/2180/2596 3524/2179/2594
f 3512/1792/2595 3526/2181/2609 3525/2180/2596
f 3528/2183/2597 3527/2182/2612 3513/2169/2598
f 3529/2184/2599 3528/2183/2597 3514/2170/2583
f 3530/2185/2600 3529/2184/2599 3515/2171/2585
f 3531/2186/2601 3530/2185/2600 3516/2172/2586
f 3532/2188/2602 3531/2186/2601 3517/2173/2587
f 3533/2201/2603 3532/2188/2602 3518/2174/2588
f 3534/2189/2604 3533/2201/2603 3519/2187/2589
f 3521/2176/2591 3535/2190/2605 3534/2189/2604
f 3522/2177/2592 3536/2191/2606 3535/2190/2605
f 3523/2178/2593 3537/2192/2607 3536/2191/2606
f 3524/2179/2594 3538/2193/2608 3537/2192/2607
f 3525/2180/2596 3539/2194/2610 3538/2193/2608
f 3526/2181/2609 3540/2195/2623 3539/2194/2610
f 3542/2197/2611 3541/2196/2626 3527/2182/2612
f 3543/2198/2613 3542/2197/2611 3528/2183/2597
f 3544/2199/2614 3543/2198/2613 3529/2184/2599
f 3545/2200/2615 3544/2199/2614 3530/2185/2600
f 3546/2202/2616 3545/2200/2615 3531/2186/2601
f 3547/2210/2617 3546/2202/2616 3532/2188/2602
f 3548/2203/2618 3547/2210/2617 3533/2201/2603
f 3535/2190/2605 3549/2204/2619 3548/2203/2618
f 3536/2191/2606 3550/2205/2620 3549/2204/2619
f 3537/2192/2607 3551/2206/2621 3550/2205/2620
f 3538/2193/2608 3552/2207/2622 3551/2206/2621
f 3539/2194/2610 3553/2208/2624 3552/2207/2622
f 3540/2195/2623 3554/2209/2637 3553/2208/2624
f 3556/790/2625 3555/74/2640 3541/2196/2626
f 3557/792/2627 3556/790/2625 3542/2197/2611
f 3558/793/2628 3557/792/2627 3543/2198/2613
f 3559/794/2629 3558/793/2628 3544/2199/2614
f 3560/795/2630 3559/794/2629 3545/2200/2615
f 3561/796/2631 3560/795/2630 3546/2202/2616
f 3562/797/2632 3561/796/2631 3547/2210/2617
f 3549/2204/2619 3563/798/2633 3562/797/2632
f 3550/2205/2620 3564/799/2634 3563/798/2633
f 3551/2206/2621 3565/800/2635 3564/799/2634
f 3552/2207/2622 3566/801/2636 3565/800/2635
f 3553/2208/2624 3567/803/2638 3566/801/2636
f 3554/2209/2637 3568/815/2653 3567/803/2638
f 3556/790/2625 3570/2212/2641 3569/2211/2639
f 3557/792/2627 3571/2213/2642 3570/2212/2641
f 3558/793/2628 3572/2214/2643 3571/2213/2642
f 3559/794/2629 3573/2215/2644 3572/2214/2643
f 3560/795/2630 3574/2216/2645 3573/2215/2644
f 3561/796/2631 3575/2224/2659 3574/2216/2645
f 3576/2217/2646 3575/2224/2659 3561/796/2631
f 3577/2218/2647 3576/2217/2646 3562/797/2632
f 3578/2219/2648 3577/2218/2647 3563/798/2633
f 3579/2220/2649 3578/2219/2648 3564/799/2634
f 3580/2221/2650 3579/2220/2649 3565/800/2635
f 3581/2222/2651 3580/2221/2650 3566/801/2636
f 3582/2223/2652 3581/2222/2651 3567/803/2638
f 3570/2212/2641 3584/1780/2655 3583/1778/2654
f 3571/2213/2642 3585/1781/2656 3584/1780/2655
f 3572/2214/2643 3586/1782/2657 3585/1781/2656
f 3573/2215/2644 3587/1783/2658 3586/1782/2657
f 3574/2216/2645 3588/1784/2660 3587/1783/2658
f 3575/2224/2659 3589/1793/2673 3588/1784/2660
f 3590/1785/2661 3589/1793/2673 3575/2224/2659
f 3591/1786/2662 3590/1785/2661 3576/2217/2646
f 3592/1787/2663 3591/1786/2662 3577/2218/2647
f 3593/1788/2664 3592/1787/2663 3578/2219/2648
f 3594/1789/2665 3593/1788/2664 3579/2220/2649
f 3595/1790/2666 3594/1789/2665 3580/2221/2650
f 3596/1791/2667 3595/1790/2666 3581/2222/2651
f 3584/1780/2655 3598/2225/2669 3597/2237/2668
f 3585/1781/2656 3599/2226/2670 3598/2225/2669
f 3586/1782/2657 3600/2227/2671 3599/2226/2670
f 3587/1783/2658 3601/2228/2672 3600/2227/2671
f 3588/1784/2660 3602/2229/2674 3601/2228/2672
f 3589/1793/2673 3603/2230/2687 3602/2229/2674
f 3604/2231/2675 3603/2230/2687 3589/1793/2673
f 3605/2232/2676 3604/2231/2675 3590/1785/2661
f 3606/2233/2677 3605/2232/2676 3591/1786/2662
f 3607/2234/2678 3606/2233/2677 3592/1787/2663
f 3608/2235/2679 3607/2234/2678 3593/1788/2664
f 3609/2236/2680 3608/2235/2679 3594/1789/2665
f 3610/2238/2681 3609/2236/2680 3595/1790/2666
f 3598/2225/2669 3612/2015/2683 3611/2026/2682
f 3599/2226/2670 3613/2016/2684 3612/2015/2683
f 3600/2227/2671 3614/2027/2685 3613/2016/2684
f 3601/2228/2672 3615/2017/2686 3614/2027/2685
f 3602/2229/2674 3616/2018/2688 3615/2017/2686
f 3603/2230/2687 3617/2019/2701 3616/2018/2688
f 3618/2020/2689 3617/2019/2701 3603/2230/2687
f 3619/2021/2690 3618/2020/2689 3604/2231/2675
f 3620/2022/2691 3619/2021/2690 3605/2232/2676
f 3621/2023/2692 3620/2022/2691 3606/2233/2677
f 3622/2024/2693 3621/2023/2692 3607/2234/2678
f 3623/2028/2694 3622/2024/2693 3608/2235/2679
f 3624/2025/2695 3623/2028/2694 3609/2236/2680
f 3612/2015/2683 3626/2239/2697 3625/2252/2696
f 3613/2016/2684 3627/2240/2698 3626/2239/2697
f 3614/2027/2685 3628/2241/2699 3627/2240/2698
f 3615/2017/2686 3629/2242/2700 3628/2241/2699
f 3616/2018/2688 3630/2243/2702 3629/2242/2700
f 3617/2019/2701 3631/2244/2715 3630/2243/2702
f 3632/2245/2703 3631/2244/2715 3617/2019/2701
f 3633/2246/2704 3632/2245/2703 3618/2020/2689
f 3634/2247/2705 3633/2246/2704 3619/2021/2690
f 3635/2248/2706 3634/2247/2705 3620/2022/2691
f 3636/2249/2707 3635/2248/2706 3621/2023/2692
f 3637/2250/2708 3636/2249/2707 3622/2024/2693
f 3638/2263/2709 3637/2250/2708 3623/2028/2694
f 3626/2239/2697 3640/2251/2711 3639/2266/2710
f 3627/2240/2698 3641/2253/2712 3640/2251/2711
f 3628/2241/2699 3642/2254/2713 3641/2253/2712
f 3629/2242/2700 3643/2255/2714 3642/2254/2713
f 3630/2243/2702 3644/2256/2716 3643/2255/2714
f 3631/2244/2715 3645/2257/2729 3644/2256/2716
f 3646/2258/2717 3645/2257/2729 3631/2244/2715
f 3647/2259/2718 3646/2258/2717 3632/2245/2703
f 3648/2260/2719 3647/2259/2718 3633/2246/2704
f 3649/2261/2720 3648/2260/2719 3634/2247/2705
f 3650/2262/2721 3649/2261/2720 3635/2248/2706
f 3651/2264/2722 3650/2262/2721 3636/2249/2707
f 3652/2277/2723 3651/2264/2722 3637/2250/2708
f 3640/2251/2711 3654/2265/2725 3653/2279/2724
f 3641/2253/2712 3655/2267/2726 3654/2265/2725
f 3642/2254/2713 3656/2268/2727 3655/2267/2726
f 3643/2255/2714 3657/2269/2728 3656/2268/2727
f 3644/2256/2716 3658/2270/2730 3657/2269/2728
f 3645/2257/2729 3659/2271/2744 3658/2270/2730
f 3660/2272/2731 3659/2271/2744 3645/2257/2729
f 3661/2273/2732 3660/2272/2731 3646/2258/2717
f 3662/2274/2733 3661/2273/2732 3647/2259/2718
f 3663/2275/2734 3662/2274/2733 3648/2260/2719
f 3664/2276/2735 3663/2275/2734 3649/2261/2720
f 3665/2278/2736 3664/2276/2735 3650/2262/2721
f 3666/2280/2737 3665/2278/2736 3651/2264/2722
f 3668/1027/2738 3667/106/2752 3653/2279/2724
f 3669/1029/2739 3668/1027/2738 3654/2265/2725
f 3670/1030/2740 3669/1029/2739 3655/2267/2726
f 3671/1031/2741 3670/1030/2740 3656/2268/2727
f 3672/1032/2742 3671/1031/2741 3657/2269/2728
f 3673/1033/2743 3672/1032/2742 3658/2270/2730
f 3674/1034/2745 3673/1033/2743 3659/2271/2744
f 3661/2273/2732 3675/1035/2746 3674/1034/2745
f 3662/2274/2733 3676/1036/2747 3675/1035/2746
f 3663/2275/2734 3677/1037/2748 3676/1036/2747
f 3664/2276/2735 3678/1038/2749 3677/1037/2748
f 3665/2278/2736 3679/1040/2750 3678/1038/2749
f 3666/2280/2737 3680/1052/2763 3679/1040/2750
f 3682/2282/2751 3681/2281/2766 3667/106/2752
f 3683/2283/2753 3682/2282/2751 3668/1027/2738
f 3684/2284/2754 3683/2283/2753 3669/1029/2739
f 3685/2285/2755 3684/2284/2754 3670/1030/2740
f 3686/2286/2756 3685/2285/2755 3671/1031/2741
f 3687/2299/2757 3686/2286/2756 3672/1032/2742
f 3688/2287/2758 3687/2299/2757 3673/1033/2743
f 3675/1035/2746 3689/2288/2759 3688/2287/2758
f 3676/1036/2747 3690/2289/2760 3689/2288/2759
f 3677/1037/2748 3691/2290/2761 3690/2289/2760
f 3678/1038/2749 3692/2291/2762 3691/2290/2761
f 3679/1040/2750 3693/2292/2764 3692/2291/2762
f 3680/1052/2763 3694/2293/2777 3693/2292/2764
f 3696/2295/2765 3695/2294/2780 3681/2281/2766
f 3697/2296/2767 3696/2295/2765 3682/2282/2751
f 3698/2297/2768 3697/2296/2767 3683/2283/2753
f 3699/2298/2769 3698/2297/2768 3684/2284/2754
f 3700/2300/2770 3699/2298/2769 3685/2285/2755
f 3701/2313/2771 3700/2300/2770 3686/2286/2756
f 3702/2301/2772 3701/2313/2771 3687/2299/2757
f 3689/2288/2759 3703/2302/2773 3702/2301/2772
f 3690/2289/2760 3704/2303/2774 3703/2302/2773
f 3691/2290/2761 3705/2304/2775 3704/2303/2774
f 3692/2291/2762 3706/2305/2776 3705/2304/2775
f 3693/2292/2764 3707/2306/2778 3706/2305/2776
f 3694/2293/2777 3708/2307/2791 3707/2306/2778
f 3710/2309/2779 3709/2308/2794 3695/2294/2780
f 3711/2310/2781 3710/2309/2779 3696/2295/2765
f 3712/2311/2782 3711/2310/2781 3697/2296/2767
f 3713/2312/2783 3712/2311/2782 3698/2297/2768
f 3714/2314/2784 3713/2312/2783 3699/2298/2769
f 3715/2322/2785 3714/2314/2784 3700/2300/2770
f 3716/2315/2786 3715/2322/2785 3701/2313/2771
f 3703/2302/2773 3717/2316/2787 3716/2315/2786
f 3704/2303/2774 3718/2317/2788 3717/2316/2787
f 3705/2304/2775 3719/2318/2789 3718/2317/2788
f 3706/2305/2776 3720/2319/2790 3719/2318/2789
f 3707/2306/2778 3721/2320/2792 3720/2319/2790
f 3708/2307/2791 3722/2321/2805 3721/2320/2792
f 3724/2029/2793 3723/2041/2808 3709/2308/2794
f 3725/2030/2795 3724/2029/2793 3710/2309/2779
f 3726/2031/2796 3725/2030/2795 3711/2310/2781
f 3727/2032/2797 3726/2031/2796 3712/2311/2782
f 3728/2042/2798 3727/2032/2797 3713/2312/2783
f 3729/2033/2799 3728/2042/2798 3714/2314/2784
f 3730/2034/2800 3729/2033/2799 3715/2322/2785
f 3717/2316/2787 3731/2035/2801 3730/2034/2800
f 3718/2317/2788 3732/2036/2802 3731/2035/2801
f 3719/2318/2789 3733/2037/2803 3732/2036/2802
f 3720/2319/2790 3734/2038/2804 3733/2037/2803
f 3721/2320/2792 3735/2039/2806 3734/2038/2804
f 3722/2321/2805 3736/2040/2819 3735/2039/2806
f 3738/2323/2807 3737/2335/2822 3723/2041/2808
f 3739/2324/2809 3738/2323/2807 3724/2029/2793
f 3740/2325/2810 3739/2324/2809 3725/2030/2795
f 3741/2326/2811 3740/2325/2810 3726/2031/2796
f 3742/2327/2812 3741/2326/2811 3727/2032/2797
f 3743/2328/2813 3742/2327/2812 3728/2042/2798
f 3744/2329/2814 3743/2328/2813 3729/2033/2799
f 3731/2035/2801 3745/2330/2815 3744/2329/2814
f 3732/2036/2802 3746/2331/2816 3745/2330/2815
f 3733/2037/2803 3747/2332/2817 3746/2331/2816
f 3734/2038/2804 3748/2333/2818 3747/2332/2817
f 3735/2039/2806 3749/2334/2820 3748/2333/2818
f 3736/2040/2819 3750/2336/2833 3749/2334/2820
f 3752/1794/2821 3751/1807/2836 3737/2335/2822
f 3753/1795/2823 3752/1794/2821 3738/2323/2807
f 3754/1796/2824 3753/1795/2823 3739/2324/2809
f 3755/1797/2825 3754/1796/2824 3740/2325/2810
f 3756/1798/2826 3755/1797/2825 3741/2326/2811
f 3757/1799/2827 3756/1798/2826 3742/2327/2812
f 3758/1800/2828 3757/1799/2827 3743/2328/2813
f 3745/2330/2815 3759/1801/2829 3758/1800/2828
f 3746/2331/2816 3760/1802/2830 3759/1801/2829
f 3747/2332/2817 3761/1803/2831 3760/1802/2830
f 3748/2333/2818 3762/1804/2832 3761/1803/2831
f 3749/2334/2820 3763/1805/2834 3762/1804/2832
f 3750/2336/2833 3764/1818/2849 3763/1805/2834
f 3752/1794/2821 3766/2337/2837 3765/2349/2835
f 3753/1795/2823 3767/2338/2838 3766/2337/2837
f 3754/1796/2824 3768/2339/2839 3767/2338/2838
f 3755/1797/2825 3769/2340/2840 3768/2339/2839
f 3756/1798/2826 3770/2341/2841 3769/2340/2840
f 3757/1799/2827 3771/2342/2855 3770/2341/2841
f 3772/2343/2842 3771/2342/2855 3757/1799/2827
f 3773/2344/2843 3772/2343/2842 3758/1800/2828
f 3774/2345/2844 3773/2344/2843 3759/1801/2829
f 3775/2346/2845 3774/2345/2844 3760/1802/2830
f 3776/2347/2846 3775/2346/2845 3761/1803/2831
f 3777/2348/2847 3776/2347/2846 3762/1804/2832
f 3778/2350/2848 3777/2348/2847 3763/1805/2834
f 3766/2337/2837 3780/1264/2851 3779/50/2850
f 3767/2338/2838 3781/1266/2852 3780/1264/2851
f 3768/2339/2839 3782/1267/2853 3781/1266/2852
f 3769/2340/2840 3783/1268/2854 3782/1267/2853
f 3770/2341/2841 3784/1269/2856 3783/1268/2854
f 3771/2342/2855 3785/1270/2869 3784/1269/2856
f 3786/1271/2857 3785/1270/2869 3771/2342/2855
f 3787/1272/2858 3786/1271/2857 3772/2343/2842
f 3788/1273/2859 3787/1272/2858 3773/2344/2843
f 3789/1274/2860 3788/1273/2859 3774/2345/2844
f 3790/1275/2861 3789/1274/2860 3775/2346/2845
f 3791/1277/2862 3790/1275/2861 3776/2347/2846
f 3792/1289/2863 3791/1277/2862 3777/2348/2847
f 3780/1264/2851 3794/2351/2865 3793/2364/2864
f 3781/1266/2852 3795/2352/2866 3794/2351/2865
f 3782/1267/2853 3796/2353/2867 3795/2352/2866
f 3783/1268/2854 3797/2354/2868 3796/2353/2867
f 3784/1269/2856 3798/2355/2870 3797/2354/2868
f 3785/1270/2869 3799/2356/2883 3798/2355/2870
f 3800/2357/2871 3799/2356/2883 3785/1270/2869
f 3801/2358/2872 3800/2357/2871 3786/1271/2857
f 3802/2359/2873 3801/2358/2872 3787/1272/2858
f 3803/2360/2874 3802/2359/2873 3788/1273/2859
f 3804/2361/2875 3803/2360/2874 3789/1274/2860
f 3805/2362/2876 3804/2361/2875 3790/1275/2861
f 3806/2375/2877 3805/2362/2876 3791/1277/2862
f 3794/2351/2865 3808/2363/2879 3807/2378/2878
f 3795/2352/2866 3809/2365/2880 3808/2363/2879
f 3796/2353/2867 3810/2366/2881 3809/2365/2880
f 3797/2354/2868 3811/2367/2882 3810/2366/2881
f 3798/2355/2870 3812/2368/2884 3811/2367/2882
f 3799/2356/2883 3813/2369/2896 3812/2368/2884
f 3814/2370/2885 3813/2369/2896 3799/2356/2883
f 3815/2371/2886 3814/2370/2885 3800/2357/2871
f 3816/2372/2887 3815/2371/2886 3801/2358/2872
f 3817/2373/2888 3816/2372/2887 3802/2359/2873
f 3818/2374/2889 3817/2373/2888 3803/2360/2874
f 3819/2376/2890 3818/2374/2889 3804/2361/2875
f 3820/2389/2891 3819/2376/2890 3805/2362/2876
f 3808/2363/2879 3822/2377/2892 3821/2391/1908
f 3809/2365/2880 3823/2379/2893 3822/2377/2892
f 3810/2366/2881 3824/2380/2894 3823/2379/2893
f 3811/2367/2882 3825/2381/2895 3824/2380/2894
f 3812/2368/2884 3826/2382/2897 3825/2381/2895
f 3813/2369/2896 3827/2383/2909 3826/2382/2897
f 3828/2384/2898 3827/2383/2909 3813/2369/2896
f 3829/2385/2899 3828/2384/2898 3814/2370/2885
f 3830/2386/2900 3829/2385/2899 3815/2371/2886
f 3831/2387/2901 3830/2386/2900 3816/2372/2887
f 3832/2388/2902 3831/2387/2901 3817/2373/2888
f 3833/2390/2903 3832/2388/2902 3818/2374/2889
f 3834/2392/1921 3833/2390/2903 3819/2376/2890
f 3836/1806/1024 3835/1821/1038 3821/2391/1908
f 3837/1808/2904 3836/1806/1024 3822/2377/2892
f 3838/1809/2905 3837/1808/2904 3823/2379/2893
f 3839/1810/2906 3838/1809/2905 3824/2380/2894
f 3840/1811/2907 3839/1810/2906 3825/2381/2895
f 3841/1812/2908 3840/1811/2907 3826/2382/2897
f 3842/1813/2910 3841/1812/2908 3827/2383/2909
f 3829/2385/2899 3843/1814/2911 3842/1813/2910
f 3830/2386/2900 3844/1815/2912 3843/1814/2911
f 3831/2387/2901 3845/1816/2913 3844/1815/2912
f 3832/2388/2902 3846/1817/2914 3845/1816/2913
f 3833/2390/2903 3847/1819/1036 3846/1817/2914
f 3834/2392/1921 3848/1834/1049 3847/1819/1036
f 3850/2394/2915 3849/2393/2928 3835/1821/1038
f 3851/2395/2916 3850/2394/2915 3836/1806/1024
f 3852/2396/2917 3851/2395/2916 3837/1808/2904
f 3853/2397/2918 3852/2396/2917 3838/1809/2905
f 3854/2398/2919 3853/2397/2918 3839/1810/2906
f 3855/2411/2920 3854/2398/2919 3840/1811/2907
f 3856/2399/2921 3855/2411/2920 3841/1812/2908
f 3843/1814/2911 3857/2400/2922 3856/2399/2921
f 3844/1815/2912 3858/2401/2923 3857/2400/2922
f 3845/1816/2913 3859/2402/2924 3858/2401/2923
f 3846/1817/2914 3860/2403/2925 3859/2402/2924
f 3847/1819/1036 3861/2404/2926 3860/2403/2925
f 3848/1834/1049 3862/2405/2939 3861/2404/2926
f 3864/2407/2927 3863/2406/2942 3849/2393/2928
f 3865/2408/2929 3864/2407/2927 3850/2394/2915
f 3866/2409/2930 3865/2408/2929 3851/2395/2916
f 3867/2410/2931 3866/2409/2930 3852/2396/2917
f 3868/2412/2932 3867/2410/2931 3853/2397/2918
f 3869/2425/2933 3868/2412/2932 3854/2398/2919
f 3870/2413/2934 3869/2425/2933 3855/2411/2920
f 3857/2400/2922 3871/2414/2935 3870/2413/2934
f 3858/2401/2923 3872/2415/2936 3871/2414/2935
f 3859/2402/2924 3873/2416/2937 3872/2415/2936
f 3860/2403/2925 3874/2417/2938 3873/2416/2937
f 3861/2404/2926 3875/2418/2940 3874/2417/2938
f 3862/2405/2939 3876/2419/2953 3875/2418/2940
f 3878/2421/2941 3877/2420/2956 3863/2406/2942
f 3879/2422/2943 3878/2421/2941 3864/2407/2927
f 3880/2423/2944 3879/2422/2943 3865/2408/2929
f 3881/2424/2945 3880/2423/2944 3866/2409/2930
f 3882/2426/2946 3881/2424/2945 3867/2410/2931
f 3883/2434/2947 3882/2426/2946 3868/2412/2932
f 3884/2427/2948 3883/2434/2947 3869/2425/2933
f 3871/2414/2935 3885/2428/2949 3884/2427/2948
f 3872/2415/2936 3886/2429/2950 3885/2428/2949
f 3873/2416/2937 3887/2430/2951 3886/2429/2950
f 3874/2417/2938 3888/2431/2952 3887/2430/2951
f 3875/2418/2940 3889/2432/2954 3888/2431/2952
f 3876/2419/2953 3890/2433/2967 3889/2432/2954
f 3892/1502/2955 3891/107/2970 3877/2420/2956
f 3893/1503/2957 3892/1502/2955 3878/2421/2941
f 3894/1504/2958 3893/1503/2957 3879/2422/2943
f 3895/1505/2959 3894/1504/2958 3880/2423/2944
f 3896/1507/2960 3895/1505/2959 3881/2424/2945
f 3897/1520/2961 3896/1507/2960 3882/2426/2946
f 3898/1508/2962 3897/1520/2961 3883/2434/2947
f 3885/2428/2949 3899/1509/2963 3898/1508/2962
f 3886/2429/2950 3900/1510/2964 3899/1509/2963
f 3887/2430/2951 3901/1511/2965 3900/1510/2964
f 3888/2431/2952 3902/1512/2966 3901/1511/2965
f 3889/2432/2954 3903/1513/2968 3902/1512/2966
f 3890/2433/2967 3904/1514/2983 3903/1513/2968
f 3892/1502/2955 3906/2436/2971 3905/2435/2969
f 3893/1503/2957 3907/2437/2972 3906/2436/2971
f 3894/1504/2958 3908/2438/2973 3907/2437/2972
f 3895/1505/2959 3909/2439/2974 3908/2438/2973
f 3896/1507/2960 3910/2440/2975 3909/2439/2974
f 3897/1520/2961 3911/2448/2989 3910/2440/2975
f 3912/2441/2976 3911/2448/2989 3897/1520/2961
f 3913/2442/2977 3912/2441/2976 3898/1508/2962
f 3914/2443/2978 3913/2442/2977 3899/1509/2963
f 3915/2444/2979 3914/2443/2978 3900/1510/2964
f 3916/2445/2980 3915/2444/2979 3901/1511/2965
f 3917/2446/2981 3916/2445/2980 3902/1512/2966
f 3918/2447/2982 3917/2446/2981 3903/1513/2968
f 3906/2436/2971 3920/1822/2985 3919/1820/2984
f 3907/2437/2972 3921/1823/2986 3920/1822/2985
f 3908/2438/2973 3922/1824/2987 3921/1823/2986
f 3909/2439/2974 3923/1825/2988 3922/1824/2987
f 3910/2440/2975 3924/1826/2990 3923/1825/2988
f 3911/2448/2989 3925/1835/3003 3924/1826/2990
f 3926/1827/2991 3925/1835/3003 3911/2448/2989
f 3927/1828/2992 3926/1827/2991 3912/2441/2976
f 3928/1829/2993 3927/1828/2992 3913/2442/2977
f 3929/1830/2994 3928/1829/2993 3914/2443/2978
f 3930/1831/2995 3929/1830/2994 3915/2444/2979
f 3931/1832/2996 3930/1831/2995 3916/2445/2980
f 3932/1833/2997 3931/1832/2996 3917/2446/2981
f 3920/1822/2985 3934/2449/2999 3933/2461/2998
f 3921/1823/2986 3935/2450/3000 3934/2449/2999
f 3922/1824/2987 3936/2451/3001 3935/2450/3000
f 3923/1825/2988 3937/2452/3002 3936/2451/3001
f 3924/1826/2990 3938/2453/3004 3937/2452/3002
f 3925/1835/3003 3939/2454/3017 3938/2453/3004
f 3940/2455/3005 3939/2454/3017 3925/1835/3003
f 3941/2456/3006 3940/2455/3005 3926/1827/2991
f 3942/2457/3007 3941/2456/3006 3927/1828/2992
f 3943/2458/3008 3942/2457/3007 3928/1829/2993
f 3944/2459/3009 3943/2458/3008 3929/1830/2994
f 3945/2460/3010 3944/2459/3009 3930/1831/2995
f 3946/2462/3011 3945/2460/3010 3931/1832/2996
f 3934/2449/2999 3948/2043/3013 3947/2056/3012
f 3935/2450/3000 3949/2044/3014 3948/2043/3013
f 3936/2451/3001 3950/2045/3015 3949/2044/3014
f 3937/2452/3002 3951/2046/3016 3950/2045/3015
f 3938/2453/3004 3952/2047/3018 3951/2046/3016
f 3939/2454/3017 3953/2048/3031 3952/2047/3018
f 3954/2049/3019 3953/2048/3031 3939/2454/3017
f 3955/2050/3020 3954/2049/3019 3940/2455/3005
f 3956/2051/3021 3955/2050/3020 3941/2456/3006
f 3957/2052/3022 3956/2051/3021 3942/2457/3007
f 3958/2053/3023 3957/2052/3022 3943/2458/3008
f 3959/2054/3024 3958/2053/3023 3944/2459/3009
f 3960/2055/3025 3959/2054/3024 3945/2460/3010
f 3948/2043/3013 3962/2463/3027 3961/2476/3026
f 3949/2044/3014 3963/2464/3028 3962/2463/3027
f 3950/2045/3015 3964/2465/3029 3963/2464/3028
f 3951/2046/3016 3965/2466/3030 3964/2465/3029
f 3952/2047/3018 3966/2467/3032 3965/2466/3030
f 3953/2048/3031 3967/2468/3045 3966/2467/3032
f 3968/2469/3033 3967/2468/3045 3953/2048/3031
f 3969/2470/3034 3968/2469/3033 3954/2049/3019
f 3970/2471/3035 3969/2470/3034 3955/2050/3020
f 3971/2472/3036 3970/2471/3035 3956/2051/3021
f 3972/2473/3037 3971/2472/3036 3957/2052/3022
f 3973/2474/3038 3972/2473/3037 3958/2053/3023
f 3974/2487/3039 3973/2474/3038 3959/2054/3024
f 3962/2463/3027 3976/2475/3041 3975/2490/3040
f 3963/2464/3028 3977/2477/3042 3976/2475/3041
f 3964/2465/3029 3978/2478/3043 3977/2477/3042
f 3965/2466/3030 3979/2479/3044 3978/2478/3043
f 3966/2467/3032 3980/2480/3046 3979/2479/3044
f 3967/2468/3045 3981/2481/3059 3980/2480/3046
f 3982/2482/3047 3981/2481/3059 3967/2468/3045
f 3983/2483/3048 3982/2482/3047 3968/2469/3033
f 3984/2484/3049 3983/2483/3048 3969/2470/3034
f 3985/2485/3050 3984/2484/3049 3970/2471/3035
f 3986/2486/3051 3985/2485/3050 3971/2472/3036
f 3987/2488/3052 3986/2486/3051 3972/2473/3037
f 3988/2501/3053 3987/2488/3052 3973/2474/3038
f 3976/2475/3041 3990/2489/3055 3989/2503/3054
f 3977/2477/3042 3991/2491/3056 3990/2489/3055
f 3978/2478/3043 3992/2492/3057 3991/2491/3056
f 3979/2479/3044 3993/2493/3058 3992/2492/3057
f 3980/2480/3046 3994/2494/3060 3993/2493/3058
f 3981/2481/3059 3995/2495/3068 3994/2494/3060
f 3996/2496/3061 3995/2495/3068 3981/2481/3059
f 3997/2497/3062 3996/2496/3061 3982/2482/3047
f 3998/2498/3063 3997/2497/3062 3983/2483/3048
f 3999/2499/3064 3998/2498/3063 3984/2484/3049
f 4000/2500/3065 3999/2499/3064 3985/2485/3050
f 4001/2502/3066 4000/2500/3065 3986/2486/3051
f 4002/2504/3067 4001/2502/3066 3987/2488/3052
f 3332/1738/2411 3331/14/2410 3989/2503/3054
f 3333/1740/2413 3332/1738/2411 3990/2489/3055
f 3334/1741/2415 3333/1740/2413 3991/2491/3056
f 3335/1742/2417 3334/1741/2415 3992/2492/3057
f 3336/1743/2419 3335/1742/2417 3993/2493/3058
f 3337/1744/2421 3336/1743/2419 3994/2494/3060
f 3338/1745/2423 3337/1744/2421 3995/2495/3068
f 3997/2497/3062 3339/1746/2424 3338/1745/2423
f 3998/2498/3063 3340/1747/2425 3339/1746/2424
f 3999/2499/3064 3341/1748/2427 3340/1747/2425
f 4000/2500/3065 3342/1749/2429 3341/1748/2427
f 4001/2502/3066 3343/1751/2431 3342/1749/2429
f 4002/2504/3067 3344/2000/2433 3343/1751/2431
f 4004/318/3069 4018/2505/3073 4017/210/3070
f 4005/320/3072 4019/2506/3075 4018/2505/3073
f 4006/322/3074 4020/2507/3077 4019/2506/3075
f 4007/324/3076 4021/2508/3079 4020/2507/3077
f 4008/326/3078 4022/2509/3081 4021/2508/3079
f 4009/328/3080 4023/2523/3102 4022/2509/3081
f 4024/2510/3082 4023/2523/3102 4009/328/3080
f 4025/2511/3084 4024/2510/3082 4010/331/3083
f 4026/2512/3086 4025/2511/3084 4011/333/3085
f 4027/2513/3088 4026/2512/3086 4012/335/3087
f 4028/2514/3090 4027/2513/3088 4013/337/3089
f 4029/2515/3092 4028/2514/3090 4014/339/3091
f 4030/2516/3094 4029/2515/3092 4015/341/3093
f 4032/2517/3096 4031/212/3110 4017/210/3070
f 4033/2518/3097 4032/2517/3096 4018/2505/3073
f 4034/2519/3098 4033/2518/3097 4019/2506/3075
f 4035/2520/3099 4034/2519/3098 4020/2507/3077
f 4036/2521/3100 4035/2520/3099 4021/2508/3079
f 4037/2522/3101 4036/2521/3100 4022/2509/3081
f 4038/2524/3103 4037/2522/3101 4023/2523/3102
f 4025/2511/3084 4039/2525/3104 4038/2524/3103
f 4026/2512/3086 4040/2526/3105 4039/2525/3104
f 4027/2513/3088 4041/2527/3106 4040/2526/3105
f 4028/2514/3090 4042/2528/3107 4041/2527/3106
f 4029/2515/3092 4043/2529/3108 4042/2528/3107
f 4030/2516/3094 4044/2541/3121 4043/2529/3108
f 4046/2530/3109 4045/205/3123 4031/212/3110
f 4047/2531/3111 4046/2530/3109 4032/2517/3096
f 4048/2532/3112 4047/2531/3111 4033/2518/3097
f 4049/2533/3113 4048/2532/3112 4034/2519/3098
f 4050/2534/3114 4049/2533/3113 4035/2520/3099
f 4051/2535/3115 4050/2534/3114 4036/2521/3100
f 4052/2536/3116 4051/2535/3115 4037/2522/3101
f 4039/2525/3104 4053/2537/3117 4052/2536/3116
f 4040/2526/3105 4054/2538/3118 4053/2537/3117
f 4041/2527/3106 4055/2539/3119 4054/2538/3118
f 4042/2528/3107 4056/2540/3120 4055/2539/3119
f 4043/2529/3108 4057/2542/3122 4056/2540/3120
f 4044/2541/3121 4058/2555/3135 4057/2542/3122
f 4046/2530/3109 4060/2543/3124 4059/202/1508
f 4047/2531/3111 4061/2544/3125 4060/2543/3124
f 4048/2532/3112 4062/2545/3126 4061/2544/3125
f 4049/2533/3113 4063/2546/3127 4062/2545/3126
f 4050/2534/3114 4064/2547/3128 4063/2546/3127
f 4051/2535/3115 4065/2560/3141 4064/2547/3128
f 4066/2548/3129 4065/2560/3141 4051/2535/3115
f 4067/2549/3130 4066/2548/3129 4052/2536/3116
f 4068/2550/3131 4067/2549/3130 4053/2537/3117
f 4069/2551/3132 4068/2550/3131 4054/2538/3118
f 4070/2552/3133 4069/2551/3132 4055/2539/3119
f 4071/2553/3134 4070/2552/3133 4056/2540/3120
f 4072/2554/1519 4071/2553/3134 4057/2542/3122
f 4060/2543/3124 4074/2556/3137 4073/203/3136
f 4061/2544/3125 4075/2557/3138 4074/2556/3137
f 4062/2545/3126 4076/2558/3139 4075/2557/3138
f 4063/2546/3127 4077/2559/3140 4076/2558/3139
f 4064/2547/3128 4078/2561/3142 4077/2559/3140
f 4065/2560/3141 4079/2575/3156 4078/2561/3142
f 4080/2562/3143 4079/2575/3156 4065/2560/3141
f 4081/2563/3144 4080/2562/3143 4066/2548/3129
f 4082/2564/3145 4081/2563/3144 4067/2549/3130
f 4083/2565/3146 4082/2564/3145 4068/2550/3131
f 4084/2566/3147 4083/2565/3146 4069/2551/3132
f 4085/2567/3148 4084/2566/3147 4070/2552/3133
f 4086/2568/3149 4085/2567/3148 4071/2553/3134
f 4088/2569/3150 4087/209/3163 4073/203/3136
f 4089/2570/3151 4088/2569/3150 4074/2556/3137
f 4090/2571/3152 4089/2570/3151 4075/2557/3138
f 4091/2572/3153 4090/2571/3152 4076/2558/3139
f 4092/2573/3154 4091/2572/3153 4077/2559/3140
f 4093/2574/3155 4092/2573/3154 4078/2561/3142
f 4094/2576/3157 4093/2574/3155 4079/2575/3156
f 4081/2563/3144 4095/2577/3158 4094/2576/3157
f 4082/2564/3145 4096/2578/3159 4095/2577/3158
f 4083/2565/3146 4097/2579/3160 4096/2578/3159
f 4084/2566/3147 4098/2580/3161 4097/2579/3160
f 4085/2567/3148 4099/2581/3162 4098/2580/3161
f 4086/2568/3149 4100/2582/3164 4099/2581/3162
f 4004/1738/3069 4003/14/3071 4087/209/3163
f 4005/1740/3072 4004/1738/3069 4088/2569/3150
f 4006/1741/3074 4005/1740/3072 4089/2570/3151
f 4007/1742/3076 4006/1741/3074 4090/2571/3152
f 4008/1743/3078 4007/1742/3076 4091/2572/3153
f 4009/1744/3080 4008/1743/3078 4092/2573/3154
f 4010/1745/3083 4009/1744/3080 4093/2574/3155
f 4095/2577/3158 4011/1746/3085 4010/1745/3083
f 4096/2578/3159 4012/1747/3087 4011/1746/3085
f 4097/2579/3160 4013/1748/3089 4012/1747/3087
f 4098/2580/3161 4014/1749/3091 4013/1748/3089
f 4099/2581/3162 4015/1751/3093 4014/1749/3091
f 4100/2582/3164 4016/2000/3095 4015/1751/3093
f 4116/2001/1714 4115/2011/1415 4101/5/1644
f 4117/2002/1716 4116/2001/1714 4102/318/1715
f 4118/2003/1718 4117/2002/1716 4103/320/1717
f 4105/324/1720 4119/2012/1735 4118/2003/1718
f 4120/2004/1738 4119/2012/1735 4105/324/1720
f 4121/2005/1723 4120/2004/1738 4106/326/1722
f 4122/2006/1725 4121/2005/1723 4107/328/1724
f 4123/2007/1727 4122/2006/1725 4108/331/1726
f 4110/335/1729 4124/2013/1736 4123/2007/1727
f 4125/2008/1730 4124/2013/1736 4110/335/1729
f 4112/339/1732 4126/2014/1737 4125/2008/1730
f 4127/2009/1733 4126/2014/1737 4112/339/1732
f 4128/2010/1413 4127/2009/1733 4113/341/1734
f 4116/2001/1714 4130/554/1397 4129/105/1415
f 4117/2002/1716 4131/555/1399 4130/554/1397
f 4118/2003/1718 4132/556/1400 4131/555/1399
f 4119/2012/1735 4133/557/1401 4132/556/1400
f 4120/2004/1738 4134/559/1403 4133/557/1401
f 4121/2005/1723 4135/572/1713 4134/559/1403
f 4136/560/1712 4135/572/1713 4121/2005/1723
f 4137/561/1406 4136/560/1712 4122/2006/1725
f 4138/562/1408 4137/561/1406 4123/2007/1727
f 4139/563/1409 4138/562/1408 4124/2013/1736
f 4140/564/1410 4139/563/1409 4125/2008/1730
f 4141/565/1411 4140/564/1410 4126/2014/1737
f 4142/566/1413 4141/565/1411 4127/2009/1733
f 4144/1764/1657 4143/1779/1644 4129/105/1415
f 4145/1766/1658 4144/1764/1657 4130/554/1397
f 4146/1767/1659 4145/1766/1658 4131/555/1399
f 4147/1768/1660 4146/1767/1659 4132/556/1400
f 4148/1769/1662 4147/1768/1660 4133/557/1401
f 4149/1770/1669 4148/1769/1662 4134/559/1403
f 4150/1771/1663 4149/1770/1669 4135/572/1713
f 4151/1772/1664 4150/1771/1663 4136/560/1712
f 4152/1773/1665 4151/1772/1664 4137/561/1406
f 4153/1774/1666 4152/1773/1665 4138/562/1408
f 4154/1775/3165 4153/1774/1666 4139/563/1409
f 4155/1777/1668 4154/1775/3165 4140/564/1410
f 4156/1792/1656 4155/1777/1668 4141/565/1411
f 4158/790/1715 4157/74/1644 4143/1779/1644
f 4159/792/1717 4158/790/1715 4144/1764/1657
f 4160/793/1719 4159/792/1717 4145/1766/1658
f 4161/794/1720 4160/793/1719 4146/1767/1659
f 4162/795/3166 4161/794/1720 4147/1768/1660
f 4163/796/1724 4162/795/3166 4148/1769/1662
f 4164/797/1726 4163/796/1724 4149/1770/1669
f 4151/1772/1664 4165/798/3167 4164/797/1726
f 4152/1773/1665 4166/799/1729 4165/798/3167
f 4153/1774/1666 4167/800/1731 4166/799/1729
f 4154/1775/3165 4168/801/1732 4167/800/1731
f 4155/1777/1668 4169/803/1734 4168/801/1732
f 4156/1792/1656 4170/815/1656 4169/803/1734
f 4172/2015/1714 4171/2026/1415 4157/74/1644
f 4173/2016/1716 4172/2015/1714 4158/790/1715
f 4160/793/1719 4174/2027/1718 4173/2016/1716
f 4175/2017/1735 4174/2027/1718 4160/793/1719
f 4176/2018/1738 4175/2017/1735 4161/794/1720
f 4177/2019/1723 4176/2018/1738 4162/795/3166
f 4178/2020/1725 4177/2019/1723 4163/796/1724
f 4179/2021/1727 4178/2020/1725 4164/797/1726
f 4180/2022/1736 4179/2021/1727 4165/798/3167
f 4181/2023/1730 4180/2022/1736 4166/799/1729
f 4182/2024/1737 4181/2023/1730 4167/800/1731
f 4169/803/1734 4183/2028/1733 4182/2024/1737
f 4184/2025/1413 4183/2028/1733 4169/803/1734
f 4172/2015/1714 4186/1027/1397 4185/106/1415
f 4173/2016/1716 4187/1029/1399 4186/1027/1397
f 4174/2027/1718 4188/1030/1400 4187/1029/1399
f 4175/2017/1735 4189/1031/1401 4188/1030/1400
f 4176/2018/1738 4190/1032/1403 4189/1031/1401
f 4177/2019/1723 4191/1033/1713 4190/1032/1403
f 4192/1034/1712 4191/1033/1713 4177/2019/1723
f 4193/1035/1406 4192/1034/1712 4178/2020/1725
f 4194/1036/1408 4193/1035/1406 4179/2021/1727
f 4195/1037/1409 4194/1036/1408 4180/2022/1736
f 4196/1038/1410 4195/1037/1409 4181/2023/1730
f 4197/1040/1411 4196/1038/1410 4182/2024/1737
f 4198/1052/1413 4197/1040/1411 4183/2028/1733
f 4200/2029/1657 4199/2041/1644 4185/106/1415
f 4201/2030/1658 4200/2029/1657 4186/1027/1397
f 4202/2031/1659 4201/2030/1658 4187/1029/1399
f 4203/2032/1660 4202/2031/1659 4188/1030/1400
f 4190/1032/1403 4204/2042/1662 4203/2032/1660
f 4205/2033/1669 4204/2042/1662 4190/1032/1403
f 4206/2034/1663 4205/2033/1669 4191/1033/1713
f 4207/2035/1664 4206/2034/1663 4192/1034/1712
f 4208/2036/1665 4207/2035/1664 4193/1035/1406
f 4209/2037/1666 4208/2036/1665 4194/1036/1408
f 4210/2038/1667 4209/2037/1666 4195/1037/1409
f 4211/2039/1668 4210/2038/1667 4196/1038/1410
f 4212/2040/1656 4211/2039/1668 4197/1040/1411
f 4214/1264/1374 4213/50/1373 4199/2041/1644
f 4215/1266/1375 4214/1264/1374 4200/2029/1657
f 4216/1267/1376 4215/1266/1375 4201/2030/1658
f 4203/2032/1660 4217/1268/1377 4216/1267/1376
f 4218/1269/1378 4217/1268/1377 4203/2032/1660
f 4205/2033/1669 4219/1270/1391 4218/1269/1378
f 4220/1271/1586 4219/1270/1391 4205/2033/1669
f 4221/1272/1380 4220/1271/1586 4206/2034/1663
f 4208/2036/1665 4222/1273/1381 4221/1272/1380
f 4223/1274/1382 4222/1273/1381 4208/2036/1665
f 4224/1275/1383 4223/1274/1382 4209/2037/1666
f 4211/2039/1668 4225/1277/1384 4224/1275/1383
f 4226/1289/1385 4225/1277/1384 4211/2039/1668
f 4228/1806/1386 4227/1821/1398 4213/50/1373
f 4229/1808/1387 4228/1806/1386 4214/1264/1374
f 4230/1809/1388 4229/1808/1387 4215/1266/1375
f 4231/1810/1402 4230/1809/1388 4216/1267/1376
f 4232/1811/1389 4231/1810/1402 4217/1268/1377
f 4233/1812/1390 4232/1811/1389 4218/1269/1378
f 4234/1813/1392 4233/1812/1390 4219/1270/1391
f 4235/1814/1407 4234/1813/1392 4220/1271/1586
f 4236/1815/1393 4235/1814/1407 4221/1272/1380
f 4237/1816/1394 4236/1815/1393 4222/1273/1381
f 4238/1817/1395 4237/1816/1394 4223/1274/1382
f 4239/1819/1412 4238/1817/1395 4224/1275/1383
f 4240/1834/1396 4239/1819/1412 4225/1277/1384
f 4242/1502/1397 4241/107/1415 4227/1821/1398
f 4229/1808/1387 4243/1503/1399 4242/1502/1397
f 4244/1504/1400 4243/1503/1399 4229/1808/1387
f 4245/1505/1401 4244/1504/1400 4230/1809/1388
f 4232/1811/1389 4246/1507/1403 4245/1505/1401
f 4247/1520/1713 4246/1507/1403 4232/1811/1389
f 4248/1508/1712 4247/1520/1713 4233/1812/1390
f 4235/1814/1407 4249/1509/1406 4248/1508/1712
f 4250/1510/1408 4249/1509/1406 4235/1814/1407
f 4237/1816/1394 4251/1511/1409 4250/1510/1408
f 4252/1512/1410 4251/1511/1409 4237/1816/1394
f 4253/1513/1411 4252/1512/1410 4238/1817/1395
f 4254/1514/1413 4253/1513/1411 4239/1819/1412
f 4256/2043/1657 4255/2056/1644 4241/107/1415
f 4257/2044/1658 4256/2043/1657 4242/1502/1397
f 4258/2045/1659 4257/2044/1658 4243/1503/1399
f 4259/2046/3168 4258/2045/1659 4244/1504/1400
f 4260/2047/1662 4259/2046/3168 4245/1505/1401
f 4261/2048/1669 4260/2047/1662 4246/1507/1403
f 4262/2049/1663 4261/2048/1669 4247/1520/1713
f 4263/2050/1664 4262/2049/1663 4248/1508/1712
f 4264/2051/3169 4263/2050/1664 4249/1509/1406
f 4265/2052/1666 4264/2051/3169 4250/1510/1408
f 4266/2053/1667 4265/2052/1666 4251/1511/1409
f 4267/2054/1668 4266/2053/1667 4252/1512/1410
f 4268/2055/1656 4267/2054/1668 4253/1513/1411
f 4102/1738/1715 4101/14/1644 4255/2056/1644
f 4103/1740/1717 4102/1738/1715 4256/2043/1657
f 4104/1741/1719 4103/1740/1717 4257/2044/1658
f 4105/1742/1720 4104/1741/1719 4258/2045/1659
f 4106/1743/1722 4105/1742/1720 4259/2046/3168
f 4107/1744/1724 4106/1743/1722 4260/2047/1662
f 4108/1745/1726 4107/1744/1724 4261/2048/1669
f 4263/2050/1664 4109/1746/1728 4108/1745/1726
f 4264/2051/3169 4110/1747/1729 4109/1746/1728
f 4265/2052/1666 4111/1748/1731 4110/1747/1729
f 4266/2053/1667 4112/1749/1732 4111/1748/1731
f 4267/2054/1668 4113/1751/1734 4112/1749/1732
f 4268/2055/1656 4114/2000/1656 4113/1751/1734
f 4270/318/3170 4284/2584/3174 4283/2583/3171
f 4271/320/3173 4285/2585/3176 4284/2584/3174
f 4272/322/3175 4286/2586/3178 4285/2585/3176
f 4273/324/3177 4287/2587/3180 4286/2586/3178
f 4274/326/3179 4288/2588/3182 4287/2587/3180
f 4275/328/3181 4289/2601/3202 4288/2588/3182
f 4290/2589/3183 4289/2601/3202 4275/328/3181
f 4291/2590/3185 4290/2589/3183 4276/331/3184
f 4292/2591/3187 4291/2590/3185 4277/333/3186
f 4293/2592/3189 4292/2591/3187 4278/335/3188
f 4294/2593/3191 4293/2592/3189 4279/337/3190
f 4295/2594/3193 4294/2593/3191 4280/339/3192
f 4296/2595/3195 4295/2594/3193 4281/341/3194
f 4284/2584/3174 4298/2597/3198 4297/2596/3197
f 4285/2585/3176 4299/2598/3199 4298/2597/3198
f 4286/2586/3178 4300/2599/3200 4299/2598/3199
f 4287/2587/3180 4301/2600/3201 4300/2599/3200
f 4288/2588/3182 4302/2602/3203 4301/2600/3201
f 4289/2601/3202 4303/2615/3216 4302/2602/3203
f 4304/2603/3204 4303/2615/3216 4289/2601/3202
f 4305/2604/3205 4304/2603/3204 4290/2589/3183
f 4306/2605/3206 4305/2604/3205 4291/2590/3185
f 4307/2606/3207 4306/2605/3206 4292/2591/3187
f 4308/2607/3208 4307/2606/3207 4293/2592/3189
f 4309/2608/3209 4308/2607/3208 4294/2593/3191
f 4310/2609/3210 4309/2608/3209 4295/2594/3193
f 4298/2597/3198 4312/2611/3212 4311/2610/3211
f 4299/2598/3199 4313/2612/3213 4312/2611/3212
f 4300/2599/3200 4314/2613/3214 4313/2612/3213
f 4301/2600/3201 4315/2614/3215 4314/2613/3214
f 4302/2602/3203 4316/2616/3217 4315/2614/3215
f 4303/2615/3216 4317/2629/3230 4316/2616/3217
f 4318/2617/3218 4317/2629/3230 4303/2615/3216
f 4319/2618/3219 4318/2617/3218 4304/2603/3204
f 4320/2619/3220 4319/2618/3219 4305/2604/3205
f 4321/2620/3221 4320/2619/3220 4306/2605/3206
f 4322/2621/3222 4321/2620/3221 4307/2606/3207
f 4323/2622/3223 4322/2621/3222 4308/2607/3208
f 4324/2623/3224 4323/2622/3223 4309/2608/3209
f 4312/2611/3212 4326/2625/3226 4325/2624/3225
f 4313/2612/3213 4327/2626/3227 4326/2625/3226
f 4314/2613/3214 4328/2627/3228 4327/2626/3227
f 4315/2614/3215 4329/2628/3229 4328/2627/3228
f 4316/2616/3217 4330/2630/3231 4329/2628/3229
f 4317/2629/3230 4331/2643/3244 4330/2630/3231
f 4332/2631/3232 4331/2643/3244 4317/2629/3230
f 4333/2632/3233 4332/2631/3232 4318/2617/3218
f 4334/2633/3234 4333/2632/3233 4319/2618/3219
f 4335/2634/3235 4334/2633/3234 4320/2619/3220
f 4336/2635/3236 4335/2634/3235 4321/2620/3221
f 4337/2636/3237 4336/2635/3236 4322/2621/3222
f 4338/2637/3238 4337/2636/3237 4323/2622/3223
f 4326/2625/3226 4340/2639/3240 4339/2638/3239
f 4327/2626/3227 4341/2640/3241 4340/2639/3240
f 4328/2627/3228 4342/2641/3242 4341/2640/3241
f 4329/2628/3229 4343/2642/3243 4342/2641/3242
f 4330/2630/3231 4344/2644/3245 4343/2642/3243
f 4331/2643/3244 4345/2657/3258 4344/2644/3245
f 4346/2645/3246 4345/2657/3258 4331/2643/3244
f 4347/2646/3247 4346/2645/3246 4332/2631/3232
f 4348/2647/3248 4347/2646/3247 4333/2632/3233
f 4349/2648/3249 4348/2647/3248 4334/2633/3234
f 4350/2649/3250 4349/2648/3249 4335/2634/3235
f 4351/2650/3251 4350/2649/3250 4336/2635/3236
f 4352/2651/3252 4351/2650/3251 4337/2636/3237
f 4340/2639/3240 4354/2653/3254 4353/2652/3253
f 4341/2640/3241 4355/2654/3255 4354/2653/3254
f 4342/2641/3242 4356/2655/3256 4355/2654/3255
f 4343/2642/3243 4357/2656/3257 4356/2655/3256
f 4344/2644/3245 4358/2658/3259 4357/2656/3257
f 4345/2657/3258 4359/2671/3272 4358/2658/3259
f 4360/2659/3260 4359/2671/3272 4345/2657/3258
f 4361/2660/3261 4360/2659/3260 4346/2645/3246
f 4362/2661/3262 4361/2660/3261 4347/2646/3247
f 4363/2662/3263 4362/2661/3262 4348/2647/3248
f 4364/2663/3264 4363/2662/3263 4349/2648/3249
f 4365/2664/3265 4364/2663/3264 4350/2649/3250
f 4366/2665/3266 4365/2664/3265 4351/2650/3251
f 4354/2653/3254 4368/2667/3268 4367/2666/3267
f 4355/2654/3255 4369/2668/3269 4368/2667/3268
f 4356/2655/3256 4370/2669/3270 4369/2668/3269
f 4357/2656/3257 4371/2670/3271 4370/2669/3270
f 4358/2658/3259 4372/2672/3273 4371/2670/3271
f 4359/2671/3272 4373/2686/3287 4372/2672/3273
f 4374/2673/3274 4373/2686/3287 4359/2671/3272
f 4375/2674/3275 4374/2673/3274 4360/2659/3260
f 4376/2675/3276 4375/2674/3275 4361/2660/3261
f 4377/2676/3277 4376/2675/3276 4362/2661/3262
f 4378/2677/3278 4377/2676/3277 4363/2662/3263
f 4379/2678/3279 4378/2677/3278 4364/2663/3264
f 4380/2679/3280 4379/2678/3279 4365/2664/3265
f 4382/2680/3281 4381/2694/3295 4367/2666/3267
f 4383/2681/3282 4382/2680/3281 4368/2667/3268
f 4384/2682/3283 4383/2681/3282 4369/2668/3269
f 4385/2683/3284 4384/2682/3283 4370/2669/3270
f 4386/2684/3285 4385/2683/3284 4371/2670/3271
f 4387/2685/3286 4386/2684/3285 4372/2672/3273
f 4388/2687/3288 4387/2685/3286 4373/2686/3287
f 4375/2674/3275 4389/2688/3289 4388/2687/3288
f 4376/2675/3276 4390/2689/3290 4389/2688/3289
f 4377/2676/3277 4391/2690/3291 4390/2689/3290
f 4378/2677/3278 4392/2691/3292 4391/2690/3291
f 4379/2678/3279 4393/2692/3293 4392/2691/3292
f 4380/2679/3280 4394/2705/3306 4393/2692/3293
f 4396/2693/3294 4395/2708/3309 4381/2694/3295
f 4397/2695/3296 4396/2693/3294 4382/2680/3281
f 4398/2696/3297 4397/2695/3296 4383/2681/3282
f 4399/2697/3298 4398/2696/3297 4384/2682/3283
f 4400/2698/3299 4399/2697/3298 4385/2683/3284
f 4401/2699/3300 4400/2698/3299 4386/2684/3285
f 4402/2700/3301 4401/2699/3300 4387/2685/3286
f 4389/2688/3289 4403/2701/3302 4402/2700/3301
f 4390/2689/3290 4404/2702/3303 4403/2701/3302
f 4391/2690/3291 4405/2703/3304 4404/2702/3303
f 4392/2691/3292 4406/2704/3305 4405/2703/3304
f 4393/2692/3293 4407/2706/3307 4406/2704/3305
f 4394/2705/3306 4408/2719/3320 4407/2706/3307
f 4410/2707/3308 4409/2722/1038 4395/2708/3309
f 4411/2709/3310 4410/2707/3308 4396/2693/3294
f 4412/2710/3311 4411/2709/3310 4397/2695/3296
f 4413/2711/3312 4412/2710/3311 4398/2696/3297
f 4414/2712/3313 4413/2711/3312 4399/2697/3298
f 4415/2713/3314 4414/2712/3313 4400/2698/3299
f 4416/2714/3315 4415/2713/3314 4401/2699/3300
f 4403/2701/3302 4417/2715/3316 4416/2714/3315
f 4404/2702/3303 4418/2716/3317 4417/2715/3316
f 4405/2703/3304 4419/2717/3318 4418/2716/3317
f 4406/2704/3305 4420/2718/3319 4419/2717/3318
f 4407/2706/3307 4421/2720/3321 4420/2718/3319
f 4408/2719/3320 4422/2733/1049 4421/2720/3321
f 4424/2721/3322 4423/2736/3335 4409/2722/1038
f 4425/2723/3323 4424/2721/3322 4410/2707/3308
f 4426/2724/3324 4425/2723/3323 4411/2709/3310
f 4427/2725/3325 4426/2724/3324 4412/2710/3311
f 4428/2726/3326 4427/2725/3325 4413/2711/3312
f 4429/2727/3327 4428/2726/3326 4414/2712/3313
f 4430/2728/3328 4429/2727/3327 4415/2713/3314
f 4417/2715/3316 4431/2729/3329 4430/2728/3328
f 4418/2716/3317 4432/2730/3330 4431/2729/3329
f 4419/2717/3318 4433/2731/3331 4432/2730/3330
f 4420/2718/3319 4434/2732/3332 4433/2731/3331
f 4421/2720/3321 4435/2734/3333 4434/2732/3332
f 4422/2733/1049 4436/2747/3346 4435/2734/3333
f 4438/2735/3334 4437/2750/3349 4423/2736/3335
f 4439/2737/3336 4438/2735/3334 4424/2721/3322
f 4440/2738/3337 4439/2737/3336 4425/2723/3323
f 4441/2739/3338 4440/2738/3337 4426/2724/3324
f 4442/2740/3339 4441/2739/3338 4427/2725/3325
f 4443/2741/3340 4442/2740/3339 4428/2726/3326
f 4444/2742/3341 4443/2741/3340 4429/2727/3327
f 4431/2729/3329 4445/2743/3342 4444/2742/3341
f 4432/2730/3330 4446/2744/3343 4445/2743/3342
f 4433/2731/3331 4447/2745/3344 4446/2744/3343
f 4434/2732/3332 4448/2746/3345 4447/2745/3344
f 4435/2734/3333 4449/2748/3347 4448/2746/3345
f 4436/2747/3346 4450/2763/3362 4449/2748/3347
f 4438/2735/3334 4452/2751/3350 4451/2749/3348
f 4439/2737/3336 4453/2752/3351 4452/2751/3350
f 4440/2738/3337 4454/2753/3352 4453/2752/3351
f 4441/2739/3338 4455/2754/3353 4454/2753/3352
f 4442/2740/3339 4456/2755/3354 4455/2754/3353
f 4443/2741/3340 4457/2769/3368 4456/2755/3354
f 4458/2756/3355 4457/2769/3368 4443/2741/3340
f 4459/2757/3356 4458/2756/3355 4444/2742/3341
f 4460/2758/3357 4459/2757/3356 4445/2743/3342
f 4461/2759/3358 4460/2758/3357 4446/2744/3343
f 4462/2760/3359 4461/2759/3358 4447/2745/3344
f 4463/2761/3360 4462/2760/3359 4448/2746/3345
f 4464/2762/3361 4463/2761/3360 4449/2748/3347
f 4452/2751/3350 4466/2765/3364 4465/2764/3363
f 4453/2752/3351 4467/2766/3365 4466/2765/3364
f 4454/2753/3352 4468/2767/3366 4467/2766/3365
f 4455/2754/3353 4469/2768/3367 4468/2767/3366
f 4456/2755/3354 4470/2770/3369 4469/2768/3367
f 4457/2769/3368 4471/2783/3382 4470/2770/3369
f 4472/2771/3370 4471/2783/3382 4457/2769/3368
f 4473/2772/3371 4472/2771/3370 4458/2756/3355
f 4474/2773/3372 4473/2772/3371 4459/2757/3356
f 4475/2774/3373 4474/2773/3372 4460/2758/3357
f 4476/2775/3374 4475/2774/3373 4461/2759/3358
f 4477/2776/3375 4476/2775/3374 4462/2760/3359
f 4478/2777/3376 4477/2776/3375 4463/2761/3360
f 4466/2765/3364 4480/2779/3378 4479/2778/3377
f 4467/2766/3365 4481/2780/3379 4480/2779/3378
f 4468/2767/3366 4482/2781/3380 4481/2780/3379
f 4469/2768/3367 4483/2782/3381 4482/2781/3380
f 4470/2770/3369 4484/2784/3383 4483/2782/3381
f 4471/2783/3382 4485/2797/3396 4484/2784/3383
f 4486/2785/3384 4485/2797/3396 4471/2783/3382
f 4487/2786/3385 4486/2785/3384 4472/2771/3370
f 4488/2787/3386 4487/2786/3385 4473/2772/3371
f 4489/2788/3387 4488/2787/3386 4474/2773/3372
f 4490/2789/3388 4489/2788/3387 4475/2774/3373
f 4491/2790/3389 4490/2789/3388 4476/2775/3374
f 4492/2791/3390 4491/2790/3389 4477/2776/3375
f 4480/2779/3378 4494/2793/3392 4493/2792/3391
f 4481/2780/3379 4495/2794/3393 4494/2793/3392
f 4482/2781/3380 4496/2795/3394 4495/2794/3393
f 4483/2782/3381 4497/2796/3395 4496/2795/3394
f 4484/2784/3383 4498/2798/3397 4497/2796/3395
f 4485/2797/3396 4499/2811/3410 4498/2798/3397
f 4500/2799/3398 4499/2811/3410 4485/2797/3396
f 4501/2800/3399 4500/2799/3398 4486/2785/3384
f 4502/2801/3400 4501/2800/3399 4487/2786/3385
f 4503/2802/3401 4502/2801/3400 4488/2787/3386
f 4504/2803/3402 4503/2802/3401 4489/2788/3387
f 4505/2804/3403 4504/2803/3402 4490/2789/3388
f 4506/2805/3404 4505/2804/3403 4491/2790/3389
f 4494/2793/3392 4508/2807/3406 4507/2806/3405
f 4495/2794/3393 4509/2808/3407 4508/2807/3406
f 4496/2795/3394 4510/2809/3408 4509/2808/3407
f 4497/2796/3395 4511/2810/3409 4510/2809/3408
f 4498/2798/3397 4512/2812/3411 4511/2810/3409
f 4499/2811/3410 4513/2826/3425 4512/2812/3411
f 4514/2813/3412 4513/2826/3425 4499/2811/3410
f 4515/2814/3413 4514/2813/3412 4500/2799/3398
f 4516/2815/3414 4515/2814/3413 4501/2800/3399
f 4517/2816/3415 4516/2815/3414 4502/2801/3400
f 4518/2817/3416 4517/2816/3415 4503/2802/3401
f 4519/2818/3417 4518/2817/3416 4504/2803/3402
f 4520/2819/3418 4519/2818/3417 4505/2804/3403
f 4522/2820/3419 4521/2834/3433 4507/2806/3405
f 4523/2821/3420 4522/2820/3419 4508/2807/3406
f 4524/2822/3421 4523/2821/3420 4509/2808/3407
f 4525/2823/3422 4524/2822/3421 4510/2809/3408
f 4526/2824/3423 4525/2823/3422 4511/2810/3409
f 4527/2825/3424 4526/2824/3423 4512/2812/3411
f 4528/2827/3426 4527/2825/3424 4513/2826/3425
f 4515/2814/3413 4529/2828/3427 4528/2827/3426
f 4516/2815/3414 4530/2829/3428 4529/2828/3427
f 4517/2816/3415 4531/2830/3429 4530/2829/3428
f 4518/2817/3416 4532/2831/3430 4531/2830/3429
f 4519/2818/3417 4533/2832/3431 4532/2831/3430
f 4520/2819/3418 4534/2845/3444 4533/2832/3431
f 4536/2833/3432 4535/2848/3447 4521/2834/3433
f 4537/2835/3434 4536/2833/3432 4522/2820/3419
f 4538/2836/3435 4537/2835/3434 4523/2821/3420
f 4539/2837/3436 4538/2836/3435 4524/2822/3421
f 4540/2838/3437 4539/2837/3436 4525/2823/3422
f 4541/2839/3438 4540/2838/3437 4526/2824/3423
f 4542/2840/3439 4541/2839/3438 4527/2825/3424
f 4529/2828/3427 4543/2841/3440 4542/2840/3439
f 4530/2829/3428 4544/2842/3441 4543/2841/3440
f 4531/2830/3429 4545/2843/3442 4544/2842/3441
f 4532/2831/3430 4546/2844/3443 4545/2843/3442
f 4533/2832/3431 4547/2846/3445 4546/2844/3443
f 4534/2845/3444 4548/2859/3458 4547/2846/3445
f 4550/2847/3446 4549/2862/3461 4535/2848/3447
f 4551/2849/3448 4550/2847/3446 4536/2833/3432
f 4552/2850/3449 4551/2849/3448 4537/2835/3434
f 4553/2851/3450 4552/2850/3449 4538/2836/3435
f 4554/2852/3451 4553/2851/3450 4539/2837/3436
f 4555/2853/3452 4554/2852/3451 4540/2838/3437
f 4556/2854/3453 4555/2853/3452 4541/2839/3438
f 4543/2841/3440 4557/2855/3454 4556/2854/3453
f 4544/2842/3441 4558/2856/3455 4557/2855/3454
f 4545/2843/3442 4559/2857/3456 4558/2856/3455
f 4546/2844/3443 4560/2858/3457 4559/2857/3456
f 4547/2846/3445 4561/2860/3459 4560/2858/3457
f 4548/2859/3458 4562/2873/3472 4561/2860/3459
f 4564/2861/3460 4563/2876/3475 4549/2862/3461
f 4565/2863/3462 4564/2861/3460 4550/2847/3446
f 4566/2864/3463 4565/2863/3462 4551/2849/3448
f 4567/2865/3464 4566/2864/3463 4552/2850/3449
f 4568/2866/3465 4567/2865/3464 4553/2851/3450
f 4569/2867/3466 4568/2866/3465 4554/2852/3451
f 4570/2868/3467 4569/2867/3466 4555/2853/3452
f 4557/2855/3454 4571/2869/3468 4570/2868/3467
f 4558/2856/3455 4572/2870/3469 4571/2869/3468
f 4559/2857/3456 4573/2871/3470 4572/2870/3469
f 4560/2858/3457 4574/2872/3471 4573/2871/3470
f 4561/2860/3459 4575/2874/3473 4574/2872/3471
f 4562/2873/3472 4576/2887/3486 4575/2874/3473
f 4578/2875/3474 4577/2890/3489 4563/2876/3475
f 4579/2877/3476 4578/2875/3474 4564/2861/3460
f 4580/2878/3477 4579/2877/3476 4565/2863/3462
f 4581/2879/3478 4580/2878/3477 4566/2864/3463
f 4582/2880/3479 4581/2879/3478 4567/2865/3464
f 4583/2881/3480 4582/2880/3479 4568/2866/3465
f 4584/2882/3481 4583/2881/3480 4569/2867/3466
f 4571/2869/3468 4585/2883/3482 4584/2882/3481
f 4572/2870/3469 4586/2884/3483 4585/2883/3482
f 4573/2871/3470 4587/2885/3484 4586/2884/3483
f 4574/2872/3471 4588/2886/3485 4587/2885/3484
f 4575/2874/3473 4589/2888/3487 4588/2886/3485
f 4576/2887/3486 4590/2901/3500 4589/2888/3487
f 4592/2889/3488 4591/2903/3502 4577/2890/3489
f 4579/2877/3476 4593/2891/3490 4592/2889/3488
f 4580/2878/3477 4594/2892/3491 4593/2891/3490
f 4581/2879/3478 4595/2893/3492 4594/2892/3491
f 4582/2880/3479 4596/2894/3493 4595/2893/3492
f 4583/2881/3480 4597/2909/3508 4596/2894/3493
f 4598/2895/3494 4597/2909/3508 4583/2881/3480
f 4599/2896/3495 4598/2895/3494 4584/2882/3481
f 4600/2897/3496 4599/2896/3495 4585/2883/3482
f 4601/2898/3497 4600/2897/3496 4586/2884/3483
f 4602/2899/3498 4601/2898/3497 4587/2885/3484
f 4603/2900/3499 4602/2899/3498 4588/2886/3485
f 4590/2901/3500 4604/2916/3515 4603/2900/3499
f 4592/2889/3488 4606/2918/3517 4605/2902/3501
f 4607/2904/3503 4606/2918/3517 4592/2889/3488
f 4608/2905/3504 4607/2904/3503 4593/2891/3490
f 4609/2906/3505 4608/2905/3504 4594/2892/3491
f 4610/2907/3506 4609/2906/3505 4595/2893/3492
f 4611/2908/3507 4610/2907/3506 4596/2894/3493
f 4612/2910/3509 4611/2908/3507 4597/2909/3508
f 4599/2896/3495 4613/2911/3510 4612/2910/3509
f 4600/2897/3496 4614/2912/3511 4613/2911/3510
f 4601/2898/3497 4615/2913/3512 4614/2912/3511
f 4602/2899/3498 4616/2914/3513 4615/2913/3512
f 4603/2900/3499 4617/2928/3527 4616/2914/3513
f 4618/2915/3514 4617/2928/3527 4603/2900/3499
f 4620/2917/3516 4619/2932/3531 4605/2902/3501
f 4621/2919/3518 4620/2917/3516 4606/2918/3517
f 4622/2920/3519 4621/2919/3518 4607/2904/3503
f 4623/2921/3520 4622/2920/3519 4608/2905/3504
f 4624/2922/3521 4623/2921/3520 4609/2906/3505
f 4625/2923/3522 4624/2922/3521 4610/2907/3506
f 4626/2924/3523 4625/2923/3522 4611/2908/3507
f 4613/2911/3510 4627/2925/3524 4626/2924/3523
f 4614/2912/3511 4628/2926/3525 4627/2925/3524
f 4615/2913/3512 4629/2927/3526 4628/2926/3525
f 4616/2914/3513 4630/2929/3528 4629/2927/3526
f 4617/2928/3527 4631/2930/3529 4630/2929/3528
f 4618/2915/3514 4632/2943/3542 4631/2930/3529
f 4634/2931/3530 4633/2946/3545 4619/2932/3531
f 4635/2933/3532 4634/2931/3530 4620/2917/3516
f 4636/2934/3533 4635/2933/3532 4621/2919/3518
f 4637/2935/3534 4636/2934/3533 4622/2920/3519
f 4638/2936/3535 4637/2935/3534 4623/2921/3520
f 4639/2937/3536 4638/2936/3535 4624/2922/3521
f 4640/2938/3537 4639/2937/3536 4625/2923/3522
f 4627/2925/3524 4641/2939/3538 4640/2938/3537
f 4628/2926/3525 4642/2940/3539 4641/2939/3538
f 4629/2927/3526 4643/2941/3540 4642/2940/3539
f 4630/2929/3528 4644/2942/3541 4643/2941/3540
f 4631/2930/3529 4645/2944/3543 4644/2942/3541
f 4632/2943/3542 4646/2957/3556 4645/2944/3543
f 4648/2945/3544 4647/2960/3559 4633/2946/3545
f 4649/2947/3546 4648/2945/3544 4634/2931/3530
f 4650/2948/3547 4649/2947/3546 4635/2933/3532
f 4651/2949/3548 4650/2948/3547 4636/2934/3533
f 4652/2950/3549 4651/2949/3548 4637/2935/3534
f 4653/2951/3550 4652/2950/3549 4638/2936/3535
f 4654/2952/3551 4653/2951/3550 4639/2937/3536
f 4641/2939/3538 4655/2953/3552 4654/2952/3551
f 4642/2940/3539 4656/2954/3553 4655/2953/3552
f 4643/2941/3540 4657/2955/3554 4656/2954/3553
f 4644/2942/3541 4658/2956/3555 4657/2955/3554
f 4645/2944/3543 4659/2958/3557 4658/2956/3555
f 4646/2957/3556 4660/2971/3570 4659/2958/3557
f 4662/2959/3558 4661/2974/3573 4647/2960/3559
f 4663/2961/3560 4662/2959/3558 4648/2945/3544
f 4664/2962/3561 4663/2961/3560 4649/2947/3546
f 4665/2963/3562 4664/2962/3561 4650/2948/3547
f 4666/2964/3563 4665/2963/3562 4651/2949/3548
f 4667/2965/3564 4666/2964/3563 4652/2950/3549
f 4668/2966/3565 4667/2965/3564 4653/2951/3550
f 4655/2953/3552 4669/2967/3566 4668/2966/3565
f 4656/2954/3553 4670/2968/3567 4669/2967/3566
f 4657/2955/3554 4671/2969/3568 4670/2968/3567
f 4658/2956/3555 4672/2970/3569 4671/2969/3568
f 4659/2958/3557 4673/2972/3571 4672/2970/3569
f 4660/2971/3570 4674/2985/3584 4673/2972/3571
f 4676/2973/3572 4675/2988/3587 4661/2974/3573
f 4677/2975/3574 4676/2973/3572 4662/2959/3558
f 4678/2976/3575 4677/2975/3574 4663/2961/3560
f 4679/2977/3576 4678/2976/3575 4664/2962/3561
f 4680/2978/3577 4679/2977/3576 4665/2963/3562
f 4681/2979/3578 4680/2978/3577 4666/2964/3563
f 4682/2980/3579 4681/2979/3578 4667/2965/3564
f 4669/2967/3566 4683/2981/3580 4682/2980/3579
f 4670/2968/3567 4684/2982/3581 4683/2981/3580
f 4671/2969/3568 4685/2983/3582 4684/2982/3581
f 4672/2970/3569 4686/2984/3583 4685/2983/3582
f 4673/2972/3571 4687/2986/3585 4686/2984/3583
f 4674/2985/3584 4688/2999/3598 4687/2986/3585
f 4690/2987/3586 4689/3002/3601 4675/2988/3587
f 4691/2989/3588 4690/2987/3586 4676/2973/3572
f 4692/2990/3589 4691/2989/3588 4677/2975/3574
f 4693/2991/3590 4692/2990/3589 4678/2976/3575
f 4694/2992/3591 4693/2991/3590 4679/2977/3576
f 4695/2993/3592 4694/2992/3591 4680/2978/3577
f 4696/2994/3593 4695/2993/3592 4681/2979/3578
f 4683/2981/3580 4697/2995/3594 4696/2994/3593
f 4684/2982/3581 4698/2996/3595 4697/2995/3594
f 4685/2983/3582 4699/2997/3596 4698/2996/3595
f 4686/2984/3583 4700/2998/3597 4699/2997/3596
f 4687/2986/3585 4701/3000/3599 4700/2998/3597
f 4688/2999/3598 4702/3013/3612 4701/3000/3599
f 4704/3001/3600 4703/3016/3615 4689/3002/3601
f 4705/3003/3602 4704/3001/3600 4690/2987/3586
f 4706/3004/3603 4705/3003/3602 4691/2989/3588
f 4707/3005/3604 4706/3004/3603 4692/2990/3589
f 4708/3006/3605 4707/3005/3604 4693/2991/3590
f 4709/3007/3606 4708/3006/3605 4694/2992/3591
f 4710/3008/3607 4709/3007/3606 4695/2993/3592
f 4697/2995/3594 4711/3009/3608 4710/3008/3607
f 4698/2996/3595 4712/3010/3609 4711/3009/3608
f 4699/2997/3596 4713/3011/3610 4712/3010/3609
f 4700/2998/3597 4714/3012/3611 4713/3011/3610
f 4701/3000/3599 4715/3014/3613 4714/3012/3611
f 4702/3013/3612 4716/3027/3626 4715/3014/3613
f 4718/3015/3614 4717/3030/3629 4703/3016/3615
f 4719/3017/3616 4718/3015/3614 4704/3001/3600
f 4720/3018/3617 4719/3017/3616 4705/3003/3602
f 4721/3019/3618 4720/3018/3617 4706/3004/3603
f 4722/3020/3619 4721/3019/3618 4707/3005/3604
f 4723/3021/3620 4722/3020/3619 4708/3006/3605
f 4724/3022/3621 4723/3021/3620 4709/3007/3606
f 4711/3009/3608 4725/3023/3622 4724/3022/3621
f 4712/3010/3609 4726/3024/3623 4725/3023/3622
f 4713/3011/3610 4727/3025/3624 4726/3024/3623
f 4714/3012/3611 4728/3026/3625 4727/3025/3624
f 4715/3014/3613 4729/3028/3627 4728/3026/3625
f 4716/3027/3626 4730/3041/3640 4729/3028/3627
f 4732/3029/3628 4731/3044/3643 4717/3030/3629
f 4733/3031/3630 4732/3029/3628 4718/3015/3614
f 4734/3032/3631 4733/3031/3630 4719/3017/3616
f 4735/3033/3632 4734/3032/3631 4720/3018/3617
f 4736/3034/3633 4735/3033/3632 4721/3019/3618
f 4737/3035/3634 4736/3034/3633 4722/3020/3619
f 4738/3036/3635 4737/3035/3634 4723/3021/3620
f 4725/3023/3622 4739/3037/3636 4738/3036/3635
f 4726/3024/3623 4740/3038/3637 4739/3037/3636
f 4727/3025/3624 4741/3039/3638 4740/3038/3637
f 4728/3026/3625 4742/3040/3639 4741/3039/3638
f 4729/3028/3627 4743/3042/3641 4742/3040/3639
f 4730/3041/3640 4744/3055/3654 4743/3042/3641
f 4746/3043/3642 4745/3058/3657 4731/3044/3643
f 4747/3045/3644 4746/3043/3642 4732/3029/3628
f 4748/3046/3645 4747/3045/3644 4733/3031/3630
f 4749/3047/3646 4748/3046/3645 4734/3032/3631
f 4750/3048/3647 4749/3047/3646 4735/3033/3632
f 4751/3049/3648 4750/3048/3647 4736/3034/3633
f 4752/3050/3649 4751/3049/3648 4737/3035/3634
f 4739/3037/3636 4753/3051/3650 4752/3050/3649
f 4740/3038/3637 4754/3052/3651 4753/3051/3650
f 4741/3039/3638 4755/3053/3652 4754/3052/3651
f 4742/3040/3639 4756/3054/3653 4755/3053/3652
f 4743/3042/3641 4757/3056/3655 4756/3054/3653
f 4744/3055/3654 4758/3069/3668 4757/3056/3655
f 4760/3057/3656 4759/3072/3671 4745/3058/3657
f 4761/3059/3658 4760/3057/3656 4746/3043/3642
f 4762/3060/3659 4761/3059/3658 4747/3045/3644
f 4763/3061/3660 4762/3060/3659 4748/3046/3645
f 4764/3062/3661 4763/3061/3660 4749/3047/3646
f 4765/3063/3662 4764/3062/3661 4750/3048/3647
f 4766/3064/3663 4765/3063/3662 4751/3049/3648
f 4753/3051/3650 4767/3065/3664 4766/3064/3663
f 4754/3052/3651 4768/3066/3665 4767/3065/3664
f 4755/3053/3652 4769/3067/3666 4768/3066/3665
f 4756/3054/3653 4770/3068/3667 4769/3067/3666
f 4757/3056/3655 4771/3070/3669 4770/3068/3667
f 4758/3069/3668 4772/3083/3682 4771/3070/3669
f 4774/3071/3670 4773/3086/3685 4759/3072/3671
f 4775/3073/3672 4774/3071/3670 4760/3057/3656
f 4776/3074/3673 4775/3073/3672 4761/3059/3658
f 4777/3075/3674 4776/3074/3673 4762/3060/3659
f 4778/3076/3675 4777/3075/3674 4763/3061/3660
f 4779/3077/3676 4778/3076/3675 4764/3062/3661
f 4780/3078/3677 4779/3077/3676 4765/3063/3662
f 4767/3065/3664 4781/3079/3678 4780/3078/3677
f 4768/3066/3665 4782/3080/3679 4781/3079/3678
f 4769/3067/3666 4783/3081/3680 4782/3080/3679
f 4770/3068/3667 4784/3082/3681 4783/3081/3680
f 4771/3070/3669 4785/3084/3683 4784/3082/3681
f 4772/3083/3682 4786/3097/3696 4785/3084/3683
f 4788/3085/3684 4787/3100/3699 4773/3086/3685
f 4789/3087/3686 4788/3085/3684 4774/3071/3670
f 4790/3088/3687 4789/3087/3686 4775/3073/3672
f 4791/3089/3688 4790/3088/3687 4776/3074/3673
f 4792/3090/3689 4791/3089/3688 4777/3075/3674
f 4793/3091/3690 4792/3090/3689 4778/3076/3675
f 4794/3092/3691 4793/3091/3690 4779/3077/3676
f 4781/3079/3678 4795/3093/3692 4794/3092/3691
f 4782/3080/3679 4796/3094/3693 4795/3093/3692
f 4783/3081/3680 4797/3095/3694 4796/3094/3693
f 4784/3082/3681 4798/3096/3695 4797/3095/3694
f 4785/3084/3683 4799/3098/3697 4798/3096/3695
f 4786/3097/3696 4800/3111/3710 4799/3098/3697
f 4802/3099/3698 4801/3114/3713 4787/3100/3699
f 4803/3101/3700 4802/3099/3698 4788/3085/3684
f 4804/3102/3701 4803/3101/3700 4789/3087/3686
f 4805/3103/3702 4804/3102/3701 4790/3088/3687
f 4806/3104/3703 4805/3103/3702 4791/3089/3688
f 4807/3105/3704 4806/3104/3703 4792/3090/3689
f 4808/3106/3705 4807/3105/3704 4793/3091/3690
f 4795/3093/3692 4809/3107/3706 4808/3106/3705
f 4796/3094/3693 4810/3108/3707 4809/3107/3706
f 4797/3095/3694 4811/3109/3708 4810/3108/3707
f 4798/3096/3695 4812/3110/3709 4811/3109/3708
f 4799/3098/3697 4813/3112/3711 4812/3110/3709
f 4800/3111/3710 4814/3127/3726 4813/3112/3711
f 4802/3099/3698 4816/3115/3714 4815/3113/3712
f 4803/3101/3700 4817/3116/3715 4816/3115/3714
f 4804/3102/3701 4818/3117/3716 4817/3116/3715
f 4805/3103/3702 4819/3118/3717 4818/3117/3716
f 4806/3104/3703 4820/3119/3718 4819/3118/3717
f 4807/3105/3704 4821/3133/3732 4820/3119/3718
f 4822/3120/3719 4821/3133/3732 4807/3105/3704
f 4823/3121/3720 4822/3120/3719 4808/3106/3705
f 4824/3122/3721 4823/3121/3720 4809/3107/3706
f 4825/3123/3722 4824/3122/3721 4810/3108/3707
f 4826/3124/3723 4825/3123/3722 4811/3109/3708
f 4827/3125/3724 4826/3124/3723 4812/3110/3709
f 4828/3126/3725 4827/3125/3724 4813/3112/3711
f 4816/3115/3714 4830/3129/3728 4829/3128/3727
f 4817/3116/3715 4831/3130/3729 4830/3129/3728
f 4818/3117/3716 4832/3131/3730 4831/3130/3729
f 4819/3118/3717 4833/3132/3731 4832/3131/3730
f 4820/3119/3718 4834/3134/3733 4833/3132/3731
f 4821/3133/3732 4835/3147/3746 4834/3134/3733
f 4836/3135/3734 4835/3147/3746 4821/3133/3732
f 4837/3136/3735 4836/3135/3734 4822/3120/3719
f 4838/3137/3736 4837/3136/3735 4823/3121/3720
f 4839/3138/3737 4838/3137/3736 4824/3122/3721
f 4840/3139/3738 4839/3138/3737 4825/3123/3722
f 4841/3140/3739 4840/3139/3738 4826/3124/3723
f 4842/3141/3740 4841/3140/3739 4827/3125/3724
f 4830/3129/3728 4844/3143/3742 4843/3142/3741
f 4831/3130/3729 4845/3144/3743 4844/3143/3742
f 4832/3131/3730 4846/3145/3744 4845/3144/3743
f 4833/3132/3731 4847/3146/3745 4846/3145/3744
f 4834/3134/3733 4848/3148/3747 4847/3146/3745
f 4835/3147/3746 4849/3161/3760 4848/3148/3747
f 4850/3149/3748 4849/3161/3760 4835/3147/3746
f 4851/3150/3749 4850/3149/3748 4836/3135/3734
f 4852/3151/3750 4851/3150/3749 4837/3136/3735
f 4853/3152/3751 4852/3151/3750 4838/3137/3736
f 4854/3153/3752 4853/3152/3751 4839/3138/3737
f 4855/3154/3753 4854/3153/3752 4840/3139/3738
f 4856/3155/3754 4855/3154/3753 4841/3140/3739
f 4844/3143/3742 4858/3157/3756 4857/3156/3755
f 4845/3144/3743 4859/3158/3757 4858/3157/3756
f 4846/3145/3744 4860/3159/3758 4859/3158/3757
f 4847/3146/3745 4861/3160/3759 4860/3159/3758
f 4848/3148/3747 4862/3162/3761 4861/3160/3759
f 4849/3161/3760 4863/3175/3774 4862/3162/3761
f 4864/3163/3762 4863/3175/3774 4849/3161/3760
f 4865/3164/3763 4864/3163/3762 4850/3149/3748
f 4866/3165/3764 4865/3164/3763 4851/3150/3749
f 4867/3166/3765 4866/3165/3764 4852/3151/3750
f 4868/3167/3766 4867/3166/3765 4853/3152/3751
f 4869/3168/3767 4868/3167/3766 4854/3153/3752
f 4870/3169/3768 4869/3168/3767 4855/3154/3753
f 4858/3157/3756 4872/3171/3770 4871/3170/3769
f 4859/3158/3757 4873/3172/3771 4872/3171/3770
f 4860/3159/3758 4874/3173/3772 4873/3172/3771
f 4861/3160/3759 4875/3174/3773 4874/3173/3772
f 4862/3162/3761 4876/3176/3775 4875/3174/3773
f 4863/3175/3774 4877/3189/3788 4876/3176/3775
f 4878/3177/3776 4877/3189/3788 4863/3175/3774
f 4879/3178/3777 4878/3177/3776 4864/3163/3762
f 4880/3179/3778 4879/3178/3777 4865/3164/3763
f 4881/3180/3779 4880/3179/3778 4866/3165/3764
f 4882/3181/3780 4881/3180/3779 4867/3166/3765
f 4883/3182/3781 4882/3181/3780 4868/3167/3766
f 4884/3183/3782 4883/3182/3781 4869/3168/3767
f 4872/3171/3770 4886/3185/3784 4885/3184/3783
f 4873/3172/3771 4887/3186/3785 4886/3185/3784
f 4874/3173/3772 4888/3187/3786 4887/3186/3785
f 4875/3174/3773 4889/3188/3787 4888/3187/3786
f 4876/3176/3775 4890/3190/3789 4889/3188/3787
f 4877/3189/3788 4891/3203/3802 4890/3190/3789
f 4892/3191/3790 4891/3203/3802 4877/3189/3788
f 4893/3192/3791 4892/3191/3790 4878/3177/3776
f 4894/3193/3792 4893/3192/3791 4879/3178/3777
f 4895/3194/3793 4894/3193/3792 4880/3179/3778
f 4896/3195/3794 4895/3194/3793 4881/3180/3779
f 4897/3196/3795 4896/3195/3794 4882/3181/3780
f 4898/3197/3796 4897/3196/3795 4883/3182/3781
f 4886/3185/3784 4900/3199/3798 4899/3198/3797
f 4887/3186/3785 4901/3200/3799 4900/3199/3798
f 4888/3187/3786 4902/3201/3800 4901/3200/3799
f 4889/3188/3787 4903/3202/3801 4902/3201/3800
f 4890/3190/3789 4904/3204/3803 4903/3202/3801
f 4891/3203/3802 4905/3217/3816 4904/3204/3803
f 4906/3205/3804 4905/3217/3816 4891/3203/3802
f 4907/3206/3805 4906/3205/3804 4892/3191/3790
f 4908/3207/3806 4907/3206/3805 4893/3192/3791
f 4909/3208/3807 4908/3207/3806 4894/3193/3792
f 4910/3209/3808 4909/3208/3807 4895/3194/3793
f 4911/3210/3809 4910/3209/3808 4896/3195/3794
f 4912/3211/3810 4911/3210/3809 4897/3196/3795
f 4900/3199/3798 4914/3213/3812 4913/3212/3811
f 4901/3200/3799 4915/3214/3813 4914/3213/3812
f 4902/3201/3800 4916/3215/3814 4915/3214/3813
f 4903/3202/3801 4917/3216/3815 4916/3215/3814
f 4904/3204/3803 4918/3218/3817 4917/3216/3815
f 4905/3217/3816 4919/3231/3830 4918/3218/3817
f 4920/3219/3818 4919/3231/3830 4905/3217/3816
f 4921/3220/3819 4920/3219/3818 4906/3205/3804
f 4922/3221/3820 4921/3220/3819 4907/3206/3805
f 4923/3222/3821 4922/3221/3820 4908/3207/3806
f 4924/3223/3822 4923/3222/3821 4909/3208/3807
f 4925/3224/3823 4924/3223/3822 4910/3209/3808
f 4926/3225/3824 4925/3224/3823 4911/3210/3809
f 4914/3213/3812 4928/3227/3826 4927/3226/3825
f 4915/3214/3813 4929/3228/3827 4928/3227/3826
f 4916/3215/3814 4930/3229/3828 4929/3228/3827
f 4917/3216/3815 4931/3230/3829 4930/3229/3828
f 4918/3218/3817 4932/3232/3831 4931/3230/3829
f 4919/3231/3830 4933/3246/3845 4932/3232/3831
f 4934/3233/3832 4933/3246/3845 4919/3231/3830
f 4935/3234/3833 4934/3233/3832 4920/3219/3818
f 4936/3235/3834 4935/3234/3833 4921/3220/3819
f 4937/3236/3835 4936/3235/3834 4922/3221/3820
f 4938/3237/3836 4937/3236/3835 4923/3222/3821
f 4939/3238/3837 4938/3237/3836 4924/3223/3822
f 4940/3239/3838 4939/3238/3837 4925/3224/3823
f 4942/3240/3839 4941/3254/3853 4927/3226/3825
f 4943/3241/3840 4942/3240/3839 4928/3227/3826
f 4944/3242/3841 4943/3241/3840 4929/3228/3827
f 4945/3243/3842 4944/3242/3841 4930/3229/3828
f 4946/3244/3843 4945/3243/3842 4931/3230/3829
f 4947/3245/3844 4946/3244/3843 4932/3232/3831
f 4948/3247/3846 4947/3245/3844 4933/3246/3845
f 4935/3234/3833 4949/3248/3847 4948/3247/3846
f 4936/3235/3834 4950/3249/3848 4949/3248/3847
f 4937/3236/3835 4951/3250/3849 4950/3249/3848
f 4938/3237/3836 4952/3251/3850 4951/3250/3849
f 4939/3238/3837 4953/3252/3851 4952/3251/3850
f 4940/3239/3838 4954/3265/3864 4953/3252/3851
f 4956/3253/3852 4955/3268/3867 4941/3254/3853
f 4957/3255/3854 4956/3253/3852 4942/3240/3839
f 4958/3256/3855 4957/3255/3854 4943/3241/3840
f 4959/3257/3856 4958/3256/3855 4944/3242/3841
f 4960/3258/3857 4959/3257/3856 4945/3243/3842
f 4961/3259/3858 4960/3258/3857 4946/3244/3843
f 4962/3260/3859 4961/3259/3858 4947/3245/3844
f 4949/3248/3847 4963/3261/3860 4962/3260/3859
f 4950/3249/3848 4964/3262/3861 4963/3261/3860
f 4951/3250/3849 4965/3263/3862 4964/3262/3861
f 4952/3251/3850 4966/3264/3863 4965/3263/3862
f 4953/3252/3851 4967/3266/3865 4966/3264/3863
f 4954/3265/3864 4968/3279/3878 4967/3266/3865
f 4970/3267/3866 4969/3282/3881 4955/3268/3867
f 4971/3269/3868 4970/3267/3866 4956/3253/3852
f 4972/3270/3869 4971/3269/3868 4957/3255/3854
f 4973/3271/3870 4972/3270/3869 4958/3256/3855
f 4974/3272/3871 4973/3271/3870 4959/3257/3856
f 4975/3273/3872 4974/3272/3871 4960/3258/3857
f 4976/3274/3873 4975/3273/3872 4961/3259/3858
f 4963/3261/3860 4977/3275/3874 4976/3274/3873
f 4964/3262/3861 4978/3276/3875 4977/3275/3874
f 4965/3263/3862 4979/3277/3876 4978/3276/3875
f 4966/3264/3863 4980/3278/3877 4979/3277/3876
f 4967/3266/3865 4981/3280/3879 4980/3278/3877
f 4968/3279/3878 4982/3293/3892 4981/3280/3879
f 4984/3281/3880 4983/3296/3895 4969/3282/3881
f 4985/3283/3882 4984/3281/3880 4970/3267/3866
f 4986/3284/3883 4985/3283/3882 4971/3269/3868
f 4987/3285/3884 4986/3284/3883 4972/3270/3869
f 4988/3286/3885 4987/3285/3884 4973/3271/3870
f 4989/3287/3886 4988/3286/3885 4974/3272/3871
f 4990/3288/3887 4989/3287/3886 4975/3273/3872
f 4977/3275/3874 4991/3289/3888 4990/3288/3887
f 4978/3276/3875 4992/3290/3889 4991/3289/3888
f 4979/3277/3876 4993/3291/3890 4992/3290/3889
f 4980/3278/3877 4994/3292/3891 4993/3291/3890
f 4981/3280/3879 4995/3294/3893 4994/3292/3891
f 4982/3293/3892 4996/3307/3906 4995/3294/3893
f 4998/3295/3894 4997/3310/3909 4983/3296/3895
f 4999/3297/3896 4998/3295/3894 4984/3281/3880
f 5000/3298/3897 4999/3297/3896 4985/3283/3882
f 5001/3299/3898 5000/3298/3897 4986/3284/3883
f 5002/3300/3899 5001/3299/3898 4987/3285/3884
f 5003/3301/3900 5002/3300/3899 4988/3286/3885
f 5004/3302/3901 5003/3301/3900 4989/3287/3886
f 4991/3289/3888 5005/3303/3902 5004/3302/3901
f 4992/3290/3889 5006/3304/3903 5005/3303/3902
f 4993/3291/3890 5007/3305/3904 5006/3304/3903
f 4994/3292/3891 5008/3306/3905 5007/3305/3904
f 4995/3294/3893 5009/3308/3907 5008/3306/3905
f 4996/3307/3906 5010/3321/3920 5009/3308/3907
f 5012/3309/3908 5011/3324/3923 4997/3310/3909
f 5013/3311/3910 5012/3309/3908 4998/3295/3894
f 5014/3312/3911 5013/3311/3910 4999/3297/3896
f 5015/3313/3912 5014/3312/3911 5000/3298/3897
f 5016/3314/3913 5015/3313/3912 5001/3299/3898
f 5017/3315/3914 5016/3314/3913 5002/3300/3899
f 5018/3316/3915 5017/3315/3914 5003/3301/3900
f 5005/3303/3902 5019/3317/3916 5018/3316/3915
f 5006/3304/3903 5020/3318/3917 5019/3317/3916
f 5007/3305/3904 5021/3319/3918 5020/3318/3917
f 5008/3306/3905 5022/3320/3919 5021/3319/3918
f 5009/3308/3907 5023/3322/3921 5022/3320/3919
f 5010/3321/3920 5024/3335/3934 5023/3322/3921
f 5026/3323/3922 5025/3338/3937 5011/3324/3923
f 5027/3325/3924 5026/3323/3922 5012/3309/3908
f 5028/3326/3925 5027/3325/3924 5013/3311/3910
f 5029/3327/3926 5028/3326/3925 5014/3312/3911
f 5030/3328/3927 5029/3327/3926 5015/3313/3912
f 5031/3329/3928 5030/3328/3927 5016/3314/3913
f 5032/3330/3929 5031/3329/3928 5017/3315/3914
f 5019/3317/3916 5033/3331/3930 5032/3330/3929
f 5020/3318/3917 5034/3332/3931 5033/3331/3930
f 5021/3319/3918 5035/3333/3932 5034/3332/3931
f 5022/3320/3919 5036/3334/3933 5035/3333/3932
f 5023/3322/3921 5037/3336/3935 5036/3334/3933
f 5024/3335/3934 5038/3349/3948 5037/3336/3935
f 5040/3337/3936 5039/3352/3951 5025/3338/3937
f 5041/3339/3938 5040/3337/3936 5026/3323/3922
f 5042/3340/3939 5041/3339/3938 5027/3325/3924
f 5043/3341/3940 5042/3340/3939 5028/3326/3925
f 5044/3342/3941 5043/3341/3940 5029/3327/3926
f 5045/3343/3942 5044/3342/3941 5030/3328/3927
f 5046/3344/3943 5045/3343/3942 5031/3329/3928
f 5033/3331/3930 5047/3345/3944 5046/3344/3943
f 5034/3332/3931 5048/3346/3945 5047/3345/3944
f 5035/3333/3932 5049/3347/3946 5048/3346/3945
f 5036/3334/3933 5050/3348/3947 5049/3347/3946
f 5037/3336/3935 5051/3350/3949 5050/3348/3947
f 5038/3349/3948 5052/3363/3962 5051/3350/3949
f 5054/3351/3950 5053/3366/3965 5039/3352/3951
f 5055/3353/3952 5054/3351/3950 5040/3337/3936
f 5056/3354/3953 5055/3353/3952 5041/3339/3938
f 5057/3355/3954 5056/3354/3953 5042/3340/3939
f 5058/3356/3955 5057/3355/3954 5043/3341/3940
f 5059/3357/3956 5058/3356/3955 5044/3342/3941
f 5060/3358/3957 5059/3357/3956 5045/3343/3942
f 5047/3345/3944 5061/3359/3958 5060/3358/3957
f 5048/3346/3945 5062/3360/3959 5061/3359/3958
f 5049/3347/3946 5063/3361/3960 5062/3360/3959
f 5050/3348/3947 5064/3362/3961 5063/3361/3960
f 5051/3350/3949 5065/3364/3963 5064/3362/3961
f 5052/3363/3962 5066/3377/3976 5065/3364/3963
f 5068/3365/3964 5067/3380/3979 5053/3366/3965
f 5069/3367/3966 5068/3365/3964 5054/3351/3950
f 5070/3368/3967 5069/3367/3966 5055/3353/3952
f 5071/3369/3968 5070/3368/3967 5056/3354/3953
f 5072/3370/3969 5071/3369/3968 5057/3355/3954
f 5073/3371/3970 5072/3370/3969 5058/3356/3955
f 5074/3372/3971 5073/3371/3970 5059/3357/3956
f 5061/3359/3958 5075/3373/3972 5074/3372/3971
f 5062/3360/3959 5076/3374/3973 5075/3373/3972
f 5063/3361/3960 5077/3375/3974 5076/3374/3973
f 5064/3362/3961 5078/3376/3975 5077/3375/3974
f 5065/3364/3963 5079/3378/3977 5078/3376/3975
f 5066/3377/3976 5080/3393/3992 5079/3378/3977
f 5068/3365/3964 5082/3381/3980 5081/3379/3978
f 5069/3367/3966 5083/3382/3981 5082/3381/3980
f 5070/3368/3967 5084/3383/3982 5083/3382/3981
f 5071/3369/3968 5085/3384/3983 5084/3383/3982
f 5072/3370/3969 5086/3385/3984 5085/3384/3983
f 5073/3371/3970 5087/3399/3998 5086/3385/3984
f 5088/3386/3985 5087/3399/3998 5073/3371/3970
f 5089/3387/3986 5088/3386/3985 5074/3372/3971
f 5090/3388/3987 5089/3387/3986 5075/3373/3972
f 5091/3389/3988 5090/3388/3987 5076/3374/3973
f 5092/3390/3989 5091/3389/3988 5077/3375/3974
f 5093/3391/3990 5092/3390/3989 5078/3376/3975
f 5094/3392/3991 5093/3391/3990 5079/3378/3977
f 5082/3381/3980 5096/3395/3994 5095/3394/3993
f 5083/3382/3981 5097/3396/3995 5096/3395/3994
f 5084/3383/3982 5098/3397/3996 5097/3396/3995
f 5085/3384/3983 5099/3398/3997 5098/3397/3996
f 5086/3385/3984 5100/3400/3999 5099/3398/3997
f 5087/3399/3998 5101/3413/4012 5100/3400/3999
f 5102/3401/4000 5101/3413/4012 5087/3399/3998
f 5103/3402/4001 5102/3401/4000 5088/3386/3985
f 5104/3403/4002 5103/3402/4001 5089/3387/3986
f 5105/3404/4003 5104/3403/4002 5090/3388/3987
f 5106/3405/4004 5105/3404/4003 5091/3389/3988
f 5107/3406/4005 5106/3405/4004 5092/3390/3989
f 5108/3407/4006 5107/3406/4005 5093/3391/3990
f 5096/3395/3994 5110/3409/4008 5109/3408/4007
f 5097/3396/3995 5111/3410/4009 5110/3409/4008
f 5098/3397/3996 5112/3411/4010 5111/3410/4009
f 5099/3398/3997 5113/3412/4011 5112/3411/4010
f 5100/3400/3999 5114/3414/4013 5113/3412/4011
f 5101/3413/4012 5115/3427/4026 5114/3414/4013
f 5116/3415/4014 5115/3427/4026 5101/3413/4012
f 5117/3416/4015 5116/3415/4014 5102/3401/4000
f 5118/3417/4016 5117/3416/4015 5103/3402/4001
f 5119/3418/4017 5118/3417/4016 5104/3403/4002
f 5120/3419/4018 5119/3418/4017 5105/3404/4003
f 5121/3420/4019 5120/3419/4018 5106/3405/4004
f 5122/3421/4020 5121/3420/4019 5107/3406/4005
f 5110/3409/4008 5124/3423/4022 5123/3422/4021
f 5111/3410/4009 5125/3424/4023 5124/3423/4022
f 5112/3411/4010 5126/3425/4024 5125/3424/4023
f 5113/3412/4011 5127/3426/4025 5126/3425/4024
f 5114/3414/4013 5128/3428/4027 5127/3426/4025
f 5115/3427/4026 5129/3442/4036 5128/3428/4027
f 5130/3429/4028 5129/3442/4036 5115/3427/4026
f 5131/3430/4029 5130/3429/4028 5116/3415/4014
f 5132/3431/4030 5131/3430/4029 5117/3416/4015
f 5133/3432/4031 5132/3431/4030 5118/3417/4016
f 5134/3433/4032 5133/3432/4031 5119/3418/4017
f 5135/3434/4033 5134/3433/4032 5120/3419/4018
f 5136/3435/4034 5135/3434/4033 5121/3420/4019
f 5138/3436/1715 5137/3450/1644 5123/3422/4021
f 5139/3437/1717 5138/3436/1715 5124/3423/4022
f 5140/3438/1719 5139/3437/1717 5125/3424/4023
f 5141/3439/1720 5140/3438/1719 5126/3425/4024
f 5142/3440/1722 5141/3439/1720 5127/3426/4025
f 5143/3441/4035 5142/3440/1722 5128/3428/4027
f 5144/3443/4037 5143/3441/4035 5129/3442/4036
f 5131/3430/4029 5145/3444/1728 5144/3443/4037
f 5132/3431/4030 5146/3445/1729 5145/3444/1728
f 5133/3432/4031 5147/3446/1731 5146/3445/1729
f 5134/3433/4032 5148/3447/1732 5147/3446/1731
f 5135/3434/4033 5149/3448/1734 5148/3447/1732
f 5136/3435/4034 5150/3463/1656 5149/3448/1734
f 5138/3436/1715 5152/3451/1657 5151/3449/1644
f 5139/3437/1717 5153/3452/1658 5152/3451/1657
f 5140/3438/1719 5154/3453/1659 5153/3452/1658
f 5141/3439/1720 5155/3454/1660 5154/3453/1659
f 5142/3440/1722 5156/3455/1662 5155/3454/1660
f 5143/3441/4035 5157/3470/1669 5156/3455/1662
f 5158/3456/1663 5157/3470/1669 5143/3441/4035
f 5159/3457/1664 5158/3456/1663 5144/3443/4037
f 5160/3458/1665 5159/3457/1664 5145/3444/1728
f 5161/3459/1666 5160/3458/1665 5146/3445/1729
f 5162/3460/1667 5161/3459/1666 5147/3446/1731
f 5163/3461/1668 5162/3460/1667 5148/3447/1732
f 5164/3462/1656 5163/3461/1668 5149/3448/1734
f 5166/3464/1374 5165/3479/1373 5151/3449/1644
f 5167/3465/1375 5166/3464/1374 5152/3451/1657
f 5168/3466/1376 5167/3465/1375 5153/3452/1658
f 5169/3467/1377 5168/3466/1376 5154/3453/1659
f 5170/3468/1378 5169/3467/1377 5155/3454/1660
f 5171/3469/1391 5170/3468/1378 5156/3455/1662
f 5172/3471/1586 5171/3469/1391 5157/3470/1669
f 5173/3472/1380 5172/3471/1586 5158/3456/1663
f 5174/3473/1381 5173/3472/1380 5159/3457/1664
f 5175/3474/1382 5174/3473/1381 5160/3458/1665
f 5176/3475/1383 5175/3474/1382 5161/3459/1666
f 5177/3476/1384 5176/3475/1383 5162/3460/1667
f 5178/3477/1385 5177/3476/1384 5163/3461/1668
f 5180/3478/1386 5179/3493/1398 5165/3479/1373
f 5181/3480/1387 5180/3478/1386 5166/3464/1374
f 5182/3481/1388 5181/3480/1387 5167/3465/1375
f 5183/3482/1402 5182/3481/1388 5168/3466/1376
f 5184/3483/1389 5183/3482/1402 5169/3467/1377
f 5185/3484/1390 5184/3483/1389 5170/3468/1378
f 5186/3485/1392 5185/3484/1390 5171/3469/1391
f 5187/3486/1407 5186/3485/1392 5172/3471/1586
f 5188/3487/1393 5187/3486/1407 5173/3472/1380
f 5189/3488/1394 5188/3487/1393 5174/3473/1381
f 5190/3489/1395 5189/3488/1394 5175/3474/1382
f 5191/3490/1412 5190/3489/1395 5176/3475/1383
f 5192/3491/1396 5191/3490/1412 5177/3476/1384
f 5194/3492/4038 5193/3505/4050 5179/3493/1398
f 5195/3494/4039 5194/3492/4038 5180/3478/1386
f 5196/3495/4040 5195/3494/4039 5181/3480/1387
f 5197/3496/4041 5196/3495/4040 5182/3481/1388
f 5198/3497/4042 5197/3496/4041 5183/3482/1402
f 5199/3498/4043 5198/3497/4042 5184/3483/1389
f 5200/3499/4044 5199/3498/4043 5185/3484/1390
f 5187/3486/1407 5201/3500/4045 5200/3499/4044
f 5188/3487/1393 5202/3501/4046 5201/3500/4045
f 5189/3488/1394 5203/3502/4047 5202/3501/4046
f 5190/3489/1395 5204/3503/4048 5203/3502/4047
f 5191/3490/1412 5205/3504/4049 5204/3503/4048
f 5192/3491/1396 5206/3506/4051 5205/3504/4049
f 5194/3492/4038 4270/1738/3170 4269/14/3172
f 5195/3494/4039 4271/1740/3173 4270/1738/3170
f 5196/3495/4040 4272/1741/3175 4271/1740/3173
f 5197/3496/4041 4273/1742/3177 4272/1741/3175
f 5198/3497/4042 4274/1743/3179 4273/1742/3177
f 5199/3498/4043 4275/1744/3181 4274/1743/3179
f 4276/1745/3184 4275/1744/3181 5199/3498/4043
f 4277/1746/3186 4276/1745/3184 5200/3499/4044
f 4278/1747/3188 4277/1746/3186 5201/3500/4045
f 4279/1748/3190 4278/1747/3188 5202/3501/4046
f 4280/1749/3192 4279/1748/3190 5203/3502/4047
f 4281/1751/3194 4280/1749/3192 5204/3503/4048
f 4282/2000/3196 4281/1751/3194 5205/3504/4049
f 5222/3507/4052 5221/3520/4079 5207/5/4053
f 5223/3508/4055 5222/3507/4052 5208/318/4054
f 5224/3509/4057 5223/3508/4055 5209/320/4056
f 5225/3510/4059 5224/3509/4057 5210/322/4058
f 5226/3511/4061 5225/3510/4059 5211/324/4060
f 5227/3512/4063 5226/3511/4061 5212/326/4062
f 5228/3513/4065 5227/3512/4063 5213/328/4064
f 5215/333/4067 5229/3514/4069 5228/3513/4065
f 5216/335/4068 5230/3515/4071 5229/3514/4069
f 5217/337/4070 5231/3516/4073 5230/3515/4071
f 5218/339/4072 5232/3517/4075 5231/3516/4073
f 5219/341/4074 5233/3518/4077 5232/3517/4075
f 5220/343/4076 5234/3531/4090 5233/3518/4077
f 5236/3519/4078 5235/3534/4093 5221/3520/4079
f 5237/3521/4080 5236/3519/4078 5222/3507/4052
f 5238/3522/4081 5237/3521/4080 5223/3508/4055
f 5239/3523/4082 5238/3522/4081 5224/3509/4057
f 5240/3524/4083 5239/3523/4082 5225/3510/4059
f 5241/3525/4084 5240/3524/4083 5226/3511/4061
f 5242/3526/4085 5241/3525/4084 5227/3512/4063
f 5229/3514/4069 5243/3527/4086 5242/3526/4085
f 5230/3515/4071 5244/3528/4087 5243/3527/4086
f 5231/3516/4073 5245/3529/4088 5244/3528/4087
f 5232/3517/4075 5246/3530/4089 5245/3529/4088
f 5233/3518/4077 5247/3532/4091 5246/3530/4089
f 5234/3531/4090 5248/3545/4104 5247/3532/4091
f 5250/3533/4092 5249/3548/4107 5235/3534/4093
f 5251/3535/4094 5250/3533/4092 5236/3519/4078
f 5252/3536/4095 5251/3535/4094 5237/3521/4080
f 5253/3537/4096 5252/3536/4095 5238/3522/4081
f 5254/3538/4097 5253/3537/4096 5239/3523/4082
f 5255/3539/4098 5254/3538/4097 5240/3524/4083
f 5256/3540/4099 5255/3539/4098 5241/3525/4084
f 5243/3527/4086 5257/3541/4100 5256/3540/4099
f 5244/3528/4087 5258/3542/4101 5257/3541/4100
f 5245/3529/4088 5259/3543/4102 5258/3542/4101
f 5246/3530/4089 5260/3544/4103 5259/3543/4102
f 5247/3532/4091 5261/3546/4105 5260/3544/4103
f 5248/3545/4104 5262/3559/4118 5261/3546/4105
f 5264/3547/4106 5263/3562/4121 5249/3548/4107
f 5265/3549/4108 5264/3547/4106 5250/3533/4092
f 5266/3550/4109 5265/3549/4108 5251/3535/4094
f 5267/3551/4110 5266/3550/4109 5252/3536/4095
f 5268/3552/4111 5267/3551/4110 5253/3537/4096
f 5269/3553/4112 5268/3552/4111 5254/3538/4097
f 5270/3554/4113 5269/3553/4112 5255/3539/4098
f 5257/3541/4100 5271/3555/4114 5270/3554/4113
f 5258/3542/4101 5272/3556/4115 5271/3555/4114
f 5259/3543/4102 5273/3557/4116 5272/3556/4115
f 5260/3544/4103 5274/3558/4117 5273/3557/4116
f 5261/3546/4105 5275/3560/4119 5274/3558/4117
f 5262/3559/4118 5276/3573/4132 5275/3560/4119
f 5278/3561/4120 5277/3576/4135 5263/3562/4121
f 5279/3563/4122 5278/3561/4120 5264/3547/4106
f 5280/3564/4123 5279/3563/4122 5265/3549/4108
f 5281/3565/4124 5280/3564/4123 5266/3550/4109
f 5282/3566/4125 5281/3565/4124 5267/3551/4110
f 5283/3567/4126 5282/3566/4125 5268/3552/4111
f 5284/3568/4127 5283/3567/4126 5269/3553/4112
f 5271/3555/4114 5285/3569/4128 5284/3568/4127
f 5272/3556/4115 5286/3570/4129 5285/3569/4128
f 5273/3557/4116 5287/3571/4130 5286/3570/4129
f 5274/3558/4117 5288/3572/4131 5287/3571/4130
f 5275/3560/4119 5289/3574/4133 5288/3572/4131
f 5276/3573/4132 5290/3587/4146 5289/3574/4133
f 5292/3575/4134 5291/3590/4149 5277/3576/4135
f 5293/3577/4136 5292/3575/4134 5278/3561/4120
f 5294/3578/4137 5293/3577/4136 5279/3563/4122
f 5295/3579/4138 5294/3578/4137 5280/3564/4123
f 5296/3580/4139 5295/3579/4138 5281/3565/4124
f 5297/3581/4140 5296/3580/4139 5282/3566/4125
f 5298/3582/4141 5297/3581/4140 5283/3567/4126
f 5285/3569/4128 5299/3583/4142 5298/3582/4141
f 5286/3570/4129 5300/3584/4143 5299/3583/4142
f 5287/3571/4130 5301/3585/4144 5300/3584/4143
f 5288/3572/4131 5302/3586/4145 5301/3585/4144
f 5289/3574/4133 5303/3588/4147 5302/3586/4145
f 5290/3587/4146 5304/3603/4162 5303/3588/4147
f 5292/3575/4134 5306/3591/4150 5305/3589/4148
f 5293/3577/4136 5307/3592/4151 5306/3591/4150
f 5294/3578/4137 5308/3593/4152 5307/3592/4151
f 5295/3579/4138 5309/3594/4153 5308/3593/4152
f 5296/3580/4139 5310/3595/4154 5309/3594/4153
f 5297/3581/4140 5311/3609/4168 5310/3595/4154
f 5312/3596/4155 5311/3609/4168 5297/3581/4140
f 5313/3597/4156 5312/3596/4155 5298/3582/4141
f 5314/3598/4157 5313/3597/4156 5299/3583/4142
f 5315/3599/4158 5314/3598/4157 5300/3584/4143
f 5316/3600/4159 5315/3599/4158 5301/3585/4144
f 5317/3601/4160 5316/3600/4159 5302/3586/4145
f 5318/3602/4161 5317/3601/4160 5303/3588/4147
f 5306/3591/4150 5320/3605/4164 5319/3604/4163
f 5307/3592/4151 5321/3606/4165 5320/3605/4164
f 5308/3593/4152 5322/3607/4166 5321/3606/4165
f 5309/3594/4153 5323/3608/4167 5322/3607/4166
f 5310/3595/4154 5324/3610/4169 5323/3608/4167
f 5311/3609/4168 5325/3618/4182 5324/3610/4169
f 5326/3611/4170 5325/3618/4182 5311/3609/4168
f 5327/3612/4171 5326/3611/4170 5312/3596/4155
f 5328/3613/4172 5327/3612/4171 5313/3597/4156
f 5329/3614/4173 5328/3613/4172 5314/3598/4157
f 5330/3615/4174 5329/3614/4173 5315/3599/4158
f 5331/3616/4175 5330/3615/4174 5316/3600/4159
f 5332/3617/4176 5331/3616/4175 5317/3601/4160
f 5320/3605/4164 5334/790/4178 5333/74/4177
f 5321/3606/4165 5335/792/4179 5334/790/4178
f 5322/3607/4166 5336/793/4180 5335/792/4179
f 5323/3608/4167 5337/794/4181 5336/793/4180
f 5324/3610/4169 5338/795/4183 5337/794/4181
f 5325/3618/4182 5339/796/4196 5338/795/4183
f 5340/797/4184 5339/796/4196 5325/3618/4182
f 5341/798/4185 5340/797/4184 5326/3611/4170
f 5342/799/4186 5341/798/4185 5327/3612/4171
f 5343/800/4187 5342/799/4186 5328/3613/4172
f 5344/801/4188 5343/800/4187 5329/3614/4173
f 5345/803/4189 5344/801/4188 5330/3615/4174
f 5346/815/4190 5345/803/4189 5331/3616/4175
f 5334/790/4178 5348/3620/4192 5347/3619/4191
f 5335/792/4179 5349/3621/4193 5348/3620/4192
f 5336/793/4180 5350/3622/4194 5349/3621/4193
f 5337/794/4181 5351/3623/4195 5350/3622/4194
f 5338/795/4183 5352/3624/4197 5351/3623/4195
f 5339/796/4196 5353/3637/4210 5352/3624/4197
f 5354/3625/4198 5353/3637/4210 5339/796/4196
f 5355/3626/4199 5354/3625/4198 5340/797/4184
f 5356/3627/4200 5355/3626/4199 5341/798/4185
f 5357/3628/4201 5356/3627/4200 5342/799/4186
f 5358/3629/4202 5357/3628/4201 5343/800/4187
f 5359/3630/4203 5358/3629/4202 5344/801/4188
f 5360/3631/4204 5359/3630/4203 5345/803/4189
f 5348/3620/4192 5362/3633/4206 5361/3632/4205
f 5349/3621/4193 5363/3634/4207 5362/3633/4206
f 5350/3622/4194 5364/3635/4208 5363/3634/4207
f 5351/3623/4195 5365/3636/4209 5364/3635/4208
f 5352/3624/4197 5366/3638/4211 5365/3636/4209
f 5353/3637/4210 5367/3651/4224 5366/3638/4211
f 5368/3639/4212 5367/3651/4224 5353/3637/4210
f 5369/3640/4213 5368/3639/4212 5354/3625/4198
f 5370/3641/4214 5369/3640/4213 5355/3626/4199
f 5371/3642/4215 5370/3641/4214 5356/3627/4200
f 5372/3643/4216 5371/3642/4215 5357/3628/4201
f 5373/3644/4217 5372/3643/4216 5358/3629/4202
f 5374/3645/4218 5373/3644/4217 5359/3630/4203
f 5362/3633/4206 5376/3647/4220 5375/3646/4219
f 5363/3634/4207 5377/3648/4221 5376/3647/4220
f 5364/3635/4208 5378/3649/4222 5377/3648/4221
f 5365/3636/4209 5379/3650/4223 5378/3649/4222
f 5366/3638/4211 5380/3652/4225 5379/3650/4223
f 5367/3651/4224 5381/3666/4239 5380/3652/4225
f 5382/3653/4226 5381/3666/4239 5367/3651/4224
f 5383/3654/4227 5382/3653/4226 5368/3639/4212
f 5384/3655/4228 5383/3654/4227 5369/3640/4213
f 5385/3656/4229 5384/3655/4228 5370/3641/4214
f 5386/3657/4230 5385/3656/4229 5371/3642/4215
f 5387/3658/4231 5386/3657/4230 5372/3643/4216
f 5388/3659/4232 5387/3658/4231 5373/3644/4217
f 5390/3660/4233 5389/3674/4247 5375/3646/4219
f 5391/3661/4234 5390/3660/4233 5376/3647/4220
f 5392/3662/4235 5391/3661/4234 5377/3648/4221
f 5393/3663/4236 5392/3662/4235 5378/3649/4222
f 5394/3664/4237 5393/3663/4236 5379/3650/4223
f 5395/3665/4238 5394/3664/4237 5380/3652/4225
f 5396/3667/4240 5395/3665/4238 5381/3666/4239
f 5383/3654/4227 5397/3668/4241 5396/3667/4240
f 5384/3655/4228 5398/3669/4242 5397/3668/4241
f 5385/3656/4229 5399/3670/4243 5398/3669/4242
f 5386/3657/4230 5400/3671/4244 5399/3670/4243
f 5387/3658/4231 5401/3672/4245 5400/3671/4244
f 5388/3659/4232 5402/3685/4258 5401/3672/4245
f 5404/3673/4246 5403/3688/4261 5389/3674/4247
f 5405/3675/4248 5404/3673/4246 5390/3660/4233
f 5406/3676/4249 5405/3675/4248 5391/3661/4234
f 5407/3677/4250 5406/3676/4249 5392/3662/4235
f 5408/3678/4251 5407/3677/4250 5393/3663/4236
f 5409/3679/4252 5408/3678/4251 5394/3664/4237
f 5410/3680/4253 5409/3679/4252 5395/3665/4238
f 5397/3668/4241 5411/3681/4254 5410/3680/4253
f 5398/3669/4242 5412/3682/4255 5411/3681/4254
f 5399/3670/4243 5413/3683/4256 5412/3682/4255
f 5400/3671/4244 5414/3684/4257 5413/3683/4256
f 5401/3672/4245 5415/3686/4259 5414/3684/4257
f 5402/3685/4258 5416/3699/4272 5415/3686/4259
f 5418/3687/4260 5417/3702/4275 5403/3688/4261
f 5419/3689/4262 5418/3687/4260 5404/3673/4246
f 5420/3690/4263 5419/3689/4262 5405/3675/4248
f 5421/3691/4264 5420/3690/4263 5406/3676/4249
f 5422/3692/4265 5421/3691/4264 5407/3677/4250
f 5423/3693/4266 5422/3692/4265 5408/3678/4251
f 5424/3694/4267 5423/3693/4266 5409/3679/4252
f 5411/3681/4254 5425/3695/4268 5424/3694/4267
f 5412/3682/4255 5426/3696/4269 5425/3695/4268
f 5413/3683/4256 5427/3697/4270 5426/3696/4269
f 5414/3684/4257 5428/3698/4271 5427/3697/4270
f 5415/3686/4259 5429/3700/4273 5428/3698/4271
f 5416/3699/4272 5430/3713/4286 5429/3700/4273
f 5432/3701/4274 5431/3716/4289 5417/3702/4275
f 5433/3703/4276 5432/3701/4274 5418/3687/4260
f 5434/3704/4277 5433/3703/4276 5419/3689/4262
f 5435/3705/4278 5434/3704/4277 5420/3690/4263
f 5436/3706/4279 5435/3705/4278 5421/3691/4264
f 5437/3707/4280 5436/3706/4279 5422/3692/4265
f 5438/3708/4281 5437/3707/4280 5423/3693/4266
f 5425/3695/4268 5439/3709/4282 5438/3708/4281
f 5426/3696/4269 5440/3710/4283 5439/3709/4282
f 5427/3697/4270 5441/3711/4284 5440/3710/4283
f 5428/3698/4271 5442/3712/4285 5441/3711/4284
f 5429/3700/4273 5443/3714/4287 5442/3712/4285
f 5430/3713/4286 5444/3727/4300 5443/3714/4287
f 5446/3715/4288 5445/3729/4303 5431/3716/4289
f 5447/3717/4290 5446/3715/4288 5432/3701/4274
f 5448/3718/4291 5447/3717/4290 5433/3703/4276
f 5449/3719/4292 5448/3718/4291 5434/3704/4277
f 5450/3720/4293 5449/3719/4292 5435/3705/4278
f 5451/3721/4294 5450/3720/4293 5436/3706/4279
f 5452/3722/4295 5451/3721/4294 5437/3707/4280
f 5439/3709/4282 5453/3723/4296 5452/3722/4295
f 5440/3710/4283 5454/3724/4297 5453/3723/4296
f 5441/3711/4284 5455/3725/4298 5454/3724/4297
f 5442/3712/4285 5456/3726/4299 5455/3725/4298
f 5443/3714/4287 5457/3728/4301 5456/3726/4299
f 5444/3727/4300 5458/3730/4316 5457/3728/4301
f 5446/3715/4288 5460/1264/4304 5459/50/4302
f 5447/3717/4290 5461/1266/4305 5460/1264/4304
f 5448/3718/4291 5462/1267/4306 5461/1266/4305
f 5449/3719/4292 5463/1268/4307 5462/1267/4306
f 5450/3720/4293 5464/1269/4308 5463/1268/4307
f 5451/3721/4294 5465/1270/4322 5464/1269/4308
f 5466/1271/4309 5465/1270/4322 5451/3721/4294
f 5467/1272/4310 5466/1271/4309 5452/3722/4295
f 5468/1273/4311 5467/1272/4310 5453/3723/4296
f 5469/1274/4312 5468/1273/4311 5454/3724/4297
f 5470/1275/4313 5469/1274/4312 5455/3725/4298
f 5471/1277/4314 5470/1275/4313 5456/3726/4299
f 5472/1289/4315 5471/1277/4314 5457/3728/4301
f 5460/1264/4304 5474/3732/4318 5473/3731/4317
f 5461/1266/4305 5475/3733/4319 5474/3732/4318
f 5462/1267/4306 5476/3734/4320 5475/3733/4319
f 5463/1268/4307 5477/3735/4321 5476/3734/4320
f 5464/1269/4308 5478/3736/4323 5477/3735/4321
f 5465/1270/4322 5479/3749/4336 5478/3736/4323
f 5480/3737/4324 5479/3749/4336 5465/1270/4322
f 5481/3738/4325 5480/3737/4324 5466/1271/4309
f 5482/3739/4326 5481/3738/4325 5467/1272/4310
f 5483/3740/4327 5482/3739/4326 5468/1273/4311
f 5484/3741/4328 5483/3740/4327 5469/1274/4312
f 5485/3742/4329 5484/3741/4328 5470/1275/4313
f 5486/3743/4330 5485/3742/4329 5471/1277/4314
f 5474/3732/4318 5488/3745/4332 5487/3744/4331
f 5475/3733/4319 5489/3746/4333 5488/3745/4332
f 5476/3734/4320 5490/3747/4334 5489/3746/4333
f 5477/3735/4321 5491/3748/4335 5490/3747/4334
f 5478/3736/4323 5492/3750/4337 5491/3748/4335
f 5479/3749/4336 5493/3763/4350 5492/3750/4337
f 5494/3751/4338 5493/3763/4350 5479/3749/4336
f 5495/3752/4339 5494/3751/4338 5480/3737/4324
f 5496/3753/4340 5495/3752/4339 5481/3738/4325
f 5497/3754/4341 5496/3753/4340 5482/3739/4326
f 5498/3755/4342 5497/3754/4341 5483/3740/4327
f 5499/3756/4343 5498/3755/4342 5484/3741/4328
f 5500/3757/4344 5499/3756/4343 5485/3742/4329
f 5488/3745/4332 5502/3759/4346 5501/3758/4345
f 5489/3746/4333 5503/3760/4347 5502/3759/4346
f 5490/3747/4334 5504/3761/4348 5503/3760/4347
f 5491/3748/4335 5505/3762/4349 5504/3761/4348
f 5492/3750/4337 5506/3764/4351 5505/3762/4349
f 5493/3763/4350 5507/3777/4364 5506/3764/4351
f 5508/3765/4352 5507/3777/4364 5493/3763/4350
f 5509/3766/4353 5508/3765/4352 5494/3751/4338
f 5510/3767/4354 5509/3766/4353 5495/3752/4339
f 5511/3768/4355 5510/3767/4354 5496/3753/4340
f 5512/3769/4356 5511/3768/4355 5497/3754/4341
f 5513/3770/4357 5512/3769/4356 5498/3755/4342
f 5514/3771/4358 5513/3770/4357 5499/3756/4343
f 5502/3759/4346 5516/3773/4360 5515/3772/4359
f 5503/3760/4347 5517/3774/4361 5516/3773/4360
f 5504/3761/4348 5518/3775/4362 5517/3774/4361
f 5505/3762/4349 5519/3776/4363 5518/3775/4362
f 5506/3764/4351 5520/3778/4365 5519/3776/4363
f 5507/3777/4364 5521/3791/4378 5520/3778/4365
f 5522/3779/4366 5521/3791/4378 5507/3777/4364
f 5523/3780/4367 5522/3779/4366 5508/3765/4352
f 5524/3781/4368 5523/3780/4367 5509/3766/4353
f 5525/3782/4369 5524/3781/4368 5510/3767/4354
f 5526/3783/4370 5525/3782/4369 5511/3768/4355
f 5527/3784/4371 5526/3783/4370 5512/3769/4356
f 5528/3785/4372 5527/3784/4371 5513/3770/4357
f 5516/3773/4360 5530/3787/4374 5529/3786/4373
f 5517/3774/4361 5531/3788/4375 5530/3787/4374
f 5518/3775/4362 5532/3789/4376 5531/3788/4375
f 5519/3776/4363 5533/3790/4377 5532/3789/4376
f 5520/3778/4365 5534/3792/4379 5533/3790/4377
f 5521/3791/4378 5535/3805/4392 5534/3792/4379
f 5536/3793/4380 5535/3805/4392 5521/3791/4378
f 5537/3794/4381 5536/3793/4380 5522/3779/4366
f 5538/3795/4382 5537/3794/4381 5523/3780/4367
f 5539/3796/4383 5538/3795/4382 5524/3781/4368
f 5540/3797/4384 5539/3796/4383 5525/3782/4369
f 5541/3798/4385 5540/3797/4384 5526/3783/4370
f 5542/3799/4386 5541/3798/4385 5527/3784/4371
f 5530/3787/4374 5544/3801/4388 5543/3800/4387
f 5531/3788/4375 5545/3802/4389 5544/3801/4388
f 5532/3789/4376 5546/3803/4390 5545/3802/4389
f 5533/3790/4377 5547/3804/4391 5546/3803/4390
f 5534/3792/4379 5548/3806/4393 5547/3804/4391
f 5535/3805/4392 5549/3820/4401 5548/3806/4393
f 5550/3807/4394 5549/3820/4401 5535/3805/4392
f 5551/3808/4395 5550/3807/4394 5536/3793/4380
f 5552/3809/4396 5551/3808/4395 5537/3794/4381
f 5553/3810/4397 5552/3809/4396 5538/3795/4382
f 5554/3811/4398 5553/3810/4397 5539/3796/4383
f 5555/3812/4399 5554/3811/4398 5540/3797/4384
f 5556/3813/4400 5555/3812/4399 5541/3798/4385
f 5558/3814/1715 5557/3828/1644 5543/3800/4387
f 5559/3815/1717 5558/3814/1715 5544/3801/4388
f 5560/3816/1719 5559/3815/1717 5545/3802/4389
f 5561/3817/1720 5560/3816/1719 5546/3803/4390
f 5562/3818/1722 5561/3817/1720 5547/3804/4391
f 5563/3819/1724 5562/3818/1722 5548/3806/4393
f 5564/3821/1726 5563/3819/1724 5549/3820/4401
f 5551/3808/4395 5565/3822/1728 5564/3821/1726
f 5552/3809/4396 5566/3823/1729 5565/3822/1728
f 5553/3810/4397 5567/3824/1731 5566/3823/1729
f 5554/3811/4398 5568/3825/1732 5567/3824/1731
f 5555/3812/4399 5569/3826/1734 5568/3825/1732
f 5556/3813/4400 5570/3838/1656 5569/3826/1734
f 5572/3827/1714 5571/3839/1415 5557/3828/1644
f 5573/3829/1716 5572/3827/1714 5558/3814/1715
f 5574/3830/1718 5573/3829/1716 5559/3815/1717
f 5561/3817/1720 5575/3840/1735 5574/3830/1718
f 5576/3831/1738 5575/3840/1735 5561/3817/1720
f 5577/3832/1723 5576/3831/1738 5562/3818/1722
f 5578/3833/1725 5577/3832/1723 5563/3819/1724
f 5579/3834/1739 5578/3833/1725 5564/3821/1726
f 5566/3823/1729 5580/3841/1736 5579/3834/1739
f 5581/3835/1730 5580/3841/1736 5566/3823/1729
f 5568/3825/1732 5582/3842/1737 5581/3835/1730
f 5583/3836/1733 5582/3842/1737 5568/3825/1732
f 5584/3837/1413 5583/3836/1733 5569/3826/1734
f 5572/3827/1714 5208/1738/4054 5207/14/4053
f 5573/3829/1716 5209/1740/4056 5208/1738/4054
f 5574/3830/1718 5210/1741/4058 5209/1740/4056
f 5575/3840/1735 5211/1742/4060 5210/1741/4058
f 5576/3831/1738 5212/1743/4062 5211/1742/4060
f 5577/3832/1723 5213/1744/4064 5212/1743/4062
f 5214/1745/4066 5213/1744/4064 5577/3832/1723
f 5215/1746/4067 5214/1745/4066 5578/3833/1725
f 5216/1747/4068 5215/1746/4067 5579/3834/1739
f 5217/1748/4070 5216/1747/4068 5580/3841/1736
f 5218/1749/4072 5217/1748/4070 5581/3835/1730
f 5219/1751/4074 5218/1749/4072 5582/3842/1737
f 5220/2000/4076 5219/1751/4074 5583/3836/1733
